complaint_id,incident_entity_id,incident_time,window_start,window_end,num_nodes,num_edges,num_account_nodes,num_atm_nodes,num_terminal_nodes,max_hop,total_transaction_value,max_transaction_value,avg_transaction_value,num_cash_out_edges,in_degree_incident,out_degree_incident,density,number_of_connected_components,average_degree,contains_suspicious_activity,suspicious_ring_count
C000001,ENT_000090,2026-07-20 00:00:00,2026-07-17 00:00:00,2026-07-23 00:00:00,1,0,1,0,0,0,0.0,0.0,0.0,0,0,0,0.0,1,0.0,0,0
C000002,ENT_000451,2026-01-11 00:00:00,2026-01-08 00:00:00,2026-01-14 00:00:00,1,0,1,0,0,0,0.0,0.0,0.0,0,0,0,0.0,1,0.0,0,0
C000003,ENT_000325,2026-04-22 00:00:00,2026-04-19 00:00:00,2026-04-25 00:00:00,12,13,10,2,2,3,1061795.51,241832.58,81676.58,2,1,1,0.098485,1,2.1667,1,1
C000004,ENT_000493,2026-06-02 00:00:00,2026-05-30 00:00:00,2026-06-05 00:00:00,4,3,4,0,0,2,12669.47,7162.25,4223.16,0,1,1,0.25,1,1.5,0,0
C000005,ENT_000650,2026-06-07 00:00:00,2026-06-04 00:00:00,2026-06-10 00:00:00,1,0,1,0,0,0,0.0,0.0,0.0,0,0,0,0.0,1,0.0,0,0
C000006,ENT_000669,2026-01-06 00:00:00,2026-01-03 00:00:00,2026-01-09 00:00:00,2,1,2,0,0,1,2461.42,2461.42,2461.42,0,1,0,0.5,1,1.0,0,0
C000007,ENT_000487,2026-04-26 00:00:00,2026-04-23 00:00:00,2026-04-29 00:00:00,1,0,1,0,0,0,0.0,0.0,0.0,0,0,0,0.0,1,0.0,0,0
C000008,ENT_000630,2026-05-07 00:00:00,2026-05-04 00:00:00,2026-05-10 00:00:00,2,1,2,0,0,1,2867.29,2867.29,2867.29,0,1,0,0.5,1,1.0,0,0
C000009,ENT_000659,2026-02-02 00:00:00,2026-01-30 00:00:00,2026-02-05 00:00:00,3,2,3,0,0,1,3452.92,2739.84,1726.46,0,1,1,0.333333,1,1.3333,0,0
C000010,ENT_000348,2026-07-07 00:00:00,2026-07-04 00:00:00,2026-07-10 00:00:00,1,0,1,0,0,0,0.0,0.0,0.0,0,0,0,0.0,1,0.0,0,0
C000011,ENT_000467,2026-04-20 00:00:00,2026-04-17 00:00:00,2026-04-23 00:00:00,2,1,2,0,0,1,3368.11,3368.11,3368.11,0,0,1,0.5,1,1.0,0,0
C000012,ENT_000220,2026-08-22 00:00:00,2026-08-19 00:00:00,2026-08-25 00:00:00,1,0,1,0,0,0,0.0,0.0,0.0,0,0,0,0.0,1,0.0,0,0
C000013,ENT_000461,2026-05-04 00:00:00,2026-05-01 00:00:00,2026-05-07 00:00:00,3,2,3,0,0,2,47600.7,44546.66,23800.35,0,0,1,0.333333,1,1.3333,0,0
C000014,ENT_000292,2026-06-01 00:00:00,2026-05-29 00:00:00,2026-06-04 00:00:00,18,19,16,2,2,3,1629314.82,445550.06,85753.41,4,1,1,0.062092,1,2.1111,1,2
C000015,ENT_000252,2026-04-29 00:00:00,2026-04-26 00:00:00,2026-05-02 00:00:00,1,0,1,0,0,0,0.0,0.0,0.0,0,0,0,0.0,1,0.0,0,0
C000016,ENT_000598,2026-01-14 00:00:00,2026-01-11 00:00:00,2026-01-17 00:00:00,20,24,19,1,1,3,446762.95,45539.22,18615.12,2,1,1,0.063158,1,2.4,1,1
C000017,ENT_000676,2026-07-09 00:00:00,2026-07-06 00:00:00,2026-07-12 00:00:00,2,1,2,0,0,1,2827.43,2827.43,2827.43,0,0,1,0.5,1,1.0,0,0
C000018,ENT_000610,2026-06-15 00:00:00,2026-06-12 00:00:00,2026-06-18 00:00:00,1,0,1,0,0,0,0.0,0.0,0.0,0,0,0,0.0,1,0.0,0,0
C000019,ENT_000534,2026-08-02 00:00:00,2026-07-30 00:00:00,2026-08-05 00:00:00,2,1,2,0,0,1,2776.33,2776.33,2776.33,0,1,0,0.5,1,1.0,0,0
C000020,ENT_000659,2026-05-09 00:00:00,2026-05-06 00:00:00,2026-05-12 00:00:00,9,8,9,0,0,3,28964.0,4829.24,3620.5,0,2,0,0.111111,1,1.7778,0,0
C000021,ENT_000201,2026-05-27 00:00:00,2026-05-24 00:00:00,2026-05-30 00:00:00,1,0,1,0,0,0,0.0,0.0,0.0,0,0,0,0.0,1,0.0,0,0
C000022,ENT_000458,2026-03-21 00:00:00,2026-03-18 00:00:00,2026-03-24 00:00:00,2,1,2,0,0,1,1004.91,1004.91,1004.91,0,1,0,0.5,1,1.0,0,0
C000023,ENT_000658,2026-03-08 00:00:00,2026-03-05 00:00:00,2026-03-11 00:00:00,3,2,3,0,0,2,8836.74,6301.83,4418.37,0,1,0,0.333333,1,1.3333,0,0
C000024,ENT_000425,2026-03-30 00:00:00,2026-03-27 00:00:00,2026-04-02 00:00:00,19,18,18,1,1,3,1231957.14,403355.82,68442.06,1,0,3,0.052632,1,1.8947,1,1
C000025,ENT_000072,2026-02-02 00:00:00,2026-01-30 00:00:00,2026-02-05 00:00:00,1,0,1,0,0,0,0.0,0.0,0.0,0,0,0,0.0,1,0.0,0,0
C000026,ENT_000371,2026-07-22 00:00:00,2026-07-19 00:00:00,2026-07-25 00:00:00,1,0,1,0,0,0,0.0,0.0,0.0,0,0,0,0.0,1,0.0,0,0
C000027,ENT_000548,2026-04-22 00:00:00,2026-04-19 00:00:00,2026-04-25 00:00:00,4,3,4,0,0,3,10106.03,4332.71,3368.68,0,0,1,0.25,1,1.5,0,0
C000028,ENT_000640,2026-02-14 00:00:00,2026-02-11 00:00:00,2026-02-17 00:00:00,1,0,1,0,0,0,0.0,0.0,0.0,0,0,0,0.0,1,0.0,0,0
C000029,ENT_000665,2026-03-01 00:00:00,2026-02-26 00:00:00,2026-03-04 00:00:00,1,0,1,0,0,0,0.0,0.0,0.0,0,0,0,0.0,1,0.0,0,0
C000030,ENT_000063,2026-01-14 00:00:00,2026-01-11 00:00:00,2026-01-17 00:00:00,18,22,17,1,1,3,403200.67,38411.45,18327.3,2,1,1,0.071895,1,2.4444,1,1
C000031,ENT_000593,2026-06-29 00:00:00,2026-06-26 00:00:00,2026-07-02 00:00:00,8,7,8,0,0,3,561119.3,494545.31,80159.9,0,3,0,0.125,1,1.75,0,0
C000032,ENT_000378,2026-03-19 00:00:00,2026-03-16 00:00:00,2026-03-22 00:00:00,1,0,1,0,0,0,0.0,0.0,0.0,0,0,0,0.0,1,0.0,0,0
C000033,ENT_000242,2026-05-24 00:00:00,2026-05-21 00:00:00,2026-05-27 00:00:00,1,0,1,0,0,0,0.0,0.0,0.0,0,0,0,0.0,1,0.0,0,0
C000034,ENT_000219,2026-03-21 00:00:00,2026-03-18 00:00:00,2026-03-24 00:00:00,1,0,1,0,0,0,0.0,0.0,0.0,0,0,0,0.0,1,0.0,0,0
C000035,ENT_000387,2026-04-18 00:00:00,2026-04-15 00:00:00,2026-04-21 00:00:00,12,11,12,0,0,3,1178962.62,204811.19,107178.42,0,2,1,0.083333,1,1.8333,1,1
C000036,ENT_000532,2026-01-28 00:00:00,2026-01-25 00:00:00,2026-01-31 00:00:00,2,1,2,0,0,1,4767.7,4767.7,4767.7,0,0,1,0.5,1,1.0,0,0
C000037,ENT_000237,2026-08-03 00:00:00,2026-07-31 00:00:00,2026-08-06 00:00:00,1,0,1,0,0,0,0.0,0.0,0.0,0,0,0,0.0,1,0.0,0,0
C000038,ENT_000483,2026-02-02 00:00:00,2026-01-30 00:00:00,2026-02-05 00:00:00,1,0,1,0,0,0,0.0,0.0,0.0,0,0,0,0.0,1,0.0,0,0
C000039,ENT_000466,2026-05-04 00:00:00,2026-05-01 00:00:00,2026-05-07 00:00:00,2,1,2,0,0,1,316987.91,316987.91,316987.91,0,0,1,0.5,1,1.0,0,0
C000040,ENT_000453,2026-08-09 00:00:00,2026-08-06 00:00:00,2026-08-12 00:00:00,2,1,2,0,0,1,1244.96,1244.96,1244.96,0,0,1,0.5,1,1.0,0,0
C000041,ENT_000013,2026-01-17 00:00:00,2026-01-14 00:00:00,2026-01-20 00:00:00,1,0,1,0,0,0,0.0,0.0,0.0,0,0,0,0.0,1,0.0,0,0
C000042,ENT_000406,2026-04-24 00:00:00,2026-04-21 00:00:00,2026-04-27 00:00:00,2,1,2,0,0,1,31941.64,31941.64,31941.64,0,1,0,0.5,1,1.0,0,0
C000043,ENT_000351,2026-04-14 00:00:00,2026-04-11 00:00:00,2026-04-17 00:00:00,7,6,7,0,0,3,70736.66,34019.75,11789.44,0,1,3,0.142857,1,1.7143,0,0
C000044,ENT_000677,2026-05-15 00:00:00,2026-05-12 00:00:00,2026-05-18 00:00:00,13,12,12,1,1,3,655267.94,208247.92,54605.66,1,1,0,0.076923,1,1.8462,1,2
C000045,ENT_000109,2026-04-17 00:00:00,2026-04-14 00:00:00,2026-04-20 00:00:00,2,1,2,0,0,1,2513.52,2513.52,2513.52,0,0,1,0.5,1,1.0,0,0
C000046,ENT_000108,2026-08-11 00:00:00,2026-08-08 00:00:00,2026-08-14 00:00:00,2,1,2,0,0,1,4952.17,4952.17,4952.17,0,1,0,0.5,1,1.0,0,0
C000047,ENT_000185,2026-01-06 00:00:00,2026-01-03 00:00:00,2026-01-09 00:00:00,10,9,9,1,1,3,826762.78,190406.54,91862.53,1,2,0,0.1,1,1.8,1,1
C000048,ENT_000047,2026-06-27 00:00:00,2026-06-24 00:00:00,2026-06-30 00:00:00,7,6,7,0,0,3,914442.79,309967.24,152407.13,0,0,1,0.142857,1,1.7143,1,1
C000049,ENT_000439,2026-06-06 00:00:00,2026-06-03 00:00:00,2026-06-09 00:00:00,1,0,1,0,0,0,0.0,0.0,0.0,0,0,0,0.0,1,0.0,0,0
C000050,ENT_000080,2026-01-07 00:00:00,2026-01-04 00:00:00,2026-01-10 00:00:00,3,2,2,1,1,1,87380.7,49904.9,43690.35,1,0,2,0.333333,1,1.3333,0,0
C000051,ENT_000459,2026-07-26 00:00:00,2026-07-23 00:00:00,2026-07-29 00:00:00,1,0,1,0,0,0,0.0,0.0,0.0,0,0,0,0.0,1,0.0,0,0
C000052,ENT_000520,2026-01-25 00:00:00,2026-01-22 00:00:00,2026-01-28 00:00:00,2,1,2,0,0,1,171.05,171.05,171.05,0,0,1,0.5,1,1.0,0,0
C000053,ENT_000417,2026-05-06 00:00:00,2026-05-03 00:00:00,2026-05-09 00:00:00,17,17,15,2,2,3,1608705.52,485479.38,94629.74,5,2,0,0.0625,1,2.0,1,3
C000054,ENT_000165,2026-05-17 00:00:00,2026-05-14 00:00:00,2026-05-20 00:00:00,4,3,3,1,1,3,16638.7,12830.89,5546.23,2,1,0,0.25,1,1.5,0,0
C000055,ENT_000040,2026-01-17 00:00:00,2026-01-14 00:00:00,2026-01-20 00:00:00,1,0,1,0,0,0,0.0,0.0,0.0,0,0,0,0.0,1,0.0,0,0
C000056,ENT_000513,2026-06-28 00:00:00,2026-06-25 00:00:00,2026-07-01 00:00:00,28,36,26,2,2,3,5984900.44,470977.67,166247.23,4,2,2,0.047619,1,2.5714,1,4
C000057,ENT_000547,2026-06-03 00:00:00,2026-05-31 00:00:00,2026-06-06 00:00:00,14,14,13,1,1,3,751410.02,340898.49,53672.14,1,0,1,0.076923,1,2.0,1,1
C000058,ENT_000574,2026-04-15 00:00:00,2026-04-12 00:00:00,2026-04-18 00:00:00,1,0,1,0,0,0,0.0,0.0,0.0,0,0,0,0.0,1,0.0,0,0
C000059,ENT_000102,2026-03-19 00:00:00,2026-03-16 00:00:00,2026-03-22 00:00:00,1,0,1,0,0,0,0.0,0.0,0.0,0,0,0,0.0,1,0.0,0,0
C000060,ENT_000070,2026-04-21 00:00:00,2026-04-18 00:00:00,2026-04-24 00:00:00,2,1,2,0,0,1,2114.48,2114.48,2114.48,0,1,0,0.5,1,1.0,0,0
C000061,ENT_000009,2026-06-28 00:00:00,2026-06-25 00:00:00,2026-07-01 00:00:00,1,0,1,0,0,0,0.0,0.0,0.0,0,0,0,0.0,1,0.0,0,0
C000062,ENT_000118,2026-07-05 00:00:00,2026-07-02 00:00:00,2026-07-08 00:00:00,11,10,11,0,0,3,201471.9,89869.32,20147.19,0,2,0,0.090909,1,1.8182,0,0
C000063,ENT_000153,2026-08-02 00:00:00,2026-07-30 00:00:00,2026-08-05 00:00:00,2,1,2,0,0,1,1978.92,1978.92,1978.92,0,1,0,0.5,1,1.0,0,0
C000064,ENT_000410,2026-01-02 00:00:00,2025-12-30 00:00:00,2026-01-05 00:00:00,1,0,1,0,0,0,0.0,0.0,0.0,0,0,0,0.0,1,0.0,0,0
C000065,ENT_000507,2026-01-26 00:00:00,2026-01-23 00:00:00,2026-01-29 00:00:00,11,10,11,0,0,3,1717859.54,299910.27,171785.95,0,2,1,0.090909,1,1.8182,1,1
C000066,ENT_000080,2026-04-07 00:00:00,2026-04-04 00:00:00,2026-04-10 00:00:00,10,9,10,0,0,3,1039928.71,304493.4,115547.63,0,1,2,0.1,1,1.8,1,1
C000067,ENT_000067,2026-04-27 00:00:00,2026-04-24 00:00:00,2026-04-30 00:00:00,2,1,2,0,0,1,880.8,880.8,880.8,0,0,1,0.5,1,1.0,0,0
C000068,ENT_000019,2026-02-19 00:00:00,2026-02-16 00:00:00,2026-02-22 00:00:00,10,9,9,1,1,3,819951.42,398601.77,91105.71,1,1,0,0.1,1,1.8,1,1
C000069,ENT_000420,2026-04-26 00:00:00,2026-04-23 00:00:00,2026-04-29 00:00:00,9,9,8,1,1,3,877863.45,214069.97,97540.38,1,1,1,0.125,1,2.0,1,1
C000070,ENT_000165,2026-01-23 00:00:00,2026-01-20 00:00:00,2026-01-26 00:00:00,1,0,1,0,0,0,0.0,0.0,0.0,0,0,0,0.0,1,0.0,0,0
C000071,ENT_000084,2026-03-12 00:00:00,2026-03-09 00:00:00,2026-03-15 00:00:00,1,0,1,0,0,0,0.0,0.0,0.0,0,0,0,0.0,1,0.0,0,0
C000072,ENT_000405,2026-02-07 00:00:00,2026-02-04 00:00:00,2026-02-10 00:00:00,1,0,1,0,0,0,0.0,0.0,0.0,0,0,0,0.0,1,0.0,0,0
C000073,ENT_000156,2026-06-10 00:00:00,2026-06-07 00:00:00,2026-06-13 00:00:00,3,2,2,1,1,1,40501.87,38579.46,20250.94,1,0,2,0.333333,1,1.3333,0,0
C000074,ENT_000553,2026-08-15 00:00:00,2026-08-12 00:00:00,2026-08-18 00:00:00,1,0,1,0,0,0,0.0,0.0,0.0,0,0,0,0.0,1,0.0,0,0
C000075,ENT_000139,2026-05-28 00:00:00,2026-05-25 00:00:00,2026-05-31 00:00:00,1,0,1,0,0,0,0.0,0.0,0.0,0,0,0,0.0,1,0.0,0,0
C000076,ENT_000173,2026-06-24 00:00:00,2026-06-21 00:00:00,2026-06-27 00:00:00,11,12,9,2,2,3,224431.99,28783.6,18702.67,5,1,1,0.109091,1,2.1818,1,1
C000077,ENT_000239,2026-08-03 00:00:00,2026-07-31 00:00:00,2026-08-06 00:00:00,12,12,12,0,0,3,970987.95,302847.54,80915.66,0,0,2,0.090909,1,2.0,1,1
C000078,ENT_000405,2026-01-15 00:00:00,2026-01-12 00:00:00,2026-01-18 00:00:00,1,0,1,0,0,0,0.0,0.0,0.0,0,0,0,0.0,1,0.0,0,0
C000079,ENT_000631,2026-02-15 00:00:00,2026-02-12 00:00:00,2026-02-18 00:00:00,1,0,1,0,0,0,0.0,0.0,0.0,0,0,0,0.0,1,0.0,0,0
C000080,ENT_000449,2026-07-07 00:00:00,2026-07-04 00:00:00,2026-07-10 00:00:00,3,2,3,0,0,2,7338.69,3998.94,3669.35,0,0,1,0.333333,1,1.3333,0,0
C000081,ENT_000154,2026-01-09 00:00:00,2026-01-06 00:00:00,2026-01-12 00:00:00,8,7,7,1,1,3,1162698.82,365295.63,166099.83,1,2,0,0.125,1,1.75,1,1
C000082,ENT_000662,2026-03-27 00:00:00,2026-03-24 00:00:00,2026-03-30 00:00:00,3,2,3,0,0,2,207735.96,205255.04,103867.98,0,1,0,0.333333,1,1.3333,0,0
C000083,ENT_000392,2026-06-02 00:00:00,2026-05-30 00:00:00,2026-06-05 00:00:00,1,0,1,0,0,0,0.0,0.0,0.0,0,0,0,0.0,1,0.0,0,0
C000084,ENT_000685,2026-08-20 00:00:00,2026-08-17 00:00:00,2026-08-23 00:00:00,8,7,8,0,0,3,944194.47,356146.14,134884.92,0,1,0,0.125,1,1.75,1,1
C000085,ENT_000342,2026-04-08 00:00:00,2026-04-05 00:00:00,2026-04-11 00:00:00,1,0,1,0,0,0,0.0,0.0,0.0,0,0,0,0.0,1,0.0,0,0
C000086,ENT_000214,2026-01-01 00:00:00,2025-12-29 00:00:00,2026-01-04 00:00:00,2,1,2,0,0,1,367.34,367.34,367.34,0,0,1,0.5,1,1.0,0,0
C000087,ENT_000345,2026-07-28 00:00:00,2026-07-25 00:00:00,2026-07-31 00:00:00,13,15,12,1,1,3,270246.96,73637.98,18016.46,2,1,1,0.096154,1,2.3077,1,1
C000088,ENT_000128,2026-07-23 00:00:00,2026-07-20 00:00:00,2026-07-26 00:00:00,6,5,6,0,0,3,89996.23,31053.57,17999.25,0,1,2,0.166667,1,1.6667,0,0
C000089,ENT_000217,2026-01-11 00:00:00,2026-01-08 00:00:00,2026-01-14 00:00:00,6,5,6,0,0,3,47109.67,36228.66,9421.93,0,0,2,0.166667,1,1.6667,0,0
C000090,ENT_000479,2026-03-11 00:00:00,2026-03-08 00:00:00,2026-03-14 00:00:00,2,1,2,0,0,1,2628.62,2628.62,2628.62,0,0,1,0.5,1,1.0,0,0
C000091,ENT_000692,2026-03-23 00:00:00,2026-03-20 00:00:00,2026-03-26 00:00:00,4,3,4,0,0,3,34884.68,25557.79,11628.23,0,1,0,0.25,1,1.5,0,0
C000092,ENT_000480,2026-07-02 00:00:00,2026-06-29 00:00:00,2026-07-05 00:00:00,1,0,1,0,0,0,0.0,0.0,0.0,0,0,0,0.0,1,0.0,0,0
C000093,ENT_000207,2026-05-29 00:00:00,2026-05-26 00:00:00,2026-06-01 00:00:00,1,0,1,0,0,0,0.0,0.0,0.0,0,0,0,0.0,1,0.0,0,0
C000094,ENT_000020,2026-02-22 00:00:00,2026-02-19 00:00:00,2026-02-25 00:00:00,22,23,21,1,1,3,3609712.18,352433.5,156944.01,1,2,2,0.049784,1,2.0909,1,3
C000095,ENT_000062,2026-07-26 00:00:00,2026-07-23 00:00:00,2026-07-29 00:00:00,2,1,2,0,0,1,1194.36,1194.36,1194.36,0,0,1,0.5,1,1.0,0,0
C000096,ENT_000143,2026-01-29 00:00:00,2026-01-26 00:00:00,2026-02-01 00:00:00,1,0,1,0,0,0,0.0,0.0,0.0,0,0,0,0.0,1,0.0,0,0
C000097,ENT_000136,2026-02-05 00:00:00,2026-02-02 00:00:00,2026-02-08 00:00:00,6,5,6,0,0,3,414461.82,183255.21,82892.36,0,1,0,0.166667,1,1.6667,1,1
C000098,ENT_000354,2026-06-11 00:00:00,2026-06-08 00:00:00,2026-06-14 00:00:00,1,0,1,0,0,0,0.0,0.0,0.0,0,0,0,0.0,1,0.0,0,0
C000099,ENT_000116,2026-04-27 00:00:00,2026-04-24 00:00:00,2026-04-30 00:00:00,15,14,14,1,1,3,1546667.11,352112.08,110476.22,1,1,1,0.066667,1,1.8667,1,2
C000100,ENT_000542,2026-08-21 00:00:00,2026-08-18 00:00:00,2026-08-24 00:00:00,8,7,8,0,0,3,919605.91,237352.96,131372.27,0,1,0,0.125,1,1.75,1,1
C000101,ENT_000017,2026-05-19 00:00:00,2026-05-16 00:00:00,2026-05-22 00:00:00,4,3,4,0,0,3,37691.46,28644.92,12563.82,0,1,0,0.25,1,1.5,1,1
C000102,ENT_000183,2026-08-05 00:00:00,2026-08-02 00:00:00,2026-08-08 00:00:00,5,4,5,0,0,2,9625.61,3327.25,2406.4,0,2,0,0.2,1,1.6,0,0
C000103,ENT_000093,2026-01-16 00:00:00,2026-01-13 00:00:00,2026-01-19 00:00:00,12,13,9,3,3,3,484561.56,62166.21,37273.97,5,0,5,0.098485,1,2.1667,1,1
C000104,ENT_000471,2026-08-22 00:00:00,2026-08-19 00:00:00,2026-08-25 00:00:00,1,0,1,0,0,0,0.0,0.0,0.0,0,0,0,0.0,1,0.0,0,0
C000105,ENT_000568,2026-08-18 00:00:00,2026-08-15 00:00:00,2026-08-21 00:00:00,16,15,16,0,0,3,198837.76,58498.57,13255.85,0,1,1,0.0625,1,1.875,1,1
C000106,ENT_000138,2026-03-16 00:00:00,2026-03-13 00:00:00,2026-03-19 00:00:00,1,0,1,0,0,0,0.0,0.0,0.0,0,0,0,0.0,1,0.0,0,0
C000107,ENT_000591,2026-02-19 00:00:00,2026-02-16 00:00:00,2026-02-22 00:00:00,2,1,2,0,0,1,3378.14,3378.14,3378.14,0,1,0,0.5,1,1.0,0,0
C000108,ENT_000059,2026-06-05 00:00:00,2026-06-02 00:00:00,2026-06-08 00:00:00,1,0,1,0,0,0,0.0,0.0,0.0,0,0,0,0.0,1,0.0,0,0
C000109,ENT_000433,2026-08-02 00:00:00,2026-07-30 00:00:00,2026-08-05 00:00:00,20,25,18,2,2,3,1036088.86,222075.71,41443.55,5,2,0,0.065789,1,2.5,1,2
C000110,ENT_000285,2026-06-06 00:00:00,2026-06-03 00:00:00,2026-06-09 00:00:00,1,0,1,0,0,0,0.0,0.0,0.0,0,0,0,0.0,1,0.0,0,0
C000111,ENT_000278,2026-03-02 00:00:00,2026-02-27 00:00:00,2026-03-05 00:00:00,1,0,1,0,0,0,0.0,0.0,0.0,0,0,0,0.0,1,0.0,0,0
C000112,ENT_000420,2026-04-22 00:00:00,2026-04-19 00:00:00,2026-04-25 00:00:00,1,0,1,0,0,0,0.0,0.0,0.0,0,0,0,0.0,1,0.0,0,0
C000113,ENT_000450,2026-06-15 00:00:00,2026-06-12 00:00:00,2026-06-18 00:00:00,2,1,2,0,0,1,92156.37,92156.37,92156.37,0,0,1,0.5,1,1.0,0,0
C000114,ENT_000042,2026-03-18 00:00:00,2026-03-15 00:00:00,2026-03-21 00:00:00,8,8,8,0,0,3,87157.19,26197.44,10894.65,0,1,0,0.142857,1,2.0,1,1
C000115,ENT_000584,2026-05-10 00:00:00,2026-05-07 00:00:00,2026-05-13 00:00:00,16,16,15,1,1,3,1146455.07,485479.38,71653.44,2,1,0,0.066667,1,2.0,1,1
C000116,ENT_000238,2026-04-01 00:00:00,2026-03-29 00:00:00,2026-04-04 00:00:00,20,19,19,1,1,3,221025.33,49007.99,11632.91,1,3,1,0.05,1,1.9,1,1
C000117,ENT_000651,2026-01-19 00:00:00,2026-01-16 00:00:00,2026-01-22 00:00:00,22,22,21,1,1,3,663846.18,255213.7,30174.83,1,1,1,0.047619,1,2.0,1,1
C000118,ENT_000320,2026-01-16 00:00:00,2026-01-13 00:00:00,2026-01-19 00:00:00,1,0,1,0,0,0,0.0,0.0,0.0,0,0,0,0.0,1,0.0,0,0
C000119,ENT_000667,2026-08-03 00:00:00,2026-07-31 00:00:00,2026-08-06 00:00:00,1,0,1,0,0,0,0.0,0.0,0.0,0,0,0,0.0,1,0.0,0,0
C000120,ENT_000132,2026-08-05 00:00:00,2026-08-02 00:00:00,2026-08-08 00:00:00,1,0,1,0,0,0,0.0,0.0,0.0,0,0,0,0.0,1,0.0,0,0
C000121,ENT_000411,2026-03-18 00:00:00,2026-03-15 00:00:00,2026-03-21 00:00:00,1,0,1,0,0,0,0.0,0.0,0.0,0,0,0,0.0,1,0.0,0,0
C000122,ENT_000576,2026-02-05 00:00:00,2026-02-02 00:00:00,2026-02-08 00:00:00,4,3,4,0,0,2,20339.26,12006.48,6779.75,0,1,1,0.25,1,1.5,0,0
C000123,ENT_000153,2026-08-23 00:00:00,2026-08-20 00:00:00,2026-08-26 00:00:00,1,0,1,0,0,0,0.0,0.0,0.0,0,0,0,0.0,1,0.0,0,0
C000124,ENT_000626,2026-01-03 00:00:00,2025-12-31 00:00:00,2026-01-06 00:00:00,29,35,25,4,4,3,1595899.62,322804.63,45597.13,10,0,7,0.043103,1,2.4138,1,2
C000125,ENT_000397,2026-08-11 00:00:00,2026-08-08 00:00:00,2026-08-14 00:00:00,15,17,14,1,1,3,711400.53,418294.06,41847.09,4,2,3,0.080952,1,2.2667,1,1
C000126,ENT_000143,2026-06-09 00:00:00,2026-06-06 00:00:00,2026-06-12 00:00:00,12,11,10,2,2,3,115441.54,43244.76,10494.69,3,2,1,0.083333,1,1.8333,0,0
C000127,ENT_000463,2026-07-15 00:00:00,2026-07-12 00:00:00,2026-07-18 00:00:00,3,2,3,0,0,2,26905.18,24448.93,13452.59,0,1,0,0.333333,1,1.3333,0,0
C000128,ENT_000186,2026-02-22 00:00:00,2026-02-19 00:00:00,2026-02-25 00:00:00,3,2,3,0,0,2,29203.38,24319.68,14601.69,0,0,1,0.333333,1,1.3333,0,0
C000129,ENT_000164,2026-03-22 00:00:00,2026-03-19 00:00:00,2026-03-25 00:00:00,2,1,2,0,0,1,26751.77,26751.77,26751.77,0,0,1,0.5,1,1.0,0,0
C000130,ENT_000446,2026-07-19 00:00:00,2026-07-16 00:00:00,2026-07-22 00:00:00,1,0,1,0,0,0,0.0,0.0,0.0,0,0,0,0.0,1,0.0,0,0
C000131,ENT_000339,2026-06-12 00:00:00,2026-06-09 00:00:00,2026-06-15 00:00:00,2,1,2,0,0,1,581.04,581.04,581.04,0,1,0,0.5,1,1.0,0,0
C000132,ENT_000168,2026-05-02 00:00:00,2026-04-29 00:00:00,2026-05-05 00:00:00,1,0,1,0,0,0,0.0,0.0,0.0,0,0,0,0.0,1,0.0,0,0
C000133,ENT_000658,2026-06-26 00:00:00,2026-06-23 00:00:00,2026-06-29 00:00:00,1,0,1,0,0,0,0.0,0.0,0.0,0,0,0,0.0,1,0.0,0,0
C000134,ENT_000193,2026-04-09 00:00:00,2026-04-06 00:00:00,2026-04-12 00:00:00,1,0,1,0,0,0,0.0,0.0,0.0,0,0,0,0.0,1,0.0,0,0
C000135,ENT_000007,2026-07-20 00:00:00,2026-07-17 00:00:00,2026-07-23 00:00:00,4,3,4,0,0,3,47508.2,45101.93,15836.07,0,1,0,0.25,1,1.5,0,0
C000136,ENT_000281,2026-03-24 00:00:00,2026-03-21 00:00:00,2026-03-27 00:00:00,13,12,13,0,0,3,570076.39,347849.96,47506.37,0,0,2,0.076923,1,1.8462,0,0
C000137,ENT_000275,2026-03-13 00:00:00,2026-03-10 00:00:00,2026-03-16 00:00:00,1,0,1,0,0,0,0.0,0.0,0.0,0,0,0,0.0,1,0.0,0,0
C000138,ENT_000300,2026-06-11 00:00:00,2026-06-08 00:00:00,2026-06-14 00:00:00,3,2,3,0,0,1,5534.77,4824.4,2767.38,0,1,1,0.333333,1,1.3333,0,0
C000139,ENT_000524,2026-01-20 00:00:00,2026-01-17 00:00:00,2026-01-23 00:00:00,1,0,1,0,0,0,0.0,0.0,0.0,0,0,0,0.0,1,0.0,0,0
C000140,ENT_000455,2026-05-11 00:00:00,2026-05-08 00:00:00,2026-05-14 00:00:00,7,6,7,0,0,3,54497.62,36037.68,9082.94,0,2,1,0.142857,1,1.7143,0,0
C000141,ENT_000674,2026-03-30 00:00:00,2026-03-27 00:00:00,2026-04-02 00:00:00,6,5,6,0,0,3,80132.27,38393.64,16026.45,0,0,3,0.166667,1,1.6667,0,0
C000142,ENT_000289,2026-01-03 00:00:00,2025-12-31 00:00:00,2026-01-06 00:00:00,1,0,1,0,0,0,0.0,0.0,0.0,0,0,0,0.0,1,0.0,0,0
C000143,ENT_000248,2026-01-08 00:00:00,2026-01-05 00:00:00,2026-01-11 00:00:00,4,3,4,0,0,3,6755.61,3107.52,2251.87,0,1,0,0.25,1,1.5,0,0
C000144,ENT_000561,2026-06-29 00:00:00,2026-06-26 00:00:00,2026-07-02 00:00:00,2,1,2,0,0,1,830.35,830.35,830.35,0,0,1,0.5,1,1.0,0,0
C000145,ENT_000315,2026-07-13 00:00:00,2026-07-10 00:00:00,2026-07-16 00:00:00,1,0,1,0,0,0,0.0,0.0,0.0,0,0,0,0.0,1,0.0,0,0
C000146,ENT_000358,2026-07-03 00:00:00,2026-06-30 00:00:00,2026-07-06 00:00:00,2,1,2,0,0,1,755.85,755.85,755.85,0,0,1,0.5,1,1.0,0,0
C000147,ENT_000458,2026-07-14 00:00:00,2026-07-11 00:00:00,2026-07-17 00:00:00,12,12,12,0,0,3,1777756.01,373394.46,148146.33,0,3,1,0.090909,1,2.0,1,1
C000148,ENT_000387,2026-02-24 00:00:00,2026-02-21 00:00:00,2026-02-27 00:00:00,5,5,5,0,0,3,227113.23,165676.39,45422.65,0,1,2,0.25,1,2.0,1,1
C000149,ENT_000624,2026-03-18 00:00:00,2026-03-15 00:00:00,2026-03-21 00:00:00,2,1,2,0,0,1,4342.52,4342.52,4342.52,0,1,0,0.5,1,1.0,0,0
C000150,ENT_000485,2026-01-21 00:00:00,2026-01-18 00:00:00,2026-01-24 00:00:00,4,3,4,0,0,2,62997.28,37368.26,20999.09,0,1,1,0.25,1,1.5,0,0
C000151,ENT_000488,2026-05-14 00:00:00,2026-05-11 00:00:00,2026-05-17 00:00:00,1,0,1,0,0,0,0.0,0.0,0.0,0,0,0,0.0,1,0.0,0,0
C000152,ENT_000101,2026-03-12 00:00:00,2026-03-09 00:00:00,2026-03-15 00:00:00,3,2,3,0,0,1,391586.08,386786.62,195793.04,0,1,1,0.333333,1,1.3333,0,0
C000153,ENT_000003,2026-08-09 00:00:00,2026-08-06 00:00:00,2026-08-12 00:00:00,1,0,1,0,0,0,0.0,0.0,0.0,0,0,0,0.0,1,0.0,0,0
C000154,ENT_000637,2026-05-31 00:00:00,2026-05-28 00:00:00,2026-06-03 00:00:00,1,0,1,0,0,0,0.0,0.0,0.0,0,0,0,0.0,1,0.0,0,0
C000155,ENT_000099,2026-03-28 00:00:00,2026-03-25 00:00:00,2026-03-31 00:00:00,13,13,12,1,1,3,1878640.62,390845.37,144510.82,3,1,1,0.083333,1,2.0,1,2
C000156,ENT_000146,2026-06-14 00:00:00,2026-06-11 00:00:00,2026-06-17 00:00:00,9,8,8,1,1,3,762183.24,218620.66,95272.9,1,1,2,0.111111,1,1.7778,1,1
C000157,ENT_000499,2026-02-09 00:00:00,2026-02-06 00:00:00,2026-02-12 00:00:00,13,12,12,1,1,3,92750.69,29055.81,7729.22,1,0,1,0.076923,1,1.8462,1,1
C000158,ENT_000580,2026-07-18 00:00:00,2026-07-15 00:00:00,2026-07-21 00:00:00,5,4,5,0,0,3,56276.63,34580.6,14069.16,0,1,0,0.2,1,1.6,0,0
C000159,ENT_000286,2026-01-22 00:00:00,2026-01-19 00:00:00,2026-01-25 00:00:00,8,9,6,2,2,3,1674560.01,339302.49,186062.22,2,2,0,0.160714,1,2.25,1,1
C000160,ENT_000277,2026-07-17 00:00:00,2026-07-14 00:00:00,2026-07-20 00:00:00,2,1,2,0,0,1,182179.41,182179.41,182179.41,0,0,1,0.5,1,1.0,0,0
C000161,ENT_000504,2026-05-18 00:00:00,2026-05-15 00:00:00,2026-05-21 00:00:00,1,0,1,0,0,0,0.0,0.0,0.0,0,0,0,0.0,1,0.0,0,0
C000162,ENT_000599,2026-07-15 00:00:00,2026-07-12 00:00:00,2026-07-18 00:00:00,7,6,7,0,0,3,244735.09,123241.29,40789.18,0,1,1,0.142857,1,1.7143,1,1
C000163,ENT_000426,2026-06-09 00:00:00,2026-06-06 00:00:00,2026-06-12 00:00:00,2,1,2,0,0,1,44927.96,44927.96,44927.96,0,0,1,0.5,1,1.0,0,0
C000164,ENT_000516,2026-01-10 00:00:00,2026-01-07 00:00:00,2026-01-13 00:00:00,1,0,1,0,0,0,0.0,0.0,0.0,0,0,0,0.0,1,0.0,0,0
C000165,ENT_000058,2026-01-26 00:00:00,2026-01-23 00:00:00,2026-01-29 00:00:00,4,3,4,0,0,3,872194.83,299910.27,290731.61,0,0,1,0.25,1,1.5,1,1
C000166,ENT_000126,2026-02-08 00:00:00,2026-02-05 00:00:00,2026-02-11 00:00:00,1,0,1,0,0,0,0.0,0.0,0.0,0,0,0,0.0,1,0.0,0,0
C000167,ENT_000592,2026-03-14 00:00:00,2026-03-11 00:00:00,2026-03-17 00:00:00,6,5,6,0,0,3,68991.04,40239.06,13798.21,0,1,2,0.166667,1,1.6667,0,0
C000168,ENT_000299,2026-08-23 00:00:00,2026-08-20 00:00:00,2026-08-26 00:00:00,5,4,5,0,0,2,40260.75,24872.2,10065.19,0,2,0,0.2,1,1.6,0,0
C000169,ENT_000490,2026-04-22 00:00:00,2026-04-19 00:00:00,2026-04-25 00:00:00,7,6,7,0,0,3,112094.45,38571.5,18682.41,0,1,1,0.142857,1,1.7143,0,0
C000170,ENT_000006,2026-01-16 00:00:00,2026-01-13 00:00:00,2026-01-19 00:00:00,2,1,2,0,0,1,4884.12,4884.12,4884.12,0,1,0,0.5,1,1.0,0,0
C000171,ENT_000099,2026-03-11 00:00:00,2026-03-08 00:00:00,2026-03-14 00:00:00,4,3,4,0,0,2,40938.37,34018.39,13646.12,0,1,0,0.25,1,1.5,0,0
C000172,ENT_000129,2026-01-15 00:00:00,2026-01-12 00:00:00,2026-01-18 00:00:00,1,0,1,0,0,0,0.0,0.0,0.0,0,0,0,0.0,1,0.0,0,0
C000173,ENT_000055,2026-04-12 00:00:00,2026-04-09 00:00:00,2026-04-15 00:00:00,5,4,5,0,0,2,156974.2,89505.36,39243.55,0,0,3,0.2,1,1.6,0,0
C000174,ENT_000647,2026-07-07 00:00:00,2026-07-04 00:00:00,2026-07-10 00:00:00,4,3,4,0,0,2,314324.39,263585.12,104774.8,0,2,0,0.25,1,1.5,0,0
C000175,ENT_000434,2026-07-01 00:00:00,2026-06-28 00:00:00,2026-07-04 00:00:00,5,4,5,0,0,3,44942.12,39155.77,11235.53,0,1,0,0.2,1,1.6,0,0
C000176,ENT_000657,2026-03-22 00:00:00,2026-03-19 00:00:00,2026-03-25 00:00:00,1,0,1,0,0,0,0.0,0.0,0.0,0,0,0,0.0,1,0.0,0,0
C000177,ENT_000648,2026-07-04 00:00:00,2026-07-01 00:00:00,2026-07-07 00:00:00,16,15,15,1,1,3,681889.52,230384.27,45459.3,1,1,1,0.0625,1,1.875,1,1
C000178,ENT_000537,2026-05-26 00:00:00,2026-05-23 00:00:00,2026-05-29 00:00:00,10,22,9,1,1,3,3739116.47,402581.55,169959.84,3,3,3,0.244444,1,4.4,1,1
C000179,ENT_000137,2026-02-17 00:00:00,2026-02-14 00:00:00,2026-02-20 00:00:00,1,0,1,0,0,0,0.0,0.0,0.0,0,0,0,0.0,1,0.0,0,0
C000180,ENT_000113,2026-03-01 00:00:00,2026-02-26 00:00:00,2026-03-04 00:00:00,4,3,4,0,0,2,8114.18,4790.54,2704.73,0,1,1,0.25,1,1.5,0,0
C000181,ENT_000586,2026-05-11 00:00:00,2026-05-08 00:00:00,2026-05-14 00:00:00,6,5,6,0,0,3,40584.03,29107.78,8116.81,0,1,0,0.166667,1,1.6667,0,0
C000182,ENT_000384,2026-08-17 00:00:00,2026-08-14 00:00:00,2026-08-20 00:00:00,3,2,3,0,0,2,27111.54,26692.35,13555.77,0,0,1,0.333333,1,1.3333,0,0
C000183,ENT_000144,2026-03-06 00:00:00,2026-03-03 00:00:00,2026-03-09 00:00:00,1,0,1,0,0,0,0.0,0.0,0.0,0,0,0,0.0,1,0.0,0,0
C000184,ENT_000558,2026-04-28 00:00:00,2026-04-25 00:00:00,2026-05-01 00:00:00,5,4,5,0,0,3,41874.33,36111.18,10468.58,0,1,0,0.2,1,1.6,0,0
C000185,ENT_000643,2026-07-19 00:00:00,2026-07-16 00:00:00,2026-07-22 00:00:00,4,3,4,0,0,3,14331.68,8566.86,4777.23,0,1,0,0.25,1,1.5,0,0
C000186,ENT_000591,2026-06-29 00:00:00,2026-06-26 00:00:00,2026-07-02 00:00:00,8,7,8,0,0,3,39745.44,28209.69,5677.92,0,1,1,0.125,1,1.75,0,0
C000187,ENT_000394,2026-06-05 00:00:00,2026-06-02 00:00:00,2026-06-08 00:00:00,7,6,7,0,0,3,165985.76,80514.3,27664.29,0,1,1,0.142857,1,1.7143,0,0
C000188,ENT_000271,2026-06-26 00:00:00,2026-06-23 00:00:00,2026-06-29 00:00:00,1,0,1,0,0,0,0.0,0.0,0.0,0,0,0,0.0,1,0.0,0,0
C000189,ENT_000430,2026-04-14 00:00:00,2026-04-11 00:00:00,2026-04-17 00:00:00,6,5,6,0,0,3,995746.31,347074.07,199149.26,0,0,1,0.166667,1,1.6667,1,1
C000190,ENT_000323,2026-03-08 00:00:00,2026-03-05 00:00:00,2026-03-11 00:00:00,4,3,4,0,0,3,9913.35,4452.06,3304.45,0,1,0,0.25,1,1.5,0,0
C000191,ENT_000270,2026-06-25 00:00:00,2026-06-22 00:00:00,2026-06-28 00:00:00,12,11,12,0,0,3,1705153.75,364317.92,155013.98,0,1,1,0.083333,1,1.8333,1,1
C000192,ENT_000620,2026-08-08 00:00:00,2026-08-05 00:00:00,2026-08-11 00:00:00,7,6,7,0,0,3,39470.89,25829.24,6578.48,0,1,1,0.142857,1,1.7143,0,0
C000193,ENT_000276,2026-01-13 00:00:00,2026-01-10 00:00:00,2026-01-16 00:00:00,1,0,1,0,0,0,0.0,0.0,0.0,0,0,0,0.0,1,0.0,0,0
C000194,ENT_000250,2026-01-14 00:00:00,2026-01-11 00:00:00,2026-01-17 00:00:00,2,1,2,0,0,1,109583.82,109583.82,109583.82,0,0,1,0.5,1,1.0,0,0
C000195,ENT_000405,2026-04-09 00:00:00,2026-04-06 00:00:00,2026-04-12 00:00:00,4,3,4,0,0,3,36790.97,30801.62,12263.66,0,0,1,0.25,1,1.5,0,0
C000196,ENT_000103,2026-01-21 00:00:00,2026-01-18 00:00:00,2026-01-24 00:00:00,38,43,32,6,6,3,1781921.52,302161.52,41440.04,13,3,3,0.030583,1,2.2632,1,3
C000197,ENT_000199,2026-07-09 00:00:00,2026-07-06 00:00:00,2026-07-12 00:00:00,5,4,5,0,0,3,9197.19,4079.73,2299.3,0,1,0,0.2,1,1.6,0,0
C000198,ENT_000158,2026-05-15 00:00:00,2026-05-12 00:00:00,2026-05-18 00:00:00,14,15,14,0,0,3,160645.35,48048.51,10709.69,0,2,0,0.082418,1,2.1429,0,0
C000199,ENT_000032,2026-04-29 00:00:00,2026-04-26 00:00:00,2026-05-02 00:00:00,1,0,1,0,0,0,0.0,0.0,0.0,0,0,0,0.0,1,0.0,0,0
C000200,ENT_000647,2026-08-05 00:00:00,2026-08-02 00:00:00,2026-08-08 00:00:00,3,2,3,0,0,1,6683.67,3704.26,3341.84,0,1,1,0.333333,1,1.3333,0,0
C000201,ENT_000555,2026-05-31 00:00:00,2026-05-28 00:00:00,2026-06-03 00:00:00,4,3,4,0,0,3,25778.8,20951.81,8592.93,0,0,1,0.25,1,1.5,0,0
C000202,ENT_000310,2026-05-25 00:00:00,2026-05-22 00:00:00,2026-05-28 00:00:00,14,20,13,1,1,3,2325598.73,465914.23,116279.94,2,2,2,0.10989,1,2.8571,1,1
C000203,ENT_000290,2026-04-07 00:00:00,2026-04-04 00:00:00,2026-04-10 00:00:00,1,0,1,0,0,0,0.0,0.0,0.0,0,0,0,0.0,1,0.0,0,0
C000204,ENT_000227,2026-07-14 00:00:00,2026-07-11 00:00:00,2026-07-17 00:00:00,1,0,1,0,0,0,0.0,0.0,0.0,0,0,0,0.0,1,0.0,0,0
C000205,ENT_000404,2026-04-04 00:00:00,2026-04-01 00:00:00,2026-04-07 00:00:00,2,1,2,0,0,1,9423.47,9423.47,9423.47,0,1,0,0.5,1,1.0,0,0
C000206,ENT_000253,2026-08-18 00:00:00,2026-08-15 00:00:00,2026-08-21 00:00:00,6,5,6,0,0,3,51477.93,20577.56,10295.59,0,3,0,0.166667,1,1.6667,0,0
C000207,ENT_000506,2026-06-05 00:00:00,2026-06-02 00:00:00,2026-06-08 00:00:00,1,0,1,0,0,0,0.0,0.0,0.0,0,0,0,0.0,1,0.0,0,0
C000208,ENT_000653,2026-03-02 00:00:00,2026-02-27 00:00:00,2026-03-05 00:00:00,7,6,7,0,0,3,17040.55,5730.88,2840.09,0,1,0,0.142857,1,1.7143,0,0
C000209,ENT_000432,2026-08-18 00:00:00,2026-08-15 00:00:00,2026-08-21 00:00:00,4,3,3,1,1,3,7807.86,3333.69,2602.62,1,1,0,0.25,1,1.5,0,0
C000210,ENT_000021,2026-03-25 00:00:00,2026-03-22 00:00:00,2026-03-28 00:00:00,9,8,8,1,1,3,361067.54,302005.9,45133.44,3,2,0,0.111111,1,1.7778,1,1
C000211,ENT_000481,2026-07-24 00:00:00,2026-07-21 00:00:00,2026-07-27 00:00:00,2,1,2,0,0,1,432813.83,432813.83,432813.83,0,1,0,0.5,1,1.0,0,0
C000212,ENT_000009,2026-07-24 00:00:00,2026-07-21 00:00:00,2026-07-27 00:00:00,10,10,10,0,0,3,752898.73,333284.81,75289.87,0,1,1,0.111111,1,2.0,1,1
C000213,ENT_000549,2026-02-20 00:00:00,2026-02-17 00:00:00,2026-02-23 00:00:00,1,0,1,0,0,0,0.0,0.0,0.0,0,0,0,0.0,1,0.0,0,0
C000214,ENT_000191,2026-07-26 00:00:00,2026-07-23 00:00:00,2026-07-29 00:00:00,1,0,1,0,0,0,0.0,0.0,0.0,0,0,0,0.0,1,0.0,0,0
C000215,ENT_000525,2026-01-04 00:00:00,2026-01-01 00:00:00,2026-01-07 00:00:00,1,0,1,0,0,0,0.0,0.0,0.0,0,0,0,0.0,1,0.0,0,0
C000216,ENT_000641,2026-02-18 00:00:00,2026-02-15 00:00:00,2026-02-21 00:00:00,1,0,1,0,0,0,0.0,0.0,0.0,0,0,0,0.0,1,0.0,0,0
C000217,ENT_000256,2026-03-23 00:00:00,2026-03-20 00:00:00,2026-03-26 00:00:00,11,10,11,0,0,3,1068187.85,347849.96,106818.79,0,1,1,0.090909,1,1.8182,0,0
C000218,ENT_000536,2026-03-16 00:00:00,2026-03-13 00:00:00,2026-03-19 00:00:00,12,11,12,0,0,3,132133.51,42939.54,12012.14,0,1,0,0.083333,1,1.8333,1,1
C000219,ENT_000390,2026-07-14 00:00:00,2026-07-11 00:00:00,2026-07-17 00:00:00,7,6,7,0,0,3,57213.65,37604.91,9535.61,0,1,1,0.142857,1,1.7143,0,0
C000220,ENT_000319,2026-05-04 00:00:00,2026-05-01 00:00:00,2026-05-07 00:00:00,9,8,8,1,1,3,761071.33,194660.38,95133.92,1,1,1,0.111111,1,1.7778,1,1
C000221,ENT_000255,2026-02-26 00:00:00,2026-02-23 00:00:00,2026-03-01 00:00:00,4,3,4,0,0,3,41905.55,37581.87,13968.52,0,1,0,0.25,1,1.5,0,0
C000222,ENT_000570,2026-02-24 00:00:00,2026-02-21 00:00:00,2026-02-27 00:00:00,7,7,7,0,0,3,895423.56,280638.41,127917.65,0,0,1,0.166667,1,2.0,1,1
C000223,ENT_000580,2026-07-16 00:00:00,2026-07-13 00:00:00,2026-07-19 00:00:00,3,2,3,0,0,2,50938.64,47107.97,25469.32,0,1,0,0.333333,1,1.3333,0,0
C000224,ENT_000337,2026-08-03 00:00:00,2026-07-31 00:00:00,2026-08-06 00:00:00,1,0,1,0,0,0,0.0,0.0,0.0,0,0,0,0.0,1,0.0,0,0
C000225,ENT_000036,2026-03-15 00:00:00,2026-03-12 00:00:00,2026-03-18 00:00:00,5,4,5,0,0,2,391112.84,343539.64,97778.21,0,1,1,0.2,1,1.6,0,0
C000226,ENT_000316,2026-03-29 00:00:00,2026-03-26 00:00:00,2026-04-01 00:00:00,2,1,2,0,0,1,40200.37,40200.37,40200.37,0,0,1,0.5,1,1.0,0,0
C000227,ENT_000192,2026-02-04 00:00:00,2026-02-01 00:00:00,2026-02-07 00:00:00,8,8,8,0,0,3,51768.11,18303.21,6471.01,0,1,0,0.142857,1,2.0,0,0
C000228,ENT_000037,2026-05-17 00:00:00,2026-05-14 00:00:00,2026-05-20 00:00:00,2,1,2,0,0,1,4615.08,4615.08,4615.08,0,1,0,0.5,1,1.0,0,0
C000229,ENT_000005,2026-06-19 00:00:00,2026-06-16 00:00:00,2026-06-22 00:00:00,3,2,3,0,0,1,61517.77,31468.44,30758.89,0,1,1,0.333333,1,1.3333,0,0
C000230,ENT_000380,2026-07-30 00:00:00,2026-07-27 00:00:00,2026-08-02 00:00:00,1,0,1,0,0,0,0.0,0.0,0.0,0,0,0,0.0,1,0.0,0,0
C000231,ENT_000664,2026-05-28 00:00:00,2026-05-25 00:00:00,2026-05-31 00:00:00,9,8,8,1,1,3,367296.01,159180.43,45912.0,1,0,2,0.111111,1,1.7778,1,1
C000232,ENT_000358,2026-05-29 00:00:00,2026-05-26 00:00:00,2026-06-01 00:00:00,1,0,1,0,0,0,0.0,0.0,0.0,0,0,0,0.0,1,0.0,0,0
C000233,ENT_000443,2026-07-16 00:00:00,2026-07-13 00:00:00,2026-07-19 00:00:00,1,0,1,0,0,0,0.0,0.0,0.0,0,0,0,0.0,1,0.0,0,0
C000234,ENT_000581,2026-05-21 00:00:00,2026-05-18 00:00:00,2026-05-24 00:00:00,16,16,14,2,2,3,2120356.29,333523.86,132522.27,2,1,2,0.066667,1,2.0,1,2
C000235,ENT_000603,2026-05-15 00:00:00,2026-05-12 00:00:00,2026-05-18 00:00:00,6,5,6,0,0,3,56169.69,28518.02,11233.94,0,1,1,0.166667,1,1.6667,0,0
C000236,ENT_000516,2026-01-05 00:00:00,2026-01-02 00:00:00,2026-01-08 00:00:00,1,0,1,0,0,0,0.0,0.0,0.0,0,0,0,0.0,1,0.0,0,0
C000237,ENT_000137,2026-04-21 00:00:00,2026-04-18 00:00:00,2026-04-24 00:00:00,2,1,2,0,0,1,4746.05,4746.05,4746.05,0,0,1,0.5,1,1.0,0,0
C000238,ENT_000271,2026-07-26 00:00:00,2026-07-23 00:00:00,2026-07-29 00:00:00,3,2,3,0,0,1,37657.19,33161.58,18828.6,0,2,0,0.333333,1,1.3333,0,0
C000239,ENT_000399,2026-06-15 00:00:00,2026-06-12 00:00:00,2026-06-18 00:00:00,2,1,2,0,0,1,33687.02,33687.02,33687.02,0,0,1,0.5,1,1.0,0,0
C000240,ENT_000117,2026-02-07 00:00:00,2026-02-04 00:00:00,2026-02-10 00:00:00,1,0,1,0,0,0,0.0,0.0,0.0,0,0,0,0.0,1,0.0,0,0
C000241,ENT_000613,2026-03-13 00:00:00,2026-03-10 00:00:00,2026-03-16 00:00:00,8,7,7,1,1,3,777643.55,250559.89,111091.94,1,1,0,0.125,1,1.75,1,1
C000242,ENT_000526,2026-04-11 00:00:00,2026-04-08 00:00:00,2026-04-14 00:00:00,5,4,5,0,0,3,10180.69,4237.57,2545.17,0,2,0,0.2,1,1.6,0,0
C000243,ENT_000432,2026-06-01 00:00:00,2026-05-29 00:00:00,2026-06-04 00:00:00,2,1,2,0,0,1,784.59,784.59,784.59,0,1,0,0.5,1,1.0,0,0
C000244,ENT_000253,2026-07-06 00:00:00,2026-07-03 00:00:00,2026-07-09 00:00:00,6,5,6,0,0,3,242565.59,65153.39,48513.12,0,1,0,0.166667,1,1.6667,1,1
C000245,ENT_000045,2026-03-27 00:00:00,2026-03-24 00:00:00,2026-03-30 00:00:00,1,0,1,0,0,0,0.0,0.0,0.0,0,0,0,0.0,1,0.0,0,0
C000246,ENT_000045,2026-03-12 00:00:00,2026-03-09 00:00:00,2026-03-15 00:00:00,10,9,9,1,1,3,913757.8,299866.88,101528.64,2,0,1,0.1,1,1.8,1,1
C000247,ENT_000618,2026-05-06 00:00:00,2026-05-03 00:00:00,2026-05-09 00:00:00,1,0,1,0,0,0,0.0,0.0,0.0,0,0,0,0.0,1,0.0,0,0
C000248,ENT_000587,2026-02-11 00:00:00,2026-02-08 00:00:00,2026-02-14 00:00:00,2,1,2,0,0,1,3061.06,3061.06,3061.06,0,1,0,0.5,1,1.0,0,0
C000249,ENT_000393,2026-07-27 00:00:00,2026-07-24 00:00:00,2026-07-30 00:00:00,2,1,2,0,0,1,2628.18,2628.18,2628.18,0,0,1,0.5,1,1.0,0,0
C000250,ENT_000191,2026-08-07 00:00:00,2026-08-04 00:00:00,2026-08-10 00:00:00,1,0,1,0,0,0,0.0,0.0,0.0,0,0,0,0.0,1,0.0,0,0
C000251,ENT_000486,2026-03-22 00:00:00,2026-03-19 00:00:00,2026-03-25 00:00:00,1,0,1,0,0,0,0.0,0.0,0.0,0,0,0,0.0,1,0.0,0,0
C000252,ENT_000078,2026-06-03 00:00:00,2026-05-31 00:00:00,2026-06-06 00:00:00,1,0,1,0,0,0,0.0,0.0,0.0,0,0,0,0.0,1,0.0,0,0
C000253,ENT_000387,2026-08-06 00:00:00,2026-08-03 00:00:00,2026-08-09 00:00:00,6,6,6,0,0,3,61055.26,47183.31,10175.88,0,1,3,0.2,1,2.0,0,0
C000254,ENT_000270,2026-04-27 00:00:00,2026-04-24 00:00:00,2026-04-30 00:00:00,1,0,1,0,0,0,0.0,0.0,0.0,0,0,0,0.0,1,0.0,0,0
C000255,ENT_000611,2026-07-31 00:00:00,2026-07-28 00:00:00,2026-08-03 00:00:00,2,1,2,0,0,1,3651.03,3651.03,3651.03,0,0,1,0.5,1,1.0,0,0
C000256,ENT_000695,2026-01-28 00:00:00,2026-01-25 00:00:00,2026-01-31 00:00:00,11,11,9,2,2,3,32999.22,7066.37,2999.93,3,0,3,0.1,1,2.0,0,0
C000257,ENT_000212,2026-06-09 00:00:00,2026-06-06 00:00:00,2026-06-12 00:00:00,2,1,2,0,0,1,3767.88,3767.88,3767.88,0,0,1,0.5,1,1.0,0,0
C000258,ENT_000668,2026-06-07 00:00:00,2026-06-04 00:00:00,2026-06-10 00:00:00,1,0,1,0,0,0,0.0,0.0,0.0,0,0,0,0.0,1,0.0,0,0
C000259,ENT_000303,2026-07-10 00:00:00,2026-07-07 00:00:00,2026-07-13 00:00:00,9,8,8,1,1,3,53102.61,32076.71,6637.83,1,0,2,0.111111,1,1.7778,0,0
C000260,ENT_000458,2026-07-08 00:00:00,2026-07-05 00:00:00,2026-07-11 00:00:00,3,2,2,1,1,2,7108.17,5810.8,3554.09,1,0,1,0.333333,1,1.3333,0,0
C000261,ENT_000383,2026-03-07 00:00:00,2026-03-04 00:00:00,2026-03-10 00:00:00,2,1,2,0,0,1,3072.03,3072.03,3072.03,0,1,0,0.5,1,1.0,0,0
C000262,ENT_000679,2026-04-26 00:00:00,2026-04-23 00:00:00,2026-04-29 00:00:00,1,0,1,0,0,0,0.0,0.0,0.0,0,0,0,0.0,1,0.0,0,0
C000263,ENT_000150,2026-06-29 00:00:00,2026-06-26 00:00:00,2026-07-02 00:00:00,1,0,1,0,0,0,0.0,0.0,0.0,0,0,0,0.0,1,0.0,0,0
C000264,ENT_000640,2026-01-11 00:00:00,2026-01-08 00:00:00,2026-01-14 00:00:00,1,0,1,0,0,0,0.0,0.0,0.0,0,0,0,0.0,1,0.0,0,0
C000265,ENT_000198,2026-07-16 00:00:00,2026-07-13 00:00:00,2026-07-19 00:00:00,1,0,1,0,0,0,0.0,0.0,0.0,0,0,0,0.0,1,0.0,0,0
C000266,ENT_000697,2026-08-17 00:00:00,2026-08-14 00:00:00,2026-08-20 00:00:00,6,5,6,0,0,3,429442.08,307982.37,85888.42,0,1,0,0.166667,1,1.6667,0,0
C000267,ENT_000676,2026-07-11 00:00:00,2026-07-08 00:00:00,2026-07-14 00:00:00,1,0,1,0,0,0,0.0,0.0,0.0,0,0,0,0.0,1,0.0,0,0
C000268,ENT_000064,2026-07-03 00:00:00,2026-06-30 00:00:00,2026-07-06 00:00:00,6,5,5,1,1,3,272781.83,261509.57,54556.37,2,0,1,0.166667,1,1.6667,0,0
C000269,ENT_000088,2026-05-12 00:00:00,2026-05-09 00:00:00,2026-05-15 00:00:00,2,1,2,0,0,1,4879.25,4879.25,4879.25,0,0,1,0.5,1,1.0,0,0
C000270,ENT_000104,2026-05-09 00:00:00,2026-05-06 00:00:00,2026-05-12 00:00:00,8,7,7,1,1,3,101625.47,48366.5,14517.92,1,0,2,0.125,1,1.75,0,0
C000271,ENT_000435,2026-06-19 00:00:00,2026-06-16 00:00:00,2026-06-22 00:00:00,4,3,4,0,0,3,7697.18,5855.62,2565.73,0,1,0,0.25,1,1.5,0,0
C000272,ENT_000001,2026-06-29 00:00:00,2026-06-26 00:00:00,2026-07-02 00:00:00,3,2,3,0,0,2,4512.27,3670.85,2256.13,0,0,1,0.333333,1,1.3333,0,0
C000273,ENT_000020,2026-05-10 00:00:00,2026-05-07 00:00:00,2026-05-13 00:00:00,13,13,13,0,0,3,1351672.55,224159.37,103974.81,0,1,1,0.083333,1,2.0,1,2
C000274,ENT_000081,2026-06-25 00:00:00,2026-06-22 00:00:00,2026-06-28 00:00:00,2,1,2,0,0,1,44467.26,44467.26,44467.26,0,1,0,0.5,1,1.0,0,0
C000275,ENT_000533,2026-04-06 00:00:00,2026-04-03 00:00:00,2026-04-09 00:00:00,4,3,4,0,0,3,36790.97,30801.62,12263.66,0,1,0,0.25,1,1.5,0,0
C000276,ENT_000511,2026-06-08 00:00:00,2026-06-05 00:00:00,2026-06-11 00:00:00,1,0,1,0,0,0,0.0,0.0,0.0,0,0,0,0.0,1,0.0,0,0
C000277,ENT_000012,2026-03-09 00:00:00,2026-03-06 00:00:00,2026-03-12 00:00:00,1,0,1,0,0,0,0.0,0.0,0.0,0,0,0,0.0,1,0.0,0,0
C000278,ENT_000195,2026-06-22 00:00:00,2026-06-19 00:00:00,2026-06-25 00:00:00,2,1,2,0,0,1,23853.14,23853.14,23853.14,0,1,0,0.5,1,1.0,0,0
C000279,ENT_000266,2026-04-04 00:00:00,2026-04-01 00:00:00,2026-04-07 00:00:00,1,0,1,0,0,0,0.0,0.0,0.0,0,0,0,0.0,1,0.0,0,0
C000280,ENT_000409,2026-07-31 00:00:00,2026-07-28 00:00:00,2026-08-03 00:00:00,8,7,8,0,0,3,525690.91,394687.75,75098.7,0,2,0,0.125,1,1.75,0,0
C000281,ENT_000375,2026-05-13 00:00:00,2026-05-10 00:00:00,2026-05-16 00:00:00,3,2,3,0,0,2,1656.71,1147.44,828.36,0,1,0,0.333333,1,1.3333,0,0
C000282,ENT_000263,2026-06-09 00:00:00,2026-06-06 00:00:00,2026-06-12 00:00:00,5,4,5,0,0,3,17687.65,8231.98,4421.91,0,1,0,0.2,1,1.6,0,0
C000283,ENT_000321,2026-01-30 00:00:00,2026-01-27 00:00:00,2026-02-02 00:00:00,2,1,2,0,0,1,47103.49,47103.49,47103.49,0,0,1,0.5,1,1.0,0,0
C000284,ENT_000049,2026-06-16 00:00:00,2026-06-13 00:00:00,2026-06-19 00:00:00,2,1,2,0,0,1,30846.57,30846.57,30846.57,0,1,0,0.5,1,1.0,0,0
C000285,ENT_000312,2026-03-08 00:00:00,2026-03-05 00:00:00,2026-03-11 00:00:00,3,2,3,0,0,2,5007.41,4123.25,2503.7,0,0,1,0.333333,1,1.3333,0,0
C000286,ENT_000029,2026-06-08 00:00:00,2026-06-05 00:00:00,2026-06-11 00:00:00,3,2,3,0,0,1,10621.17,9733.8,5310.59,0,1,1,0.333333,1,1.3333,0,0
C000287,ENT_000240,2026-04-22 00:00:00,2026-04-19 00:00:00,2026-04-25 00:00:00,1,0,1,0,0,0,0.0,0.0,0.0,0,0,0,0.0,1,0.0,0,0
C000288,ENT_000241,2026-05-13 00:00:00,2026-05-10 00:00:00,2026-05-16 00:00:00,1,0,1,0,0,0,0.0,0.0,0.0,0,0,0,0.0,1,0.0,0,0
C000289,ENT_000035,2026-02-23 00:00:00,2026-02-20 00:00:00,2026-02-26 00:00:00,4,3,4,0,0,1,5819.79,4682.69,1939.93,0,3,0,0.25,1,1.5,0,0
C000290,ENT_000135,2026-06-22 00:00:00,2026-06-19 00:00:00,2026-06-25 00:00:00,1,0,1,0,0,0,0.0,0.0,0.0,0,0,0,0.0,1,0.0,0,0
C000291,ENT_000306,2026-02-01 00:00:00,2026-01-29 00:00:00,2026-02-04 00:00:00,1,0,1,0,0,0,0.0,0.0,0.0,0,0,0,0.0,1,0.0,0,0
C000292,ENT_000475,2026-01-29 00:00:00,2026-01-26 00:00:00,2026-02-01 00:00:00,1,0,1,0,0,0,0.0,0.0,0.0,0,0,0,0.0,1,0.0,0,0
C000293,ENT_000663,2026-02-08 00:00:00,2026-02-05 00:00:00,2026-02-11 00:00:00,4,3,4,0,0,2,414001.01,406744.71,138000.34,0,0,1,0.25,1,1.5,0,0
C000294,ENT_000064,2026-02-26 00:00:00,2026-02-23 00:00:00,2026-03-01 00:00:00,9,8,8,1,1,3,491668.42,149501.09,61458.55,1,1,1,0.111111,1,1.7778,1,1
C000295,ENT_000592,2026-08-21 00:00:00,2026-08-18 00:00:00,2026-08-24 00:00:00,14,13,13,1,1,3,718457.02,342935.36,55265.92,1,0,2,0.071429,1,1.8571,1,1
C000296,ENT_000347,2026-05-04 00:00:00,2026-05-01 00:00:00,2026-05-07 00:00:00,6,5,6,0,0,3,11973.28,4103.92,2394.66,0,1,1,0.166667,1,1.6667,0,0
C000297,ENT_000694,2026-02-07 00:00:00,2026-02-04 00:00:00,2026-02-10 00:00:00,1,0,1,0,0,0,0.0,0.0,0.0,0,0,0,0.0,1,0.0,0,0
C000298,ENT_000249,2026-05-27 00:00:00,2026-05-24 00:00:00,2026-05-30 00:00:00,1,0,1,0,0,0,0.0,0.0,0.0,0,0,0,0.0,1,0.0,0,0
C000299,ENT_000156,2026-08-14 00:00:00,2026-08-11 00:00:00,2026-08-17 00:00:00,12,11,12,0,0,3,1483490.38,413045.04,134862.76,0,2,0,0.083333,1,1.8333,1,1
C000300,ENT_000347,2026-04-22 00:00:00,2026-04-19 00:00:00,2026-04-25 00:00:00,1,0,1,0,0,0,0.0,0.0,0.0,0,0,0,0.0,1,0.0,0,0
C000301,ENT_000542,2026-01-11 00:00:00,2026-01-08 00:00:00,2026-01-14 00:00:00,5,4,5,0,0,3,27401.86,16609.26,6850.46,0,1,0,0.2,1,1.6,0,0
C000302,ENT_000528,2026-03-30 00:00:00,2026-03-27 00:00:00,2026-04-02 00:00:00,2,1,2,0,0,1,4499.01,4499.01,4499.01,0,0,1,0.5,1,1.0,0,0
C000303,ENT_000128,2026-05-10 00:00:00,2026-05-07 00:00:00,2026-05-13 00:00:00,2,2,2,0,0,1,7037.5,4440.94,3518.75,0,0,2,1.0,1,2.0,0,0
C000304,ENT_000455,2026-08-12 00:00:00,2026-08-09 00:00:00,2026-08-15 00:00:00,5,4,5,0,0,3,56655.84,45126.44,14163.96,0,1,0,0.2,1,1.6,0,0
C000305,ENT_000083,2026-01-24 00:00:00,2026-01-21 00:00:00,2026-01-27 00:00:00,5,4,5,0,0,3,37866.57,30724.81,9466.64,0,1,0,0.2,1,1.6,0,0
C000306,ENT_000359,2026-08-04 00:00:00,2026-08-01 00:00:00,2026-08-07 00:00:00,4,3,4,0,0,3,42590.15,37903.97,14196.72,0,0,1,0.25,1,1.5,0,0
C000307,ENT_000441,2026-05-29 00:00:00,2026-05-26 00:00:00,2026-06-01 00:00:00,1,0,1,0,0,0,0.0,0.0,0.0,0,0,0,0.0,1,0.0,0,0
C000308,ENT_000691,2026-01-25 00:00:00,2026-01-22 00:00:00,2026-01-28 00:00:00,2,1,2,0,0,1,3284.29,3284.29,3284.29,0,0,1,0.5,1,1.0,0,0
C000309,ENT_000102,2026-08-11 00:00:00,2026-08-08 00:00:00,2026-08-14 00:00:00,4,3,4,0,0,3,54408.15,46843.63,18136.05,0,0,1,0.25,1,1.5,0,0
C000310,ENT_000264,2026-01-26 00:00:00,2026-01-23 00:00:00,2026-01-29 00:00:00,3,2,3,0,0,1,41755.71,38287.47,20877.85,0,2,0,0.333333,1,1.3333,0,0
C000311,ENT_000452,2026-04-06 00:00:00,2026-04-03 00:00:00,2026-04-09 00:00:00,9,8,9,0,0,3,23101.12,7437.75,2887.64,0,0,2,0.111111,1,1.7778,0,0
C000312,ENT_000311,2026-01-12 00:00:00,2026-01-09 00:00:00,2026-01-15 00:00:00,2,1,2,0,0,1,247247.25,247247.25,247247.25,0,0,1,0.5,1,1.0,0,0
C000313,ENT_000041,2026-01-10 00:00:00,2026-01-07 00:00:00,2026-01-13 00:00:00,2,1,2,0,0,1,578.0,578.0,578.0,0,1,0,0.5,1,1.0,0,0
C000314,ENT_000229,2026-03-15 00:00:00,2026-03-12 00:00:00,2026-03-18 00:00:00,1,0,1,0,0,0,0.0,0.0,0.0,0,0,0,0.0,1,0.0,0,0
C000315,ENT_000170,2026-01-27 00:00:00,2026-01-24 00:00:00,2026-01-30 00:00:00,1,0,1,0,0,0,0.0,0.0,0.0,0,0,0,0.0,1,0.0,0,0
C000316,ENT_000120,2026-07-31 00:00:00,2026-07-28 00:00:00,2026-08-03 00:00:00,2,1,2,0,0,1,255908.44,255908.44,255908.44,0,1,0,0.5,1,1.0,0,0
C000317,ENT_000366,2026-05-24 00:00:00,2026-05-21 00:00:00,2026-05-27 00:00:00,8,7,7,1,1,3,95567.0,42898.22,13652.43,1,2,0,0.125,1,1.75,1,1
C000318,ENT_000498,2026-06-18 00:00:00,2026-06-15 00:00:00,2026-06-21 00:00:00,1,0,1,0,0,0,0.0,0.0,0.0,0,0,0,0.0,1,0.0,0,0
C000319,ENT_000395,2026-05-01 00:00:00,2026-04-28 00:00:00,2026-05-04 00:00:00,3,2,3,0,0,1,6059.94,3200.75,3029.97,0,2,0,0.333333,1,1.3333,0,0
C000320,ENT_000126,2026-03-24 00:00:00,2026-03-21 00:00:00,2026-03-27 00:00:00,7,6,7,0,0,3,21972.59,8504.82,3662.1,0,1,0,0.142857,1,1.7143,0,0
C000321,ENT_000218,2026-01-17 00:00:00,2026-01-14 00:00:00,2026-01-20 00:00:00,8,7,7,1,1,3,258996.68,61912.6,36999.53,1,1,1,0.125,1,1.75,1,1
C000322,ENT_000677,2026-02-05 00:00:00,2026-02-02 00:00:00,2026-02-08 00:00:00,2,1,2,0,0,1,49138.5,49138.5,49138.5,0,1,0,0.5,1,1.0,0,0
C000323,ENT_000091,2026-06-01 00:00:00,2026-05-29 00:00:00,2026-06-04 00:00:00,1,0,1,0,0,0,0.0,0.0,0.0,0,0,0,0.0,1,0.0,0,0
C000324,ENT_000131,2026-05-18 00:00:00,2026-05-15 00:00:00,2026-05-21 00:00:00,1,0,1,0,0,0,0.0,0.0,0.0,0,0,0,0.0,1,0.0,0,0
C000325,ENT_000008,2026-01-06 00:00:00,2026-01-03 00:00:00,2026-01-09 00:00:00,7,6,7,0,0,3,78776.56,65451.11,13129.43,0,1,0,0.142857,1,1.7143,1,1
C000326,ENT_000091,2026-02-07 00:00:00,2026-02-04 00:00:00,2026-02-10 00:00:00,1,0,1,0,0,0,0.0,0.0,0.0,0,0,0,0.0,1,0.0,0,0
C000327,ENT_000418,2026-07-11 00:00:00,2026-07-08 00:00:00,2026-07-14 00:00:00,23,22,22,1,1,3,943129.64,443027.23,42869.53,1,0,1,0.043478,1,1.913,1,1
C000328,ENT_000124,2026-03-15 00:00:00,2026-03-12 00:00:00,2026-03-18 00:00:00,6,5,6,0,0,2,56464.06,43964.89,11292.81,0,0,2,0.166667,1,1.6667,0,0
C000329,ENT_000172,2026-07-19 00:00:00,2026-07-16 00:00:00,2026-07-22 00:00:00,13,20,12,1,1,3,794535.77,328567.97,39726.79,3,0,2,0.128205,1,3.0769,1,2
C000330,ENT_000583,2026-02-20 00:00:00,2026-02-17 00:00:00,2026-02-23 00:00:00,11,10,10,1,1,3,49437.7,23697.59,4943.77,1,1,2,0.090909,1,1.8182,0,0
C000331,ENT_000335,2026-06-24 00:00:00,2026-06-21 00:00:00,2026-06-27 00:00:00,7,6,7,0,0,3,911270.08,314322.05,151878.35,0,2,0,0.142857,1,1.7143,1,1
C000332,ENT_000442,2026-03-23 00:00:00,2026-03-20 00:00:00,2026-03-26 00:00:00,2,1,2,0,0,1,1799.12,1799.12,1799.12,0,1,0,0.5,1,1.0,0,0
C000333,ENT_000054,2026-01-14 00:00:00,2026-01-11 00:00:00,2026-01-17 00:00:00,7,6,7,0,0,3,40844.51,29383.59,6807.42,0,1,1,0.142857,1,1.7143,0,0
C000334,ENT_000151,2026-07-05 00:00:00,2026-07-02 00:00:00,2026-07-08 00:00:00,3,2,3,0,0,2,968.97,700.71,484.49,0,1,0,0.333333,1,1.3333,0,0
C000335,ENT_000197,2026-02-26 00:00:00,2026-02-23 00:00:00,2026-03-01 00:00:00,2,1,2,0,0,1,3144.93,3144.93,3144.93,0,0,1,0.5,1,1.0,0,0
C000336,ENT_000085,2026-04-12 00:00:00,2026-04-09 00:00:00,2026-04-15 00:00:00,6,5,5,1,1,3,73938.15,46454.79,14787.63,1,0,1,0.166667,1,1.6667,0,0
C000337,ENT_000034,2026-05-24 00:00:00,2026-05-21 00:00:00,2026-05-27 00:00:00,1,0,1,0,0,0,0.0,0.0,0.0,0,0,0,0.0,1,0.0,0,0
C000338,ENT_000675,2026-03-03 00:00:00,2026-02-28 00:00:00,2026-03-06 00:00:00,1,0,1,0,0,0,0.0,0.0,0.0,0,0,0,0.0,1,0.0,0,0
C000339,ENT_000531,2026-06-07 00:00:00,2026-06-04 00:00:00,2026-06-10 00:00:00,1,0,1,0,0,0,0.0,0.0,0.0,0,0,0,0.0,1,0.0,0,0
C000340,ENT_000133,2026-07-22 00:00:00,2026-07-19 00:00:00,2026-07-25 00:00:00,6,5,6,0,0,3,39280.97,29036.31,7856.19,0,1,0,0.166667,1,1.6667,0,0
C000341,ENT_000074,2026-06-15 00:00:00,2026-06-12 00:00:00,2026-06-18 00:00:00,1,0,1,0,0,0,0.0,0.0,0.0,0,0,0,0.0,1,0.0,0,0
C000342,ENT_000207,2026-01-05 00:00:00,2026-01-02 00:00:00,2026-01-08 00:00:00,7,6,7,0,0,3,88364.2,45598.03,14727.37,0,1,2,0.142857,1,1.7143,0,0
C000343,ENT_000139,2026-02-15 00:00:00,2026-02-12 00:00:00,2026-02-18 00:00:00,4,4,4,0,0,3,236921.14,231293.63,59230.29,0,0,1,0.333333,1,2.0,0,0
C000344,ENT_000546,2026-05-16 00:00:00,2026-05-13 00:00:00,2026-05-19 00:00:00,4,3,3,1,1,3,39917.47,24153.97,13305.82,1,1,0,0.25,1,1.5,0,0
C000345,ENT_000543,2026-06-26 00:00:00,2026-06-23 00:00:00,2026-06-29 00:00:00,2,2,2,0,0,1,6374.06,4849.78,3187.03,0,0,2,1.0,1,2.0,0,0
C000346,ENT_000123,2026-07-13 00:00:00,2026-07-10 00:00:00,2026-07-16 00:00:00,10,9,10,0,0,3,729266.2,298476.36,81029.58,0,0,1,0.1,1,1.8,1,2
C000347,ENT_000033,2026-07-17 00:00:00,2026-07-14 00:00:00,2026-07-20 00:00:00,14,14,14,0,0,3,125120.69,37208.02,8937.19,0,2,1,0.076923,1,2.0,0,0
C000348,ENT_000232,2026-03-08 00:00:00,2026-03-05 00:00:00,2026-03-11 00:00:00,1,0,1,0,0,0,0.0,0.0,0.0,0,0,0,0.0,1,0.0,0,0
C000349,ENT_000097,2026-06-01 00:00:00,2026-05-29 00:00:00,2026-06-04 00:00:00,2,1,2,0,0,1,285.63,285.63,285.63,0,1,0,0.5,1,1.0,0,0
C000350,ENT_000444,2026-06-10 00:00:00,2026-06-07 00:00:00,2026-06-13 00:00:00,1,0,1,0,0,0,0.0,0.0,0.0,0,0,0,0.0,1,0.0,0,0
C000351,ENT_000208,2026-04-17 00:00:00,2026-04-14 00:00:00,2026-04-20 00:00:00,2,1,2,0,0,1,25036.88,25036.88,25036.88,0,0,1,0.5,1,1.0,0,0
C000352,ENT_000502,2026-06-23 00:00:00,2026-06-20 00:00:00,2026-06-26 00:00:00,18,17,17,1,1,3,1859175.83,314322.05,109363.28,1,0,1,0.055556,1,1.8889,1,2
C000353,ENT_000247,2026-04-26 00:00:00,2026-04-23 00:00:00,2026-04-29 00:00:00,1,0,1,0,0,0,0.0,0.0,0.0,0,0,0,0.0,1,0.0,0,0
C000354,ENT_000190,2026-04-13 00:00:00,2026-04-10 00:00:00,2026-04-16 00:00:00,4,3,4,0,0,3,30689.17,26396.55,10229.72,0,0,1,0.25,1,1.5,0,0
C000355,ENT_000138,2026-04-06 00:00:00,2026-04-03 00:00:00,2026-04-09 00:00:00,1,0,1,0,0,0,0.0,0.0,0.0,0,0,0,0.0,1,0.0,0,0
C000356,ENT_000469,2026-04-14 00:00:00,2026-04-11 00:00:00,2026-04-17 00:00:00,3,2,3,0,0,2,38351.32,35001.22,19175.66,0,0,1,0.333333,1,1.3333,0,0
C000357,ENT_000643,2026-01-07 00:00:00,2026-01-04 00:00:00,2026-01-10 00:00:00,3,2,3,0,0,2,5837.54,3816.59,2918.77,0,1,0,0.333333,1,1.3333,0,0
C000358,ENT_000023,2026-08-05 00:00:00,2026-08-02 00:00:00,2026-08-08 00:00:00,1,0,1,0,0,0,0.0,0.0,0.0,0,0,0,0.0,1,0.0,0,0
C000359,ENT_000052,2026-01-26 00:00:00,2026-01-23 00:00:00,2026-01-29 00:00:00,4,3,4,0,0,3,4796.79,3801.38,1598.93,0,1,0,0.25,1,1.5,0,0
C000360,ENT_000011,2026-03-20 00:00:00,2026-03-17 00:00:00,2026-03-23 00:00:00,2,1,2,0,0,1,4334.29,4334.29,4334.29,0,0,1,0.5,1,1.0,0,0
C000361,ENT_000622,2026-03-24 00:00:00,2026-03-21 00:00:00,2026-03-27 00:00:00,1,0,1,0,0,0,0.0,0.0,0.0,0,0,0,0.0,1,0.0,0,0
C000362,ENT_000360,2026-03-29 00:00:00,2026-03-26 00:00:00,2026-04-01 00:00:00,4,3,4,0,0,2,6422.73,3295.56,2140.91,0,2,0,0.25,1,1.5,0,0
C000363,ENT_000328,2026-02-18 00:00:00,2026-02-15 00:00:00,2026-02-21 00:00:00,6,5,5,1,1,3,56601.24,46964.54,11320.25,1,0,2,0.166667,1,1.6667,0,0
C000364,ENT_000343,2026-06-13 00:00:00,2026-06-10 00:00:00,2026-06-16 00:00:00,7,6,7,0,0,3,306728.19,298044.85,51121.36,0,2,0,0.142857,1,1.7143,0,0
C000365,ENT_000557,2026-05-20 00:00:00,2026-05-17 00:00:00,2026-05-23 00:00:00,3,2,3,0,0,2,42008.01,41497.08,21004.01,0,0,1,0.333333,1,1.3333,0,0
C000366,ENT_000505,2026-06-27 00:00:00,2026-06-24 00:00:00,2026-06-30 00:00:00,14,13,13,1,1,3,1601422.5,309967.24,123186.35,1,1,2,0.071429,1,1.8571,1,1
C000367,ENT_000522,2026-02-20 00:00:00,2026-02-17 00:00:00,2026-02-23 00:00:00,1,0,1,0,0,0,0.0,0.0,0.0,0,0,0,0.0,1,0.0,0,0
C000368,ENT_000008,2026-07-05 00:00:00,2026-07-02 00:00:00,2026-07-08 00:00:00,1,0,1,0,0,0,0.0,0.0,0.0,0,0,0,0.0,1,0.0,0,0
C000369,ENT_000511,2026-01-15 00:00:00,2026-01-12 00:00:00,2026-01-18 00:00:00,1,0,1,0,0,0,0.0,0.0,0.0,0,0,0,0.0,1,0.0,0,0
C000370,ENT_000548,2026-04-10 00:00:00,2026-04-07 00:00:00,2026-04-13 00:00:00,8,7,8,0,0,3,49359.02,24497.29,7051.29,0,0,1,0.125,1,1.75,0,0
C000371,ENT_000022,2026-03-11 00:00:00,2026-03-08 00:00:00,2026-03-14 00:00:00,9,8,9,0,0,3,784917.81,361046.88,98114.73,0,0,2,0.111111,1,1.7778,0,0
C000372,ENT_000432,2026-07-02 00:00:00,2026-06-29 00:00:00,2026-07-05 00:00:00,4,3,4,0,0,3,393041.18,364308.86,131013.73,0,0,1,0.25,1,1.5,1,1
C000373,ENT_000098,2026-08-19 00:00:00,2026-08-16 00:00:00,2026-08-22 00:00:00,1,0,1,0,0,0,0.0,0.0,0.0,0,0,0,0.0,1,0.0,0,0
C000374,ENT_000541,2026-05-28 00:00:00,2026-05-25 00:00:00,2026-05-31 00:00:00,1,0,1,0,0,0,0.0,0.0,0.0,0,0,0,0.0,1,0.0,0,0
C000375,ENT_000656,2026-04-02 00:00:00,2026-03-30 00:00:00,2026-04-05 00:00:00,1,0,1,0,0,0,0.0,0.0,0.0,0,0,0,0.0,1,0.0,0,0
C000376,ENT_000018,2026-07-12 00:00:00,2026-07-09 00:00:00,2026-07-15 00:00:00,1,0,1,0,0,0,0.0,0.0,0.0,0,0,0,0.0,1,0.0,0,0
C000377,ENT_000527,2026-03-11 00:00:00,2026-03-08 00:00:00,2026-03-14 00:00:00,1,0,1,0,0,0,0.0,0.0,0.0,0,0,0,0.0,1,0.0,0,0
C000378,ENT_000368,2026-03-02 00:00:00,2026-02-27 00:00:00,2026-03-05 00:00:00,2,1,2,0,0,1,339002.14,339002.14,339002.14,0,1,0,0.5,1,1.0,0,0
C000379,ENT_000144,2026-02-25 00:00:00,2026-02-22 00:00:00,2026-02-28 00:00:00,5,4,5,0,0,3,7396.87,2398.78,1849.22,0,1,0,0.2,1,1.6,0,0
C000380,ENT_000431,2026-04-12 00:00:00,2026-04-09 00:00:00,2026-04-15 00:00:00,5,4,5,0,0,2,22917.31,14138.53,5729.33,0,0,1,0.2,1,1.6,0,0
C000381,ENT_000061,2026-01-01 00:00:00,2025-12-29 00:00:00,2026-01-04 00:00:00,9,8,9,0,0,3,516217.57,199053.09,64527.2,0,0,1,0.111111,1,1.7778,1,2
C000382,ENT_000698,2026-02-08 00:00:00,2026-02-05 00:00:00,2026-02-11 00:00:00,1,0,1,0,0,0,0.0,0.0,0.0,0,0,0,0.0,1,0.0,0,0
C000383,ENT_000247,2026-08-08 00:00:00,2026-08-05 00:00:00,2026-08-11 00:00:00,5,4,5,0,0,3,55006.16,47878.67,13751.54,0,1,0,0.2,1,1.6,0,0
C000384,ENT_000215,2026-07-26 00:00:00,2026-07-23 00:00:00,2026-07-29 00:00:00,3,2,3,0,0,2,435362.16,432813.83,217681.08,0,1,0,0.333333,1,1.3333,0,0
C000385,ENT_000484,2026-08-09 00:00:00,2026-08-06 00:00:00,2026-08-12 00:00:00,4,3,4,0,0,3,7902.75,3640.28,2634.25,0,0,1,0.25,1,1.5,0,0
C000386,ENT_000359,2026-02-19 00:00:00,2026-02-16 00:00:00,2026-02-22 00:00:00,6,5,6,0,0,3,798741.51,497990.6,159748.3,0,1,0,0.166667,1,1.6667,0,0
C000387,ENT_000457,2026-05-17 00:00:00,2026-05-14 00:00:00,2026-05-20 00:00:00,5,4,5,0,0,3,25500.45,18266.1,6375.11,0,2,0,0.2,1,1.6,0,0
C000388,ENT_000590,2026-01-13 00:00:00,2026-01-10 00:00:00,2026-01-16 00:00:00,1,0,1,0,0,0,0.0,0.0,0.0,0,0,0,0.0,1,0.0,0,0
C000389,ENT_000050,2026-06-21 00:00:00,2026-06-18 00:00:00,2026-06-24 00:00:00,1,0,1,0,0,0,0.0,0.0,0.0,0,0,0,0.0,1,0.0,0,0
C000390,ENT_000627,2026-07-17 00:00:00,2026-07-14 00:00:00,2026-07-20 00:00:00,11,18,10,1,1,3,447964.65,142285.52,24886.92,2,0,1,0.163636,1,3.2727,1,1
C000391,ENT_000662,2026-01-23 00:00:00,2026-01-20 00:00:00,2026-01-26 00:00:00,11,10,11,0,0,3,672292.61,219484.47,67229.26,0,2,1,0.090909,1,1.8182,1,1
C000392,ENT_000108,2026-03-19 00:00:00,2026-03-16 00:00:00,2026-03-22 00:00:00,3,2,3,0,0,2,75183.51,72818.58,37591.75,0,0,1,0.333333,1,1.3333,0,0
C000393,ENT_000619,2026-06-25 00:00:00,2026-06-22 00:00:00,2026-06-28 00:00:00,16,17,14,2,2,3,1530614.82,278245.95,90036.17,6,2,1,0.070833,1,2.125,1,2
C000394,ENT_000684,2026-02-17 00:00:00,2026-02-14 00:00:00,2026-02-20 00:00:00,1,0,1,0,0,0,0.0,0.0,0.0,0,0,0,0.0,1,0.0,0,0
C000395,ENT_000584,2026-07-02 00:00:00,2026-06-29 00:00:00,2026-07-05 00:00:00,1,0,1,0,0,0,0.0,0.0,0.0,0,0,0,0.0,1,0.0,0,0
C000396,ENT_000620,2026-05-07 00:00:00,2026-05-04 00:00:00,2026-05-10 00:00:00,1,0,1,0,0,0,0.0,0.0,0.0,0,0,0,0.0,1,0.0,0,0
C000397,ENT_000437,2026-05-25 00:00:00,2026-05-22 00:00:00,2026-05-28 00:00:00,1,0,1,0,0,0,0.0,0.0,0.0,0,0,0,0.0,1,0.0,0,0
C000398,ENT_000559,2026-07-21 00:00:00,2026-07-18 00:00:00,2026-07-24 00:00:00,2,1,2,0,0,1,4725.08,4725.08,4725.08,0,0,1,0.5,1,1.0,0,0
C000399,ENT_000147,2026-02-08 00:00:00,2026-02-05 00:00:00,2026-02-11 00:00:00,9,9,8,1,1,3,370615.66,213067.05,41179.52,1,1,0,0.125,1,2.0,0,0
C000400,ENT_000447,2026-07-12 00:00:00,2026-07-09 00:00:00,2026-07-15 00:00:00,7,6,7,0,0,3,16297.1,4981.32,2716.18,0,0,1,0.142857,1,1.7143,0,0
C000401,ENT_000468,2026-04-23 00:00:00,2026-04-20 00:00:00,2026-04-26 00:00:00,1,0,1,0,0,0,0.0,0.0,0.0,0,0,0,0.0,1,0.0,0,0
C000402,ENT_000678,2026-01-27 00:00:00,2026-01-24 00:00:00,2026-01-30 00:00:00,2,1,2,0,0,1,739.49,739.49,739.49,0,1,0,0.5,1,1.0,0,0
C000403,ENT_000162,2026-05-20 00:00:00,2026-05-17 00:00:00,2026-05-23 00:00:00,1,0,1,0,0,0,0.0,0.0,0.0,0,0,0,0.0,1,0.0,0,0
C000404,ENT_000284,2026-01-28 00:00:00,2026-01-25 00:00:00,2026-01-31 00:00:00,2,1,2,0,0,1,38910.75,38910.75,38910.75,0,0,1,0.5,1,1.0,0,0
C000405,ENT_000403,2026-07-22 00:00:00,2026-07-19 00:00:00,2026-07-25 00:00:00,1,0,1,0,0,0,0.0,0.0,0.0,0,0,0,0.0,1,0.0,0,0
C000406,ENT_000551,2026-05-10 00:00:00,2026-05-07 00:00:00,2026-05-13 00:00:00,9,8,7,2,2,3,814946.14,396465.35,101868.27,2,0,1,0.111111,1,1.7778,1,1
C000407,ENT_000230,2026-02-05 00:00:00,2026-02-02 00:00:00,2026-02-08 00:00:00,20,21,18,2,2,3,971430.43,162257.51,46258.59,5,0,1,0.055263,1,2.1,1,2
C000408,ENT_000699,2026-06-13 00:00:00,2026-06-10 00:00:00,2026-06-16 00:00:00,17,18,16,1,1,3,1085576.07,210497.34,60309.78,1,1,2,0.066176,1,2.1176,1,2
C000409,ENT_000284,2026-03-08 00:00:00,2026-03-05 00:00:00,2026-03-11 00:00:00,1,0,1,0,0,0,0.0,0.0,0.0,0,0,0,0.0,1,0.0,0,0
C000410,ENT_000025,2026-08-24 00:00:00,2026-08-21 00:00:00,2026-08-27 00:00:00,1,0,1,0,0,0,0.0,0.0,0.0,0,0,0,0.0,1,0.0,0,0
C000411,ENT_000510,2026-05-17 00:00:00,2026-05-14 00:00:00,2026-05-20 00:00:00,1,0,1,0,0,0,0.0,0.0,0.0,0,0,0,0.0,1,0.0,0,0
C000412,ENT_000470,2026-06-15 00:00:00,2026-06-12 00:00:00,2026-06-18 00:00:00,8,7,8,0,0,3,676635.7,392439.96,96662.24,0,2,0,0.125,1,1.75,0,0
C000413,ENT_000333,2026-08-04 00:00:00,2026-08-01 00:00:00,2026-08-07 00:00:00,5,4,4,1,1,3,114818.12,110751.81,28704.53,1,0,1,0.2,1,1.6,0,0
C000414,ENT_000364,2026-08-04 00:00:00,2026-08-01 00:00:00,2026-08-07 00:00:00,4,3,4,0,0,3,43312.82,39291.21,14437.61,0,1,0,0.25,1,1.5,0,0
C000415,ENT_000660,2026-08-14 00:00:00,2026-08-11 00:00:00,2026-08-17 00:00:00,9,8,9,0,0,3,543888.73,270401.19,67986.09,0,0,1,0.111111,1,1.7778,1,1
C000416,ENT_000020,2026-02-15 00:00:00,2026-02-12 00:00:00,2026-02-18 00:00:00,1,0,1,0,0,0,0.0,0.0,0.0,0,0,0,0.0,1,0.0,0,0
C000417,ENT_000317,2026-05-06 00:00:00,2026-05-03 00:00:00,2026-05-09 00:00:00,2,1,2,0,0,1,1955.46,1955.46,1955.46,0,0,1,0.5,1,1.0,0,0
C000418,ENT_000048,2026-08-24 00:00:00,2026-08-21 00:00:00,2026-08-27 00:00:00,1,0,1,0,0,0,0.0,0.0,0.0,0,0,0,0.0,1,0.0,0,0
C000419,ENT_000440,2026-02-24 00:00:00,2026-02-21 00:00:00,2026-02-27 00:00:00,3,2,3,0,0,2,6141.12,3520.65,3070.56,0,1,0,0.333333,1,1.3333,0,0
C000420,ENT_000412,2026-01-07 00:00:00,2026-01-04 00:00:00,2026-01-10 00:00:00,23,26,19,4,4,3,1482435.71,293900.93,57016.76,9,1,2,0.051383,1,2.2609,1,2
C000421,ENT_000244,2026-06-17 00:00:00,2026-06-14 00:00:00,2026-06-20 00:00:00,1,0,1,0,0,0,0.0,0.0,0.0,0,0,0,0.0,1,0.0,0,0
C000422,ENT_000291,2026-07-09 00:00:00,2026-07-06 00:00:00,2026-07-12 00:00:00,1,0,1,0,0,0,0.0,0.0,0.0,0,0,0,0.0,1,0.0,0,0
C000423,ENT_000301,2026-05-30 00:00:00,2026-05-27 00:00:00,2026-06-02 00:00:00,1,0,1,0,0,0,0.0,0.0,0.0,0,0,0,0.0,1,0.0,0,0
C000424,ENT_000189,2026-01-09 00:00:00,2026-01-06 00:00:00,2026-01-12 00:00:00,2,1,1,1,1,1,3965.26,3965.26,3965.26,1,0,1,0.5,1,1.0,0,0
C000425,ENT_000018,2026-05-06 00:00:00,2026-05-03 00:00:00,2026-05-09 00:00:00,1,0,1,0,0,0,0.0,0.0,0.0,0,0,0,0.0,1,0.0,0,0
C000426,ENT_000261,2026-07-17 00:00:00,2026-07-14 00:00:00,2026-07-20 00:00:00,3,2,2,1,1,2,6493.34,4553.71,3246.67,1,0,1,0.333333,1,1.3333,0,0
C000427,ENT_000561,2026-07-22 00:00:00,2026-07-19 00:00:00,2026-07-25 00:00:00,1,0,1,0,0,0,0.0,0.0,0.0,0,0,0,0.0,1,0.0,0,0
C000428,ENT_000263,2026-05-28 00:00:00,2026-05-25 00:00:00,2026-05-31 00:00:00,1,0,1,0,0,0,0.0,0.0,0.0,0,0,0,0.0,1,0.0,0,0
C000429,ENT_000563,2026-05-23 00:00:00,2026-05-20 00:00:00,2026-05-26 00:00:00,13,14,11,2,2,3,998061.88,281092.73,71290.13,4,1,1,0.089744,1,2.1538,1,2
C000430,ENT_000682,2026-04-03 00:00:00,2026-03-31 00:00:00,2026-04-06 00:00:00,2,1,2,0,0,1,19604.58,19604.58,19604.58,0,1,0,0.5,1,1.0,0,0
C000431,ENT_000562,2026-01-30 00:00:00,2026-01-27 00:00:00,2026-02-02 00:00:00,6,5,5,1,1,3,19865.46,6828.37,3973.09,1,0,2,0.166667,1,1.6667,0,0
C000432,ENT_000179,2026-08-17 00:00:00,2026-08-14 00:00:00,2026-08-20 00:00:00,4,3,4,0,0,3,19311.3,11697.57,6437.1,0,1,0,0.25,1,1.5,0,0
C000433,ENT_000096,2026-05-16 00:00:00,2026-05-13 00:00:00,2026-05-19 00:00:00,18,17,17,1,1,3,880411.13,355546.6,51788.89,3,0,1,0.055556,1,1.8889,1,2
C000434,ENT_000604,2026-04-02 00:00:00,2026-03-30 00:00:00,2026-04-05 00:00:00,1,0,1,0,0,0,0.0,0.0,0.0,0,0,0,0.0,1,0.0,0,0
C000435,ENT_000557,2026-01-23 00:00:00,2026-01-20 00:00:00,2026-01-26 00:00:00,6,5,6,0,0,3,47200.04,38997.1,9440.01,0,1,0,0.166667,1,1.6667,0,0
C000436,ENT_000028,2026-07-14 00:00:00,2026-07-11 00:00:00,2026-07-17 00:00:00,1,0,1,0,0,0,0.0,0.0,0.0,0,0,0,0.0,1,0.0,0,0
C000437,ENT_000174,2026-05-24 00:00:00,2026-05-21 00:00:00,2026-05-27 00:00:00,1,0,1,0,0,0,0.0,0.0,0.0,0,0,0,0.0,1,0.0,0,0
C000438,ENT_000002,2026-05-19 00:00:00,2026-05-16 00:00:00,2026-05-22 00:00:00,1,0,1,0,0,0,0.0,0.0,0.0,0,0,0,0.0,1,0.0,0,0
C000439,ENT_000181,2026-04-04 00:00:00,2026-04-01 00:00:00,2026-04-07 00:00:00,12,11,12,0,0,3,181127.97,47286.33,16466.18,0,1,1,0.083333,1,1.8333,0,0
C000440,ENT_000279,2026-06-22 00:00:00,2026-06-19 00:00:00,2026-06-25 00:00:00,6,5,6,0,0,3,26991.03,20980.93,5398.21,0,0,2,0.166667,1,1.6667,0,0
C000441,ENT_000496,2026-04-11 00:00:00,2026-04-08 00:00:00,2026-04-14 00:00:00,6,5,6,0,0,3,251822.45,236304.15,50364.49,0,2,1,0.166667,1,1.6667,0,0
C000442,ENT_000189,2026-04-22 00:00:00,2026-04-19 00:00:00,2026-04-25 00:00:00,3,2,3,0,0,2,7351.37,4998.91,3675.68,0,1,0,0.333333,1,1.3333,0,0
C000443,ENT_000114,2026-03-24 00:00:00,2026-03-21 00:00:00,2026-03-27 00:00:00,1,0,1,0,0,0,0.0,0.0,0.0,0,0,0,0.0,1,0.0,0,0
C000444,ENT_000142,2026-01-18 00:00:00,2026-01-15 00:00:00,2026-01-21 00:00:00,14,13,13,1,1,3,536157.01,255213.7,41242.85,1,1,0,0.071429,1,1.8571,1,1
C000445,ENT_000585,2026-06-11 00:00:00,2026-06-08 00:00:00,2026-06-14 00:00:00,1,0,1,0,0,0,0.0,0.0,0.0,0,0,0,0.0,1,0.0,0,0
C000446,ENT_000530,2026-07-16 00:00:00,2026-07-13 00:00:00,2026-07-19 00:00:00,1,0,1,0,0,0,0.0,0.0,0.0,0,0,0,0.0,1,0.0,0,0
C000447,ENT_000054,2026-07-18 00:00:00,2026-07-15 00:00:00,2026-07-21 00:00:00,15,14,15,0,0,3,1982853.29,338729.87,141632.38,0,2,1,0.066667,1,1.8667,1,2
C000448,ENT_000228,2026-04-14 00:00:00,2026-04-11 00:00:00,2026-04-17 00:00:00,1,0,1,0,0,0,0.0,0.0,0.0,0,0,0,0.0,1,0.0,0,0
C000449,ENT_000605,2026-05-13 00:00:00,2026-05-10 00:00:00,2026-05-16 00:00:00,2,1,2,0,0,1,410.83,410.83,410.83,0,0,1,0.5,1,1.0,0,0
C000450,ENT_000548,2026-01-29 00:00:00,2026-01-26 00:00:00,2026-02-01 00:00:00,4,3,4,0,0,3,42499.83,38287.47,14166.61,0,1,0,0.25,1,1.5,0,0
C000451,ENT_000078,2026-05-12 00:00:00,2026-05-09 00:00:00,2026-05-15 00:00:00,1,0,1,0,0,0,0.0,0.0,0.0,0,0,0,0.0,1,0.0,0,0
C000452,ENT_000438,2026-03-28 00:00:00,2026-03-25 00:00:00,2026-03-31 00:00:00,1,0,1,0,0,0,0.0,0.0,0.0,0,0,0,0.0,1,0.0,0,0
C000453,ENT_000655,2026-05-06 00:00:00,2026-05-03 00:00:00,2026-05-09 00:00:00,4,3,4,0,0,3,42014.81,36921.85,14004.94,0,1,0,0.25,1,1.5,0,0
C000454,ENT_000401,2026-03-24 00:00:00,2026-03-21 00:00:00,2026-03-27 00:00:00,12,12,10,2,2,3,696742.04,459173.03,58061.84,2,0,2,0.090909,1,2.0,1,1
C000455,ENT_000577,2026-03-10 00:00:00,2026-03-07 00:00:00,2026-03-13 00:00:00,4,3,4,0,0,3,75568.72,41034.42,25189.57,0,1,0,0.25,1,1.5,0,0
C000456,ENT_000417,2026-06-06 00:00:00,2026-06-03 00:00:00,2026-06-09 00:00:00,1,0,1,0,0,0,0.0,0.0,0.0,0,0,0,0.0,1,0.0,0,0
C000457,ENT_000107,2026-02-13 00:00:00,2026-02-10 00:00:00,2026-02-16 00:00:00,1,0,1,0,0,0,0.0,0.0,0.0,0,0,0,0.0,1,0.0,0,0
C000458,ENT_000257,2026-05-25 00:00:00,2026-05-22 00:00:00,2026-05-28 00:00:00,12,18,12,0,0,3,2284184.56,465914.23,126899.14,0,2,4,0.136364,1,3.0,1,1
C000459,ENT_000386,2026-07-11 00:00:00,2026-07-08 00:00:00,2026-07-14 00:00:00,1,0,1,0,0,0,0.0,0.0,0.0,0,0,0,0.0,1,0.0,0,0
C000460,ENT_000379,2026-01-10 00:00:00,2026-01-07 00:00:00,2026-01-13 00:00:00,5,4,5,0,0,3,86036.46,42075.83,21509.12,0,1,1,0.2,1,1.6,0,0
C000461,ENT_000111,2026-03-18 00:00:00,2026-03-15 00:00:00,2026-03-21 00:00:00,1,0,1,0,0,0,0.0,0.0,0.0,0,0,0,0.0,1,0.0,0,0
C000462,ENT_000254,2026-08-09 00:00:00,2026-08-06 00:00:00,2026-08-12 00:00:00,2,1,2,0,0,1,4255.65,4255.65,4255.65,0,0,1,0.5,1,1.0,0,0
C000463,ENT_000367,2026-06-02 00:00:00,2026-05-30 00:00:00,2026-06-05 00:00:00,6,5,6,0,0,3,106044.69,47865.62,21208.94,0,2,1,0.166667,1,1.6667,0,0
C000464,ENT_000224,2026-04-30 00:00:00,2026-04-27 00:00:00,2026-05-03 00:00:00,1,0,1,0,0,0,0.0,0.0,0.0,0,0,0,0.0,1,0.0,0,0
C000465,ENT_000408,2026-04-19 00:00:00,2026-04-16 00:00:00,2026-04-22 00:00:00,1,0,1,0,0,0,0.0,0.0,0.0,0,0,0,0.0,1,0.0,0,0
C000466,ENT_000030,2026-03-06 00:00:00,2026-03-03 00:00:00,2026-03-09 00:00:00,3,2,3,0,0,2,26913.09,24901.5,13456.55,0,1,0,0.333333,1,1.3333,0,0
C000467,ENT_000612,2026-01-08 00:00:00,2026-01-05 00:00:00,2026-01-11 00:00:00,2,1,2,0,0,1,42205.71,42205.71,42205.71,0,1,0,0.5,1,1.0,0,0
C000468,ENT_000492,2026-05-13 00:00:00,2026-05-10 00:00:00,2026-05-16 00:00:00,1,0,1,0,0,0,0.0,0.0,0.0,0,0,0,0.0,1,0.0,0,0
C000469,ENT_000491,2026-01-25 00:00:00,2026-01-22 00:00:00,2026-01-28 00:00:00,11,12,10,1,1,3,393806.42,45345.83,32817.2,2,1,0,0.109091,1,2.1818,1,1
C000470,ENT_000225,2026-04-29 00:00:00,2026-04-26 00:00:00,2026-05-02 00:00:00,1,0,1,0,0,0,0.0,0.0,0.0,0,0,0,0.0,1,0.0,0,0
C000471,ENT_000307,2026-03-02 00:00:00,2026-02-27 00:00:00,2026-03-05 00:00:00,6,5,6,0,0,3,53958.22,39958.88,10791.64,0,1,1,0.166667,1,1.6667,1,1
C000472,ENT_000442,2026-02-09 00:00:00,2026-02-06 00:00:00,2026-02-12 00:00:00,1,0,1,0,0,0,0.0,0.0,0.0,0,0,0,0.0,1,0.0,0,0
C000473,ENT_000052,2026-06-18 00:00:00,2026-06-15 00:00:00,2026-06-21 00:00:00,3,2,3,0,0,1,31311.17,28254.34,15655.58,0,2,0,0.333333,1,1.3333,0,0
C000474,ENT_000336,2026-08-03 00:00:00,2026-07-31 00:00:00,2026-08-06 00:00:00,9,8,9,0,0,3,95544.25,45543.54,11943.03,0,1,0,0.111111,1,1.7778,0,0
C000475,ENT_000398,2026-02-04 00:00:00,2026-02-01 00:00:00,2026-02-07 00:00:00,4,3,4,0,0,1,79081.76,47506.75,26360.59,0,0,3,0.25,1,1.5,0,0
C000476,ENT_000574,2026-05-26 00:00:00,2026-05-23 00:00:00,2026-05-29 00:00:00,1,0,1,0,0,0,0.0,0.0,0.0,0,0,0,0.0,1,0.0,0,0
C000477,ENT_000143,2026-01-23 00:00:00,2026-01-20 00:00:00,2026-01-26 00:00:00,6,5,6,0,0,3,29549.83,22096.8,5909.97,0,2,0,0.166667,1,1.6667,0,0
C000478,ENT_000495,2026-05-23 00:00:00,2026-05-20 00:00:00,2026-05-26 00:00:00,1,0,1,0,0,0,0.0,0.0,0.0,0,0,0,0.0,1,0.0,0,0
C000479,ENT_000541,2026-06-23 00:00:00,2026-06-20 00:00:00,2026-06-26 00:00:00,5,4,5,0,0,2,54695.07,49949.3,13673.77,0,1,2,0.2,1,1.6,0,0
C000480,ENT_000274,2026-03-16 00:00:00,2026-03-13 00:00:00,2026-03-19 00:00:00,1,0,1,0,0,0,0.0,0.0,0.0,0,0,0,0.0,1,0.0,0,0
C000481,ENT_000647,2026-08-12 00:00:00,2026-08-09 00:00:00,2026-08-15 00:00:00,4,3,4,0,0,1,34153.3,26031.2,11384.43,0,2,1,0.25,1,1.5,0,0
C000482,ENT_000480,2026-05-25 00:00:00,2026-05-22 00:00:00,2026-05-28 00:00:00,1,0,1,0,0,0,0.0,0.0,0.0,0,0,0,0.0,1,0.0,0,0
C000483,ENT_000163,2026-07-08 00:00:00,2026-07-05 00:00:00,2026-07-11 00:00:00,7,6,7,0,0,3,42552.82,27187.22,7092.14,0,0,1,0.142857,1,1.7143,0,0
C000484,ENT_000087,2026-03-29 00:00:00,2026-03-26 00:00:00,2026-04-01 00:00:00,14,13,13,1,1,3,892516.21,403355.82,68655.09,1,0,1,0.071429,1,1.8571,1,1
C000485,ENT_000329,2026-02-17 00:00:00,2026-02-14 00:00:00,2026-02-20 00:00:00,12,12,11,1,1,3,1432808.6,306571.91,119400.72,1,2,2,0.090909,1,2.0,1,1
C000486,ENT_000350,2026-02-04 00:00:00,2026-02-01 00:00:00,2026-02-07 00:00:00,2,1,2,0,0,1,3043.72,3043.72,3043.72,0,1,0,0.5,1,1.0,0,0
C000487,ENT_000641,2026-07-10 00:00:00,2026-07-07 00:00:00,2026-07-13 00:00:00,1,0,1,0,0,0,0.0,0.0,0.0,0,0,0,0.0,1,0.0,0,0
C000488,ENT_000582,2026-05-23 00:00:00,2026-05-20 00:00:00,2026-05-26 00:00:00,14,13,13,1,1,3,528775.04,392964.16,40675.0,1,2,2,0.071429,1,1.8571,0,0
C000489,ENT_000225,2026-05-15 00:00:00,2026-05-12 00:00:00,2026-05-18 00:00:00,2,1,2,0,0,1,31746.54,31746.54,31746.54,0,0,1,0.5,1,1.0,0,0
C000490,ENT_000399,2026-07-25 00:00:00,2026-07-22 00:00:00,2026-07-28 00:00:00,1,0,1,0,0,0,0.0,0.0,0.0,0,0,0,0.0,1,0.0,0,0
C000491,ENT_000013,2026-06-27 00:00:00,2026-06-24 00:00:00,2026-06-30 00:00:00,6,5,6,0,0,3,875522.59,229705.14,175104.52,0,1,0,0.166667,1,1.6667,1,1
C000492,ENT_000428,2026-05-08 00:00:00,2026-05-05 00:00:00,2026-05-11 00:00:00,1,0,1,0,0,0,0.0,0.0,0.0,0,0,0,0.0,1,0.0,0,0
C000493,ENT_000321,2026-03-31 00:00:00,2026-03-28 00:00:00,2026-04-03 00:00:00,2,1,2,0,0,1,1705.62,1705.62,1705.62,0,0,1,0.5,1,1.0,0,0
C000494,ENT_000282,2026-04-15 00:00:00,2026-04-12 00:00:00,2026-04-18 00:00:00,2,1,2,0,0,1,4841.41,4841.41,4841.41,0,1,0,0.5,1,1.0,0,0
C000495,ENT_000271,2026-03-05 00:00:00,2026-03-02 00:00:00,2026-03-08 00:00:00,10,9,10,0,0,3,99256.83,68693.57,11028.54,0,1,2,0.1,1,1.8,1,1
C000496,ENT_000140,2026-06-18 00:00:00,2026-06-15 00:00:00,2026-06-21 00:00:00,3,2,3,0,0,2,4328.56,4142.87,2164.28,0,1,0,0.333333,1,1.3333,0,0
C000497,ENT_000644,2026-02-21 00:00:00,2026-02-18 00:00:00,2026-02-24 00:00:00,1,0,1,0,0,0,0.0,0.0,0.0,0,0,0,0.0,1,0.0,0,0
C000498,ENT_000040,2026-03-24 00:00:00,2026-03-21 00:00:00,2026-03-27 00:00:00,1,0,1,0,0,0,0.0,0.0,0.0,0,0,0,0.0,1,0.0,0,0
C000499,ENT_000560,2026-04-19 00:00:00,2026-04-16 00:00:00,2026-04-22 00:00:00,13,12,11,2,2,3,1266574.67,380462.32,105547.89,2,1,3,0.076923,1,1.8462,1,2
C000500,ENT_000465,2026-08-19 00:00:00,2026-08-16 00:00:00,2026-08-22 00:00:00,1,0,1,0,0,0,0.0,0.0,0.0,0,0,0,0.0,1,0.0,0,0
C000501,ENT_000219,2026-07-12 00:00:00,2026-07-09 00:00:00,2026-07-15 00:00:00,2,1,2,0,0,1,3442.54,3442.54,3442.54,0,1,0,0.5,1,1.0,0,0
C000502,ENT_000612,2026-03-21 00:00:00,2026-03-18 00:00:00,2026-03-24 00:00:00,20,27,18,2,2,3,1223772.5,242573.25,45324.91,2,0,3,0.071053,1,2.7,1,1
C000503,ENT_000166,2026-06-20 00:00:00,2026-06-17 00:00:00,2026-06-23 00:00:00,1,0,1,0,0,0,0.0,0.0,0.0,0,0,0,0.0,1,0.0,0,0
C000504,ENT_000373,2026-08-10 00:00:00,2026-08-07 00:00:00,2026-08-13 00:00:00,20,19,19,1,1,3,2950723.91,351994.26,155301.26,1,1,2,0.05,1,1.9,1,3
C000505,ENT_000216,2026-02-02 00:00:00,2026-01-30 00:00:00,2026-02-05 00:00:00,1,0,1,0,0,0,0.0,0.0,0.0,0,0,0,0.0,1,0.0,0,0
C000506,ENT_000621,2026-04-29 00:00:00,2026-04-26 00:00:00,2026-05-02 00:00:00,6,5,6,0,0,3,326862.18,284853.52,65372.44,0,0,1,0.166667,1,1.6667,0,0
C000507,ENT_000478,2026-05-23 00:00:00,2026-05-20 00:00:00,2026-05-26 00:00:00,1,0,1,0,0,0,0.0,0.0,0.0,0,0,0,0.0,1,0.0,0,0
C000508,ENT_000652,2026-06-12 00:00:00,2026-06-09 00:00:00,2026-06-15 00:00:00,9,8,9,0,0,3,314280.71,298044.85,39285.09,0,0,2,0.111111,1,1.7778,0,0
C000509,ENT_000313,2026-06-02 00:00:00,2026-05-30 00:00:00,2026-06-05 00:00:00,7,6,7,0,0,3,450095.84,117678.77,75015.97,0,1,0,0.142857,1,1.7143,1,1
C000510,ENT_000615,2026-05-28 00:00:00,2026-05-25 00:00:00,2026-05-31 00:00:00,12,11,10,2,2,3,68757.53,44722.94,6250.68,2,2,1,0.083333,1,1.8333,0,0
C000511,ENT_000410,2026-02-19 00:00:00,2026-02-16 00:00:00,2026-02-22 00:00:00,2,1,1,1,1,1,44774.34,44774.34,44774.34,1,0,1,0.5,1,1.0,0,0
C000512,ENT_000451,2026-08-08 00:00:00,2026-08-05 00:00:00,2026-08-11 00:00:00,1,0,1,0,0,0,0.0,0.0,0.0,0,0,0,0.0,1,0.0,0,0
C000513,ENT_000341,2026-04-03 00:00:00,2026-03-31 00:00:00,2026-04-06 00:00:00,2,1,2,0,0,1,1419.72,1419.72,1419.72,0,0,1,0.5,1,1.0,0,0
C000514,ENT_000375,2026-08-15 00:00:00,2026-08-12 00:00:00,2026-08-18 00:00:00,2,1,2,0,0,1,2353.31,2353.31,2353.31,0,0,1,0.5,1,1.0,0,0
C000515,ENT_000332,2026-06-29 00:00:00,2026-06-26 00:00:00,2026-07-02 00:00:00,2,1,2,0,0,1,23679.86,23679.86,23679.86,0,1,0,0.5,1,1.0,0,0
C000516,ENT_000338,2026-06-26 00:00:00,2026-06-23 00:00:00,2026-06-29 00:00:00,10,9,10,0,0,3,1203981.43,229705.14,133775.71,0,1,2,0.1,1,1.8,1,1
C000517,ENT_000608,2026-01-19 00:00:00,2026-01-16 00:00:00,2026-01-22 00:00:00,14,13,13,1,1,3,232479.23,103264.09,17883.02,1,0,1,0.071429,1,1.8571,1,1
C000518,ENT_000268,2026-02-27 00:00:00,2026-02-24 00:00:00,2026-03-02 00:00:00,10,10,10,0,0,3,1405342.11,351425.58,140534.21,0,1,2,0.111111,1,2.0,1,2
C000519,ENT_000472,2026-07-30 00:00:00,2026-07-27 00:00:00,2026-08-02 00:00:00,7,6,6,1,1,3,199327.84,50886.24,33221.31,1,1,1,0.142857,1,1.7143,1,1
C000520,ENT_000606,2026-03-08 00:00:00,2026-03-05 00:00:00,2026-03-11 00:00:00,14,13,14,0,0,3,1904442.69,279640.85,146495.59,0,1,2,0.071429,1,1.8571,1,1
C000521,ENT_000152,2026-07-05 00:00:00,2026-07-02 00:00:00,2026-07-08 00:00:00,21,22,20,1,1,3,2418669.04,390916.18,109939.5,3,2,1,0.052381,1,2.0952,1,3
C000522,ENT_000673,2026-05-03 00:00:00,2026-04-30 00:00:00,2026-05-06 00:00:00,2,1,2,0,0,1,2529.75,2529.75,2529.75,0,0,1,0.5,1,1.0,0,0
C000523,ENT_000476,2026-03-05 00:00:00,2026-03-02 00:00:00,2026-03-08 00:00:00,1,0,1,0,0,0,0.0,0.0,0.0,0,0,0,0.0,1,0.0,0,0
C000524,ENT_000449,2026-01-14 00:00:00,2026-01-11 00:00:00,2026-01-17 00:00:00,1,0,1,0,0,0,0.0,0.0,0.0,0,0,0,0.0,1,0.0,0,0
C000525,ENT_000154,2026-01-29 00:00:00,2026-01-26 00:00:00,2026-02-01 00:00:00,5,4,5,0,0,3,135633.67,45365.31,33908.42,0,1,0,0.2,1,1.6,1,1
C000526,ENT_000251,2026-01-15 00:00:00,2026-01-12 00:00:00,2026-01-18 00:00:00,2,1,2,0,0,1,37439.27,37439.27,37439.27,0,1,0,0.5,1,1.0,0,0
C000527,ENT_000376,2026-03-25 00:00:00,2026-03-22 00:00:00,2026-03-28 00:00:00,1,0,1,0,0,0,0.0,0.0,0.0,0,0,0,0.0,1,0.0,0,0
C000528,ENT_000569,2026-01-23 00:00:00,2026-01-20 00:00:00,2026-01-26 00:00:00,3,2,3,0,0,1,29661.77,25322.45,14830.89,0,1,1,0.333333,1,1.3333,0,0
C000529,ENT_000046,2026-01-18 00:00:00,2026-01-15 00:00:00,2026-01-21 00:00:00,16,15,16,0,0,3,1402622.29,245429.55,93508.15,0,3,1,0.0625,1,1.875,1,3
C000530,ENT_000066,2026-03-09 00:00:00,2026-03-06 00:00:00,2026-03-12 00:00:00,2,1,2,0,0,1,683.69,683.69,683.69,0,0,1,0.5,1,1.0,0,0
C000531,ENT_000664,2026-02-15 00:00:00,2026-02-12 00:00:00,2026-02-18 00:00:00,6,5,6,0,0,3,88939.53,42477.08,17787.91,0,1,1,0.166667,1,1.6667,0,0
C000532,ENT_000350,2026-04-11 00:00:00,2026-04-08 00:00:00,2026-04-14 00:00:00,1,0,1,0,0,0,0.0,0.0,0.0,0,0,0,0.0,1,0.0,0,0
C000533,ENT_000497,2026-03-05 00:00:00,2026-03-02 00:00:00,2026-03-08 00:00:00,1,0,1,0,0,0,0.0,0.0,0.0,0,0,0,0.0,1,0.0,0,0
C000534,ENT_000265,2026-06-26 00:00:00,2026-06-23 00:00:00,2026-06-29 00:00:00,16,23,15,1,1,3,1082504.3,336443.29,47065.4,2,0,3,0.095833,1,2.875,1,1
C000535,ENT_000324,2026-01-05 00:00:00,2026-01-02 00:00:00,2026-01-08 00:00:00,2,1,2,0,0,1,2290.27,2290.27,2290.27,0,1,0,0.5,1,1.0,0,0
C000536,ENT_000667,2026-01-23 00:00:00,2026-01-20 00:00:00,2026-01-26 00:00:00,4,3,4,0,0,2,67886.57,40181.56,22628.86,0,1,0,0.25,1,1.5,0,0
C000537,ENT_000536,2026-04-15 00:00:00,2026-04-12 00:00:00,2026-04-18 00:00:00,5,4,5,0,0,3,46063.45,42077.14,11515.86,0,0,2,0.2,1,1.6,0,0
C000538,ENT_000301,2026-02-20 00:00:00,2026-02-17 00:00:00,2026-02-23 00:00:00,6,5,6,0,0,3,45818.14,32940.4,9163.63,0,1,0,0.166667,1,1.6667,0,0
C000539,ENT_000512,2026-02-15 00:00:00,2026-02-12 00:00:00,2026-02-18 00:00:00,1,0,1,0,0,0,0.0,0.0,0.0,0,0,0,0.0,1,0.0,0,0
C000540,ENT_000075,2026-07-21 00:00:00,2026-07-18 00:00:00,2026-07-24 00:00:00,1,0,1,0,0,0,0.0,0.0,0.0,0,0,0,0.0,1,0.0,0,0
C000541,ENT_000502,2026-05-10 00:00:00,2026-05-07 00:00:00,2026-05-13 00:00:00,12,11,11,1,1,3,730863.84,346490.34,66442.17,1,1,0,0.083333,1,1.8333,1,1
C000542,ENT_000127,2026-01-31 00:00:00,2026-01-28 00:00:00,2026-02-03 00:00:00,1,0,1,0,0,0,0.0,0.0,0.0,0,0,0,0.0,1,0.0,0,0
C000543,ENT_000601,2026-05-13 00:00:00,2026-05-10 00:00:00,2026-05-16 00:00:00,3,2,2,1,1,2,7341.77,4128.48,3670.88,2,0,1,0.333333,1,1.3333,0,0
C000544,ENT_000179,2026-02-10 00:00:00,2026-02-07 00:00:00,2026-02-13 00:00:00,8,7,7,1,1,3,371848.42,205809.91,53121.2,1,0,1,0.125,1,1.75,1,1
C000545,ENT_000306,2026-02-09 00:00:00,2026-02-06 00:00:00,2026-02-12 00:00:00,1,0,1,0,0,0,0.0,0.0,0.0,0,0,0,0.0,1,0.0,0,0
C000546,ENT_000285,2026-08-11 00:00:00,2026-08-08 00:00:00,2026-08-14 00:00:00,3,2,3,0,0,2,3687.71,2125.23,1843.86,0,0,1,0.333333,1,1.3333,0,0
C000547,ENT_000340,2026-06-22 00:00:00,2026-06-19 00:00:00,2026-06-25 00:00:00,1,0,1,0,0,0,0.0,0.0,0.0,0,0,0,0.0,1,0.0,0,0
C000548,ENT_000001,2026-01-13 00:00:00,2026-01-10 00:00:00,2026-01-16 00:00:00,1,0,1,0,0,0,0.0,0.0,0.0,0,0,0,0.0,1,0.0,0,0
C000549,ENT_000190,2026-08-11 00:00:00,2026-08-08 00:00:00,2026-08-14 00:00:00,9,8,9,0,0,3,1087780.45,283460.38,135972.56,0,2,1,0.111111,1,1.7778,1,1
C000550,ENT_000110,2026-05-09 00:00:00,2026-05-06 00:00:00,2026-05-12 00:00:00,6,5,5,1,1,3,63313.32,47650.47,12662.66,1,1,2,0.166667,1,1.6667,0,0
C000551,ENT_000449,2026-08-01 00:00:00,2026-07-29 00:00:00,2026-08-04 00:00:00,2,1,2,0,0,1,2693.0,2693.0,2693.0,0,1,0,0.5,1,1.0,0,0
C000552,ENT_000164,2026-06-18 00:00:00,2026-06-15 00:00:00,2026-06-21 00:00:00,7,6,7,0,0,3,18364.07,9634.81,3060.68,0,2,1,0.142857,1,1.7143,0,0
C000553,ENT_000670,2026-04-02 00:00:00,2026-03-30 00:00:00,2026-04-05 00:00:00,1,0,1,0,0,0,0.0,0.0,0.0,0,0,0,0.0,1,0.0,0,0
C000554,ENT_000627,2026-04-23 00:00:00,2026-04-20 00:00:00,2026-04-26 00:00:00,5,4,5,0,0,3,35543.12,34410.9,8885.78,0,1,0,0.2,1,1.6,0,0
C000555,ENT_000579,2026-05-14 00:00:00,2026-05-11 00:00:00,2026-05-17 00:00:00,3,2,3,0,0,1,66843.81,61931.17,33421.9,0,1,1,0.333333,1,1.3333,0,0
C000556,ENT_000391,2026-08-20 00:00:00,2026-08-17 00:00:00,2026-08-23 00:00:00,1,0,1,0,0,0,0.0,0.0,0.0,0,0,0,0.0,1,0.0,0,0
C000557,ENT_000157,2026-04-29 00:00:00,2026-04-26 00:00:00,2026-05-02 00:00:00,1,0,1,0,0,0,0.0,0.0,0.0,0,0,0,0.0,1,0.0,0,0
C000558,ENT_000687,2026-06-28 00:00:00,2026-06-25 00:00:00,2026-07-01 00:00:00,10,9,10,0,0,3,323912.98,232702.13,35990.33,0,2,2,0.1,1,1.8,1,1
C000559,ENT_000556,2026-02-27 00:00:00,2026-02-24 00:00:00,2026-03-02 00:00:00,1,0,1,0,0,0,0.0,0.0,0.0,0,0,0,0.0,1,0.0,0,0
C000560,ENT_000167,2026-02-04 00:00:00,2026-02-01 00:00:00,2026-02-07 00:00:00,2,1,2,0,0,1,2059.0,2059.0,2059.0,0,0,1,0.5,1,1.0,0,0
C000561,ENT_000566,2026-07-25 00:00:00,2026-07-22 00:00:00,2026-07-28 00:00:00,1,0,1,0,0,0,0.0,0.0,0.0,0,0,0,0.0,1,0.0,0,0
C000562,ENT_000490,2026-05-06 00:00:00,2026-05-03 00:00:00,2026-05-09 00:00:00,10,9,9,1,1,3,359591.47,264673.76,39954.61,1,3,0,0.1,1,1.8,0,0
C000563,ENT_000452,2026-05-04 00:00:00,2026-05-01 00:00:00,2026-05-07 00:00:00,6,5,6,0,0,3,39996.96,16784.0,7999.39,0,1,1,0.166667,1,1.6667,0,0
C000564,ENT_000262,2026-08-04 00:00:00,2026-08-01 00:00:00,2026-08-07 00:00:00,2,1,2,0,0,1,4708.92,4708.92,4708.92,0,1,0,0.5,1,1.0,0,0
C000565,ENT_000371,2026-05-14 00:00:00,2026-05-11 00:00:00,2026-05-17 00:00:00,9,8,9,0,0,3,2314822.56,414791.68,289352.82,0,1,1,0.111111,1,1.7778,1,1
C000566,ENT_000540,2026-06-14 00:00:00,2026-06-11 00:00:00,2026-06-17 00:00:00,4,3,4,0,0,2,473838.8,439193.04,157946.27,0,0,1,0.25,1,1.5,0,0
C000567,ENT_000518,2026-01-03 00:00:00,2025-12-31 00:00:00,2026-01-06 00:00:00,1,0,1,0,0,0,0.0,0.0,0.0,0,0,0,0.0,1,0.0,0,0
C000568,ENT_000548,2026-04-23 00:00:00,2026-04-20 00:00:00,2026-04-26 00:00:00,5,4,5,0,0,3,234120.15,224014.12,58530.04,0,0,1,0.2,1,1.6,1,1
C000569,ENT_000439,2026-06-11 00:00:00,2026-06-08 00:00:00,2026-06-14 00:00:00,5,4,5,0,0,3,8124.87,2737.1,2031.22,0,0,2,0.2,1,1.6,0,0
C000570,ENT_000109,2026-01-27 00:00:00,2026-01-24 00:00:00,2026-01-30 00:00:00,1,0,1,0,0,0,0.0,0.0,0.0,0,0,0,0.0,1,0.0,0,0
C000571,ENT_000381,2026-04-21 00:00:00,2026-04-18 00:00:00,2026-04-24 00:00:00,1,0,1,0,0,0,0.0,0.0,0.0,0,0,0,0.0,1,0.0,0,0
C000572,ENT_000076,2026-06-11 00:00:00,2026-06-08 00:00:00,2026-06-14 00:00:00,2,1,1,1,1,1,900.29,900.29,900.29,1,0,1,0.5,1,1.0,0,0
C000573,ENT_000544,2026-07-24 00:00:00,2026-07-21 00:00:00,2026-07-27 00:00:00,1,0,1,0,0,0,0.0,0.0,0.0,0,0,0,0.0,1,0.0,0,0
C000574,ENT_000211,2026-02-08 00:00:00,2026-02-05 00:00:00,2026-02-11 00:00:00,6,5,6,0,0,3,26230.13,22129.23,5246.03,0,1,0,0.166667,1,1.6667,0,0
C000575,ENT_000144,2026-03-30 00:00:00,2026-03-27 00:00:00,2026-04-02 00:00:00,9,9,9,0,0,3,317202.32,248642.68,35244.7,0,1,1,0.125,1,2.0,0,0
C000576,ENT_000501,2026-05-03 00:00:00,2026-04-30 00:00:00,2026-05-06 00:00:00,9,9,8,1,1,3,91887.95,37314.4,10209.77,1,3,1,0.125,1,2.0,1,1
C000577,ENT_000595,2026-06-07 00:00:00,2026-06-04 00:00:00,2026-06-10 00:00:00,6,5,6,0,0,3,33241.78,24591.98,6648.36,0,0,1,0.166667,1,1.6667,0,0
C000578,ENT_000653,2026-05-09 00:00:00,2026-05-06 00:00:00,2026-05-12 00:00:00,1,0,1,0,0,0,0.0,0.0,0.0,0,0,0,0.0,1,0.0,0,0
C000579,ENT_000473,2026-02-09 00:00:00,2026-02-06 00:00:00,2026-02-12 00:00:00,2,1,2,0,0,1,2766.39,2766.39,2766.39,0,1,0,0.5,1,1.0,0,0
C000580,ENT_000213,2026-07-30 00:00:00,2026-07-27 00:00:00,2026-08-02 00:00:00,2,1,2,0,0,1,129.09,129.09,129.09,0,1,0,0.5,1,1.0,0,0
C000581,ENT_000004,2026-01-16 00:00:00,2026-01-13 00:00:00,2026-01-19 00:00:00,2,1,2,0,0,1,4981.06,4981.06,4981.06,0,1,0,0.5,1,1.0,0,0
C000582,ENT_000567,2026-04-23 00:00:00,2026-04-20 00:00:00,2026-04-26 00:00:00,1,0,1,0,0,0,0.0,0.0,0.0,0,0,0,0.0,1,0.0,0,0
C000583,ENT_000454,2026-04-20 00:00:00,2026-04-17 00:00:00,2026-04-23 00:00:00,2,1,2,0,0,1,3737.3,3737.3,3737.3,0,1,0,0.5,1,1.0,0,0
C000584,ENT_000431,2026-06-16 00:00:00,2026-06-13 00:00:00,2026-06-19 00:00:00,2,1,2,0,0,1,9297.09,9297.09,9297.09,0,1,0,0.5,1,1.0,0,0
C000585,ENT_000423,2026-06-17 00:00:00,2026-06-14 00:00:00,2026-06-20 00:00:00,1,0,1,0,0,0,0.0,0.0,0.0,0,0,0,0.0,1,0.0,0,0
C000586,ENT_000033,2026-03-15 00:00:00,2026-03-12 00:00:00,2026-03-18 00:00:00,1,0,1,0,0,0,0.0,0.0,0.0,0,0,0,0.0,1,0.0,0,0
C000587,ENT_000558,2026-04-30 00:00:00,2026-04-27 00:00:00,2026-05-03 00:00:00,1,0,1,0,0,0,0.0,0.0,0.0,0,0,0,0.0,1,0.0,0,0
C000588,ENT_000372,2026-02-15 00:00:00,2026-02-12 00:00:00,2026-02-18 00:00:00,6,5,6,0,0,3,399198.07,218193.66,79839.61,0,2,0,0.166667,1,1.6667,0,0
C000589,ENT_000374,2026-01-08 00:00:00,2026-01-05 00:00:00,2026-01-11 00:00:00,12,11,10,2,2,3,180166.24,82803.9,16378.75,4,1,1,0.083333,1,1.8333,1,1
C000590,ENT_000344,2026-03-30 00:00:00,2026-03-27 00:00:00,2026-04-02 00:00:00,2,1,2,0,0,1,19443.0,19443.0,19443.0,0,0,1,0.5,1,1.0,0,0
C000591,ENT_000503,2026-05-24 00:00:00,2026-05-21 00:00:00,2026-05-27 00:00:00,1,0,1,0,0,0,0.0,0.0,0.0,0,0,0,0.0,1,0.0,0,0
C000592,ENT_000263,2026-06-03 00:00:00,2026-05-31 00:00:00,2026-06-06 00:00:00,1,0,1,0,0,0,0.0,0.0,0.0,0,0,0,0.0,1,0.0,0,0
C000593,ENT_000094,2026-06-10 00:00:00,2026-06-07 00:00:00,2026-06-13 00:00:00,4,3,4,0,0,2,35519.8,30679.25,11839.93,0,1,1,0.25,1,1.5,0,0
C000594,ENT_000655,2026-07-18 00:00:00,2026-07-15 00:00:00,2026-07-21 00:00:00,1,0,1,0,0,0,0.0,0.0,0.0,0,0,0,0.0,1,0.0,0,0
C000595,ENT_000472,2026-03-09 00:00:00,2026-03-06 00:00:00,2026-03-12 00:00:00,3,2,3,0,0,2,6774.02,4728.76,3387.01,0,0,1,0.333333,1,1.3333,0,0
C000596,ENT_000231,2026-07-26 00:00:00,2026-07-23 00:00:00,2026-07-29 00:00:00,3,2,3,0,0,1,5508.07,3593.64,2754.03,0,1,1,0.333333,1,1.3333,0,0
C000597,ENT_000447,2026-02-23 00:00:00,2026-02-20 00:00:00,2026-02-26 00:00:00,1,0,1,0,0,0,0.0,0.0,0.0,0,0,0,0.0,1,0.0,0,0
C000598,ENT_000667,2026-02-04 00:00:00,2026-02-01 00:00:00,2026-02-07 00:00:00,2,1,2,0,0,1,2111.87,2111.87,2111.87,0,1,0,0.5,1,1.0,0,0
C000599,ENT_000698,2026-03-28 00:00:00,2026-03-25 00:00:00,2026-03-31 00:00:00,8,7,7,1,1,3,1377005.83,362009.78,196715.12,1,2,1,0.125,1,1.75,1,1
C000600,ENT_000494,2026-06-22 00:00:00,2026-06-19 00:00:00,2026-06-25 00:00:00,1,0,1,0,0,0,0.0,0.0,0.0,0,0,0,0.0,1,0.0,0,0
C000601,ENT_000056,2026-03-10 00:00:00,2026-03-07 00:00:00,2026-03-13 00:00:00,1,0,1,0,0,0,0.0,0.0,0.0,0,0,0,0.0,1,0.0,0,0
C000602,ENT_000161,2026-08-07 00:00:00,2026-08-04 00:00:00,2026-08-10 00:00:00,1,0,1,0,0,0,0.0,0.0,0.0,0,0,0,0.0,1,0.0,0,0
C000603,ENT_000573,2026-04-06 00:00:00,2026-04-03 00:00:00,2026-04-09 00:00:00,2,1,2,0,0,1,2564.4,2564.4,2564.4,0,1,0,0.5,1,1.0,0,0
C000604,ENT_000273,2026-04-10 00:00:00,2026-04-07 00:00:00,2026-04-13 00:00:00,6,5,6,0,0,3,80706.44,42543.58,16141.29,0,1,0,0.166667,1,1.6667,0,0
C000605,ENT_000388,2026-08-12 00:00:00,2026-08-09 00:00:00,2026-08-15 00:00:00,1,0,1,0,0,0,0.0,0.0,0.0,0,0,0,0.0,1,0.0,0,0
C000606,ENT_000221,2026-03-07 00:00:00,2026-03-04 00:00:00,2026-03-10 00:00:00,1,0,1,0,0,0,0.0,0.0,0.0,0,0,0,0.0,1,0.0,0,0
C000607,ENT_000688,2026-02-07 00:00:00,2026-02-04 00:00:00,2026-02-10 00:00:00,6,5,6,0,0,3,98180.55,49708.45,19636.11,0,0,1,0.166667,1,1.6667,0,0
C000608,ENT_000545,2026-02-13 00:00:00,2026-02-10 00:00:00,2026-02-16 00:00:00,2,1,2,0,0,1,283.33,283.33,283.33,0,1,0,0.5,1,1.0,0,0
C000609,ENT_000635,2026-05-12 00:00:00,2026-05-09 00:00:00,2026-05-15 00:00:00,20,20,18,2,2,3,1526329.06,346490.34,76316.45,2,2,1,0.052632,1,2.0,1,2
C000610,ENT_000514,2026-02-15 00:00:00,2026-02-12 00:00:00,2026-02-18 00:00:00,7,6,7,0,0,3,64870.03,30652.77,10811.67,0,1,1,0.142857,1,1.7143,0,0
C000611,ENT_000208,2026-01-09 00:00:00,2026-01-06 00:00:00,2026-01-12 00:00:00,11,12,11,0,0,3,863767.93,210374.29,71980.66,0,2,0,0.109091,1,2.1818,1,1
C000612,ENT_000283,2026-01-30 00:00:00,2026-01-27 00:00:00,2026-02-02 00:00:00,5,4,5,0,0,3,91686.68,38631.04,22921.67,0,1,0,0.2,1,1.6,1,1
C000613,ENT_000180,2026-07-26 00:00:00,2026-07-23 00:00:00,2026-07-29 00:00:00,1,0,1,0,0,0,0.0,0.0,0.0,0,0,0,0.0,1,0.0,0,0
C000614,ENT_000616,2026-05-08 00:00:00,2026-05-05 00:00:00,2026-05-11 00:00:00,1,0,1,0,0,0,0.0,0.0,0.0,0,0,0,0.0,1,0.0,0,0
C000615,ENT_000539,2026-02-04 00:00:00,2026-02-01 00:00:00,2026-02-07 00:00:00,5,4,5,0,0,3,1343463.16,356588.64,335865.79,0,1,1,0.2,1,1.6,1,1
C000616,ENT_000516,2026-05-13 00:00:00,2026-05-10 00:00:00,2026-05-16 00:00:00,1,0,1,0,0,0,0.0,0.0,0.0,0,0,0,0.0,1,0.0,0,0
C000617,ENT_000334,2026-08-17 00:00:00,2026-08-14 00:00:00,2026-08-20 00:00:00,1,0,1,0,0,0,0.0,0.0,0.0,0,0,0,0.0,1,0.0,0,0
C000618,ENT_000392,2026-03-08 00:00:00,2026-03-05 00:00:00,2026-03-11 00:00:00,6,5,6,0,0,3,579463.69,292079.43,115892.74,0,1,1,0.166667,1,1.6667,1,1
C000619,ENT_000689,2026-05-23 00:00:00,2026-05-20 00:00:00,2026-05-26 00:00:00,2,1,2,0,0,1,1633.66,1633.66,1633.66,0,0,1,0.5,1,1.0,0,0
C000620,ENT_000010,2026-03-16 00:00:00,2026-03-13 00:00:00,2026-03-19 00:00:00,2,1,2,0,0,1,39505.66,39505.66,39505.66,0,0,1,0.5,1,1.0,0,0
C000621,ENT_000210,2026-07-23 00:00:00,2026-07-20 00:00:00,2026-07-26 00:00:00,4,3,4,0,0,3,6005.84,3240.07,2001.95,0,1,0,0.25,1,1.5,0,0
C000622,ENT_000526,2026-05-06 00:00:00,2026-05-03 00:00:00,2026-05-09 00:00:00,8,7,8,0,0,3,425075.66,378797.77,60725.09,0,2,0,0.125,1,1.75,0,0
C000623,ENT_000365,2026-05-19 00:00:00,2026-05-16 00:00:00,2026-05-22 00:00:00,1,0,1,0,0,0,0.0,0.0,0.0,0,0,0,0.0,1,0.0,0,0
C000624,ENT_000160,2026-07-18 00:00:00,2026-07-15 00:00:00,2026-07-21 00:00:00,1,0,1,0,0,0,0.0,0.0,0.0,0,0,0,0.0,1,0.0,0,0
C000625,ENT_000529,2026-04-15 00:00:00,2026-04-12 00:00:00,2026-04-18 00:00:00,2,1,2,0,0,1,2554.21,2554.21,2554.21,0,0,1,0.5,1,1.0,0,0
C000626,ENT_000258,2026-01-07 00:00:00,2026-01-04 00:00:00,2026-01-10 00:00:00,6,5,6,0,0,3,42266.84,31436.17,8453.37,0,1,1,0.166667,1,1.6667,0,0
C000627,ENT_000550,2026-07-02 00:00:00,2026-06-29 00:00:00,2026-07-05 00:00:00,5,4,5,0,0,3,36609.86,31252.03,9152.47,0,1,0,0.2,1,1.6,1,1
C000628,ENT_000629,2026-03-17 00:00:00,2026-03-14 00:00:00,2026-03-20 00:00:00,1,0,1,0,0,0,0.0,0.0,0.0,0,0,0,0.0,1,0.0,0,0
C000629,ENT_000460,2026-01-16 00:00:00,2026-01-13 00:00:00,2026-01-19 00:00:00,1,0,1,0,0,0,0.0,0.0,0.0,0,0,0,0.0,1,0.0,0,0
C000630,ENT_000295,2026-04-27 00:00:00,2026-04-24 00:00:00,2026-04-30 00:00:00,2,1,2,0,0,1,4498.1,4498.1,4498.1,0,1,0,0.5,1,1.0,0,0
C000631,ENT_000019,2026-01-28 00:00:00,2026-01-25 00:00:00,2026-01-31 00:00:00,5,4,5,0,0,3,33124.48,26691.17,8281.12,0,0,1,0.2,1,1.6,0,0
C000632,ENT_000696,2026-05-30 00:00:00,2026-05-27 00:00:00,2026-06-02 00:00:00,1,0,1,0,0,0,0.0,0.0,0.0,0,0,0,0.0,1,0.0,0,0
C000633,ENT_000206,2026-07-16 00:00:00,2026-07-13 00:00:00,2026-07-19 00:00:00,1,0,1,0,0,0,0.0,0.0,0.0,0,0,0,0.0,1,0.0,0,0
C000634,ENT_000257,2026-06-10 00:00:00,2026-06-07 00:00:00,2026-06-13 00:00:00,1,0,1,0,0,0,0.0,0.0,0.0,0,0,0,0.0,1,0.0,0,0
C000635,ENT_000204,2026-07-15 00:00:00,2026-07-12 00:00:00,2026-07-18 00:00:00,1,0,1,0,0,0,0.0,0.0,0.0,0,0,0,0.0,1,0.0,0,0
C000636,ENT_000134,2026-04-20 00:00:00,2026-04-17 00:00:00,2026-04-23 00:00:00,1,0,1,0,0,0,0.0,0.0,0.0,0,0,0,0.0,1,0.0,0,0
C000637,ENT_000188,2026-04-28 00:00:00,2026-04-25 00:00:00,2026-05-01 00:00:00,5,4,5,0,0,3,32783.45,26068.35,8195.86,0,0,2,0.2,1,1.6,0,0
C000638,ENT_000441,2026-02-21 00:00:00,2026-02-18 00:00:00,2026-02-24 00:00:00,1,0,1,0,0,0,0.0,0.0,0.0,0,0,0,0.0,1,0.0,0,0
C000639,ENT_000187,2026-02-02 00:00:00,2026-01-30 00:00:00,2026-02-05 00:00:00,2,1,2,0,0,1,989.7,989.7,989.7,0,1,0,0.5,1,1.0,0,0
C000640,ENT_000065,2026-02-09 00:00:00,2026-02-06 00:00:00,2026-02-12 00:00:00,2,1,2,0,0,1,13370.36,13370.36,13370.36,0,0,1,0.5,1,1.0,0,0
C000641,ENT_000427,2026-02-11 00:00:00,2026-02-08 00:00:00,2026-02-14 00:00:00,6,5,5,1,1,3,25010.58,11727.45,5002.12,1,2,0,0.166667,1,1.6667,0,0
C000642,ENT_000044,2026-03-14 00:00:00,2026-03-11 00:00:00,2026-03-17 00:00:00,7,6,7,0,0,3,608279.99,302208.62,101380.0,0,1,1,0.142857,1,1.7143,1,1
C000643,ENT_000365,2026-02-08 00:00:00,2026-02-05 00:00:00,2026-02-11 00:00:00,22,21,20,2,2,3,1871478.28,457562.9,89118.01,2,1,3,0.045455,1,1.9091,1,3
C000644,ENT_000362,2026-03-25 00:00:00,2026-03-22 00:00:00,2026-03-28 00:00:00,1,0,1,0,0,0,0.0,0.0,0.0,0,0,0,0.0,1,0.0,0,0
C000645,ENT_000417,2026-01-29 00:00:00,2026-01-26 00:00:00,2026-02-01 00:00:00,2,1,2,0,0,1,3407.08,3407.08,3407.08,0,1,0,0.5,1,1.0,0,0
C000646,ENT_000453,2026-08-22 00:00:00,2026-08-19 00:00:00,2026-08-25 00:00:00,1,0,1,0,0,0,0.0,0.0,0.0,0,0,0,0.0,1,0.0,0,0
C000647,ENT_000233,2026-02-16 00:00:00,2026-02-13 00:00:00,2026-02-19 00:00:00,8,7,7,1,1,3,417313.18,95051.03,59616.17,2,1,1,0.125,1,1.75,1,1
C000648,ENT_000465,2026-08-05 00:00:00,2026-08-02 00:00:00,2026-08-08 00:00:00,9,8,9,0,0,3,1013043.65,345311.91,126630.46,0,1,0,0.111111,1,1.7778,1,2
C000649,ENT_000586,2026-04-25 00:00:00,2026-04-22 00:00:00,2026-04-28 00:00:00,1,0,1,0,0,0,0.0,0.0,0.0,0,0,0,0.0,1,0.0,0,0
C000650,ENT_000300,2026-02-01 00:00:00,2026-01-29 00:00:00,2026-02-04 00:00:00,3,2,3,0,0,1,5383.33,2947.12,2691.66,0,1,1,0.333333,1,1.3333,0,0
C000651,ENT_000509,2026-05-04 00:00:00,2026-05-01 00:00:00,2026-05-07 00:00:00,2,1,2,0,0,1,2041.2,2041.2,2041.2,0,0,1,0.5,1,1.0,0,0
C000652,ENT_000024,2026-06-28 00:00:00,2026-06-25 00:00:00,2026-07-01 00:00:00,5,4,4,1,1,3,11112.25,4413.86,2778.06,1,0,1,0.2,1,1.6,0,0
C000653,ENT_000103,2026-04-01 00:00:00,2026-03-29 00:00:00,2026-04-04 00:00:00,4,3,4,0,0,3,45615.02,37682.7,15205.01,0,1,0,0.25,1,1.5,0,0
C000654,ENT_000100,2026-08-20 00:00:00,2026-08-17 00:00:00,2026-08-23 00:00:00,5,4,5,0,0,3,10853.48,4872.37,2713.37,0,1,1,0.2,1,1.6,0,0
C000655,ENT_000069,2026-01-31 00:00:00,2026-01-28 00:00:00,2026-02-03 00:00:00,1,0,1,0,0,0,0.0,0.0,0.0,0,0,0,0.0,1,0.0,0,0
C000656,ENT_000193,2026-07-22 00:00:00,2026-07-19 00:00:00,2026-07-25 00:00:00,1,0,1,0,0,0,0.0,0.0,0.0,0,0,0,0.0,1,0.0,0,0
C000657,ENT_000119,2026-02-09 00:00:00,2026-02-06 00:00:00,2026-02-12 00:00:00,17,16,17,0,0,3,211431.24,60709.94,13214.45,0,0,1,0.058824,1,1.8824,0,0
C000658,ENT_000663,2026-01-31 00:00:00,2026-01-28 00:00:00,2026-02-03 00:00:00,2,1,2,0,0,1,2906.25,2906.25,2906.25,0,1,0,0.5,1,1.0,0,0
C000659,ENT_000125,2026-03-06 00:00:00,2026-03-03 00:00:00,2026-03-09 00:00:00,10,13,10,0,0,3,2424259.26,356458.21,186481.48,0,0,1,0.144444,1,2.6,1,1
C000660,ENT_000061,2026-06-05 00:00:00,2026-06-02 00:00:00,2026-06-08 00:00:00,7,6,7,0,0,3,47261.62,26401.37,7876.94,0,2,1,0.142857,1,1.7143,0,0
C000661,ENT_000649,2026-06-18 00:00:00,2026-06-15 00:00:00,2026-06-21 00:00:00,1,0,1,0,0,0,0.0,0.0,0.0,0,0,0,0.0,1,0.0,0,0
C000662,ENT_000397,2026-03-05 00:00:00,2026-03-02 00:00:00,2026-03-08 00:00:00,13,12,13,0,0,3,837501.85,253008.9,69791.82,0,2,0,0.076923,1,1.8462,1,2
C000663,ENT_000027,2026-06-05 00:00:00,2026-06-02 00:00:00,2026-06-08 00:00:00,21,22,20,1,1,3,835145.43,345119.5,37961.16,1,1,1,0.052381,1,2.0952,1,1
C000664,ENT_000382,2026-01-09 00:00:00,2026-01-06 00:00:00,2026-01-12 00:00:00,12,14,12,0,0,3,1030515.18,228549.68,73608.23,0,2,1,0.106061,1,2.3333,1,1
C000665,ENT_000309,2026-07-30 00:00:00,2026-07-27 00:00:00,2026-08-02 00:00:00,2,1,2,0,0,1,494.19,494.19,494.19,0,0,1,0.5,1,1.0,0,0
C000666,ENT_000588,2026-07-23 00:00:00,2026-07-20 00:00:00,2026-07-26 00:00:00,1,0,1,0,0,0,0.0,0.0,0.0,0,0,0,0.0,1,0.0,0,0
C000667,ENT_000051,2026-05-18 00:00:00,2026-05-15 00:00:00,2026-05-21 00:00:00,6,5,6,0,0,3,29343.65,19645.64,5868.73,0,1,1,0.166667,1,1.6667,0,0
C000668,ENT_000676,2026-05-10 00:00:00,2026-05-07 00:00:00,2026-05-13 00:00:00,10,9,9,1,1,3,365903.76,240004.57,40655.97,1,1,1,0.1,1,1.8,1,1
C000669,ENT_000436,2026-04-06 00:00:00,2026-04-03 00:00:00,2026-04-09 00:00:00,2,1,2,0,0,1,4545.38,4545.38,4545.38,0,0,1,0.5,1,1.0,0,0
C000670,ENT_000259,2026-04-02 00:00:00,2026-03-30 00:00:00,2026-04-05 00:00:00,2,1,2,0,0,1,2813.07,2813.07,2813.07,0,0,1,0.5,1,1.0,0,0
C000671,ENT_000623,2026-06-18 00:00:00,2026-06-15 00:00:00,2026-06-21 00:00:00,12,11,11,1,1,3,92117.31,38718.94,8374.3,2,2,1,0.083333,1,1.8333,0,0
C000672,ENT_000523,2026-01-23 00:00:00,2026-01-20 00:00:00,2026-01-26 00:00:00,1,0,1,0,0,0,0.0,0.0,0.0,0,0,0,0.0,1,0.0,0,0
C000673,ENT_000038,2026-07-16 00:00:00,2026-07-13 00:00:00,2026-07-19 00:00:00,2,1,2,0,0,1,1789.89,1789.89,1789.89,0,1,0,0.5,1,1.0,0,0
C000674,ENT_000243,2026-04-25 00:00:00,2026-04-22 00:00:00,2026-04-28 00:00:00,13,13,13,0,0,3,1237038.29,464452.42,95156.79,0,1,2,0.083333,1,2.0,1,1
C000675,ENT_000131,2026-02-01 00:00:00,2026-01-29 00:00:00,2026-02-04 00:00:00,5,4,5,0,0,3,57159.08,49634.91,14289.77,0,0,1,0.2,1,1.6,0,0
C000676,ENT_000552,2026-07-29 00:00:00,2026-07-26 00:00:00,2026-08-01 00:00:00,16,15,16,0,0,3,780116.8,394687.75,52007.79,0,2,1,0.0625,1,1.875,0,0
C000677,ENT_000092,2026-05-20 00:00:00,2026-05-17 00:00:00,2026-05-23 00:00:00,1,0,1,0,0,0,0.0,0.0,0.0,0,0,0,0.0,1,0.0,0,0
C000678,ENT_000356,2026-08-05 00:00:00,2026-08-02 00:00:00,2026-08-08 00:00:00,11,10,10,1,1,3,575861.77,333372.91,57586.18,1,1,0,0.090909,1,1.8182,1,1
C000679,ENT_000578,2026-02-27 00:00:00,2026-02-24 00:00:00,2026-03-02 00:00:00,14,13,13,1,1,3,723828.19,149501.09,55679.09,1,1,1,0.071429,1,1.8571,1,1
C000680,ENT_000315,2026-08-09 00:00:00,2026-08-06 00:00:00,2026-08-12 00:00:00,4,3,4,0,0,3,390343.35,382440.94,130114.45,0,1,0,0.25,1,1.5,0,0
C000681,ENT_000632,2026-03-20 00:00:00,2026-03-17 00:00:00,2026-03-23 00:00:00,1,0,1,0,0,0,0.0,0.0,0.0,0,0,0,0.0,1,0.0,0,0
C000682,ENT_000596,2026-05-16 00:00:00,2026-05-13 00:00:00,2026-05-19 00:00:00,2,1,2,0,0,1,4006.86,4006.86,4006.86,0,1,0,0.5,1,1.0,0,0
C000683,ENT_000115,2026-06-02 00:00:00,2026-05-30 00:00:00,2026-06-05 00:00:00,1,0,1,0,0,0,0.0,0.0,0.0,0,0,0,0.0,1,0.0,0,0
C000684,ENT_000107,2026-02-04 00:00:00,2026-02-01 00:00:00,2026-02-07 00:00:00,3,2,3,0,0,1,4701.63,4357.22,2350.82,0,1,1,0.333333,1,1.3333,0,0
C000685,ENT_000149,2026-03-22 00:00:00,2026-03-19 00:00:00,2026-03-25 00:00:00,1,0,1,0,0,0,0.0,0.0,0.0,0,0,0,0.0,1,0.0,0,0
C000686,ENT_000459,2026-06-25 00:00:00,2026-06-22 00:00:00,2026-06-28 00:00:00,2,1,2,0,0,1,11335.79,11335.79,11335.79,0,0,1,0.5,1,1.0,0,0
C000687,ENT_000411,2026-07-01 00:00:00,2026-06-28 00:00:00,2026-07-04 00:00:00,1,0,1,0,0,0,0.0,0.0,0.0,0,0,0,0.0,1,0.0,0,0
C000688,ENT_000554,2026-05-21 00:00:00,2026-05-18 00:00:00,2026-05-24 00:00:00,4,3,4,0,0,3,53453.61,49858.63,17817.87,0,0,1,0.25,1,1.5,0,0
C000689,ENT_000134,2026-03-20 00:00:00,2026-03-17 00:00:00,2026-03-23 00:00:00,1,0,1,0,0,0,0.0,0.0,0.0,0,0,0,0.0,1,0.0,0,0
C000690,ENT_000284,2026-06-30 00:00:00,2026-06-27 00:00:00,2026-07-03 00:00:00,1,0,1,0,0,0,0.0,0.0,0.0,0,0,0,0.0,1,0.0,0,0
C000691,ENT_000139,2026-04-08 00:00:00,2026-04-05 00:00:00,2026-04-11 00:00:00,9,8,9,0,0,3,59372.6,28201.98,7421.57,0,0,3,0.111111,1,1.7778,0,0
C000692,ENT_000086,2026-02-23 00:00:00,2026-02-20 00:00:00,2026-02-26 00:00:00,4,3,4,0,0,2,9357.55,4580.78,3119.18,0,1,0,0.25,1,1.5,0,0
C000693,ENT_000428,2026-04-14 00:00:00,2026-04-11 00:00:00,2026-04-17 00:00:00,1,0,1,0,0,0,0.0,0.0,0.0,0,0,0,0.0,1,0.0,0,0
C000694,ENT_000681,2026-04-15 00:00:00,2026-04-12 00:00:00,2026-04-18 00:00:00,3,2,3,0,0,1,2284.01,1744.6,1142.0,0,0,2,0.333333,1,1.3333,0,0
C000695,ENT_000082,2026-06-08 00:00:00,2026-06-05 00:00:00,2026-06-11 00:00:00,1,0,1,0,0,0,0.0,0.0,0.0,0,0,0,0.0,1,0.0,0,0
C000696,ENT_000301,2026-06-27 00:00:00,2026-06-24 00:00:00,2026-06-30 00:00:00,1,0,1,0,0,0,0.0,0.0,0.0,0,0,0,0.0,1,0.0,0,0
C000697,ENT_000614,2026-01-04 00:00:00,2026-01-01 00:00:00,2026-01-07 00:00:00,20,19,19,1,1,3,1311063.89,385272.87,69003.36,1,1,0,0.05,1,1.9,1,1
C000698,ENT_000089,2026-01-25 00:00:00,2026-01-22 00:00:00,2026-01-28 00:00:00,23,25,22,1,1,3,1634638.16,437541.45,65385.53,1,3,0,0.049407,1,2.1739,1,3
C000699,ENT_000020,2026-03-01 00:00:00,2026-02-26 00:00:00,2026-03-04 00:00:00,9,9,8,1,1,3,250024.38,57937.66,27780.49,1,1,1,0.125,1,2.0,1,1
C000700,ENT_000577,2026-06-30 00:00:00,2026-06-27 00:00:00,2026-07-03 00:00:00,1,0,1,0,0,0,0.0,0.0,0.0,0,0,0,0.0,1,0.0,0,0
C000701,ENT_000105,2026-06-27 00:00:00,2026-06-24 00:00:00,2026-06-30 00:00:00,4,3,4,0,0,3,6065.79,3328.28,2021.93,0,0,1,0.25,1,1.5,0,0
C000702,ENT_000346,2026-04-16 00:00:00,2026-04-13 00:00:00,2026-04-19 00:00:00,7,6,7,0,0,3,817478.56,438129.75,136246.43,0,1,1,0.142857,1,1.7143,1,1
C000703,ENT_000296,2026-03-21 00:00:00,2026-03-18 00:00:00,2026-03-24 00:00:00,5,4,5,0,0,3,6277.98,2343.6,1569.49,0,0,2,0.2,1,1.6,0,0
C000704,ENT_000302,2026-03-16 00:00:00,2026-03-13 00:00:00,2026-03-19 00:00:00,3,2,3,0,0,1,31522.58,27469.27,15761.29,0,1,1,0.333333,1,1.3333,0,0
C000705,ENT_000672,2026-03-14 00:00:00,2026-03-11 00:00:00,2026-03-17 00:00:00,5,4,5,0,0,3,391112.84,343539.64,97778.21,0,0,1,0.2,1,1.6,0,0
C000706,ENT_000184,2026-06-12 00:00:00,2026-06-09 00:00:00,2026-06-15 00:00:00,1,0,1,0,0,0,0.0,0.0,0.0,0,0,0,0.0,1,0.0,0,0
C000707,ENT_000209,2026-04-14 00:00:00,2026-04-11 00:00:00,2026-04-17 00:00:00,13,13,13,0,0,3,1136974.21,385621.75,87459.55,0,2,1,0.083333,1,2.0,0,0
C000708,ENT_000421,2026-08-18 00:00:00,2026-08-15 00:00:00,2026-08-21 00:00:00,4,3,4,0,0,3,483046.59,460910.61,161015.53,0,1,0,0.25,1,1.5,0,0
C000709,ENT_000625,2026-06-19 00:00:00,2026-06-16 00:00:00,2026-06-22 00:00:00,5,4,5,0,0,3,10656.06,3439.39,2664.01,0,0,2,0.2,1,1.6,0,0
C000710,ENT_000318,2026-04-02 00:00:00,2026-03-30 00:00:00,2026-04-05 00:00:00,1,0,1,0,0,0,0.0,0.0,0.0,0,0,0,0.0,1,0.0,0,0
C000711,ENT_000599,2026-07-24 00:00:00,2026-07-21 00:00:00,2026-07-27 00:00:00,1,0,1,0,0,0,0.0,0.0,0.0,0,0,0,0.0,1,0.0,0,0
C000712,ENT_000646,2026-01-15 00:00:00,2026-01-12 00:00:00,2026-01-18 00:00:00,1,0,1,0,0,0,0.0,0.0,0.0,0,0,0,0.0,1,0.0,0,0
C000713,ENT_000327,2026-02-14 00:00:00,2026-02-11 00:00:00,2026-02-17 00:00:00,5,4,5,0,0,3,7251.44,4040.93,1812.86,0,0,1,0.2,1,1.6,0,0
C000714,ENT_000644,2026-02-05 00:00:00,2026-02-02 00:00:00,2026-02-08 00:00:00,2,1,2,0,0,1,15972.18,15972.18,15972.18,0,1,0,0.5,1,1.0,0,0
C000715,ENT_000132,2026-05-07 00:00:00,2026-05-04 00:00:00,2026-05-10 00:00:00,1,0,1,0,0,0,0.0,0.0,0.0,0,0,0,0.0,1,0.0,0,0
C000716,ENT_000617,2026-02-23 00:00:00,2026-02-20 00:00:00,2026-02-26 00:00:00,1,0,1,0,0,0,0.0,0.0,0.0,0,0,0,0.0,1,0.0,0,0
C000717,ENT_000402,2026-02-05 00:00:00,2026-02-02 00:00:00,2026-02-08 00:00:00,3,2,3,0,0,2,13487.38,11768.33,6743.69,0,0,1,0.333333,1,1.3333,0,0
C000718,ENT_000318,2026-06-28 00:00:00,2026-06-25 00:00:00,2026-07-01 00:00:00,3,2,3,0,0,1,43756.89,43277.7,21878.44,0,1,1,0.333333,1,1.3333,0,0
C000719,ENT_000645,2026-04-30 00:00:00,2026-04-27 00:00:00,2026-05-03 00:00:00,8,7,8,0,0,3,91925.76,33002.41,13132.25,0,1,1,0.125,1,1.75,0,0
C000720,ENT_000661,2026-05-04 00:00:00,2026-05-01 00:00:00,2026-05-07 00:00:00,6,5,6,0,0,3,529306.23,482930.8,105861.25,0,1,2,0.166667,1,1.6667,0,0
C000721,ENT_000628,2026-07-12 00:00:00,2026-07-09 00:00:00,2026-07-15 00:00:00,7,6,6,1,1,3,518932.78,349768.73,86488.8,1,0,1,0.142857,1,1.7143,1,1
C000722,ENT_000646,2026-01-19 00:00:00,2026-01-16 00:00:00,2026-01-22 00:00:00,1,0,1,0,0,0,0.0,0.0,0.0,0,0,0,0.0,1,0.0,0,0
C000723,ENT_000690,2026-02-10 00:00:00,2026-02-07 00:00:00,2026-02-13 00:00:00,8,7,8,0,0,3,129066.55,44145.29,18438.08,0,0,2,0.125,1,1.75,1,1
C000724,ENT_000357,2026-05-31 00:00:00,2026-05-28 00:00:00,2026-06-03 00:00:00,3,2,3,0,0,2,3370.48,3245.2,1685.24,0,0,1,0.333333,1,1.3333,0,0
C000725,ENT_000602,2026-01-24 00:00:00,2026-01-21 00:00:00,2026-01-27 00:00:00,1,0,1,0,0,0,0.0,0.0,0.0,0,0,0,0.0,1,0.0,0,0
C000726,ENT_000503,2026-04-19 00:00:00,2026-04-16 00:00:00,2026-04-22 00:00:00,1,0,1,0,0,0,0.0,0.0,0.0,0,0,0,0.0,1,0.0,0,0
C000727,ENT_000696,2026-06-17 00:00:00,2026-06-14 00:00:00,2026-06-20 00:00:00,2,1,2,0,0,1,1232.87,1232.87,1232.87,0,0,1,0.5,1,1.0,0,0
C000728,ENT_000175,2026-02-02 00:00:00,2026-01-30 00:00:00,2026-02-05 00:00:00,4,3,4,0,0,3,373950.15,365932.09,124650.05,0,1,0,0.25,1,1.5,0,0
C000729,ENT_000445,2026-04-22 00:00:00,2026-04-19 00:00:00,2026-04-25 00:00:00,1,0,1,0,0,0,0.0,0.0,0.0,0,0,0,0.0,1,0.0,0,0
C000730,ENT_000571,2026-02-18 00:00:00,2026-02-15 00:00:00,2026-02-21 00:00:00,7,6,7,0,0,3,444790.02,402954.7,74131.67,0,0,1,0.142857,1,1.7143,0,0
C000731,ENT_000245,2026-02-15 00:00:00,2026-02-12 00:00:00,2026-02-18 00:00:00,1,0,1,0,0,0,0.0,0.0,0.0,0,0,0,0.0,1,0.0,0,0
C000732,ENT_000477,2026-05-10 00:00:00,2026-05-07 00:00:00,2026-05-13 00:00:00,7,6,6,1,1,3,341637.43,283356.69,56939.57,1,1,2,0.142857,1,1.7143,0,0
C000733,ENT_000382,2026-08-08 00:00:00,2026-08-05 00:00:00,2026-08-11 00:00:00,1,0,1,0,0,0,0.0,0.0,0.0,0,0,0,0.0,1,0.0,0,0
C000734,ENT_000394,2026-01-12 00:00:00,2026-01-09 00:00:00,2026-01-15 00:00:00,2,1,2,0,0,1,4035.5,4035.5,4035.5,0,1,0,0.5,1,1.0,0,0
C000735,ENT_000630,2026-02-14 00:00:00,2026-02-11 00:00:00,2026-02-17 00:00:00,1,0,1,0,0,0,0.0,0.0,0.0,0,0,0,0.0,1,0.0,0,0
C000736,ENT_000608,2026-01-11 00:00:00,2026-01-08 00:00:00,2026-01-14 00:00:00,1,0,1,0,0,0,0.0,0.0,0.0,0,0,0,0.0,1,0.0,0,0
C000737,ENT_000205,2026-04-13 00:00:00,2026-04-10 00:00:00,2026-04-16 00:00:00,7,6,7,0,0,3,30502.33,19783.25,5083.72,0,2,1,0.142857,1,1.7143,0,0
C000738,ENT_000564,2026-03-24 00:00:00,2026-03-21 00:00:00,2026-03-27 00:00:00,3,2,3,0,0,2,5633.84,4138.45,2816.92,0,1,0,0.333333,1,1.3333,0,0
C000739,ENT_000176,2026-03-08 00:00:00,2026-03-05 00:00:00,2026-03-11 00:00:00,2,1,2,0,0,1,11150.79,11150.79,11150.79,0,1,0,0.5,1,1.0,0,0
C000740,ENT_000119,2026-04-08 00:00:00,2026-04-05 00:00:00,2026-04-11 00:00:00,6,5,6,0,0,3,790326.06,304493.4,158065.21,0,1,0,0.166667,1,1.6667,1,1
C000741,ENT_000053,2026-08-24 00:00:00,2026-08-21 00:00:00,2026-08-27 00:00:00,2,1,2,0,0,1,2908.43,2908.43,2908.43,0,0,1,0.5,1,1.0,0,0
C000742,ENT_000005,2026-06-06 00:00:00,2026-06-03 00:00:00,2026-06-09 00:00:00,1,0,1,0,0,0,0.0,0.0,0.0,0,0,0,0.0,1,0.0,0,0
C000743,ENT_000448,2026-08-21 00:00:00,2026-08-18 00:00:00,2026-08-24 00:00:00,1,0,1,0,0,0,0.0,0.0,0.0,0,0,0,0.0,1,0.0,0,0
C000744,ENT_000050,2026-07-26 00:00:00,2026-07-23 00:00:00,2026-07-29 00:00:00,4,3,4,0,0,3,331809.71,329644.3,110603.24,0,0,1,0.25,1,1.5,0,0
C000745,ENT_000148,2026-01-25 00:00:00,2026-01-22 00:00:00,2026-01-28 00:00:00,13,12,12,1,1,3,606022.9,258655.68,50501.91,1,1,1,0.076923,1,1.8462,1,1
C000746,ENT_000457,2026-06-13 00:00:00,2026-06-10 00:00:00,2026-06-16 00:00:00,2,1,2,0,0,1,2737.1,2737.1,2737.1,0,1,0,0.5,1,1.0,0,0
C000747,ENT_000119,2026-06-08 00:00:00,2026-06-05 00:00:00,2026-06-11 00:00:00,4,3,4,0,0,3,2479.04,1156.3,826.35,0,0,1,0.25,1,1.5,0,0
C000748,ENT_000194,2026-05-14 00:00:00,2026-05-11 00:00:00,2026-05-17 00:00:00,1,0,1,0,0,0,0.0,0.0,0.0,0,0,0,0.0,1,0.0,0,0
C000749,ENT_000244,2026-07-31 00:00:00,2026-07-28 00:00:00,2026-08-03 00:00:00,2,1,2,0,0,1,748.65,748.65,748.65,0,0,1,0.5,1,1.0,0,0
C000750,ENT_000015,2026-04-01 00:00:00,2026-03-29 00:00:00,2026-04-04 00:00:00,3,3,3,0,0,1,281427.18,248642.68,93809.06,0,3,0,0.5,1,2.0,0,0
C000751,ENT_000361,2026-02-27 00:00:00,2026-02-24 00:00:00,2026-03-02 00:00:00,1,0,1,0,0,0,0.0,0.0,0.0,0,0,0,0.0,1,0.0,0,0
C000752,ENT_000376,2026-04-05 00:00:00,2026-04-02 00:00:00,2026-04-08 00:00:00,1,0,1,0,0,0,0.0,0.0,0.0,0,0,0,0.0,1,0.0,0,0
C000753,ENT_000663,2026-01-19 00:00:00,2026-01-16 00:00:00,2026-01-22 00:00:00,1,0,1,0,0,0,0.0,0.0,0.0,0,0,0,0.0,1,0.0,0,0
C000754,ENT_000260,2026-06-17 00:00:00,2026-06-14 00:00:00,2026-06-20 00:00:00,1,0,1,0,0,0,0.0,0.0,0.0,0,0,0,0.0,1,0.0,0,0
C000755,ENT_000182,2026-08-22 00:00:00,2026-08-19 00:00:00,2026-08-25 00:00:00,4,3,4,0,0,2,1837.2,1061.48,612.4,0,0,2,0.25,1,1.5,0,0
C000756,ENT_000202,2026-03-31 00:00:00,2026-03-28 00:00:00,2026-04-03 00:00:00,9,8,9,0,0,3,69046.48,32179.01,8630.81,0,0,1,0.111111,1,1.7778,0,0
C000757,ENT_000582,2026-02-16 00:00:00,2026-02-13 00:00:00,2026-02-19 00:00:00,4,3,3,1,1,3,421094.64,211327.62,140364.88,2,0,1,0.25,1,1.5,1,1
C000758,ENT_000352,2026-08-06 00:00:00,2026-08-03 00:00:00,2026-08-09 00:00:00,6,5,6,0,0,3,431293.97,409222.27,86258.79,0,3,0,0.166667,1,1.6667,0,0
C000759,ENT_000428,2026-05-19 00:00:00,2026-05-16 00:00:00,2026-05-22 00:00:00,3,2,3,0,0,2,22415.31,18486.31,11207.66,0,1,0,0.333333,1,1.3333,0,0
C000760,ENT_000681,2026-07-11 00:00:00,2026-07-08 00:00:00,2026-07-14 00:00:00,5,4,5,0,0,3,51274.02,45635.52,12818.5,0,0,1,0.2,1,1.6,0,0
C000761,ENT_000095,2026-04-28 00:00:00,2026-04-25 00:00:00,2026-05-01 00:00:00,2,1,1,1,1,1,37559.79,37559.79,37559.79,1,0,1,0.5,1,1.0,0,0
C000762,ENT_000211,2026-08-18 00:00:00,2026-08-15 00:00:00,2026-08-21 00:00:00,1,0,1,0,0,0,0.0,0.0,0.0,0,0,0,0.0,1,0.0,0,0
C000763,ENT_000561,2026-04-16 00:00:00,2026-04-13 00:00:00,2026-04-19 00:00:00,2,1,2,0,0,1,3225.55,3225.55,3225.55,0,0,1,0.5,1,1.0,0,0
C000764,ENT_000025,2026-05-07 00:00:00,2026-05-04 00:00:00,2026-05-10 00:00:00,1,0,1,0,0,0,0.0,0.0,0.0,0,0,0,0.0,1,0.0,0,0
C000765,ENT_000519,2026-04-02 00:00:00,2026-03-30 00:00:00,2026-04-05 00:00:00,2,1,2,0,0,1,4548.51,4548.51,4548.51,0,1,0,0.5,1,1.0,0,0
C000766,ENT_000026,2026-08-08 00:00:00,2026-08-05 00:00:00,2026-08-11 00:00:00,1,0,1,0,0,0,0.0,0.0,0.0,0,0,0,0.0,1,0.0,0,0
C000767,ENT_000060,2026-08-13 00:00:00,2026-08-10 00:00:00,2026-08-16 00:00:00,1,0,1,0,0,0,0.0,0.0,0.0,0,0,0,0.0,1,0.0,0,0
C000768,ENT_000596,2026-01-28 00:00:00,2026-01-25 00:00:00,2026-01-31 00:00:00,7,6,7,0,0,3,24595.78,7066.37,4099.3,0,2,1,0.142857,1,1.7143,0,0
C000769,ENT_000281,2026-08-15 00:00:00,2026-08-12 00:00:00,2026-08-18 00:00:00,1,0,1,0,0,0,0.0,0.0,0.0,0,0,0,0.0,1,0.0,0,0
C000770,ENT_000700,2026-04-13 00:00:00,2026-04-10 00:00:00,2026-04-16 00:00:00,3,2,3,0,0,2,36467.02,35121.12,18233.51,0,1,0,0.333333,1,1.3333,0,0
C000771,ENT_000385,2026-05-11 00:00:00,2026-05-08 00:00:00,2026-05-14 00:00:00,2,1,2,0,0,1,546.53,546.53,546.53,0,0,1,0.5,1,1.0,0,0
C000772,ENT_000671,2026-07-28 00:00:00,2026-07-25 00:00:00,2026-07-31 00:00:00,3,2,3,0,0,2,4552.37,3286.37,2276.18,0,1,0,0.333333,1,1.3333,0,0
C000773,ENT_000174,2026-06-28 00:00:00,2026-06-25 00:00:00,2026-07-01 00:00:00,4,3,3,1,1,3,563027.76,284043.7,187675.92,2,0,1,0.25,1,1.5,1,1
C000774,ENT_000686,2026-02-16 00:00:00,2026-02-13 00:00:00,2026-02-19 00:00:00,4,3,4,0,0,2,7747.84,3661.98,2582.61,0,1,1,0.25,1,1.5,0,0
C000775,ENT_000365,2026-07-11 00:00:00,2026-07-08 00:00:00,2026-07-14 00:00:00,1,0,1,0,0,0,0.0,0.0,0.0,0,0,0,0.0,1,0.0,0,0
C000776,ENT_000171,2026-03-03 00:00:00,2026-02-28 00:00:00,2026-03-06 00:00:00,14,13,13,1,1,3,1449150.36,259566.2,111473.1,1,0,1,0.071429,1,1.8571,1,1
C000777,ENT_000017,2026-01-16 00:00:00,2026-01-13 00:00:00,2026-01-19 00:00:00,3,2,3,0,0,2,29494.24,26992.79,14747.12,0,0,1,0.333333,1,1.3333,0,0
C000778,ENT_000671,2026-04-29 00:00:00,2026-04-26 00:00:00,2026-05-02 00:00:00,10,9,10,0,0,3,118154.3,43271.33,13128.26,0,1,1,0.1,1,1.8,0,0
C000779,ENT_000668,2026-06-04 00:00:00,2026-06-01 00:00:00,2026-06-07 00:00:00,1,0,1,0,0,0,0.0,0.0,0.0,0,0,0,0.0,1,0.0,0,0
C000780,ENT_000088,2026-01-23 00:00:00,2026-01-20 00:00:00,2026-01-26 00:00:00,3,2,3,0,0,1,4796.17,4328.47,2398.09,0,1,1,0.333333,1,1.3333,0,0
C000781,ENT_000079,2026-04-08 00:00:00,2026-04-05 00:00:00,2026-04-11 00:00:00,1,0,1,0,0,0,0.0,0.0,0.0,0,0,0,0.0,1,0.0,0,0
C000782,ENT_000642,2026-06-06 00:00:00,2026-06-03 00:00:00,2026-06-09 00:00:00,14,21,13,1,1,3,1214411.66,340898.49,57829.13,2,4,2,0.115385,1,3.0,1,1
C000783,ENT_000122,2026-08-16 00:00:00,2026-08-13 00:00:00,2026-08-19 00:00:00,6,5,6,0,0,3,544286.73,182612.98,108857.35,0,0,1,0.166667,1,1.6667,1,1
C000784,ENT_000415,2026-03-30 00:00:00,2026-03-27 00:00:00,2026-04-02 00:00:00,2,1,2,0,0,1,3098.19,3098.19,3098.19,0,0,1,0.5,1,1.0,0,0
C000785,ENT_000057,2026-04-26 00:00:00,2026-04-23 00:00:00,2026-04-29 00:00:00,8,7,7,1,1,3,930372.93,241832.58,132910.42,1,1,0,0.125,1,1.75,1,1
C000786,ENT_000106,2026-01-17 00:00:00,2026-01-14 00:00:00,2026-01-20 00:00:00,22,21,21,1,1,3,667308.58,255213.7,31776.6,2,0,2,0.045455,1,1.9091,1,2
C000787,ENT_000282,2026-07-11 00:00:00,2026-07-08 00:00:00,2026-07-14 00:00:00,5,4,5,0,0,3,887472.28,474158.41,221868.07,0,1,1,0.2,1,1.6,0,0
C000788,ENT_000121,2026-04-18 00:00:00,2026-04-15 00:00:00,2026-04-21 00:00:00,2,1,2,0,0,1,4401.06,4401.06,4401.06,0,0,1,0.5,1,1.0,0,0
C000789,ENT_000122,2026-07-26 00:00:00,2026-07-23 00:00:00,2026-07-29 00:00:00,4,3,4,0,0,2,40808.75,37669.75,13602.92,0,2,0,0.25,1,1.5,0,0
C000790,ENT_000413,2026-01-24 00:00:00,2026-01-21 00:00:00,2026-01-27 00:00:00,1,0,1,0,0,0,0.0,0.0,0.0,0,0,0,0.0,1,0.0,0,0
C000791,ENT_000450,2026-03-03 00:00:00,2026-02-28 00:00:00,2026-03-06 00:00:00,5,4,5,0,0,3,51377.54,44854.17,12844.39,0,1,1,0.2,1,1.6,0,0
C000792,ENT_000600,2026-04-10 00:00:00,2026-04-07 00:00:00,2026-04-13 00:00:00,1,0,1,0,0,0,0.0,0.0,0.0,0,0,0,0.0,1,0.0,0,0
C000793,ENT_000465,2026-04-17 00:00:00,2026-04-14 00:00:00,2026-04-20 00:00:00,4,3,4,0,0,3,23024.74,18187.74,7674.91,0,0,1,0.25,1,1.5,0,0
C000794,ENT_000071,2026-04-13 00:00:00,2026-04-10 00:00:00,2026-04-16 00:00:00,5,4,5,0,0,1,22917.31,14138.53,5729.33,0,1,3,0.2,1,1.6,0,0
C000795,ENT_000360,2026-08-05 00:00:00,2026-08-02 00:00:00,2026-08-08 00:00:00,5,4,5,0,0,2,93120.14,49624.82,23280.03,0,3,0,0.2,1,1.6,0,0
C000796,ENT_000315,2026-06-21 00:00:00,2026-06-18 00:00:00,2026-06-24 00:00:00,1,0,1,0,0,0,0.0,0.0,0.0,0,0,0,0.0,1,0.0,0,0
C000797,ENT_000331,2026-05-15 00:00:00,2026-05-12 00:00:00,2026-05-18 00:00:00,1,0,1,0,0,0,0.0,0.0,0.0,0,0,0,0.0,1,0.0,0,0
C000798,ENT_000238,2026-01-24 00:00:00,2026-01-21 00:00:00,2026-01-27 00:00:00,2,1,1,1,1,1,45644.23,45644.23,45644.23,1,0,1,0.5,1,1.0,0,0
C000799,ENT_000138,2026-02-10 00:00:00,2026-02-07 00:00:00,2026-02-13 00:00:00,1,0,1,0,0,0,0.0,0.0,0.0,0,0,0,0.0,1,0.0,0,0
C000800,ENT_000014,2026-08-18 00:00:00,2026-08-15 00:00:00,2026-08-21 00:00:00,16,15,16,0,0,3,1922070.03,423501.45,128138.0,0,3,2,0.0625,1,1.875,1,1
C000801,ENT_000292,2026-07-05 00:00:00,2026-07-02 00:00:00,2026-07-08 00:00:00,10,9,10,0,0,3,668194.53,303402.01,74243.84,0,2,1,0.1,1,1.8,1,1
C000802,ENT_000424,2026-07-04 00:00:00,2026-07-01 00:00:00,2026-07-07 00:00:00,4,4,4,0,0,3,43257.35,33525.85,10814.34,0,1,0,0.333333,1,2.0,0,0
C000803,ENT_000077,2026-08-08 00:00:00,2026-08-05 00:00:00,2026-08-11 00:00:00,7,7,6,1,1,3,567755.07,186682.3,81107.87,2,2,0,0.166667,1,2.0,1,1
C000804,ENT_000150,2026-06-06 00:00:00,2026-06-03 00:00:00,2026-06-09 00:00:00,2,1,2,0,0,1,693.53,693.53,693.53,0,1,0,0.5,1,1.0,0,0
C000805,ENT_000369,2026-07-02 00:00:00,2026-06-29 00:00:00,2026-07-05 00:00:00,5,4,5,0,0,3,8287.29,4171.74,2071.82,0,0,1,0.2,1,1.6,0,0
C000806,ENT_000145,2026-03-24 00:00:00,2026-03-21 00:00:00,2026-03-27 00:00:00,1,0,1,0,0,0,0.0,0.0,0.0,0,0,0,0.0,1,0.0,0,0
C000807,ENT_000584,2026-04-16 00:00:00,2026-04-13 00:00:00,2026-04-19 00:00:00,3,2,2,1,1,1,8518.37,4672.1,4259.19,1,1,1,0.333333,1,1.3333,0,0
C000808,ENT_000099,2026-01-10 00:00:00,2026-01-07 00:00:00,2026-01-13 00:00:00,1,0,1,0,0,0,0.0,0.0,0.0,0,0,0,0.0,1,0.0,0,0
C000809,ENT_000538,2026-04-06 00:00:00,2026-04-03 00:00:00,2026-04-09 00:00:00,14,13,14,0,0,3,174493.46,46685.13,13422.57,0,0,1,0.071429,1,1.8571,0,0
C000810,ENT_000411,2026-02-08 00:00:00,2026-02-05 00:00:00,2026-02-11 00:00:00,4,4,4,0,0,2,47067.83,31509.65,11766.96,0,0,3,0.333333,1,2.0,0,0
C000811,ENT_000168,2026-05-24 00:00:00,2026-05-21 00:00:00,2026-05-27 00:00:00,6,5,6,0,0,3,424906.91,409094.34,84981.38,0,0,1,0.166667,1,1.6667,0,0
C000812,ENT_000482,2026-02-24 00:00:00,2026-02-21 00:00:00,2026-02-27 00:00:00,2,1,2,0,0,1,2540.1,2540.1,2540.1,0,0,1,0.5,1,1.0,0,0
C000813,ENT_000328,2026-03-23 00:00:00,2026-03-20 00:00:00,2026-03-26 00:00:00,1,0,1,0,0,0,0.0,0.0,0.0,0,0,0,0.0,1,0.0,0,0
C000814,ENT_000456,2026-06-10 00:00:00,2026-06-07 00:00:00,2026-06-13 00:00:00,1,0,1,0,0,0,0.0,0.0,0.0,0,0,0,0.0,1,0.0,0,0
C000815,ENT_000039,2026-04-25 00:00:00,2026-04-22 00:00:00,2026-04-28 00:00:00,4,3,4,0,0,3,452028.5,445455.27,150676.17,0,0,1,0.25,1,1.5,0,0
C000816,ENT_000474,2026-05-12 00:00:00,2026-05-09 00:00:00,2026-05-15 00:00:00,1,0,1,0,0,0,0.0,0.0,0.0,0,0,0,0.0,1,0.0,0,0
C000817,ENT_000016,2026-08-17 00:00:00,2026-08-14 00:00:00,2026-08-20 00:00:00,3,2,3,0,0,2,5190.05,4463.57,2595.02,0,0,1,0.333333,1,1.3333,0,0
C000818,ENT_000404,2026-06-30 00:00:00,2026-06-27 00:00:00,2026-07-03 00:00:00,1,0,1,0,0,0,0.0,0.0,0.0,0,0,0,0.0,1,0.0,0,0
C000819,ENT_000597,2026-06-02 00:00:00,2026-05-30 00:00:00,2026-06-05 00:00:00,22,25,20,2,2,3,2043720.88,445550.06,81748.84,4,1,1,0.054113,1,2.2727,1,3
C000820,ENT_000457,2026-07-06 00:00:00,2026-07-03 00:00:00,2026-07-09 00:00:00,3,2,3,0,0,1,49185.07,45635.52,24592.53,0,1,1,0.333333,1,1.3333,0,0
C000821,ENT_000638,2026-02-17 00:00:00,2026-02-14 00:00:00,2026-02-20 00:00:00,5,4,5,0,0,3,459859.35,455501.23,114964.84,0,0,1,0.2,1,1.6,0,0
C000822,ENT_000691,2026-08-01 00:00:00,2026-07-29 00:00:00,2026-08-04 00:00:00,3,2,2,1,1,1,5049.44,4694.72,2524.72,1,0,2,0.333333,1,1.3333,0,0
C000823,ENT_000355,2026-01-01 00:00:00,2025-12-29 00:00:00,2026-01-04 00:00:00,1,0,1,0,0,0,0.0,0.0,0.0,0,0,0,0.0,1,0.0,0,0
C000824,ENT_000349,2026-04-27 00:00:00,2026-04-24 00:00:00,2026-04-30 00:00:00,10,9,10,0,0,3,181779.65,47253.48,20197.74,0,2,1,0.1,1,1.8,0,0
C000825,ENT_000469,2026-02-13 00:00:00,2026-02-10 00:00:00,2026-02-16 00:00:00,1,0,1,0,0,0,0.0,0.0,0.0,0,0,0,0.0,1,0.0,0,0
C000826,ENT_000572,2026-07-16 00:00:00,2026-07-13 00:00:00,2026-07-19 00:00:00,4,3,4,0,0,3,397712.09,379309.99,132570.7,0,1,0,0.25,1,1.5,0,0
C000827,ENT_000182,2026-04-27 00:00:00,2026-04-24 00:00:00,2026-04-30 00:00:00,6,5,6,0,0,3,47926.5,34964.13,9585.3,0,0,3,0.166667,1,1.6667,0,0
C000828,ENT_000294,2026-01-16 00:00:00,2026-01-13 00:00:00,2026-01-19 00:00:00,1,0,1,0,0,0,0.0,0.0,0.0,0,0,0,0.0,1,0.0,0,0
C000829,ENT_000316,2026-07-03 00:00:00,2026-06-30 00:00:00,2026-07-06 00:00:00,1,0,1,0,0,0,0.0,0.0,0.0,0,0,0,0.0,1,0.0,0,0
C000830,ENT_000431,2026-01-20 00:00:00,2026-01-17 00:00:00,2026-01-23 00:00:00,1,0,1,0,0,0,0.0,0.0,0.0,0,0,0,0.0,1,0.0,0,0
C000831,ENT_000196,2026-06-07 00:00:00,2026-06-04 00:00:00,2026-06-10 00:00:00,2,1,2,0,0,1,1898.54,1898.54,1898.54,0,1,0,0.5,1,1.0,0,0
C000832,ENT_000222,2026-06-02 00:00:00,2026-05-30 00:00:00,2026-06-05 00:00:00,1,0,1,0,0,0,0.0,0.0,0.0,0,0,0,0.0,1,0.0,0,0
C000833,ENT_000482,2026-08-11 00:00:00,2026-08-08 00:00:00,2026-08-14 00:00:00,15,16,14,1,1,3,2229550.92,351994.26,139346.93,1,0,1,0.07619,1,2.1333,1,3
C000834,ENT_000422,2026-07-13 00:00:00,2026-07-10 00:00:00,2026-07-16 00:00:00,2,2,2,0,0,1,5029.87,3206.35,2514.93,0,0,2,1.0,1,2.0,0,0
C000835,ENT_000298,2026-08-12 00:00:00,2026-08-09 00:00:00,2026-08-15 00:00:00,1,0,1,0,0,0,0.0,0.0,0.0,0,0,0,0.0,1,0.0,0,0
C000836,ENT_000235,2026-01-04 00:00:00,2026-01-01 00:00:00,2026-01-07 00:00:00,7,6,7,0,0,3,515645.41,322804.63,85940.9,0,1,0,0.142857,1,1.7143,0,0
C000837,ENT_000654,2026-08-23 00:00:00,2026-08-20 00:00:00,2026-08-26 00:00:00,4,3,4,0,0,2,431966.17,423501.45,143988.72,0,2,0,0.25,1,1.5,0,0
C000838,ENT_000136,2026-06-03 00:00:00,2026-05-31 00:00:00,2026-06-06 00:00:00,9,8,8,1,1,3,712234.87,445550.06,89029.36,1,0,1,0.111111,1,1.7778,1,1
C000839,ENT_000535,2026-06-10 00:00:00,2026-06-07 00:00:00,2026-06-13 00:00:00,1,0,1,0,0,0,0.0,0.0,0.0,0,0,0,0.0,1,0.0,0,0
C000840,ENT_000181,2026-01-15 00:00:00,2026-01-12 00:00:00,2026-01-18 00:00:00,3,2,3,0,0,2,5724.13,3325.9,2862.07,0,0,1,0.333333,1,1.3333,0,0
C000841,ENT_000589,2026-02-12 00:00:00,2026-02-09 00:00:00,2026-02-15 00:00:00,1,0,1,0,0,0,0.0,0.0,0.0,0,0,0,0.0,1,0.0,0,0
C000842,ENT_000418,2026-06-11 00:00:00,2026-06-08 00:00:00,2026-06-14 00:00:00,24,23,22,2,2,3,873770.61,318693.59,37990.03,3,0,2,0.041667,1,1.9167,1,1
C000843,ENT_000097,2026-05-05 00:00:00,2026-05-02 00:00:00,2026-05-08 00:00:00,6,5,6,0,0,3,49744.52,28336.04,9948.9,0,1,1,0.166667,1,1.6667,0,0
C000844,ENT_000272,2026-01-09 00:00:00,2026-01-06 00:00:00,2026-01-12 00:00:00,3,2,3,0,0,1,47011.13,46841.85,23505.56,0,0,2,0.333333,1,1.3333,0,0
C000845,ENT_000308,2026-04-08 00:00:00,2026-04-05 00:00:00,2026-04-11 00:00:00,2,1,2,0,0,1,3467.93,3467.93,3467.93,0,0,1,0.5,1,1.0,0,0
C000846,ENT_000059,2026-02-07 00:00:00,2026-02-04 00:00:00,2026-02-10 00:00:00,1,0,1,0,0,0,0.0,0.0,0.0,0,0,0,0.0,1,0.0,0,0
C000847,ENT_000438,2026-06-13 00:00:00,2026-06-10 00:00:00,2026-06-16 00:00:00,3,2,3,0,0,1,11560.38,9425.28,5780.19,0,2,0,0.333333,1,1.3333,0,0
C000848,ENT_000335,2026-06-04 00:00:00,2026-06-01 00:00:00,2026-06-07 00:00:00,6,5,6,0,0,3,365903.98,320983.76,73180.8,0,1,0,0.166667,1,1.6667,0,0
C000849,ENT_000680,2026-04-02 00:00:00,2026-03-30 00:00:00,2026-04-05 00:00:00,4,3,4,0,0,3,197048.27,195274.75,65682.76,0,0,1,0.25,1,1.5,0,0
C000850,ENT_000313,2026-07-11 00:00:00,2026-07-08 00:00:00,2026-07-14 00:00:00,1,0,1,0,0,0,0.0,0.0,0.0,0,0,0,0.0,1,0.0,0,0
C000851,ENT_000381,2026-01-18 00:00:00,2026-01-15 00:00:00,2026-01-21 00:00:00,1,0,1,0,0,0,0.0,0.0,0.0,0,0,0,0.0,1,0.0,0,0
C000852,ENT_000043,2026-05-06 00:00:00,2026-05-03 00:00:00,2026-05-09 00:00:00,1,0,1,0,0,0,0.0,0.0,0.0,0,0,0,0.0,1,0.0,0,0
C000853,ENT_000687,2026-05-28 00:00:00,2026-05-25 00:00:00,2026-05-31 00:00:00,1,0,1,0,0,0,0.0,0.0,0.0,0,0,0,0.0,1,0.0,0,0
C000854,ENT_000545,2026-01-26 00:00:00,2026-01-23 00:00:00,2026-01-29 00:00:00,3,2,3,0,0,2,1012.51,681.5,506.25,0,0,1,0.333333,1,1.3333,0,0
C000855,ENT_000169,2026-01-13 00:00:00,2026-01-10 00:00:00,2026-01-16 00:00:00,1,0,1,0,0,0,0.0,0.0,0.0,0,0,0,0.0,1,0.0,0,0
C000856,ENT_000449,2026-06-20 00:00:00,2026-06-17 00:00:00,2026-06-23 00:00:00,10,9,10,0,0,3,378588.26,318456.13,42065.36,0,1,3,0.1,1,1.8,0,0
C000857,ENT_000272,2026-01-10 00:00:00,2026-01-07 00:00:00,2026-01-13 00:00:00,9,9,9,0,0,3,637013.63,141056.72,70779.29,0,0,1,0.125,1,2.0,1,1
C000858,ENT_000152,2026-08-19 00:00:00,2026-08-16 00:00:00,2026-08-22 00:00:00,11,10,11,0,0,3,1331315.62,237352.96,133131.56,0,1,1,0.090909,1,1.8182,1,2
C000859,ENT_000528,2026-06-09 00:00:00,2026-06-06 00:00:00,2026-06-12 00:00:00,18,35,15,3,3,3,2973231.95,346312.85,84949.48,13,3,3,0.114379,1,3.8889,1,2
C000860,ENT_000231,2026-05-23 00:00:00,2026-05-20 00:00:00,2026-05-26 00:00:00,13,15,12,1,1,3,2317792.6,392964.16,154519.51,1,1,1,0.096154,1,2.3077,1,1
C000861,ENT_000143,2026-02-18 00:00:00,2026-02-15 00:00:00,2026-02-21 00:00:00,10,10,9,1,1,3,567739.13,285675.15,56773.91,2,1,1,0.111111,1,2.0,1,1
C000862,ENT_000069,2026-03-17 00:00:00,2026-03-14 00:00:00,2026-03-20 00:00:00,12,11,12,0,0,3,172789.57,72818.58,15708.14,0,3,2,0.083333,1,1.8333,0,0
C000863,ENT_000464,2026-03-11 00:00:00,2026-03-08 00:00:00,2026-03-14 00:00:00,1,0,1,0,0,0,0.0,0.0,0.0,0,0,0,0.0,1,0.0,0,0
C000864,ENT_000421,2026-05-19 00:00:00,2026-05-16 00:00:00,2026-05-22 00:00:00,9,8,9,0,0,3,452317.93,354638.2,56539.74,0,1,1,0.111111,1,1.7778,0,0
C000865,ENT_000089,2026-05-12 00:00:00,2026-05-09 00:00:00,2026-05-15 00:00:00,13,12,12,1,1,3,33185.39,4877.35,2765.45,1,3,1,0.076923,1,1.8462,0,0
C000866,ENT_000111,2026-08-04 00:00:00,2026-08-01 00:00:00,2026-08-07 00:00:00,5,4,5,0,0,3,54063.06,23942.34,13515.76,0,1,0,0.2,1,1.6,1,1
C000867,ENT_000246,2026-02-19 00:00:00,2026-02-16 00:00:00,2026-02-22 00:00:00,1,0,1,0,0,0,0.0,0.0,0.0,0,0,0,0.0,1,0.0,0,0
C000868,ENT_000500,2026-04-08 00:00:00,2026-04-05 00:00:00,2026-04-11 00:00:00,1,0,1,0,0,0,0.0,0.0,0.0,0,0,0,0.0,1,0.0,0,0
C000869,ENT_000330,2026-05-28 00:00:00,2026-05-25 00:00:00,2026-05-31 00:00:00,1,0,1,0,0,0,0.0,0.0,0.0,0,0,0,0.0,1,0.0,0,0
C000870,ENT_000258,2026-03-05 00:00:00,2026-03-02 00:00:00,2026-03-08 00:00:00,1,0,1,0,0,0,0.0,0.0,0.0,0,0,0,0.0,1,0.0,0,0
C000871,ENT_000293,2026-07-21 00:00:00,2026-07-18 00:00:00,2026-07-24 00:00:00,5,4,5,0,0,3,43118.28,20093.56,10779.57,0,1,0,0.2,1,1.6,0,0
C000872,ENT_000631,2026-08-11 00:00:00,2026-08-08 00:00:00,2026-08-14 00:00:00,1,0,1,0,0,0,0.0,0.0,0.0,0,0,0,0.0,1,0.0,0,0
C000873,ENT_000515,2026-05-08 00:00:00,2026-05-05 00:00:00,2026-05-11 00:00:00,1,0,1,0,0,0,0.0,0.0,0.0,0,0,0,0.0,1,0.0,0,0
C000874,ENT_000073,2026-06-20 00:00:00,2026-06-17 00:00:00,2026-06-23 00:00:00,1,0,1,0,0,0,0.0,0.0,0.0,0,0,0,0.0,1,0.0,0,0
C000875,ENT_000133,2026-04-12 00:00:00,2026-04-09 00:00:00,2026-04-15 00:00:00,7,6,7,0,0,3,39374.53,26396.55,6562.42,0,1,1,0.142857,1,1.7143,0,0
C000876,ENT_000430,2026-06-01 00:00:00,2026-05-29 00:00:00,2026-06-04 00:00:00,3,2,3,0,0,1,2849.87,2377.03,1424.94,0,0,2,0.333333,1,1.3333,0,0
C000877,ENT_000479,2026-04-02 00:00:00,2026-03-30 00:00:00,2026-04-05 00:00:00,1,0,1,0,0,0,0.0,0.0,0.0,0,0,0,0.0,1,0.0,0,0
C000878,ENT_000634,2026-05-26 00:00:00,2026-05-23 00:00:00,2026-05-29 00:00:00,1,0,1,0,0,0,0.0,0.0,0.0,0,0,0,0.0,1,0.0,0,0
C000879,ENT_000287,2026-04-10 00:00:00,2026-04-07 00:00:00,2026-04-13 00:00:00,1,0,1,0,0,0,0.0,0.0,0.0,0,0,0,0.0,1,0.0,0,0
C000880,ENT_000517,2026-07-31 00:00:00,2026-07-28 00:00:00,2026-08-03 00:00:00,3,2,3,0,0,2,51861.7,49775.29,25930.85,0,1,0,0.333333,1,1.3333,0,0
C000881,ENT_000065,2026-08-04 00:00:00,2026-08-01 00:00:00,2026-08-07 00:00:00,1,0,1,0,0,0,0.0,0.0,0.0,0,0,0,0.0,1,0.0,0,0
C000882,ENT_000607,2026-06-20 00:00:00,2026-06-17 00:00:00,2026-06-23 00:00:00,2,1,2,0,0,1,1706.44,1706.44,1706.44,0,0,1,0.5,1,1.0,0,0
C000883,ENT_000304,2026-05-02 00:00:00,2026-04-29 00:00:00,2026-05-05 00:00:00,1,0,1,0,0,0,0.0,0.0,0.0,0,0,0,0.0,1,0.0,0,0
C000884,ENT_000195,2026-05-09 00:00:00,2026-05-06 00:00:00,2026-05-12 00:00:00,4,3,4,0,0,3,320061.85,317778.45,106687.28,0,1,0,0.25,1,1.5,0,0
C000885,ENT_000329,2026-02-22 00:00:00,2026-02-19 00:00:00,2026-02-25 00:00:00,20,21,18,2,2,3,2888956.59,336445.65,137569.36,2,2,2,0.055263,1,2.1,1,2
C000886,ENT_000633,2026-08-05 00:00:00,2026-08-02 00:00:00,2026-08-08 00:00:00,2,1,2,0,0,1,2701.09,2701.09,2701.09,0,0,1,0.5,1,1.0,0,0
C000887,ENT_000223,2026-06-19 00:00:00,2026-06-16 00:00:00,2026-06-22 00:00:00,14,13,12,2,2,3,278493.37,106888.92,21422.57,2,1,2,0.071429,1,1.8571,1,1
C000888,ENT_000226,2026-02-11 00:00:00,2026-02-08 00:00:00,2026-02-14 00:00:00,1,0,1,0,0,0,0.0,0.0,0.0,0,0,0,0.0,1,0.0,0,0
C000889,ENT_000034,2026-02-19 00:00:00,2026-02-16 00:00:00,2026-02-22 00:00:00,12,11,11,1,1,3,50554.83,23697.59,4595.89,1,1,3,0.083333,1,1.8333,0,0
C000890,ENT_000262,2026-02-01 00:00:00,2026-01-29 00:00:00,2026-02-04 00:00:00,5,4,5,0,0,3,57159.08,49634.91,14289.77,0,1,0,0.2,1,1.6,0,0
C000891,ENT_000041,2026-06-25 00:00:00,2026-06-22 00:00:00,2026-06-28 00:00:00,6,5,6,0,0,2,267278.7,232702.13,53455.74,0,0,2,0.166667,1,1.6667,0,0
C000892,ENT_000267,2026-04-10 00:00:00,2026-04-07 00:00:00,2026-04-13 00:00:00,11,11,11,0,0,3,875140.24,403271.26,79558.2,0,3,0,0.1,1,2.0,1,1
C000893,ENT_000414,2026-01-12 00:00:00,2026-01-09 00:00:00,2026-01-15 00:00:00,1,0,1,0,0,0,0.0,0.0,0.0,0,0,0,0.0,1,0.0,0,0
C000894,ENT_000636,2026-07-21 00:00:00,2026-07-18 00:00:00,2026-07-24 00:00:00,26,25,24,2,2,3,3034242.46,360366.03,121369.7,2,2,2,0.038462,1,1.9231,1,3
C000895,ENT_000694,2026-04-03 00:00:00,2026-03-31 00:00:00,2026-04-06 00:00:00,2,1,2,0,0,1,4755.88,4755.88,4755.88,0,1,0,0.5,1,1.0,0,0
C000896,ENT_000434,2026-03-12 00:00:00,2026-03-09 00:00:00,2026-03-15 00:00:00,4,3,4,0,0,2,26138.8,12960.45,8712.93,0,1,0,0.25,1,1.5,0,0
C000897,ENT_000212,2026-04-25 00:00:00,2026-04-22 00:00:00,2026-04-28 00:00:00,1,0,1,0,0,0,0.0,0.0,0.0,0,0,0,0.0,1,0.0,0,0
C000898,ENT_000155,2026-08-16 00:00:00,2026-08-13 00:00:00,2026-08-19 00:00:00,1,0,1,0,0,0,0.0,0.0,0.0,0,0,0,0.0,1,0.0,0,0
C000899,ENT_000630,2026-03-16 00:00:00,2026-03-13 00:00:00,2026-03-19 00:00:00,8,8,8,0,0,3,226920.74,70735.37,28365.09,0,0,2,0.142857,1,2.0,1,1
C000900,ENT_000639,2026-06-05 00:00:00,2026-06-02 00:00:00,2026-06-08 00:00:00,2,1,2,0,0,1,1479.89,1479.89,1479.89,0,0,1,0.5,1,1.0,0,0
C000901,ENT_000322,2026-04-24 00:00:00,2026-04-21 00:00:00,2026-04-27 00:00:00,2,1,2,0,0,1,3714.57,3714.57,3714.57,0,1,0,0.5,1,1.0,0,0
C000902,ENT_000396,2026-08-01 00:00:00,2026-07-29 00:00:00,2026-08-04 00:00:00,1,0,1,0,0,0,0.0,0.0,0.0,0,0,0,0.0,1,0.0,0,0
C000903,ENT_000200,2026-04-24 00:00:00,2026-04-21 00:00:00,2026-04-27 00:00:00,12,12,12,0,0,3,816539.91,236569.77,68044.99,0,0,2,0.090909,1,2.0,1,1
C000904,ENT_000052,2026-07-19 00:00:00,2026-07-16 00:00:00,2026-07-22 00:00:00,1,0,1,0,0,0,0.0,0.0,0.0,0,0,0,0.0,1,0.0,0,0
C000905,ENT_000278,2026-04-01 00:00:00,2026-03-29 00:00:00,2026-04-04 00:00:00,2,1,2,0,0,1,3792.86,3792.86,3792.86,0,1,0,0.5,1,1.0,0,0
C000906,ENT_000651,2026-02-07 00:00:00,2026-02-04 00:00:00,2026-02-10 00:00:00,2,1,2,0,0,1,3192.86,3192.86,3192.86,0,1,0,0.5,1,1.0,0,0
C000907,ENT_000152,2026-01-21 00:00:00,2026-01-18 00:00:00,2026-01-24 00:00:00,13,12,13,0,0,3,1978319.68,355349.02,164859.97,0,1,1,0.076923,1,1.8462,1,2
C000908,ENT_000683,2026-04-06 00:00:00,2026-04-03 00:00:00,2026-04-09 00:00:00,1,0,1,0,0,0,0.0,0.0,0.0,0,0,0,0.0,1,0.0,0,0
C000909,ENT_000589,2026-02-11 00:00:00,2026-02-08 00:00:00,2026-02-14 00:00:00,1,0,1,0,0,0,0.0,0.0,0.0,0,0,0,0.0,1,0.0,0,0
C000910,ENT_000495,2026-06-01 00:00:00,2026-05-29 00:00:00,2026-06-04 00:00:00,1,0,1,0,0,0,0.0,0.0,0.0,0,0,0,0.0,1,0.0,0,0
C000911,ENT_000616,2026-07-21 00:00:00,2026-07-18 00:00:00,2026-07-24 00:00:00,1,0,1,0,0,0,0.0,0.0,0.0,0,0,0,0.0,1,0.0,0,0
C000912,ENT_000580,2026-06-10 00:00:00,2026-06-07 00:00:00,2026-06-13 00:00:00,1,0,1,0,0,0,0.0,0.0,0.0,0,0,0,0.0,1,0.0,0,0
C000913,ENT_000091,2026-05-11 00:00:00,2026-05-08 00:00:00,2026-05-14 00:00:00,6,6,6,0,0,3,90076.3,50105.55,15012.72,0,2,0,0.2,1,2.0,1,1
C000914,ENT_000521,2026-07-27 00:00:00,2026-07-24 00:00:00,2026-07-30 00:00:00,1,0,1,0,0,0,0.0,0.0,0.0,0,0,0,0.0,1,0.0,0,0
C000915,ENT_000141,2026-02-23 00:00:00,2026-02-20 00:00:00,2026-02-26 00:00:00,1,0,1,0,0,0,0.0,0.0,0.0,0,0,0,0.0,1,0.0,0,0
C000916,ENT_000221,2026-05-13 00:00:00,2026-05-10 00:00:00,2026-05-16 00:00:00,9,8,8,1,1,3,42969.57,25710.5,5371.2,1,0,1,0.111111,1,1.7778,0,0
C000917,ENT_000688,2026-07-09 00:00:00,2026-07-06 00:00:00,2026-07-12 00:00:00,13,12,13,0,0,3,1050848.46,314242.43,87570.71,0,2,1,0.076923,1,1.8462,1,1
C000918,ENT_000363,2026-01-16 00:00:00,2026-01-13 00:00:00,2026-01-19 00:00:00,21,20,20,1,1,3,704263.84,255213.7,35213.19,2,0,1,0.047619,1,1.9048,1,2
C000919,ENT_000236,2026-07-22 00:00:00,2026-07-19 00:00:00,2026-07-25 00:00:00,10,10,9,1,1,3,1007863.56,196845.08,100786.36,1,0,1,0.111111,1,2.0,1,2
C000920,ENT_000432,2026-07-16 00:00:00,2026-07-13 00:00:00,2026-07-19 00:00:00,2,2,2,0,0,1,1503.5,761.27,751.75,0,2,0,1.0,1,2.0,0,0
C000921,ENT_000621,2026-02-18 00:00:00,2026-02-15 00:00:00,2026-02-21 00:00:00,4,3,4,0,0,2,1900.08,1324.8,633.36,0,0,1,0.25,1,1.5,0,0
C000922,ENT_000243,2026-03-10 00:00:00,2026-03-07 00:00:00,2026-03-13 00:00:00,5,4,5,0,0,2,8005.58,4927.91,2001.39,0,1,1,0.2,1,1.6,0,0
C000923,ENT_000622,2026-03-24 00:00:00,2026-03-21 00:00:00,2026-03-27 00:00:00,1,0,1,0,0,0,0.0,0.0,0.0,0,0,0,0.0,1,0.0,0,0
C000924,ENT_000609,2026-01-27 00:00:00,2026-01-24 00:00:00,2026-01-30 00:00:00,1,0,1,0,0,0,0.0,0.0,0.0,0,0,0,0.0,1,0.0,0,0
C000925,ENT_000362,2026-06-08 00:00:00,2026-06-05 00:00:00,2026-06-11 00:00:00,7,6,6,1,1,3,1126237.34,294585.29,187706.22,1,1,1,0.142857,1,1.7143,1,1
C000926,ENT_000651,2026-02-10 00:00:00,2026-02-07 00:00:00,2026-02-13 00:00:00,5,4,5,0,0,3,74807.16,42477.08,18701.79,0,1,0,0.2,1,1.6,0,0
C000927,ENT_000377,2026-07-25 00:00:00,2026-07-22 00:00:00,2026-07-28 00:00:00,1,0,1,0,0,0,0.0,0.0,0.0,0,0,0,0.0,1,0.0,0,0
C000928,ENT_000264,2026-02-21 00:00:00,2026-02-18 00:00:00,2026-02-24 00:00:00,1,0,1,0,0,0,0.0,0.0,0.0,0,0,0,0.0,1,0.0,0,0
C000929,ENT_000280,2026-02-10 00:00:00,2026-02-07 00:00:00,2026-02-13 00:00:00,12,11,11,1,1,3,1122258.85,378890.52,102023.53,1,1,1,0.083333,1,1.8333,1,2
C000930,ENT_000306,2026-02-18 00:00:00,2026-02-15 00:00:00,2026-02-21 00:00:00,1,0,1,0,0,0,0.0,0.0,0.0,0,0,0,0.0,1,0.0,0,0
C000931,ENT_000391,2026-07-19 00:00:00,2026-07-16 00:00:00,2026-07-22 00:00:00,1,0,1,0,0,0,0.0,0.0,0.0,0,0,0,0.0,1,0.0,0,0
C000932,ENT_000530,2026-04-28 00:00:00,2026-04-25 00:00:00,2026-05-01 00:00:00,6,5,6,0,0,3,24230.04,10303.72,4846.01,0,1,0,0.166667,1,1.6667,0,0
C000933,ENT_000036,2026-07-26 00:00:00,2026-07-23 00:00:00,2026-07-29 00:00:00,31,34,27,4,4,3,952190.79,305383.62,28005.61,8,0,4,0.036559,1,2.1935,1,1
C000934,ENT_000257,2026-06-26 00:00:00,2026-06-23 00:00:00,2026-06-29 00:00:00,11,10,11,0,0,3,1434319.35,229705.14,143431.93,0,2,1,0.090909,1,1.8182,1,1
C000935,ENT_000492,2026-05-27 00:00:00,2026-05-24 00:00:00,2026-05-30 00:00:00,1,0,1,0,0,0,0.0,0.0,0.0,0,0,0,0.0,1,0.0,0,0
C000936,ENT_000269,2026-02-15 00:00:00,2026-02-12 00:00:00,2026-02-18 00:00:00,1,0,1,0,0,0,0.0,0.0,0.0,0,0,0,0.0,1,0.0,0,0
C000937,ENT_000031,2026-03-02 00:00:00,2026-02-27 00:00:00,2026-03-05 00:00:00,2,1,2,0,0,1,2833.59,2833.59,2833.59,0,1,0,0.5,1,1.0,0,0
C000938,ENT_000314,2026-03-21 00:00:00,2026-03-18 00:00:00,2026-03-24 00:00:00,1,0,1,0,0,0,0.0,0.0,0.0,0,0,0,0.0,1,0.0,0,0
C000939,ENT_000416,2026-03-17 00:00:00,2026-03-14 00:00:00,2026-03-20 00:00:00,10,9,9,1,1,3,237111.5,67659.62,26345.72,1,0,2,0.1,1,1.8,1,1
C000940,ENT_000560,2026-04-26 00:00:00,2026-04-23 00:00:00,2026-04-29 00:00:00,1,0,1,0,0,0,0.0,0.0,0.0,0,0,0,0.0,1,0.0,0,0
C000941,ENT_000250,2026-01-17 00:00:00,2026-01-14 00:00:00,2026-01-20 00:00:00,2,1,2,0,0,1,109583.82,109583.82,109583.82,0,0,1,0.5,1,1.0,0,0
C000942,ENT_000222,2026-03-18 00:00:00,2026-03-15 00:00:00,2026-03-21 00:00:00,1,0,1,0,0,0,0.0,0.0,0.0,0,0,0,0.0,1,0.0,0,0
C000943,ENT_000199,2026-03-12 00:00:00,2026-03-09 00:00:00,2026-03-15 00:00:00,1,0,1,0,0,0,0.0,0.0,0.0,0,0,0,0.0,1,0.0,0,0
C000944,ENT_000273,2026-02-21 00:00:00,2026-02-18 00:00:00,2026-02-24 00:00:00,8,7,8,0,0,3,140354.77,62902.31,20050.68,0,1,1,0.125,1,1.75,0,0
C000945,ENT_000429,2026-04-16 00:00:00,2026-04-13 00:00:00,2026-04-19 00:00:00,4,3,4,0,0,2,8718.32,4136.26,2906.11,0,0,1,0.25,1,1.5,0,0
C000946,ENT_000183,2026-07-10 00:00:00,2026-07-07 00:00:00,2026-07-13 00:00:00,4,3,4,0,0,1,50329.67,43994.82,16776.56,0,2,1,0.25,1,1.5,0,0
C000947,ENT_000177,2026-05-13 00:00:00,2026-05-10 00:00:00,2026-05-16 00:00:00,3,2,2,1,1,2,501521.39,472277.16,250760.69,1,1,0,0.333333,1,1.3333,0,0
C000948,ENT_000068,2026-01-10 00:00:00,2026-01-07 00:00:00,2026-01-13 00:00:00,1,0,1,0,0,0,0.0,0.0,0.0,0,0,0,0.0,1,0.0,0,0
C000949,ENT_000288,2026-04-28 00:00:00,2026-04-25 00:00:00,2026-05-01 00:00:00,4,3,4,0,0,3,44300.97,37660.68,14766.99,0,1,0,0.25,1,1.5,0,0
C000950,ENT_000474,2026-02-09 00:00:00,2026-02-06 00:00:00,2026-02-12 00:00:00,1,0,1,0,0,0,0.0,0.0,0.0,0,0,0,0.0,1,0.0,0,0
C000951,ENT_000419,2026-01-02 00:00:00,2025-12-30 00:00:00,2026-01-05 00:00:00,1,0,1,0,0,0,0.0,0.0,0.0,0,0,0,0.0,1,0.0,0,0
C000952,ENT_000305,2026-05-18 00:00:00,2026-05-15 00:00:00,2026-05-21 00:00:00,9,8,9,0,0,3,98308.4,49661.16,12288.55,0,1,3,0.111111,1,1.7778,0,0
C000953,ENT_000575,2026-03-31 00:00:00,2026-03-28 00:00:00,2026-04-03 00:00:00,4,3,4,0,0,2,501256.53,494631.07,167085.51,0,1,0,0.25,1,1.5,0,0
C000954,ENT_000357,2026-06-17 00:00:00,2026-06-14 00:00:00,2026-06-20 00:00:00,2,1,2,0,0,1,770.61,770.61,770.61,0,0,1,0.5,1,1.0,0,0
C000955,ENT_000020,2026-05-17 00:00:00,2026-05-14 00:00:00,2026-05-20 00:00:00,15,19,15,0,0,3,2755486.04,479397.99,145025.58,0,3,2,0.090476,1,2.5333,1,1
C000956,ENT_000370,2026-02-26 00:00:00,2026-02-23 00:00:00,2026-03-01 00:00:00,12,13,10,2,2,3,683728.26,85150.3,52594.48,4,1,4,0.098485,1,2.1667,1,1
C000957,ENT_000643,2026-06-03 00:00:00,2026-05-31 00:00:00,2026-06-06 00:00:00,3,2,3,0,0,2,6033.2,4936.68,3016.6,0,1,0,0.333333,1,1.3333,0,0
C000958,ENT_000137,2026-06-17 00:00:00,2026-06-14 00:00:00,2026-06-20 00:00:00,3,2,3,0,0,2,27996.33,24499.11,13998.17,0,1,0,0.333333,1,1.3333,0,0
C000959,ENT_000400,2026-04-05 00:00:00,2026-04-02 00:00:00,2026-04-08 00:00:00,1,0,1,0,0,0,0.0,0.0,0.0,0,0,0,0.0,1,0.0,0,0
C000960,ENT_000297,2026-04-09 00:00:00,2026-04-06 00:00:00,2026-04-12 00:00:00,2,1,2,0,0,1,260870.34,260870.34,260870.34,0,0,1,0.5,1,1.0,0,0
C000961,ENT_000094,2026-03-04 00:00:00,2026-03-01 00:00:00,2026-03-07 00:00:00,13,12,12,1,1,3,552918.87,246519.48,46076.57,1,0,1,0.076923,1,1.8462,1,1
C000962,ENT_000005,2026-02-27 00:00:00,2026-02-24 00:00:00,2026-03-02 00:00:00,1,0,1,0,0,0,0.0,0.0,0.0,0,0,0,0.0,1,0.0,0,0
C000963,ENT_000245,2026-02-14 00:00:00,2026-02-11 00:00:00,2026-02-17 00:00:00,1,0,1,0,0,0,0.0,0.0,0.0,0,0,0,0.0,1,0.0,0,0
C000964,ENT_000203,2026-07-19 00:00:00,2026-07-16 00:00:00,2026-07-22 00:00:00,1,0,1,0,0,0,0.0,0.0,0.0,0,0,0,0.0,1,0.0,0,0
C000965,ENT_000277,2026-02-03 00:00:00,2026-01-31 00:00:00,2026-02-06 00:00:00,2,1,2,0,0,1,176.45,176.45,176.45,0,0,1,0.5,1,1.0,0,0
C000966,ENT_000112,2026-04-07 00:00:00,2026-04-04 00:00:00,2026-04-10 00:00:00,2,1,2,0,0,1,41520.72,41520.72,41520.72,0,0,1,0.5,1,1.0,0,0
C000967,ENT_000675,2026-07-20 00:00:00,2026-07-17 00:00:00,2026-07-23 00:00:00,1,0,1,0,0,0,0.0,0.0,0.0,0,0,0,0.0,1,0.0,0,0
C000968,ENT_000159,2026-07-06 00:00:00,2026-07-03 00:00:00,2026-07-09 00:00:00,1,0,1,0,0,0,0.0,0.0,0.0,0,0,0,0.0,1,0.0,0,0
C000969,ENT_000130,2026-05-25 00:00:00,2026-05-22 00:00:00,2026-05-28 00:00:00,11,10,11,0,0,3,1194289.73,201698.6,119428.97,0,1,0,0.090909,1,1.8182,1,2
C000970,ENT_000466,2026-04-19 00:00:00,2026-04-16 00:00:00,2026-04-22 00:00:00,6,5,6,0,0,2,76360.84,32974.66,15272.17,0,1,1,0.166667,1,1.6667,0,0
C000971,ENT_000472,2026-05-29 00:00:00,2026-05-26 00:00:00,2026-06-01 00:00:00,2,1,2,0,0,1,999.92,999.92,999.92,0,1,0,0.5,1,1.0,0,0
C000972,ENT_000693,2026-02-24 00:00:00,2026-02-21 00:00:00,2026-02-27 00:00:00,2,1,2,0,0,1,1994.61,1994.61,1994.61,0,1,0,0.5,1,1.0,0,0
C000973,ENT_000192,2026-07-04 00:00:00,2026-07-01 00:00:00,2026-07-07 00:00:00,1,0,1,0,0,0,0.0,0.0,0.0,0,0,0,0.0,1,0.0,0,0
C000974,ENT_000256,2026-02-12 00:00:00,2026-02-09 00:00:00,2026-02-15 00:00:00,1,0,1,0,0,0,0.0,0.0,0.0,0,0,0,0.0,1,0.0,0,0
C000975,ENT_000462,2026-06-15 00:00:00,2026-06-12 00:00:00,2026-06-18 00:00:00,1,0,1,0,0,0,0.0,0.0,0.0,0,0,0,0.0,1,0.0,0,0
C000976,ENT_000488,2026-04-16 00:00:00,2026-04-13 00:00:00,2026-04-19 00:00:00,10,9,9,1,1,3,452156.91,185277.13,50239.66,1,0,2,0.1,1,1.8,1,1
C000977,ENT_000326,2026-07-19 00:00:00,2026-07-16 00:00:00,2026-07-22 00:00:00,22,23,21,1,1,3,2166137.13,442288.58,94179.88,1,1,2,0.049784,1,2.0909,1,3
C000978,ENT_000046,2026-04-20 00:00:00,2026-04-17 00:00:00,2026-04-23 00:00:00,2,1,2,0,0,1,4996.15,4996.15,4996.15,0,0,1,0.5,1,1.0,0,0
C000979,ENT_000561,2026-03-03 00:00:00,2026-02-28 00:00:00,2026-03-06 00:00:00,3,2,3,0,0,1,6883.15,3518.61,3441.57,0,0,2,0.333333,1,1.3333,0,0
C000980,ENT_000234,2026-07-06 00:00:00,2026-07-03 00:00:00,2026-07-09 00:00:00,1,0,1,0,0,0,0.0,0.0,0.0,0,0,0,0.0,1,0.0,0,0
C000981,ENT_000308,2026-03-02 00:00:00,2026-02-27 00:00:00,2026-03-05 00:00:00,1,0,1,0,0,0,0.0,0.0,0.0,0,0,0,0.0,1,0.0,0,0
C000982,ENT_000396,2026-07-26 00:00:00,2026-07-23 00:00:00,2026-07-29 00:00:00,2,1,2,0,0,1,4660.37,4660.37,4660.37,0,0,1,0.5,1,1.0,0,0
C000983,ENT_000508,2026-08-19 00:00:00,2026-08-16 00:00:00,2026-08-22 00:00:00,1,0,1,0,0,0,0.0,0.0,0.0,0,0,0,0.0,1,0.0,0,0
C000984,ENT_000489,2026-02-08 00:00:00,2026-02-05 00:00:00,2026-02-11 00:00:00,1,0,1,0,0,0,0.0,0.0,0.0,0,0,0,0.0,1,0.0,0,0
C000985,ENT_000400,2026-03-27 00:00:00,2026-03-24 00:00:00,2026-03-30 00:00:00,2,1,2,0,0,1,2204.72,2204.72,2204.72,0,1,0,0.5,1,1.0,0,0
C000986,ENT_000435,2026-07-15 00:00:00,2026-07-12 00:00:00,2026-07-18 00:00:00,7,6,7,0,0,3,76378.08,31641.69,12729.68,0,1,0,0.142857,1,1.7143,0,0
C000987,ENT_000530,2026-02-03 00:00:00,2026-01-31 00:00:00,2026-02-06 00:00:00,1,0,1,0,0,0,0.0,0.0,0.0,0,0,0,0.0,1,0.0,0,0
C000988,ENT_000226,2026-08-16 00:00:00,2026-08-13 00:00:00,2026-08-19 00:00:00,1,0,1,0,0,0,0.0,0.0,0.0,0,0,0,0.0,1,0.0,0,0
C000989,ENT_000389,2026-01-12 00:00:00,2026-01-09 00:00:00,2026-01-15 00:00:00,15,14,15,0,0,3,2355370.31,400372.48,168240.74,0,1,2,0.066667,1,1.8667,1,2
C000990,ENT_000178,2026-06-21 00:00:00,2026-06-18 00:00:00,2026-06-24 00:00:00,2,1,2,0,0,1,42195.22,42195.22,42195.22,0,0,1,0.5,1,1.0,0,0
C000991,ENT_000353,2026-02-04 00:00:00,2026-02-01 00:00:00,2026-02-07 00:00:00,3,2,3,0,0,2,25458.48,21482.05,12729.24,0,0,1,0.333333,1,1.3333,0,0
C000992,ENT_000666,2026-07-07 00:00:00,2026-07-04 00:00:00,2026-07-10 00:00:00,1,0,1,0,0,0,0.0,0.0,0.0,0,0,0,0.0,1,0.0,0,0
C000993,ENT_000594,2026-02-10 00:00:00,2026-02-07 00:00:00,2026-02-13 00:00:00,1,0,1,0,0,0,0.0,0.0,0.0,0,0,0,0.0,1,0.0,0,0
C000994,ENT_000602,2026-06-03 00:00:00,2026-05-31 00:00:00,2026-06-06 00:00:00,1,0,1,0,0,0,0.0,0.0,0.0,0,0,0,0.0,1,0.0,0,0
C000995,ENT_000565,2026-01-11 00:00:00,2026-01-08 00:00:00,2026-01-14 00:00:00,1,0,1,0,0,0,0.0,0.0,0.0,0,0,0,0.0,1,0.0,0,0
C000996,ENT_000407,2026-03-25 00:00:00,2026-03-22 00:00:00,2026-03-28 00:00:00,2,1,2,0,0,1,2059.23,2059.23,2059.23,0,0,1,0.5,1,1.0,0,0
C000997,ENT_000016,2026-02-23 00:00:00,2026-02-20 00:00:00,2026-02-26 00:00:00,5,8,5,0,0,3,1801645.25,382786.2,225205.66,0,1,0,0.4,1,3.2,1,1
C000998,ENT_000637,2026-06-30 00:00:00,2026-06-27 00:00:00,2026-07-03 00:00:00,2,1,2,0,0,1,1292.04,1292.04,1292.04,0,1,0,0.5,1,1.0,0,0
C000999,ENT_000157,2026-01-03 00:00:00,2025-12-31 00:00:00,2026-01-06 00:00:00,1,0,1,0,0,0,0.0,0.0,0.0,0,0,0,0.0,1,0.0,0,0
C001000,ENT_000452,2026-03-07 00:00:00,2026-03-04 00:00:00,2026-03-10 00:00:00,7,6,7,0,0,3,438160.54,425001.58,73026.76,0,2,0,0.142857,1,1.7143,0,0
