complaint_id,account_number,ifsc,account_holder_name,complaint_date,complaint_type,reported_amount,state,district,ground_truth_entity_id
C000001,220342736258,CNRB0008899,Kavita Roy,2026-07-20,Online Banking Fraud,402817.53,Kerala,Kochi,ENT_000040
C000002,697775508839,PUNB0009876,Rajesh Shah,2026-01-11,Online Banking Fraud,500000.0,Delhi,West Delhi,ENT_000450
C000003,535120090431,UBIN0007788,Vijay Pawar,2026-04-22,Payment Fraud,267125.17,Andhra Pradesh,Tirupati,ENT_000475
C000004,740300175457,UBIN0005566,Ritvik Agarwal,2026-06-02,Payment Fraud,40000.0,Haryana,Ambala,ENT_000391
C000005,932086292191,PUNB0005432,Kabir Gupta,2026-06-07,UPI Fraud,270966.24,Andhra Pradesh,Nellore,ENT_000437
C000006,949994808961,BARB0002345,Aditya Mishra,2026-01-06,Payment Fraud,166201.13,Kerala,Kochi,ENT_000143
C000007,736119440405,SBIN0001234,Suresh Mishra,2026-04-26,UPI Fraud,17189.69,Delhi,North Delhi,ENT_000162
C000008,903526763113,KKBK0007890,Shri Krishna Gaikwad,2026-05-07,UPI Fraud,433506.21,Gujarat,Vadodara,ENT_000042
C000009,942720833045,HDFC0005678,Pooja Dutta,2026-02-02,Identity Theft,50472.51,Telangana,Rangareddy,ENT_000354
C000010,571066644856,KKBK0001928,Karan Singh,2026-07-07,UPI Fraud,75000.0,West Bengal,Siliguri,ENT_000608
C000011,718671636967,CNRB0004455,Sara Biswas,2026-04-20,Payment Fraud,130200.19,Bihar,Muzaffarpur,ENT_000629
C000012,395036212198,SBIN0001234,Pari Sen,2026-08-22,Phishing,225837.27,Kerala,Kochi,ENT_000339
C000013,712277588519,KKBK0003210,Kunal Shah,2026-05-04,Investment Fraud,7500.0,Rajasthan,Jodhpur,ENT_000676
C000014,488893282253,UBIN0005566,Sneha Choudhury,2026-06-01,Investment Fraud,139945.85,Gujarat,Surat,ENT_000535
C000015,437872761622,SBIN0005678,Sara Malhotra,2026-04-29,Identity Theft,145681.01,Punjab,Bathinda,ENT_000352
C000016,868287386081,KKBK0007890,Aryan Verma,2026-01-14,Shopping Fraud,69113.95,Tamil Nadu,Tiruchirappalli,ENT_000231
C000017,965467382366,KKBK0003210, Roshni Verma,2026-07-09,Identity Theft,242780.9,Maharashtra,Mumbai,ENT_000433
C000018,879126063625,BARB0003579,Alok Dutta,2026-06-15,Payment Fraud,15000.0,Karnataka,Mysuru,ENT_000361
C000019,793389003818,PUNB0009876,Rohit Pandey,2026-08-02,Identity Theft,200000.0,Punjab,Jalandhar,ENT_000375
C000020,942720833045,HDFC0005678,Pooja Dutta,2026-05-09,Payment Fraud,235346.84,Gujarat,Rajkot,ENT_000354
C000021,362360709927,UBIN0009900,Kunal Patil,2026-05-27,Online Banking Fraud,39938.05,Uttar Pradesh,Meerut,ENT_000179
C000022,709099824282,PUNB0009876,Pranav Rao,2026-03-21,Identity Theft,476737.27,Andhra Pradesh,Visakhapatnam,ENT_000083
C000023,942586603917,HDFC0005678,Alok Bhatia,2026-03-08,Online Banking Fraud,73495.49,Maharashtra,Solapur,ENT_000590
C000024,663972481559,AXIS0003456,Meera Kulkarni,2026-03-30,Investment Fraud,388064.03,Maharashtra,Nashik,ENT_000442
C000025,196442742929,PUNB0005432,Pooja Mehta,2026-02-02,Identity Theft,200000.0,Karnataka,Mangaluru,ENT_000225
C000026,592650091135,ICIC0004321,Rahul C. Bose,2026-07-22,Identity Theft,40000.0,Madhya Pradesh,Bhopal,ENT_000465
C000027,806799110299,BARB0003579,Rajesh Dubey,2026-04-22,Phishing,75000.0,Tamil Nadu,Coimbatore,ENT_000373
C000028,920121345586,UBIN0007788,Meera Khan,2026-02-14,Identity Theft,52225.2,Madhya Pradesh,Ujjain,ENT_000296
C000029,947087372942,PUNB0009876,Shaurya Mukherjee,2026-03-01,Shopping Fraud,92633.66,Uttar Pradesh,Meerut,ENT_000015
C000030,189009604775,KKBK0003210,Meena Singh,2026-01-14,UPI Fraud,89902.01,Karnataka,Mangaluru,ENT_000664
C000031,863365472754,BARB0003579,Ashok Mishra,2026-06-29,Payment Fraud,25000.0,Delhi,East Delhi,ENT_000691
C000032,598874133330,UBIN0009900,Deepa Khan,2026-03-19,Online Banking Fraud,489304.62,Telangana,Khammam,ENT_000574
C000033,425586388909,UBIN0009900,Geeta Joshi,2026-05-24,Online Banking Fraud,228375.86,Tamil Nadu,Salem,ENT_000283
C000034,394936156580,UBIN0007788,Ishan Tiwari,2026-03-21,Identity Theft,75000.0,Gujarat,Vadodara,ENT_000018
C000035,609030752531,SBIN0005678,Sweta Ghosh,2026-04-18,Online Banking Fraud,398700.37,Uttar Pradesh,Varanasi,ENT_000130
C000036,790757033266,BARB0006789,Kavita Mishra,2026-01-28,Identity Theft,464996.26,Telangana,Khammam,ENT_000013
C000037,416597264475,ICIC0008765,Neha Jain,2026-08-03,Shopping Fraud,10000.0,Uttar Pradesh,Agra,ENT_000138
C000038,734671708380,ICIC0002468,Angel Mishra,2026-02-02,Identity Theft,4597.94,Tamil Nadu,Madurai,ENT_000489
C000039,718510071124,CNRB0004455,Reyansh Tiwari,2026-05-04,Phishing,320881.52,Uttar Pradesh,Noida,ENT_000274
C000040,699910770735,HDFC0004321,Ishan Ahmed ,2026-08-09,Payment Fraud,1500.0,Telangana,Khammam,ENT_000268
C000041,114651587328,SBIN0001234,Kavya Paul,2026-01-17,Online Banking Fraud,500.0,Haryana,Panipat,ENT_000644
C000042,641819166671,SBIN0005678,Dhruv Shinde,2026-04-24,Investment Fraud,15000.0,Karnataka,Mangaluru,ENT_000249
C000043,573884083684,IDIB0005566,Kabir Roy,2026-04-14,Shopping Fraud,20000.0,Kerala,Kollam,ENT_000688
C000044,966795243734,AXIS0003456, Kavita Joshi,2026-05-15,Identity Theft,42443.07,Delhi,Central Delhi,ENT_000693
C000045,242596327861,IDIB0003344,Meera Bhatia,2026-04-17,Online Banking Fraud,276927.16,West Bengal,Hooghly,ENT_000281
C000046,241844645681,SBIN0001234,Anita Ghosh,2026-08-11,Identity Theft,432488.32,Karnataka,Belagavi,ENT_000310
C000047,346095180020,PUNB0009876,Rahul Dey,2026-01-06,Shopping Fraud,345014.73,Delhi,South Delhi,ENT_000537
C000048,169684544463,PUNB0005432,Aditya Pandey,2026-06-27,Phishing,244278.22,Uttar Pradesh,Prayagraj,ENT_000048
C000049,681739352909,UBIN0007788,Kavita Kumar,2026-06-06,Shopping Fraud,114100.27,Rajasthan,Ajmer,ENT_000578
C000050,205953647125,HDFC0004321,Kabir Kulkarni,2026-01-07,Investment Fraud,110572.22,Karnataka,Hubballi-Dharwad,ENT_000565
C000051,709697887681,ICIC0002468,Dhruv Dubey,2026-07-26,Identity Theft,142696.09,Rajasthan,Bikaner,ENT_000484
C000052,775469860518,IDIB0003344,Ishita Kulkarni,2026-01-25,UPI Fraud,20000.0,Gujarat,Surat,ENT_000171
C000053,655999474067,BARB0006789,Pankaj Shah,2026-05-06,Shopping Fraud,179363.75,Punjab,Jalandhar,ENT_000322
C000054,327265319003,PUNB0001357,Ramesh Khan,2026-05-17,Shopping Fraud,75000.0,Maharashtra,Nagpur,ENT_000628
C000055,165606286550,KKBK0001928,Aadhya Dubey,2026-01-17,Shopping Fraud,25000.0,Karnataka,Kalaburagi,ENT_000607
C000056,764866345752,HDFC0005678,Pooja Singh,2026-06-28,Identity Theft,80788.64,Rajasthan,Bikaner,ENT_000410
C000057,805992461852,IDIB0003344,Sunita Rao,2026-06-03,UPI Fraud,265949.26,Haryana,Karnal,ENT_000394
C000058,842395153057,CNRB0004455,Ishita Kapoor,2026-04-15,Phishing,200000.0,Telangana,Khammam,ENT_000255
C000059,235030135894,AXIS0006543,Vikram Bose,2026-03-19,Identity Theft,311991.25,Delhi,East Delhi,ENT_000213
C000060,194602074538,PUNB0001357,Roshni Patel,2026-04-21,Shopping Fraud,283821.99,Punjab,Bathinda,ENT_000677
C000061,111453993673,CNRB0006677,Sanjay Dutta,2026-06-28,Identity Theft,5000.0,Karnataka,Mysuru,ENT_000267
C000062,253893447730,IDIB0001122,Ajay Ahmed,2026-07-05,Shopping Fraud,291674.74,Rajasthan,Udaipur,ENT_000421
C000063,311000094454,AXIS0007890,Swati Srivastava,2026-08-02,Shopping Fraud,1500.0,Maharashtra,Pune,ENT_000117
C000064,650925102373,KKBK0001928,Karan Ahmed,2026-01-02,Payment Fraud,483259.48,Kerala,Thiruvananthapuram,ENT_000214
C000065,761358158184,SBIN0005678,Aarav Chatterjee,2026-01-26,Online Banking Fraud,243851.61,Karnataka,Hubballi-Dharwad,ENT_000353
C000066,205953647125,HDFC0004321,Kabir Kulkarni,2026-04-07,Payment Fraud,263636.15,Andhra Pradesh,Visakhapatnam,ENT_000565
C000067,190510022021,ICIC0002468,Ananya Kapoor,2026-04-27,Investment Fraud,100000.0,Bihar,Muzaffarpur,ENT_000671
C000068,128355454532,KKBK0001928,Navya Dey,2026-02-19,UPI Fraud,488407.34,Rajasthan,Jodhpur,ENT_000005
C000069,656795048359,BARB0006789,Navya Reddy,2026-04-26,Phishing,1500.0,Tamil Nadu,Chennai,ENT_000037
C000070,327265319003,PUNB0001357,Ramesh Khan,2026-01-23,Investment Fraud,302586.62,Madhya Pradesh,Ujjain,ENT_000628
C000071,210187050550,IDIB0005566,Ashok Choudhury,2026-03-12,Investment Fraud,485260.58,Kerala,Kochi,ENT_000298
C000072,639928251843,AXIS0006543,Aditya Patel,2026-02-07,UPI Fraud,224795.35,Andhra Pradesh,Tirupati,ENT_000181
C000073,314029509095,PUNB0009876,Ira Bhatia,2026-06-10,Investment Fraud,1181.14,Bihar,Muzaffarpur,ENT_000190
C000074,813927597991,SBIN0009101,Sai Verma,2026-08-15,UPI Fraud,335177.27,West Bengal,Siliguri,ENT_000156
C000075,290008774121,KKBK0001928,Ishan  Nair,2026-05-28,UPI Fraud,10000.0,Andhra Pradesh,Guntur,ENT_000205
C000076,334614800586,ICIC0002468,Shaurya Nair,2026-06-24,UPI Fraud,100000.0,Andhra Pradesh,Visakhapatnam,ENT_000204
C000077,417880582454,AXIS0007890,Manish Patel,2026-08-03,Investment Fraud,500000.0,Madhya Pradesh,Ujjain,ENT_000679
C000078,639928251843,AXIS0006543,Mr. Aditya Patel,2026-01-15,Shopping Fraud,157295.43,Andhra Pradesh,Visakhapatnam,ENT_000181
C000079,903856791884,AXIS0006543,P Dey,2026-02-15,Online Banking Fraud,432825.0,Kerala,Thrissur,ENT_000561
C000080,696695139934,IDIB0001122,Dr. Navya Dey,2026-07-07,Identity Theft,398618.21,Andhra Pradesh,Tirupati,ENT_000045
C000081,311625223853,IDIB0003344,Advaith Jain,2026-01-09,UPI Fraud,352588.83,Kerala,Kozhikode,ENT_000560
C000082,944412769960,BARB0006789,Gaurav Mehta,2026-03-27,Shopping Fraud,200000.0,Telangana,Rangareddy,ENT_000666
C000083,619406611023,SBIN0005678,Rahul Khan,2026-06-02,Online Banking Fraud,500.0,Kerala,Kochi,ENT_000589
C000084,977630621959,CNRB0004455,Pranav Ghosh,2026-08-20,Identity Theft,40000.0,Telangana,Khammam,ENT_000058
C000085,561177243339,AXIS0006543,Geeta Nair,2026-04-08,Investment Fraud,15894.17,Tamil Nadu,Tiruchirappalli,ENT_000344
C000086,383683812395,AXIS0003456,Rajesh Chatterjee,2026-01-01,Identity Theft,196104.91,West Bengal,Siliguri,ENT_000152
C000087,566979258469,SBIN0009101,Pankaj Tiwari,2026-07-28,UPI Fraud,402141.75,Andhra Pradesh,Vijayawada,ENT_000449
C000088,269728956268,PUNB0009876,Saanvi Nair,2026-07-23,UPI Fraud,94691.2,Kerala,Kochi,ENT_000481
C000089,389801158279,BARB0003579,Ira Paul,2026-01-11,Identity Theft,20000.0,Tamil Nadu,Salem,ENT_000524
C000090,729444729179,PUNB0001357,Sanjay Yadav,2026-03-11,Payment Fraud,484786.36,Gujarat,Bhavnagar,ENT_000473
C000091,988738578038,KKBK0001928,Navya Bhatia,2026-03-23,Investment Fraud,1500.0,Madhya Pradesh,Gwalior,ENT_000112
C000092,730855031651,BARB0002345,A. Ghosh,2026-07-02,Investment Fraud,424383.82,Telangana,Hyderabad,ENT_000053
C000093,366742651064,AXIS0007890,Siddharth Pawar,2026-05-29,Investment Fraud,106773.96,Punjab,Bathinda,ENT_000364
C000094,133774683071,SBIN0009101,Sai Tripathi,2026-02-22,Online Banking Fraud,261781.89,Madhya Pradesh,Indore,ENT_000488
C000095,188219282055,HDFC0005678,Ananya Mukherjee,2026-07-26,Identity Theft,457033.01,Kerala,Kozhikode,ENT_000139
C000096,294622935239,AXIS0003456,Ramesh Dutta,2026-01-29,Shopping Fraud,500.0,Rajasthan,Udaipur,ENT_000690
C000097,286318825329,HDFC0005678,Roy Neha,2026-02-05,Shopping Fraud,459051.02,Delhi,North Delhi,ENT_000681
C000098,577160927111,ICIC0008765,Ishan Jain,2026-06-11,Shopping Fraud,223195.21,Kerala,Kollam,ENT_000665
C000099,252468346350,BARB0003579,Vikram Ghosh,2026-04-27,Payment Fraud,410125.68,Kerala,Kochi,ENT_000698
C000100,800583966022,CNRB0008899,amit bhatia,2026-08-21,UPI Fraud,99533.97,Andhra Pradesh,Tirupati,ENT_000572
C000101,123611025550,SBIN0009101,Gaurav Shinde,2026-05-19,Shopping Fraud,307176.16,Karnataka,Mysuru,ENT_000504
C000102,343157964776,ICIC0008765,Kabir Kulkarni,2026-08-05,Payment Fraud,351281.31,Kerala,Kollam,ENT_000573
C000103,223153060732,AXIS0007890,Suresh Paul,2026-01-16,Phishing,469152.81,Gujarat,Jamnagar,ENT_000522
C000104,720446670928,ICIC0008765,Sara Roy,2026-08-22,UPI Fraud,12954.92,Bihar,Gaya,ENT_000650
C000105,837214063081,AXIS0007890,Tanvi Bhatia,2026-08-18,Shopping Fraud,216032.66,Rajasthan,Jaipur,ENT_000396
C000106,287436613779,BARB0002345,Ananya Nair,2026-03-16,UPI Fraud,309055.84,West Bengal,Howrah,ENT_000486
C000107,861854335443,HDFC0005678,Myra Kumar,2026-02-19,Identity Theft,15000.0,Gujarat,Jamnagar,ENT_000140
C000108,184965906196,PUNB0001357,Pooja Ghosh ,2026-06-05,Investment Fraud,50000.0,Gujarat,Surat,ENT_000684
C000109,675777869916,SBIN0005678,Ishan Saxena,2026-08-02,Online Banking Fraud,25000.0,Kerala,Thiruvananthapuram,ENT_000638
C000110,482016878181,BARB0002345,Vikram Dubey,2026-06-06,Investment Fraud,305873.53,Gujarat,Surat,ENT_000269
C000111,467863780045,IDIB0003344,Ritvik K. Rao,2026-03-02,Payment Fraud,124534.82,Bihar,Gaya,ENT_000419
C000112,656795048359,BARB0006789, Navya Reddy,2026-04-22,UPI Fraud,463639.57,Gujarat,Vadodara,ENT_000037
C000113,697493414595,ICIC0008765,Ananya Sen,2026-06-15,Online Banking Fraud,4727.63,Gujarat,Surat,ENT_000210
C000114,166027394237,BARB0006789,Vijay Saxena,2026-03-18,Payment Fraud,158093.67,Punjab,Bathinda,ENT_000642
C000115,855671426170,PUNB0005432,Pooja Patil,2026-05-10,Online Banking Fraud,313418.89,Telangana,Karimnagar,ENT_000634
C000116,417104722442,SBIN0009101,Atharv Choudhury,2026-04-01,Shopping Fraud,243687.35,Rajasthan,Kota,ENT_000378
C000117,933785291760,PUNB0001357,Tanvi Yadav,2026-01-19,Online Banking Fraud,296556.98,Rajasthan,Jaipur,ENT_000497
C000118,528437913341,CNRB0004455,Alok Gaikwad,2026-01-16,UPI Fraud,2500.0,Haryana,Panipat,ENT_000145
C000119,948676594151,UBIN0005566,Rajesh Ghosh,2026-08-03,Phishing,250000.0,Maharashtra,Pune,ENT_000605
C000120,274493552068,IDIB0003344,Nikhil Tiwari,2026-08-05,Identity Theft,474421.41,Karnataka,Mysuru,ENT_000030
C000121,651613895273,CNRB0008899,Aayan Joshi,2026-03-18,UPI Fraud,399083.41,Bihar,Bhagalpur,ENT_000480
C000122,847668980598,UBIN0005566,Meera Rao,2026-02-05,Online Banking Fraud,1000.0,Gujarat,Rajkot,ENT_000592
C000123,311000094454,AXIS0007890,Swati Srivastava,2026-08-23,UPI Fraud,2500.0,Uttar Pradesh,Meerut,ENT_000117
C000124,898720071165,BARB0003579,Ashok Deshmukh,2026-01-03,Identity Theft,20000.0,Bihar,Gaya,ENT_000635
C000125,626972684219,BARB0003579,Pari Rao,2026-08-11,Phishing,492205.14,Haryana,Karnal,ENT_000439
C000126,294622935239,AXIS0003456,Ms. Ramesh Dutta,2026-06-09,Online Banking Fraud,1500.0,Andhra Pradesh,Guntur,ENT_000690
C000127,714428300898,AXIS0006543,Suresh Paul,2026-07-15,Phishing,207313.06,Madhya Pradesh,Bhopal,ENT_000585
C000128,346884123576,CNRB0004455,Pranav Agarwal,2026-02-22,Payment Fraud,439379.3,Punjab,Ludhiana,ENT_000335
C000129,326303975452,AXIS0007890,Varun  Choudhury,2026-03-22,Investment Fraud,82580.18,Karnataka,Bengaluru Urban,ENT_000530
C000130,692210657021,IDIB0001122,Neha Tripathi,2026-07-19,Investment Fraud,386387.55,Tamil Nadu,Coimbatore,ENT_000033
C000131,556440884355,IDIB0005566,Vijay Kulkarni,2026-06-12,Investment Fraud,482681.26,Kerala,Thrissur,ENT_000237
C000132,331762745410,BARB0002345,Ritvik Dey,2026-05-02,Identity Theft,202519.58,Uttar Pradesh,Agra,ENT_000660
C000133,942586603917,HDFC0005678,Alok Bhatia,2026-06-26,Shopping Fraud,251411.13,Telangana,Hyderabad,ENT_000590
C000134,353543257595,PUNB0009876,Rahul Bose,2026-04-09,UPI Fraud,250000.0,Tamil Nadu,Chennai,ENT_000207
C000135,109238601984,ICIC0004321,Varun Deshmukh,2026-07-20,Shopping Fraud,371421.03,Telangana,Nizamabad,ENT_000641
C000136,471144503217,IDIB0005566,Sunil Malhotra,2026-03-24,Payment Fraud,100000.0,Uttar Pradesh,Ghaziabad,ENT_000325
C000137,463080281895,SBIN0001234,Advaith Das,2026-03-13,UPI Fraud,10000.0,West Bengal,Siliguri,ENT_000107
C000138,496260389877,KKBK0003210,Karan S Deshmukh,2026-06-11,UPI Fraud,455537.39,Kerala,Thiruvananthapuram,ENT_000626
C000139,779421443451,ICIC0002468,Kabir Dubey,2026-01-20,Shopping Fraud,120825.46,Punjab,Amritsar,ENT_000277
C000140,700581361458,UBIN0007788,Vikram Choudhury,2026-05-11,Online Banking Fraud,78110.88,Tamil Nadu,Chennai,ENT_000081
C000141,962466472260,KKBK0007890,Anika Bhatia,2026-03-30,Shopping Fraud,368023.32,Tamil Nadu,Salem,ENT_000407
C000142,485585964205,PUNB0001357,Ritvik Ghosh,2026-01-03,Identity Theft,500000.0,Telangana,Karimnagar,ENT_000368
C000143,430714225291,PUNB0009876,Angel Ali,2026-01-08,Investment Fraud,278198.9,Tamil Nadu,Coimbatore,ENT_000119
C000144,830136378095,KKBK0007890,Kapoor Kavya,2026-06-29,Payment Fraud,360914.75,Tamil Nadu,Tiruchirappalli,ENT_000533
C000145,518597220210,ICIC0002468,Sweta Mukherjee,2026-07-13,Investment Fraud,2000.0,Bihar,Bhagalpur,ENT_000020
C000146,579303623884,PUNB0001357,Ramesh Ali,2026-07-03,Phishing,1500.0,Haryana,Ambala,ENT_000109
C000147,709099824282,PUNB0009876,Pranav Rao,2026-07-14,Shopping Fraud,7500.0,Punjab,Patiala,ENT_000083
C000148,609030752531,SBIN0005678,SWETA GHOSH,2026-02-24,UPI Fraud,156470.08,Rajasthan,Bikaner,ENT_000130
C000149,895783733945,PUNB0009876,Ashok Reddy,2026-03-18,Phishing,260384.06,Karnataka,Bengaluru Urban,ENT_000242
C000150,735798459372,PUNB0001357,Dhruv Patel,2026-01-21,Investment Fraud,286730.95,Punjab,Amritsar,ENT_000279
C000151,736422102747,ICIC0002468,Arjun Shah,2026-05-14,Identity Theft,60049.31,Uttar Pradesh,Meerut,ENT_000108
C000152,232916613814,BARB0003579,Ananya Patil,2026-03-12,Online Banking Fraud,84718.58,Maharashtra,Thane,ENT_000235
C000153,103944899549,BARB0006789,Rajesh Patil,2026-08-09,Identity Theft,214369.45,Madhya Pradesh,Gwalior,ENT_000039
C000154,916557269948,KKBK0001928,Pari Banerjee,2026-05-31,Payment Fraud,56703.16,Madhya Pradesh,Ujjain,ENT_000187
C000155,230342679193,HDFC0004321,Ishita Malhotra,2026-03-28,Phishing,150000.0,Karnataka,Belagavi,ENT_000593
C000156,297594719776,CNRB0004455,Ritvik Mishra,2026-06-14,Identity Theft,378102.32,Rajasthan,Jaipur,ENT_000341
C000157,752686223803,PUNB0005432,Advik Ahmed,2026-02-09,Online Banking Fraud,315340.51,Gujarat,Jamnagar,ENT_000250
C000158,850001111711,BARB0006789,Aryan Rao,2026-07-18,Identity Theft,366962.04,Gujarat,Ahmedabad,ENT_000512
C000159,482133076827,BARB0003579,Swati Pawar,2026-01-22,Payment Fraud,363573.48,Andhra Pradesh,Guntur,ENT_000609
C000160,465087448782,IDIB0001122,Dhruv Dubey,2026-07-17,UPI Fraud,50000.0,Madhya Pradesh,Bhopal,ENT_000089
C000161,758365355182,PUNB0009876,Anita Shah,2026-05-18,Payment Fraud,1500.0,West Bengal,Hooghly,ENT_000333
C000162,870278886192,SBIN0009101,Meera Singh,2026-07-15,Payment Fraud,302999.45,West Bengal,Kolkata,ENT_000588
C000163,664477687248,PUNB0005432,Atharv Malhotra,2026-06-09,Identity Theft,347688.04,Rajasthan,Kota,ENT_000564
C000164,772260083878,HDFC0004321,Kavita Bhatia,2026-01-10,UPI Fraud,20000.0,Gujarat,Rajkot,ENT_000386
C000165,182269863100,PUNB0009876,Advik Shinde,2026-01-26,Investment Fraud,100000.0,Bihar,Darbhanga,ENT_000399
C000166,264566563474,AXIS0006543,krishna kulkarni,2026-02-08,Identity Theft,150487.7,Gujarat,Surat,ENT_000374
C000167,861977213598,KKBK0007890,Rahul Saxena,2026-03-14,Online Banking Fraud,268794.68,Madhya Pradesh,Indore,ENT_000223
C000168,495973029385,KKBK0001928,Rahul Kumar,2026-08-23,Shopping Fraud,34903.85,Tamil Nadu,Salem,ENT_000510
C000169,738506846386,PUNB0001357,Ajay Yadav,2026-04-22,Online Banking Fraud,313799.49,Karnataka,Kalaburagi,ENT_000183
C000170,108901504899,AXIS0006543,Preeti Shah,2026-01-16,Shopping Fraud,20000.0,Delhi,New Delhi,ENT_000078
C000171,230342679193,HDFC0004321,Ishita Malhotra,2026-03-11,Investment Fraud,7500.0,Uttar Pradesh,Lucknow,ENT_000593
C000172,269879802007,ICIC0002468,Rahul Tiwari,2026-01-15,Phishing,329197.15,Kerala,Kollam,ENT_000085
C000173,178728590908,KKBK0003210,Riya Sen,2026-04-12,Online Banking Fraud,412511.4,Bihar,Darbhanga,ENT_000051
C000174,929604758482,BARB0006789,Reyansh Srivastava,2026-07-07,Investment Fraud,70141.94,Madhya Pradesh,Bhopal,ENT_000347
C000175,675939282671,HDFC0005678,Riya Banerjee,2026-07-01,UPI Fraud,1500.0,Madhya Pradesh,Gwalior,ENT_000647
C000176,940536690954,PUNB0009876,Geeta Agarwal,2026-03-22,UPI Fraud,2000.0,Uttar Pradesh,Ghaziabad,ENT_000340
C000177,930498955541,HDFC0005678,Navya Tiwari,2026-07-04,UPI Fraud,269708.78,Delhi,South Delhi,ENT_000514
C000178,795911943199,ICIC0002468,Anil Patil,2026-05-26,Online Banking Fraud,75000.0,Karnataka,Mangaluru,ENT_000667
C000179,287410804707,KKBK0001928,Priya Nair,2026-02-17,Phishing,75000.0,Karnataka,Belagavi,ENT_000019
C000180,250059974723,CNRB0004455,Varun Deshmukh,2026-03-01,Online Banking Fraud,78417.61,Maharashtra,Solapur,ENT_000559
C000181,856804495442,UBIN0007788,Ashok Mehta,2026-05-11,Payment Fraud,286020.11,Tamil Nadu,Salem,ENT_000538
C000182,605166001421,IDIB0005566,Kavita Patel,2026-08-17,UPI Fraud,315997.43,Madhya Pradesh,Bhopal,ENT_000363
C000183,296546131054,KKBK0003210,pranav dubey,2026-03-06,Payment Fraud,30000.0,Punjab,Ludhiana,ENT_000036
C000184,827197730438,CNRB0004455,Aryan Paul,2026-04-28,Investment Fraud,25000.0,Punjab,Patiala,ENT_000114
C000185,921315799665,SBIN0009101,Pankaj Shah,2026-07-19,Payment Fraud,2000.0,West Bengal,Kolkata,ENT_000258
C000186,861854335443,HDFC0005678,Myra Kumar,2026-06-29,Phishing,282021.44,Maharashtra,Aurangabad,ENT_000140
C000187,623060957599,IDIB0003344,Dr. Kunal Banerjee,2026-06-05,Identity Theft,299316.92,Telangana,Warangal,ENT_000054
C000188,458236319765,AXIS0003456,Amit Yadav,2026-06-26,UPI Fraud,150000.0,Kerala,Thrissur,ENT_000116
C000189,668956468715,BARB0003579,Deepak Sen,2026-04-14,Identity Theft,2500.0,Bihar,Darbhanga,ENT_000219
C000190,534129483583,CNRB0004455,Suresh Biswas,2026-03-08,Payment Fraud,270068.72,Maharashtra,Nashik,ENT_000365
C000191,457188967265,CNRB0004455,Shreya Ahmed,2026-06-25,Shopping Fraud,2500.0,Kerala,Kollam,ENT_000581
C000192,892761382374,AXIS0007890,Amit Reddy,2026-08-08,Phishing,2000.0,Tamil Nadu,Madurai,ENT_000631
C000193,463098950845,AXIS0003456,Kabir Bose,2026-01-13,Online Banking Fraud,1000.0,Rajasthan,Kota,ENT_000663
C000194,434343034522,ICIC0004321,Manish Kulkarni,2026-01-14,Online Banking Fraud,238377.86,Bihar,Patna,ENT_000271
C000195,639928251843,AXIS0006543,Aditya Patel,2026-04-09,Identity Theft,40000.0,Rajasthan,Jaipur,ENT_000181
C000196,235448546713,AXIS0006543,Deepa Srivastava,2026-01-21,Payment Fraud,44678.95,Gujarat,Bhavnagar,ENT_000287
C000197,360788634696,AXIS0006543,Rahul Biswas,2026-07-09,Online Banking Fraud,7500.0,Uttar Pradesh,Kanpur,ENT_000405
C000198,320303658363,SBIN0005678,Navya Gupta,2026-05-15,Shopping Fraud,469857.38,West Bengal,Kolkata,ENT_000441
C000199,150425239978,AXIS0003456,Deepak Mukherjee,2026-04-29,Online Banking Fraud,306760.57,Bihar,Muzaffarpur,ENT_000602
C000200,929604758482,BARB0006789,Reyansh Srivastava,2026-08-05,Investment Fraud,50000.0,Delhi,West Delhi,ENT_000347
C000201,820726006289,KKBK0003210,Vivaan Saxena,2026-05-31,Identity Theft,325094.85,Telangana,Nizamabad,ENT_000082
C000202,513604871693,HDFC0004321,Ishita Kulkarni,2026-05-25,Shopping Fraud,75469.82,West Bengal,North 24 Parganas,ENT_000611
C000203,486788314061,KKBK0003210,Ishan Roy,2026-04-07,Identity Theft,250000.0,Kerala,Kochi,ENT_000376
C000204,406352552364,CNRB0004455,Krishna Sen,2026-07-14,Identity Theft,20000.0,Telangana,Hyderabad,ENT_000105
C000205,639157294166,UBIN0007788,Preeti Roy,2026-04-04,Online Banking Fraud,35901.54,Tamil Nadu,Chennai,ENT_000520
C000206,438411762855,BARB0006789,Preeti Dutta,2026-08-18,Investment Fraud,229769.51,Tamil Nadu,Tiruchirappalli,ENT_000212
C000207,760045839791,SBIN0005678,Sunita Kumar,2026-06-05,Investment Fraud,85698.11,Delhi,East Delhi,ENT_000388
C000208,935608119076,ICIC0008765,Ajay Tripathi,2026-03-02,Investment Fraud,150000.0,Tamil Nadu,Tirunelveli,ENT_000180
C000209,674066241127,ICIC0008765,Kunal Roy,2026-08-18,UPI Fraud,22589.99,West Bengal,Darjeeling,ENT_000606
C000210,136796035576,BARB0006789,Ananya Srivastava,2026-03-25,Identity Theft,387484.81,Tamil Nadu,Madurai,ENT_000459
C000211,733573714419,ICIC0008765,Ritvik Dutta,2026-07-24,Phishing,176871.58,Madhya Pradesh,Indore,ENT_000429
C000212,111453993673,CNRB0006677,Sanjay  Dutta,2026-07-24,Phishing,50000.0,West Bengal,Siliguri,ENT_000267
C000213,809895453406,SBIN0005678,Atharv Tripathi,2026-02-20,Investment Fraud,250000.0,Gujarat,Bhavnagar,ENT_000553
C000214,352130348254,KKBK0003210,Sweta Saxena,2026-07-26,Phishing,84735.44,Kerala,Kozhikode,ENT_000357
C000215,780394059373,BARB0003579,Vihaan Patil,2026-01-04,Investment Fraud,50000.0,Karnataka,Mysuru,ENT_000490
C000216,920422004102,KKBK0001928,Mr. Reyansh Agarwal,2026-02-18,Online Banking Fraud,5000.0,Rajasthan,Ajmer,ENT_000155
C000217,445491629910,AXIS0007890,Khan Ananya,2026-03-23,Investment Fraud,367718.47,Madhya Pradesh,Indore,ENT_000529
C000218,795669368396,BARB0006789,Riya Dey,2026-03-16,Shopping Fraud,428458.49,Rajasthan,Kota,ENT_000232
C000219,612736037960,KKBK0001928,Anita Roy,2026-07-14,Investment Fraud,32930.47,Punjab,Ludhiana,ENT_000625
C000220,525784434958,AXIS0006543,Deepa Saxena,2026-05-04,Payment Fraud,455135.65,Punjab,Bathinda,ENT_000295
C000221,440891782309,UBIN0009900,Rajesh Mishra,2026-02-26,Online Banking Fraud,398486.83,West Bengal,Darjeeling,ENT_000345
C000222,841172976688,IDIB0001122,Anika Menon,2026-02-24,Online Banking Fraud,375302.4,Madhya Pradesh,Ujjain,ENT_000563
C000223,850001111711,BARB0006789,Aryan Rao,2026-07-16,Payment Fraud,378273.32,Tamil Nadu,Tirunelveli,ENT_000512
C000224,548458442836,PUNB0005432,Meera Deshmukh,2026-08-03,Shopping Fraud,246367.25,Kerala,Kochi,ENT_000141
C000225,157616543512,AXIS0003456,Varun Bhatia,2026-03-15,Online Banking Fraud,500000.0,Andhra Pradesh,Tirupati,ENT_000416
C000226,519275532872,IDIB0003344,SUNITA AHMED,2026-03-29,Shopping Fraud,105928.65,Gujarat,Bhavnagar,ENT_000687
C000227,352644409339,ICIC0008765,S Agarwal,2026-02-04,Shopping Fraud,40000.0,Andhra Pradesh,Nellore,ENT_000597
C000228,161157982007,ICIC0008765,Preeti Patel,2026-05-17,Phishing,84604.49,Kerala,Kozhikode,ENT_000041
C000229,106937867936,CNRB0006677,Shaurya Verma,2026-06-19,Online Banking Fraud,20000.0,Telangana,Hyderabad,ENT_000422
C000230,599438389318,BARB0003579,Meera Pawar,2026-07-30,Shopping Fraud,73336.33,Telangana,Karimnagar,ENT_000558
C000231,945999235805,IDIB0005566,Sweta Verma,2026-05-28,UPI Fraud,469985.58,Haryana,Ambala,ENT_000338
C000232,579303623884,PUNB0001357,Ramesh Ali,2026-05-29,UPI Fraud,318789.23,Madhya Pradesh,Bhopal,ENT_000109
C000233,688725171936,ICIC0004321,Varun Das,2026-07-16,Investment Fraud,201437.57,Andhra Pradesh,Tirupati,ENT_000079
C000234,850805437251,CNRB0004455,Ramesh Saxena,2026-05-21,UPI Fraud,40000.0,Karnataka,Mangaluru,ENT_000468
C000235,872205467773,HDFC0001234,Roshni Paul,2026-05-15,Online Banking Fraud,260542.84,Bihar,Muzaffarpur,ENT_000323
C000236,772260083878,HDFC0004321,Kavita Bhatia,2026-01-05,Investment Fraud,500.0,Bihar,Gaya,ENT_000386
C000237,287410804707,KKBK0001928,Priya Nair,2026-04-21,UPI Fraud,25000.0,Bihar,Patna,ENT_000019
C000238,458236319765,AXIS0003456,Amit Yadav,2026-07-26,Identity Theft,500000.0,Karnataka,Mysuru,ENT_000116
C000239,631034820387,CNRB0004455,Deepa Yadav,2026-06-15,UPI Fraud,25000.0,Maharashtra,Aurangabad,ENT_000411
C000240,253634270376,SBIN0001234,Roshni Nair,2026-02-07,Online Banking Fraud,100000.0,Tamil Nadu,Tiruchirappalli,ENT_000550
C000241,886250029907,IDIB0001122,Sunil Gupta,2026-03-13,Investment Fraud,250000.0,Haryana,Karnal,ENT_000440
C000242,781921266516,PUNB0009876,Priya Dey,2026-04-11,Online Banking Fraud,332757.72,Haryana,Panipat,ENT_000670
C000243,674066241127,ICIC0008765,Kunal Roy,2026-06-01,Identity Theft,441332.95,West Bengal,South 24 Parganas,ENT_000606
C000244,438411762855,BARB0006789,PREETI DUTTA,2026-07-06,Identity Theft,5000.0,Kerala,Kochi,ENT_000212
C000245,167091801483,BARB0006789,A Chatterjee,2026-03-27,Investment Fraud,370156.09,Haryana,Panipat,ENT_000203
C000246,167091801483,BARB0006789,Advik Chatterjee,2026-03-12,Phishing,252810.62,Madhya Pradesh,Indore,ENT_000203
C000247,889984729564,PUNB0009876,Tanvi Dey,2026-05-06,Shopping Fraud,44476.65,Bihar,Gaya,ENT_000236
C000248,858457285044,IDIB0005566,Priya Shah,2026-02-11,Identity Theft,1500.0,Haryana,Ambala,ENT_000164
C000249,622289523089,KKBK0003210,Ananya Singh,2026-07-27,Phishing,241017.57,Delhi,East Delhi,ENT_000382
C000250,352130348254,KKBK0003210,Sweta Saxena,2026-08-07,Payment Fraud,306671.74,Telangana,Warangal,ENT_000357
C000251,735906343638,UBIN0009900,Meera Singh,2026-03-22,Shopping Fraud,15000.0,Telangana,Nizamabad,ENT_000069
C000252,204495226137,KKBK0001928,Manish Dutta,2026-06-03,Online Banking Fraud,410316.36,Punjab,Patiala,ENT_000389
C000253,609030752531,SBIN0005678,Sweta Ghosh,2026-08-06,Shopping Fraud,2500.0,Rajasthan,Jaipur,ENT_000130
C000254,457188967265,CNRB0004455,Ahmed Shreya,2026-04-27,Shopping Fraud,59696.92,Karnataka,Bengaluru Urban,ENT_000581
C000255,879944763170,SBIN0009101,Suresh Yadav,2026-07-31,Online Banking Fraud,89122.38,Andhra Pradesh,Nellore,ENT_000393
C000256,992981382947,AXIS0003456,Manish Saxena,2026-01-28,Identity Theft,24593.41,Maharashtra,Aurangabad,ENT_000248
C000257,374661490981,ICIC0004321,Aditya Choudhury,2026-06-09,UPI Fraud,330709.76,Tamil Nadu,Salem,ENT_000157
C000258,949102978448,PUNB0009876,Aryan Mishra,2026-06-07,Investment Fraud,215946.01,Telangana,Karimnagar,ENT_000165
C000259,498478548963,KKBK0003210,Pranav Ahmed,2026-07-10,Phishing,75000.0,Maharashtra,Mumbai,ENT_000314
C000260,709099824282,PUNB0009876,Pranav Rao,2026-07-08,UPI Fraud,455047.06,Kerala,Kozhikode,ENT_000083
C000261,603254986487,CNRB0008899,Ishita Jain,2026-03-07,Phishing,224026.14,Rajasthan,Ajmer,ENT_000534
C000262,967971241676,AXIS0003456,Vivaan Das,2026-04-26,UPI Fraud,10000.0,Telangana,Khammam,ENT_000286
C000263,306045573885,KKBK0007890,Karan Bhatia,2026-06-29,Shopping Fraud,40000.0,Delhi,East Delhi,ENT_000447
C000264,920121345586,UBIN0007788,Meera Khan,2026-01-11,UPI Fraud,2000.0,Rajasthan,Ajmer,ENT_000296
C000265,358156110078,AXIS0003456,Anita Mishra,2026-07-16,Identity Theft,282723.61,Punjab,Bathinda,ENT_000272
C000266,997945199081,CNRB0004455,Kunal Srivastava,2026-08-17,Shopping Fraud,465190.35,Punjab,Patiala,ENT_000697
C000267,965467382366,KKBK0003210,Roshni Verma,2026-07-11,Identity Theft,95488.67,Tamil Nadu,Coimbatore,ENT_000433
C000268,189532603540,ICIC0002468,Navya  Dubey,2026-07-03,Investment Fraud,410210.53,Madhya Pradesh,Jabalpur,ENT_000483
C000269,215681909956,UBIN0007788,Shreya Joshi,2026-05-12,Investment Fraud,274007.46,Tamil Nadu,Salem,ENT_000412
C000270,237302403040,CNRB0004455,Sunil Patel,2026-05-09,Payment Fraud,161529.51,Madhya Pradesh,Indore,ENT_000303
C000271,675953876146,CNRB0008899,Sunil Sharma,2026-06-19,UPI Fraud,135353.59,Tamil Nadu,Tiruchirappalli,ENT_000251
C000272,101843567009,BARB0006789,Anita Ghosh,2026-06-29,Shopping Fraud,20000.0,Rajasthan,Jaipur,ENT_000430
C000273,133774683071,SBIN0009101,Sai Tripathi,2026-05-10,UPI Fraud,100000.0,Rajasthan,Jodhpur,ENT_000488
C000274,207261824971,CNRB0006677,Kavya Gupta,2026-06-25,Shopping Fraud,43994.41,Haryana,Gurugram,ENT_000655
C000275,791012979889,KKBK0001928,Amit Tripathi,2026-04-06,Investment Fraud,16352.69,Tamil Nadu,Tiruchirappalli,ENT_000491
C000276,764318362436,BARB0006789,Sai Kumar,2026-06-08,Identity Theft,412713.63,Rajasthan,Udaipur,ENT_000618
C000277,114350478636,CNRB0004455,Alok Patil,2026-03-09,Identity Theft,10000.0,Madhya Pradesh,Ujjain,ENT_000168
C000278,354645447539,IDIB0005566,Ramesh Mishra,2026-06-22,UPI Fraud,30000.0,West Bengal,South 24 Parganas,ENT_000604
C000279,452068690122,BARB0003579,Ishan Ahmed,2026-04-04,Investment Fraud,20000.0,Gujarat,Vadodara,ENT_000477
C000280,648661336631,IDIB0005566,Rahul Mukherjee,2026-07-31,Payment Fraud,306650.55,West Bengal,Hooghly,ENT_000275
C000281,595904407913,SBIN0005678,Aayan Bhatia,2026-05-13,Phishing,10000.0,Andhra Pradesh,Visakhapatnam,ENT_000377
C000282,449565764637,PUNB0001357,Pranav Patel,2026-06-09,UPI Fraud,1500.0,Tamil Nadu,Tirunelveli,ENT_000673
C000283,529433631560,ICIC0002468,Sunil Dutta,2026-01-30,Investment Fraud,308006.45,Punjab,Ludhiana,ENT_000066
C000284,173556597858,ICIC0008765,Kavita Bhatia,2026-06-16,Identity Theft,489696.88,Kerala,Kollam,ENT_000458
C000285,516432181410,AXIS0003456,Navya Kumar,2026-03-08,UPI Fraud,5000.0,Maharashtra,Nagpur,ENT_000163
C000286,148422798459,SBIN0005678,Roshni Dutta,2026-06-08,Payment Fraud,201159.09,Uttar Pradesh,Varanasi,ENT_000192
C000287,418044927983,AXIS0003456,Alok Ghosh,2026-04-22,Phishing,15000.0,Delhi,Central Delhi,ENT_000500
C000288,425125927992,SBIN0001234,Gaurav Sen,2026-05-13,Payment Fraud,309310.39,Andhra Pradesh,Guntur,ENT_000273
C000289,154893296571,CNRB0004455,Sunita Sen,2026-02-23,Investment Fraud,163055.38,Maharashtra,Aurangabad,ENT_000444
C000290,279807112340,IDIB0003344,Aadhya Khan,2026-06-22,UPI Fraud,150000.0,Karnataka,Belagavi,ENT_000098
C000291,506568138339,SBIN0009101,Varun Tripathi,2026-02-01,UPI Fraud,249958.75,Rajasthan,Udaipur,ENT_000167
C000292,726594012825,ICIC0008765,Sai Choudhury,2026-01-29,Online Banking Fraud,297167.92,Gujarat,Rajkot,ENT_000074
C000293,944741523484,KKBK0001928,Vihaan Paul,2026-02-08,Identity Theft,462445.5,Punjab,Bathinda,ENT_000695
C000294,189532603540,ICIC0002468,Navya Dubey,2026-02-26,Phishing,10000.0,Punjab,Patiala,ENT_000483
C000295,861977213598,KKBK0007890,Rahul Saxena,2026-08-21,Identity Theft,20000.0,Andhra Pradesh,Nellore,ENT_000223
C000296,567988351366,UBIN0007788,Pooja Deshmukh,2026-05-04,Investment Fraud,50000.0,Punjab,Amritsar,ENT_000270
C000297,992962570107,BARB0002345,Anika Mehta,2026-02-07,Phishing,5000.0,Tamil Nadu,Chennai,ENT_000381
C000298,431483177363,SBIN0001234,Ishita Rao,2026-05-27,Payment Fraud,86513.76,Andhra Pradesh,Nellore,ENT_000191
C000299,314029509095,PUNB0009876,Ira Bhatia,2026-08-14,Phishing,132436.25,Punjab,Bathinda,ENT_000190
C000300,567988351366,UBIN0007788,Pooja  Deshmukh,2026-04-22,Online Banking Fraud,100000.0,Kerala,Kozhikode,ENT_000270
C000301,800583966022,CNRB0008899,Amit Bhatia,2026-01-11,Online Banking Fraud,152811.3,Madhya Pradesh,Bhopal,ENT_000572
C000302,785729036205,UBIN0009900,Geeta Mishra,2026-03-30,Shopping Fraud,20000.0,Uttar Pradesh,Noida,ENT_000487
C000303,269728956268,PUNB0009876,saanvi nair,2026-05-10,Online Banking Fraud,342644.56,Telangana,Nizamabad,ENT_000481
C000304,700581361458,UBIN0007788,VIKRAM CHOUDHURY,2026-08-12,Identity Theft,200000.0,Madhya Pradesh,Ujjain,ENT_000081
C000305,210149503297,SBIN0005678,Siddharth Paul,2026-01-24,Identity Theft,1500.0,Punjab,Jalandhar,ENT_000057
C000306,583092399018,PUNB0005432,Pari Singh,2026-08-04,Investment Fraud,342583.59,Tamil Nadu,Madurai,ENT_000195
C000307,682214113345,HDFC0005678,Manish Ghosh,2026-05-29,Investment Fraud,434238.79,Madhya Pradesh,Gwalior,ENT_000614
C000308,985899371430,SBIN0005678,Sunil Gaikwad,2026-01-25,Investment Fraud,226497.37,Telangana,Nizamabad,ENT_000011
C000309,235030135894,AXIS0006543,Vikram Bose,2026-08-11,Payment Fraud,33524.83,Tamil Nadu,Tiruchirappalli,ENT_000213
C000310,450525458521,HDFC0004321,Gaurav Choudhury,2026-01-26,Shopping Fraud,7485.16,Kerala,Thiruvananthapuram,ENT_000518
C000311,698513567016,PUNB0005432,Aadhya Srivastava,2026-04-06,UPI Fraud,30000.0,Telangana,Nizamabad,ENT_000438
C000312,516278088865,SBIN0009101,Roshni Dutta,2026-01-12,Shopping Fraud,11781.27,Karnataka,Hubballi-Dharwad,ENT_000012
C000313,165965001880,AXIS0003456,Rohit Banerjee,2026-01-10,Identity Theft,374837.93,Tamil Nadu,Coimbatore,ENT_000302
C000314,408918034515,CNRB0006677,Meera Mishra,2026-03-15,Phishing,386507.16,Delhi,North Delhi,ENT_000658
C000315,332915073587,CNRB0006677,Preeti Kulkarni,2026-01-27,Payment Fraud,372904.59,Gujarat,Ahmedabad,ENT_000656
C000316,254942230953,IDIB0001122,Sara Srivastava,2026-07-31,UPI Fraud,422236.56,Telangana,Rangareddy,ENT_000284
C000317,588293821738,PUNB0001357,Anil Gupta,2026-05-24,Shopping Fraud,199501.75,Tamil Nadu,Madurai,ENT_000453
C000318,749825263396,PUNB0005432,Varun Shinde,2026-06-18,Investment Fraud,350806.35,Kerala,Thrissur,ENT_000519
C000319,623391135280,AXIS0006543,Sneha Ghosh,2026-05-01,Payment Fraud,250000.0,Maharashtra,Solapur,ENT_000135
C000320,264566563474,AXIS0006543,Krishna Kulkarni,2026-03-24,UPI Fraud,260925.77,Maharashtra,Aurangabad,ENT_000374
C000321,391971008994,HDFC0004321,Deepak Yadav,2026-01-17,Phishing,288537.51,Tamil Nadu,Salem,ENT_000090
C000322,966795243734,AXIS0003456,Kavita Joshi,2026-02-05,Online Banking Fraud,421742.17,West Bengal,South 24 Parganas,ENT_000693
C000323,221720126831,PUNB0009876,Pankaj Nair,2026-06-01,UPI Fraud,454310.38,Bihar,Darbhanga,ENT_000034
C000324,272056016376,AXIS0006543,Alok Kulkarni,2026-05-18,Phishing,20000.0,Karnataka,Belagavi,ENT_000494
C000325,110895003819,CNRB0004455,Shri Pranav Ali,2026-01-06,Online Banking Fraud,7500.0,Kerala,Kozhikode,ENT_000507
C000326,221720126831,PUNB0009876,Pankaj Nair,2026-02-07,Payment Fraud,77498.07,Telangana,Hyderabad,ENT_000034
C000327,656532922316,ICIC0004321,Ananya Saxena,2026-07-11,Identity Theft,115416.59,Uttar Pradesh,Noida,ENT_000334
C000328,261118623175,IDIB0005566,Pankaj Patel,2026-03-15,Identity Theft,29202.79,Kerala,Kollam,ENT_000414
C000329,333985863762,ICIC0004321,Ishita Sen,2026-07-19,UPI Fraud,167527.63,Uttar Pradesh,Kanpur,ENT_000544
C000330,853360527876,KKBK0003210,Suresh Bose,2026-02-20,Payment Fraud,280563.43,Karnataka,Mysuru,ENT_000571
C000331,545699699578,CNRB0004455,Tanvi Sharma,2026-06-24,Phishing,111515.63,Bihar,Gaya,ENT_000226
C000332,686788125561,SBIN0001234,Gaurav Pandey,2026-03-23,Online Banking Fraud,281207.67,Gujarat,Jamnagar,ENT_000149
C000333,175570100353,UBIN0005566,Riya Malhotra,2026-01-14,Shopping Fraud,477358.42,Tamil Nadu,Tirunelveli,ENT_000073
C000334,306981303296,KKBK0001928,Anil Rao,2026-07-05,Identity Theft,214900.85,Andhra Pradesh,Guntur,ENT_000059
C000335,356143021540,SBIN0005678,Advik Khan,2026-02-26,Online Banking Fraud,40000.0,Rajasthan,Ajmer,ENT_000548
C000336,211095701426,AXIS0003456,Rohit Deshmukh,2026-04-12,UPI Fraud,441607.14,Andhra Pradesh,Nellore,ENT_000016
C000337,154785667210,CNRB0004455,Shri Advaith Reddy,2026-05-24,Investment Fraud,452874.98,Delhi,South Delhi,ENT_000029
C000338,963972176017,UBIN0007788,Pranav Kapoor,2026-03-03,UPI Fraud,6705.28,Gujarat,Rajkot,ENT_000101
C000339,790291006942,KKBK0007890,Navya Deshmukh,2026-06-07,Payment Fraud,103228.01,Tamil Nadu,Tiruchirappalli,ENT_000685
C000340,275674087343,IDIB0005566,Rajesh Mishra,2026-07-22,Payment Fraud,250092.23,Uttar Pradesh,Kanpur,ENT_000501
C000341,198912225902,ICIC0004321,Ira Shinde,2026-06-15,Identity Theft,483422.16,Maharashtra,Nashik,ENT_000004
C000342,366742651064,AXIS0007890,S. Pawar,2026-01-05,UPI Fraud,231708.03,Tamil Nadu,Salem,ENT_000364
C000343,290008774121,KKBK0001928,Ishan Nair,2026-02-15,Shopping Fraud,275891.19,Kerala,Thrissur,ENT_000205
C000344,805882797681,KKBK0003210,Siddharth Srivastava,2026-05-16,Online Banking Fraud,480611.94,Karnataka,Mysuru,ENT_000106
C000345,800622035522,CNRB0004455,Ashok Shah,2026-06-26,Online Banking Fraud,100000.0,Uttar Pradesh,Agra,ENT_000193
C000346,259355332042,ICIC0002468,Navya Menon,2026-07-13,Payment Fraud,5000.0,Andhra Pradesh,Vijayawada,ENT_000369
C000347,152062942213,ICIC0008765,Alok Dubey,2026-07-17,Online Banking Fraud,480638.74,Uttar Pradesh,Meerut,ENT_000426
C000348,409601839368,KKBK0003210,Sunita Patel,2026-03-08,Shopping Fraud,1500.0,Kerala,Kollam,ENT_000123
C000349,226750596909,AXIS0003456,Anika Das,2026-06-01,Payment Fraud,2500.0,Uttar Pradesh,Kanpur,ENT_000110
C000350,689590522039,PUNB0009876,Aditya Shinde,2026-06-10,Payment Fraud,285705.33,Telangana,Nizamabad,ENT_000645
C000351,368004468323,HDFC0005678,Aarav Shah,2026-04-17,Online Banking Fraud,344077.67,Andhra Pradesh,Guntur,ENT_000128
C000352,755439143467,IDIB0003344,Sara Pawar,2026-06-23,Identity Theft,156978.28,Rajasthan,Udaipur,ENT_000200
C000353,430283186227,KKBK0003210,Suresh Saxena,2026-04-26,Phishing,426314.85,Bihar,Gaya,ENT_000115
C000354,351487177987,BARB0002345,Sara Sharma,2026-04-13,Shopping Fraud,1500.0,Tamil Nadu,Salem,ENT_000049
C000355,287436613779,BARB0002345,Ananya Nair ,2026-04-06,Identity Theft,180641.38,Telangana,Rangareddy,ENT_000486
C000356,719173009122,ICIC0008765,preeti kapoor,2026-04-14,Online Banking Fraud,7500.0,West Bengal,North 24 Parganas,ENT_000662
C000357,921315799665,SBIN0009101,Pankaj Shah,2026-01-07,Payment Fraud,500000.0,Delhi,New Delhi,ENT_000258
C000358,137889353643,IDIB0003344,Ramesh Malhotra,2026-08-05,Investment Fraud,406962.26,Telangana,Rangareddy,ENT_000022
C000359,174866852259,UBIN0005566,Sunita Choudhury,2026-01-26,Online Banking Fraud,435008.21,Telangana,Warangal,ENT_000113
C000360,113684620811,UBIN0009900,Geeta Dutta,2026-03-20,Investment Fraud,166272.42,Madhya Pradesh,Bhopal,ENT_000562
C000361,893774408754,CNRB0006677,VARUN ALI,2026-03-24,Shopping Fraud,1500.0,Delhi,New Delhi,ENT_000133
C000362,584228819436,CNRB0006677,Manish Jain,2026-03-29,Phishing,50000.0,Gujarat,Bhavnagar,ENT_000446
C000363,537317445811,CNRB0008899,Ishan Roy,2026-02-18,UPI Fraud,10000.0,Maharashtra,Nagpur,ENT_000661
C000364,563134588274,ICIC0002468,Shaurya Kulkarni,2026-06-13,Payment Fraud,100000.0,Kerala,Kochi,ENT_000154
C000365,825278160363,KKBK0003210,Vikram Deshmukh,2026-05-20,Identity Theft,388185.3,Bihar,Darbhanga,ENT_000316
C000366,759693767724,IDIB0003344,Rajesh Kapoor,2026-06-27,Online Banking Fraud,1500.0,Telangana,Karimnagar,ENT_000678
C000367,778712312814,CNRB0006677,Sweta Mehta,2026-02-20,Online Banking Fraud,40000.0,Tamil Nadu,Salem,ENT_000290
C000368,110895003819,CNRB0004455,Pranav Ali,2026-07-05,Online Banking Fraud,1000.0,Uttar Pradesh,Agra,ENT_000507
C000369,764318362436,BARB0006789,Sai Kumar,2026-01-15,Identity Theft,2500.0,Kerala,Kollam,ENT_000618
C000370,806799110299,BARB0003579,Rajesh Dubey,2026-04-10,Investment Fraud,440835.21,Rajasthan,Udaipur,ENT_000373
C000371,137186296056,HDFC0004321,Ramesh Verma,2026-03-11,Online Banking Fraud,2000.0,Andhra Pradesh,Visakhapatnam,ENT_000659
C000372,674066241127,ICIC0008765,Ms. Kunal Roy,2026-07-02,UPI Fraud,211291.27,Madhya Pradesh,Ujjain,ENT_000606
C000373,230258293666,SBIN0001234,Karan Biswas,2026-08-19,Online Banking Fraud,75000.0,Kerala,Thiruvananthapuram,ENT_000355
C000374,800320681066,SBIN0001234,Saanvi Patel,2026-05-28,Identity Theft,27635.73,West Bengal,Howrah,ENT_000653
C000375,939889089976,KKBK0001928,Swati Deshmukh,2026-04-02,Shopping Fraud,40000.0,Haryana,Ambala,ENT_000244
C000376,124722602367,PUNB0009876,Sanjay Srivastava,2026-07-12,Identity Theft,160571.68,Punjab,Amritsar,ENT_000595
C000377,782787430916,UBIN0009900,Ananya Ghosh,2026-03-11,Shopping Fraud,30000.0,Uttar Pradesh,Agra,ENT_000097
C000378,589943949569,BARB0006789,Vijay Pandey,2026-03-02,Identity Theft,205713.49,Gujarat,Jamnagar,ENT_000700
C000379,296546131054,KKBK0003210,Pranav Dubey,2026-02-25,Investment Fraud,10000.0,Gujarat,Bhavnagar,ENT_000036
C000380,670799496139,AXIS0006543,"Ghosh, Aryan",2026-04-12,Identity Theft,200000.0,Maharashtra,Nagpur,ENT_000047
C000381,188080452706,CNRB0004455,Pari Kumar,2026-01-01,Investment Fraud,409079.34,Rajasthan,Jodhpur,ENT_000072
C000382,998505323632,CNRB0008899,Sunil Agarwal,2026-02-08,UPI Fraud,12443.17,Rajasthan,Jodhpur,ENT_000103
C000383,430283186227,KKBK0003210,suresh saxena,2026-08-08,UPI Fraud,2500.0,Punjab,Ludhiana,ENT_000115
C000384,386894505438,PUNB0005432,Rohit Tiwari,2026-07-26,Payment Fraud,378350.21,Andhra Pradesh,Guntur,ENT_000177
C000385,735056084331,BARB0002345,Aditya Srivastava,2026-08-09,Phishing,20000.0,Andhra Pradesh,Guntur,ENT_000217
C000386,583092399018,PUNB0005432,Pari Singh,2026-02-19,UPI Fraud,296676.24,West Bengal,Kolkata,ENT_000195
C000387,708941592508,BARB0003579,Pari Rao,2026-05-17,UPI Fraud,246219.86,Tamil Nadu,Tiruchirappalli,ENT_000479
C000388,860923742690,PUNB0009876,Vihaan Gupta,2026-01-13,UPI Fraud,437133.15,Tamil Nadu,Tiruchirappalli,ENT_000260
C000389,173895795270,IDIB0005566,Chatterjee Roshni,2026-06-21,Identity Theft,198749.08,Punjab,Ludhiana,ENT_000306
C000390,899999819493,PUNB0001357,Siddharth Bhatia,2026-07-17,Investment Fraud,75000.0,Bihar,Bhagalpur,ENT_000508
C000391,944412769960,BARB0006789,gaurav mehta,2026-01-23,Phishing,74508.74,Delhi,East Delhi,ENT_000666
C000392,241844645681,SBIN0001234,Anita Ghosh,2026-03-19,Investment Fraud,231994.19,Punjab,Bathinda,ENT_000310
C000393,890875099755,KKBK0001928,Ashok Menon,2026-06-25,Phishing,250000.0,Maharashtra,Mumbai,ENT_000637
C000394,976707944458,PUNB0001357,Pankaj Malhotra,2026-02-17,Payment Fraud,15000.0,Kerala,Kozhikode,ENT_000445
C000395,855671426170,PUNB0005432,Pooja Patil,2026-07-02,Payment Fraud,5000.0,Haryana,Faridabad,ENT_000634
C000396,892761382374,AXIS0007890,Amit Reddy,2026-05-07,Shopping Fraud,500000.0,Madhya Pradesh,Jabalpur,ENT_000631
C000397,678790685708,BARB0006789,Rahul Shah,2026-05-25,Shopping Fraud,20000.0,Karnataka,Bengaluru Urban,ENT_000189
C000398,828273518134,SBIN0001234,Shaurya Tripathi,2026-07-21,Phishing,250000.0,Haryana,Karnal,ENT_000150
C000399,298964420838,KKBK0007890,Myra Agarwal,2026-02-08,Shopping Fraud,48802.96,Kerala,Thiruvananthapuram,ENT_000176
C000400,693263798805,ICIC0002468,Aadhya Joshi,2026-07-12,Payment Fraud,75000.0,Tamil Nadu,Coimbatore,ENT_000309
C000401,718966589553,ICIC0004321,Sanjay Bose,2026-04-23,Identity Theft,83586.05,Maharashtra,Thane,ENT_000159
C000402,967300992787,KKBK0003210,Neha Sharma,2026-01-27,Investment Fraud,153404.49,Tamil Nadu,Coimbatore,ENT_000241
C000403,324458279522,UBIN0005566,Ramesh Ghosh,2026-05-20,Identity Theft,100000.0,Uttar Pradesh,Agra,ENT_000076
C000404,480237414389,AXIS0007890,Roshni Jain,2026-01-28,Online Banking Fraud,2500.0,Tamil Nadu,Chennai,ENT_000184
C000405,635866560574,ICIC0004321,Sara Rao,2026-07-22,Shopping Fraud,250000.0,Bihar,Bhagalpur,ENT_000398
C000406,811364515897,SBIN0005678,Suresh Ahmed,2026-05-10,Online Banking Fraud,189629.48,Tamil Nadu,Chennai,ENT_000278
C000407,409029431863,SBIN0005678,Deepa Chatterjee,2026-02-05,Investment Fraud,443275.21,Gujarat,Surat,ENT_000299
C000408,998601810842,AXIS0006543,Meena Verma,2026-06-13,Investment Fraud,101252.77,Bihar,Gaya,ENT_000415
C000409,480237414389,AXIS0007890,Roshni Jain,2026-03-08,Phishing,457129.88,Punjab,Bathinda,ENT_000184
C000410,142400633488,CNRB0004455,Ajay Mukherjee,2026-08-24,Payment Fraud,237620.39,Haryana,Faridabad,ENT_000102
C000411,763340157198,UBIN0007788,Nikhil Nair,2026-05-17,Identity Theft,100000.0,Punjab,Bathinda,ENT_000452
C000412,720245039395,UBIN0005566,Pari Nair,2026-06-15,Online Banking Fraud,75000.0,West Bengal,Siliguri,ENT_000263
C000413,542146239550,IDIB0005566,Roshni Gupta,2026-08-04,Identity Theft,90977.36,Punjab,Amritsar,ENT_000224
C000414,587235620303,ICIC0008765,Kavita Shah,2026-08-04,Identity Theft,157298.44,Rajasthan,Udaipur,ENT_000300
C000415,942914148319,PUNB0001357,Saanvi Tiwari,2026-08-14,Investment Fraud,40000.0,Uttar Pradesh,Meerut,ENT_000160
C000416,133774683071,SBIN0009101,Sai Tripathi,2026-02-15,UPI Fraud,246078.36,Andhra Pradesh,Guntur,ENT_000488
C000417,521179644432,AXIS0003456,Sanjay Pawar,2026-05-06,Online Banking Fraud,500.0,Punjab,Patiala,ENT_000031
C000418,169869415070,ICIC0004321,Preeti Dey,2026-08-24,Payment Fraud,336218.99,Madhya Pradesh,Gwalior,ENT_000023
C000419,681980552757,AXIS0007890,Diya Banerjee,2026-02-24,Payment Fraud,169549.7,West Bengal,Kolkata,ENT_000409
C000420,651803604970,CNRB0008899,Kavya Nair,2026-01-07,Shopping Fraud,437975.68,Tamil Nadu,Tirunelveli,ENT_000071
C000421,426457316675,BARB0002345,Pranav Jain,2026-06-17,UPI Fraud,85043.0,Telangana,Karimnagar,ENT_000557
C000422,486988551875,IDIB0001122,Sweta Khan,2026-07-09,Identity Theft,161240.11,Rajasthan,Ajmer,ENT_000096
C000423,497363671483,BARB0006789,Karan Dubey,2026-05-30,Phishing,59331.84,Telangana,Rangareddy,ENT_000228
C000424,347859694204,PUNB0001357,Shreya Dutta,2026-01-09,Investment Fraud,239895.03,Madhya Pradesh,Ujjain,ENT_000482
C000425,124722602367,PUNB0009876,Sanjay Srivastava,2026-05-06,Identity Theft,75000.0,Punjab,Bathinda,ENT_000595
C000426,448079814698,UBIN0009900,Ajay Dey,2026-07-17,Payment Fraud,297165.07,Uttar Pradesh,Prayagraj,ENT_000247
C000427,830136378095,KKBK0007890,Kavya Kapoor,2026-07-22,Investment Fraud,100000.0,Bihar,Bhagalpur,ENT_000533
C000428,449565764637,PUNB0001357,Pranav Patel,2026-05-28,Online Banking Fraud,203140.15,Telangana,Karimnagar,ENT_000673
C000429,833588982571,IDIB0005566,Myra Ghosh,2026-05-23,Phishing,25000.0,Punjab,Ludhiana,ENT_000576
C000430,973271539679,SBIN0005678,Amit Agarwal,2026-04-03,Shopping Fraud,213284.61,Punjab,Jalandhar,ENT_000261
C000431,831486718843,ICIC0002468,Deepa Reddy,2026-01-30,Identity Theft,10000.0,Punjab,Ludhiana,ENT_000327
C000432,339940462494,AXIS0007890,ANIL MUKHERJEE,2026-08-17,Identity Theft,236932.32,Rajasthan,Jaipur,ENT_000324
C000433,226669858209,HDFC0001234,Riya Gaikwad,2026-05-16,Identity Theft,50000.0,Gujarat,Ahmedabad,ENT_000294
C000434,872871656178,HDFC0001234,Anika Verma,2026-04-02,Identity Theft,332788.56,Bihar,Darbhanga,ENT_000528
C000435,825278160363,KKBK0003210,Vikram Deshmukh,2026-01-23,Online Banking Fraud,222388.07,Gujarat,Bhavnagar,ENT_000316
C000436,148408984648,CNRB0008899,Ishan Srivastava,2026-07-14,Phishing,105317.92,Maharashtra,Nashik,ENT_000657
C000437,334774804042,BARB0003579,Aditya Singh,2026-05-24,Investment Fraud,471365.49,Karnataka,Hubballi-Dharwad,ENT_000304
C000438,101948728483,UBIN0009900,Sneha Shinde,2026-05-19,Shopping Fraud,380122.06,Rajasthan,Udaipur,ENT_000035
C000439,341976367027,PUNB0005432,Saanvi Kumar,2026-04-04,Investment Fraud,250000.0,Andhra Pradesh,Vijayawada,ENT_000366
C000440,468451477211,ICIC0008765,Dhruv Mishra,2026-06-22,Identity Theft,267184.45,Madhya Pradesh,Jabalpur,ENT_000305
C000441,746174432554,ICIC0002468,Aarav Nair,2026-04-11,Investment Fraud,294500.68,Gujarat,Vadodara,ENT_000007
C000442,347859694204,PUNB0001357,Shreya Dutta,2026-04-22,Investment Fraud,40000.0,Haryana,Karnal,ENT_000482
C000443,250490989573,UBIN0007788,Sunita Kulkarni,2026-03-24,Investment Fraud,55676.83,Kerala,Kozhikode,ENT_000516
C000444,293379984954,UBIN0009900,Sunita Khan,2026-01-18,Investment Fraud,386876.98,Maharashtra,Thane,ENT_000099
C000445,855832329275,PUNB0001357,Meera Tripathi,2026-06-11,Online Banking Fraud,500000.0,Madhya Pradesh,Ujjain,ENT_000301
C000446,786309570762,AXIS0006543,krishna joshi,2026-07-16,Investment Fraud,443740.17,Haryana,Gurugram,ENT_000427
C000447,175570100353,UBIN0005566,Riya Malhotra,2026-07-18,Investment Fraud,100000.0,Kerala,Kozhikode,ENT_000073
C000448,407732520156,ICIC0008765,Advaith Verma,2026-04-14,Shopping Fraud,40016.41,Kerala,Kollam,ENT_000462
C000449,873919986476,SBIN0009101,Sai Saxena,2026-05-13,Online Banking Fraud,165829.33,Madhya Pradesh,Indore,ENT_000014
C000450,806799110299,BARB0003579,Rajesh Dubey,2026-01-29,Investment Fraud,500000.0,Haryana,Gurugram,ENT_000373
C000451,204495226137,KKBK0001928,Manish Dutta,2026-05-12,Online Banking Fraud,380824.02,Uttar Pradesh,Noida,ENT_000389
C000452,680411980930,PUNB0001357,Gaurav Mehta,2026-03-28,UPI Fraud,1000.0,Maharashtra,Mumbai,ENT_000461
C000453,939124570476,HDFC0004321,Meera Pawar,2026-05-06,Identity Theft,500000.0,Madhya Pradesh,Indore,ENT_000038
C000454,635449182375,ICIC0004321,Meera Rao,2026-03-24,Shopping Fraud,200000.0,Gujarat,Vadodara,ENT_000052
C000455,847823556587,ICIC0004321,Ashok Patel,2026-03-10,UPI Fraud,294200.62,Rajasthan,Kota,ENT_000582
C000456,655999474067,BARB0006789,Pankaj K. Shah,2026-06-06,Online Banking Fraud,223371.43,Haryana,Panipat,ENT_000322
C000457,240728187316,HDFC0005678,AJAY YADAV,2026-02-13,Payment Fraud,169918.78,Kerala,Kochi,ENT_000043
C000458,446694606719,ICIC0004321,Dr. Diya Patil,2026-05-25,Payment Fraud,378367.08,Gujarat,Rajkot,ENT_000502
C000459,608698492376,IDIB0001122,Rahul Kapoor,2026-07-11,Online Banking Fraud,349806.07,Punjab,Ludhiana,ENT_000408
C000460,599263022595,KKBK0001928,Ritvik Kapoor,2026-01-10,Payment Fraud,30000.0,Uttar Pradesh,Lucknow,ENT_000238
C000461,246488330909,PUNB0009876,Aarav Malhotra,2026-03-18,Payment Fraud,339939.68,Haryana,Panipat,ENT_000686
C000462,439982645429,KKBK0001928,Vivaan Yadav,2026-08-09,Identity Theft,1500.0,West Bengal,North 24 Parganas,ENT_000233
C000463,589299895607,BARB0003579,Pooja Biswas,2026-06-02,Identity Theft,250000.0,Punjab,Ludhiana,ENT_000543
C000464,401189699468,BARB0006789,Roshni Dey,2026-04-30,Identity Theft,20450.32,Maharashtra,Nagpur,ENT_000320
C000465,644550144444,HDFC0004321,Amit Gupta,2026-04-19,Phishing,25000.0,Andhra Pradesh,Nellore,ENT_000556
C000466,149124433247,AXIS0007890,Kavita Srivastava,2026-03-06,Phishing,212068.99,Andhra Pradesh,Tirupati,ENT_000404
C000467,882360527749,UBIN0007788,Aadhya  Bhatia,2026-01-08,Investment Fraud,500.0,Punjab,Bathinda,ENT_000470
C000468,740170695850,KKBK0007890,Saanvi Pawar,2026-05-13,UPI Fraud,10000.0,Karnataka,Mysuru,ENT_000525
C000469,739029968283,BARB0006789,Rajesh Deshmukh,2026-01-25,Investment Fraud,2500.0,Rajasthan,Jodhpur,ENT_000120
C000470,401313951964,ICIC0004321,Advaith Gupta,2026-04-29,Shopping Fraud,40000.0,Maharashtra,Thane,ENT_000598
C000471,507365336000,SBIN0009101,Ishita Paul,2026-03-02,Online Banking Fraud,238118.14,Haryana,Ambala,ENT_000616
C000472,686788125561,SBIN0001234,Gaurav Pandey,2026-02-09,UPI Fraud,273299.72,Gujarat,Vadodara,ENT_000149
C000473,174866852259,UBIN0005566,Sunita Choudhury,2026-06-18,Payment Fraud,286319.01,Kerala,Thrissur,ENT_000113
C000474,546688090938,AXIS0006543,Ajay Dutta,2026-08-03,Phishing,344580.84,Telangana,Warangal,ENT_000206
C000475,627687082060,HDFC0001234,Krishna Malhotra,2026-02-04,Phishing,221833.75,Punjab,Amritsar,ENT_000196
C000476,842395153057,CNRB0004455,ISHITA KAPOOR,2026-05-26,UPI Fraud,458692.36,Rajasthan,Kota,ENT_000255
C000477,294622935239,AXIS0003456,RAMESH DUTTA,2026-01-23,Online Banking Fraud,7500.0,Madhya Pradesh,Jabalpur,ENT_000690
C000478,743158526982,AXIS0007890,Siddharth Bhatia,2026-05-23,Online Banking Fraud,70578.12,Andhra Pradesh,Vijayawada,ENT_000027
C000479,800320681066,SBIN0001234,Saanvi Patel,2026-06-23,Online Banking Fraud,1000.0,Punjab,Bathinda,ENT_000653
C000480,461619890171,ICIC0008765,Swati Mishra,2026-03-16,Online Banking Fraud,500.0,Delhi,Central Delhi,ENT_000632
C000481,929604758482,BARB0006789,Reyansh Srivastava,2026-08-12,Payment Fraud,1000.0,Maharashtra,Nashik,ENT_000347
C000482,730855031651,BARB0002345,Ajay Ghosh,2026-05-25,Shopping Fraud,172197.94,Kerala,Kochi,ENT_000053
C000483,325333063288,PUNB0005432,Ritvik Mehta,2026-07-08,UPI Fraud,2000.0,Gujarat,Surat,ENT_000495
C000484,214547351220,CNRB0004455,Diya Jain,2026-03-29,Identity Theft,343315.9,Punjab,Amritsar,ENT_000222
C000485,538280978812,SBIN0005678,Preeti Yadav,2026-02-17,Payment Fraud,75000.0,Delhi,West Delhi,ENT_000509
C000486,572899688547,PUNB0001357,Sunil Dey,2026-02-04,Phishing,243983.74,Gujarat,Rajkot,ENT_000169
C000487,920422004102,KKBK0001928,Reyansh Agarwal,2026-07-10,UPI Fraud,25000.0,West Bengal,North 24 Parganas,ENT_000155
C000488,850853317874,ICIC0008765,Arjun Mishra,2026-05-23,Identity Theft,373181.13,Andhra Pradesh,Vijayawada,ENT_000527
C000489,401313951964,ICIC0004321,Advaith Gupta,2026-05-15,Identity Theft,393566.47,Kerala,Kollam,ENT_000598
C000490,631034820387,CNRB0004455,Deepa Yadav,2026-07-25,UPI Fraud,236098.5,Andhra Pradesh,Visakhapatnam,ENT_000411
C000491,114651587328,SBIN0001234,Kavya Paul,2026-06-27,Shopping Fraud,150000.0,Andhra Pradesh,Nellore,ENT_000644
C000492,666918371818,AXIS0006543,Karan Roy,2026-05-08,UPI Fraud,169541.84,Delhi,North Delhi,ENT_000503
C000493,529433631560,ICIC0002468,Sunil Dutta,2026-03-31,Identity Theft,2500.0,West Bengal,South 24 Parganas,ENT_000066
C000494,472210151899,CNRB0006677,Dhruv Tiwari,2026-04-15,Phishing,500.0,Haryana,Karnal,ENT_000401
C000495,458236319765,AXIS0003456,"Yadav, Amit",2026-03-05,Phishing,468517.66,Telangana,Karimnagar,ENT_000116
C000496,290828210234,HDFC0005678,Swati Gaikwad,2026-06-18,Phishing,76621.28,Telangana,Karimnagar,ENT_000356
C000497,921428173109,SBIN0001234,Anita Kumar,2026-02-21,Shopping Fraud,500000.0,Delhi,North Delhi,ENT_000435
C000498,165606286550,KKBK0001928,Aadhya Dubey,2026-03-24,Identity Theft,355879.14,Karnataka,Hubballi-Dharwad,ENT_000607
C000499,829326155336,AXIS0007890,aditya ghosh,2026-04-19,Online Banking Fraud,5000.0,Madhya Pradesh,Jabalpur,ENT_000599
C000500,718187630594,UBIN0007788,Neha Rao,2026-08-19,Phishing,184388.85,Andhra Pradesh,Tirupati,ENT_000545
C000501,394936156580,UBIN0007788,Ishan Tiwari,2026-07-12,Identity Theft,31750.59,Delhi,South Delhi,ENT_000018
C000502,882360527749,UBIN0007788,Aadhya Bhatia,2026-03-21,Online Banking Fraud,20000.0,Haryana,Ambala,ENT_000470
C000503,329692249128,CNRB0004455,Sunita Roy,2026-06-20,Payment Fraud,149571.55,Punjab,Ludhiana,ENT_000620
C000504,595070021138,ICIC0008765,Ritvik Shah,2026-08-10,Identity Theft,2000.0,Telangana,Hyderabad,ENT_000499
C000505,388472023723,KKBK0003210,Nikhil Chatterjee,2026-02-02,Identity Theft,125213.78,Tamil Nadu,Tirunelveli,ENT_000044
C000506,892975625286,BARB0006789,"Reddy, Swati",2026-04-29,Identity Theft,406505.97,Karnataka,Belagavi,ENT_000526
C000507,728107796415,KKBK0003210,Saanvi Srivastava,2026-05-23,UPI Fraud,88498.91,Gujarat,Vadodara,ENT_000680
C000508,935122206857,SBIN0005678,Angel Sen,2026-06-12,Payment Fraud,310517.02,Maharashtra,Solapur,ENT_000229
C000509,518008488562,BARB0006789,Kavya Dutta,2026-06-02,UPI Fraud,312870.65,Haryana,Panipat,ENT_000321
C000510,887397615467,KKBK0007890,Advik Srivastava,2026-05-28,Payment Fraud,50000.0,Gujarat,Bhavnagar,ENT_000549
C000511,650925102373,KKBK0001928,Karan Ahmed,2026-02-19,UPI Fraud,342779.26,Tamil Nadu,Chennai,ENT_000214
C000512,697775508839,PUNB0009876,Rajesh Shah,2026-08-08,Investment Fraud,2500.0,Rajasthan,Kota,ENT_000450
C000513,559913616724,UBIN0005566,Preeti Pawar,2026-04-03,Phishing,250000.0,Rajasthan,Jaipur,ENT_000075
C000514,595904407913,SBIN0005678,Bhatia Aayan,2026-08-15,Payment Fraud,500.0,West Bengal,South 24 Parganas,ENT_000377
C000515,540909937895,SBIN0009101,Ritvik Biswas,2026-06-29,Shopping Fraud,150000.0,Kerala,Thiruvananthapuram,ENT_000342
C000516,552790822417,AXIS0006543,Reyansh Srivastava,2026-06-26,Online Banking Fraud,151281.82,Uttar Pradesh,Noida,ENT_000056
C000517,878453131767,AXIS0006543,Deepak Pawar,2026-01-19,Investment Fraud,27642.51,Haryana,Faridabad,ENT_000385
C000518,456193888210,CNRB0004455,Anika Bose,2026-02-27,Identity Theft,105989.52,Maharashtra,Pune,ENT_000245
C000519,721715610769,IDIB0001122,Anil  Srivastava,2026-07-30,Phishing,500000.0,Gujarat,Jamnagar,ENT_000372
C000520,877579719274,AXIS0007890,Aarav Pawar,2026-03-08,Shopping Fraud,40000.0,Delhi,South Delhi,ENT_000111
C000521,309720703079,SBIN0005678, Neha Kapoor,2026-07-05,Identity Theft,50000.0,Punjab,Patiala,ENT_000617
C000522,962050089293,BARB0003579,Ananya Biswas,2026-05-03,Investment Fraud,141487.56,Karnataka,Hubballi-Dharwad,ENT_000672
C000523,727588670509,UBIN0005566,Meera Kapoor,2026-03-05,Online Banking Fraud,20000.0,Telangana,Karimnagar,ENT_000540
C000524,696695139934,IDIB0001122,Navya Dey,2026-01-14,Payment Fraud,500.0,Karnataka,Kalaburagi,ENT_000045
C000525,311625223853,IDIB0003344,Advaith Jain,2026-01-29,Identity Theft,500000.0,Madhya Pradesh,Bhopal,ENT_000560
C000526,434821263002,KKBK0007890,Priya Srivastava,2026-01-15,Phishing,36156.66,Karnataka,Mysuru,ENT_000492
C000527,597707816158,ICIC0008765,Sanjay Mishra,2026-03-25,UPI Fraud,431752.58,Maharashtra,Nashik,ENT_000174
C000528,837884981282,CNRB0004455,Priya Sen,2026-01-23,Payment Fraud,184775.22,Tamil Nadu,Madurai,ENT_000100
C000529,168300472052,HDFC0004321,Swati Sharma,2026-01-18,Payment Fraud,305354.46,Andhra Pradesh,Vijayawada,ENT_000065
C000530,189761667273,PUNB0005432,Ritvik Kumar,2026-03-09,Online Banking Fraud,15000.0,Tamil Nadu,Salem,ENT_000319
C000531,945999235805,IDIB0005566,Sweta Verma,2026-02-15,Shopping Fraud,1500.0,Karnataka,Bengaluru Urban,ENT_000338
C000532,572899688547,PUNB0001357,Sunil Dey,2026-04-11,Payment Fraud,245728.66,Karnataka,Bengaluru Urban,ENT_000169
C000533,747939482105,AXIS0007890,Suresh Mishra,2026-03-05,UPI Fraud,459056.52,Punjab,Ludhiana,ENT_000202
C000534,451990349323,BARB0003579,Ashok Gaikwad,2026-06-26,Investment Fraud,500.0,Gujarat,Surat,ENT_000256
C000535,534932502545,HDFC0005678,Vikram Deshmukh,2026-01-05,Payment Fraud,15000.0,Bihar,Patna,ENT_000077
C000536,948676594151,UBIN0005566,Rajesh Ghosh,2026-01-23,UPI Fraud,457248.04,Bihar,Bhagalpur,ENT_000605
C000537,795669368396,BARB0006789,Riya Dey,2026-04-15,Payment Fraud,493331.3,Delhi,South Delhi,ENT_000232
C000538,497363671483,BARB0006789,Karan Dubey,2026-02-20,UPI Fraud,75000.0,Bihar,Muzaffarpur,ENT_000228
C000539,764412655714,UBIN0007788,Angel Malhotra,2026-02-15,Investment Fraud,180414.23,Bihar,Darbhanga,ENT_000623
C000540,198915919054,UBIN0009900,Kavya Chatterjee,2026-07-21,Identity Theft,1500.0,Karnataka,Hubballi-Dharwad,ENT_000343
C000541,755439143467,IDIB0003344,Sara Pawar,2026-05-10,Investment Fraud,150000.0,Tamil Nadu,Tirunelveli,ENT_000200
C000542,269121724065,HDFC0004321,Pari Bose,2026-01-31,Payment Fraud,7500.0,Kerala,Kollam,ENT_000402
C000543,871590378377,KKBK0001928,Alok Mukherjee,2026-05-13,Payment Fraud,287830.08,Rajasthan,Ajmer,ENT_000006
C000544,339940462494,AXIS0007890,Anil Mukherjee,2026-02-10,Investment Fraud,202006.82,Bihar,Darbhanga,ENT_000324
C000545,506568138339,SBIN0009101,Varun Tripathi,2026-02-09,Payment Fraud,7500.0,Karnataka,Mysuru,ENT_000167
C000546,482016878181,BARB0002345,Vikram Dubey,2026-08-11,Investment Fraud,75000.0,West Bengal,Darjeeling,ENT_000269
C000547,557717515381,HDFC0004321,Shaurya Pawar,2026-06-22,Identity Theft,38476.4,Karnataka,Mangaluru,ENT_000431
C000548,101843567009,BARB0006789,Anita Ghosh,2026-01-13,Phishing,1500.0,Andhra Pradesh,Guntur,ENT_000430
C000549,351487177987,BARB0002345,Sara Sharma,2026-08-11,Shopping Fraud,47024.26,Kerala,Thiruvananthapuram,ENT_000049
C000550,244092801172,CNRB0008899,Rahul Ahmed,2026-05-09,UPI Fraud,191143.78,Gujarat,Surat,ENT_000230
C000551,696695139934,IDIB0001122,Navya Dey,2026-08-01,Online Banking Fraud,338279.16,Madhya Pradesh,Gwalior,ENT_000045
C000552,326303975452,AXIS0007890,Varun Choudhury,2026-06-18,Online Banking Fraud,300157.91,Rajasthan,Udaipur,ENT_000530
C000553,950194325949,BARB0003579,Karan Deshmukh,2026-04-02,UPI Fraud,100000.0,Madhya Pradesh,Jabalpur,ENT_000371
C000554,899999819493,PUNB0001357,Siddharth Bhatia,2026-04-23,Payment Fraud,100000.0,Gujarat,Jamnagar,ENT_000508
C000555,849325047857,KKBK0003210,Meena Rao,2026-05-14,Shopping Fraud,68582.08,Maharashtra,Mumbai,ENT_000478
C000556,619349682898,CNRB0004455,Aayan Dey,2026-08-20,Phishing,498426.73,Haryana,Panipat,ENT_000531
C000557,318212526070,HDFC0005678,Vihaan Gupta,2026-04-29,UPI Fraud,250000.0,Karnataka,Bengaluru Urban,ENT_000125
C000558,980891814797,UBIN0009900,Ajay Mehta,2026-06-28,Online Banking Fraud,55096.47,Uttar Pradesh,Noida,ENT_000627
C000559,822639765311,HDFC0005678,Nikhil Kapoor,2026-02-27,Online Banking Fraud,4211.28,Uttar Pradesh,Agra,ENT_000699
C000560,330675680000,AXIS0006543,Amit Bose,2026-02-04,UPI Fraud,50000.0,Andhra Pradesh,Nellore,ENT_000696
C000561,835855226311,HDFC0001234,Kunal Agarwal,2026-07-25,Payment Fraud,22403.9,Telangana,Karimnagar,ENT_000331
C000562,738506846386,PUNB0001357,Ajay Yadav,2026-05-06,Online Banking Fraud,89631.86,Gujarat,Ahmedabad,ENT_000183
C000563,698513567016,PUNB0005432,Aadhya Srivastava,2026-05-04,Phishing,246424.02,Maharashtra,Solapur,ENT_000438
C000564,448348407515,ICIC0008765,Sanjay Joshi,2026-08-04,Payment Fraud,152389.13,Kerala,Kollam,ENT_000498
C000565,592650091135,ICIC0004321,Rahul Bose,2026-05-14,Investment Fraud,92351.16,Madhya Pradesh,Ujjain,ENT_000465
C000566,799050464905,UBIN0007788,Advik Ahmed,2026-06-14,Online Banking Fraud,488656.83,Haryana,Panipat,ENT_000259
C000567,774778990070,UBIN0009900,Riya Ghosh,2026-01-03,Identity Theft,191552.24,Madhya Pradesh,Ujjain,ENT_000546
C000568,806799110299,BARB0003579,R. Dubey,2026-04-23,Investment Fraud,3790.49,Telangana,Warangal,ENT_000373
C000569,681739352909,UBIN0007788,Kavita Kumar,2026-06-11,Investment Fraud,286643.57,Tamil Nadu,Chennai,ENT_000578
C000570,242596327861,IDIB0003344,Meera Bhatia,2026-01-27,Investment Fraud,278786.94,Madhya Pradesh,Bhopal,ENT_000281
C000571,600446723343,HDFC0005678,Tanvi Rao,2026-04-21,Identity Theft,100438.45,Bihar,Muzaffarpur,ENT_000517
C000572,200536554489,ICIC0008765,Advaith Deshmukh,2026-06-11,Online Banking Fraud,1000.0,Gujarat,Vadodara,ENT_000234
C000573,802060293051,ICIC0002468,Sunil Das,2026-07-24,Investment Fraud,398556.32,Uttar Pradesh,Meerut,ENT_000266
C000574,369946052512,IDIB0005566,Sen Atharv,2026-02-08,UPI Fraud,85476.38,Maharashtra,Thane,ENT_000173
C000575,296546131054,KKBK0003210,Pranav Dubey,2026-03-30,Online Banking Fraud,200000.0,Andhra Pradesh,Guntur,ENT_000036
C000576,755235594840,PUNB0005432,Deepak Choudhury,2026-05-03,Payment Fraud,172345.04,Bihar,Muzaffarpur,ENT_000132
C000577,866320981994,UBIN0009900,Sweta Saxena,2026-06-07,Identity Theft,109013.72,Haryana,Ambala,ENT_000067
C000578,935608119076,ICIC0008765,Ajay Tripathi,2026-05-09,Payment Fraud,400324.94,Haryana,Gurugram,ENT_000180
C000579,722414826633,HDFC0001234,Aayan Yadav,2026-02-09,Investment Fraud,454912.83,Delhi,West Delhi,ENT_000579
C000580,374851785492,HDFC0001234,Sweta Khan,2026-07-30,UPI Fraud,79906.74,Rajasthan,Udaipur,ENT_000199
C000581,105360321413,ICIC0002468,Manish Ghosh,2026-01-16,Phishing,500000.0,Tamil Nadu,Coimbatore,ENT_000566
C000582,837060762325,AXIS0003456,Geeta Verma,2026-04-23,Investment Fraud,15000.0,Maharashtra,Nagpur,ENT_000175
C000583,700088939243,AXIS0007890,Ishita Kapoor,2026-04-20,Investment Fraud,304161.01,Haryana,Faridabad,ENT_000596
C000584,670799496139,AXIS0006543,Aryan Ghosh,2026-06-16,Online Banking Fraud,1000.0,Delhi,Central Delhi,ENT_000047
C000585,662206448862,AXIS0006543,Aayan Deshmukh,2026-06-17,Payment Fraud,159089.36,Haryana,Faridabad,ENT_000583
C000586,152062942213,ICIC0008765,Alok Dubey,2026-03-15,Online Banking Fraud,485195.16,Bihar,Bhagalpur,ENT_000426
C000587,827197730438,CNRB0004455,Aryan Paul,2026-04-30,Phishing,268194.31,West Bengal,South 24 Parganas,ENT_000114
C000588,592992668649,ICIC0008765,Ishita Ghosh,2026-02-15,Phishing,242138.2,Uttar Pradesh,Meerut,ENT_000406
C000589,595554950233,CNRB0008899,Deepak Roy,2026-01-08,Online Banking Fraud,7500.0,Haryana,Karnal,ENT_000201
C000590,566854953850,PUNB0005432,Rohit Reddy,2026-03-30,UPI Fraud,148068.39,Rajasthan,Jodhpur,ENT_000008
C000591,757475491416,SBIN0005678,Pankaj Biswas,2026-05-24,Identity Theft,141697.1,Punjab,Jalandhar,ENT_000215
C000592,449565764637,PUNB0001357,Pranav Patel,2026-06-03,Identity Theft,2000.0,Haryana,Faridabad,ENT_000673
C000593,225689924079,CNRB0006677,Shri Pranav Biswas,2026-06-10,Phishing,3399.78,Gujarat,Jamnagar,ENT_000084
C000594,939124570476,HDFC0004321,Meera Pawar,2026-07-18,Shopping Fraud,250000.0,Gujarat,Ahmedabad,ENT_000038
C000595,721715610769,IDIB0001122,Anil Srivastava,2026-03-09,Phishing,7500.0,Delhi,New Delhi,ENT_000372
C000596,409454714700,KKBK0007890,Ajay Dutta,2026-07-26,Investment Fraud,11165.74,Bihar,Muzaffarpur,ENT_000506
C000597,693263798805,ICIC0002468,AADHYA JOSHI,2026-02-23,Shopping Fraud,457987.46,Karnataka,Mysuru,ENT_000309
C000598,948676594151,UBIN0005566,Rajesh Ghosh,2026-02-04,Investment Fraud,225717.48,Haryana,Karnal,ENT_000605
C000599,998505323632,CNRB0008899,Sunil Agarwal,2026-03-28,Investment Fraud,382569.5,Madhya Pradesh,Indore,ENT_000103
C000600,741535897688,KKBK0001928,Ritvik Ali,2026-06-22,Identity Theft,150000.0,Haryana,Karnal,ENT_000093
C000601,179421446737,BARB0002345,Reyansh Reddy,2026-03-10,Identity Theft,322954.63,Punjab,Jalandhar,ENT_000197
C000602,324433497350,PUNB0005432,Shaurya Ahmed,2026-08-07,Investment Fraud,3372.4,Gujarat,Rajkot,ENT_000615
C000603,841951355259,ICIC0002468,Swati Dubey,2026-04-06,Identity Theft,5000.0,Rajasthan,Bikaner,ENT_000288
C000604,459422681391,IDIB0005566,Aayan Mukherjee,2026-04-10,Payment Fraud,2000.0,Telangana,Karimnagar,ENT_000021
C000605,609136562669,AXIS0007890,Reyansh Banerjee,2026-08-12,Phishing,443478.35,Delhi,Central Delhi,ENT_000227
C000606,395585753511,BARB0002345,Menon Sai,2026-03-07,UPI Fraud,1000.0,Madhya Pradesh,Jabalpur,ENT_000218
C000607,981276450865,IDIB0001122,Sweta Chatterjee,2026-02-07,UPI Fraud,18842.17,Maharashtra,Pune,ENT_000619
C000608,803686852877,ICIC0002468,Shreya Patil,2026-02-13,Shopping Fraud,100000.0,Haryana,Panipat,ENT_000136
C000609,915149650491,CNRB0006677,Sai Ahmed,2026-05-12,Identity Theft,2500.0,Delhi,New Delhi,ENT_000380
C000610,770572261344,CNRB0006677,Atharv Kumar,2026-02-15,Payment Fraud,315708.24,Madhya Pradesh,Ujjain,ENT_000474
C000611,368004468323,HDFC0005678,Aarav Shah,2026-01-09,Payment Fraud,123269.5,Haryana,Faridabad,ENT_000128
C000612,472646369774,HDFC0001234,Atharv Kapoor,2026-01-30,Shopping Fraud,71266.75,Haryana,Gurugram,ENT_000009
C000613,341781900773,AXIS0003456,Priya Roy,2026-07-26,Online Banking Fraud,50000.0,West Bengal,Howrah,ENT_000182
C000614,889191331391,HDFC0001234,Smt. Diya Roy,2026-05-08,Identity Theft,77570.72,Madhya Pradesh,Gwalior,ENT_000161
C000615,797977210972,HDFC0001234,Kavya Shinde,2026-02-04,Investment Fraud,45731.74,Madhya Pradesh,Gwalior,ENT_000367
C000616,772260083878,HDFC0004321,Kavita Bhatia,2026-05-13,Investment Fraud,282020.55,Tamil Nadu,Coimbatore,ENT_000386
C000617,542876297368,SBIN0001234,Rajesh Nair,2026-08-17,Payment Fraud,1500.0,Punjab,Amritsar,ENT_000362
C000618,619406611023,SBIN0005678,Rahul Khan,2026-03-08,Phishing,200000.0,West Bengal,South 24 Parganas,ENT_000589
C000619,982671983350,UBIN0009900,Diya Verma,2026-05-23,Shopping Fraud,500.0,Telangana,Karimnagar,ENT_000456
C000620,112637644335,UBIN0005566,Advaith Srivastava,2026-03-16,UPI Fraud,200000.0,Bihar,Gaya,ENT_000032
C000621,369867237953,KKBK0007890,Roshni Tripathi,2026-07-23,UPI Fraud,104061.75,Gujarat,Jamnagar,ENT_000633
C000622,781921266516,PUNB0009876,PRIYA DEY,2026-05-06,Shopping Fraud,403273.42,West Bengal,Kolkata,ENT_000670
C000623,587938676045,AXIS0007890,Neha A. Chatterjee,2026-05-19,Payment Fraud,20000.0,Bihar,Gaya,ENT_000349
C000624,321837374500,IDIB0001122,Rahul Mehta,2026-07-18,Identity Theft,2500.0,Rajasthan,Kota,ENT_000552
C000625,786211639937,IDIB0003344,Saanvi Paul,2026-04-15,Phishing,50000.0,Madhya Pradesh,Gwalior,ENT_000403
C000626,446809914267,SBIN0005678,Reyansh Pandey,2026-01-07,Online Banking Fraud,25000.0,Gujarat,Jamnagar,ENT_000070
C000627,810533231606,IDIB0003344,Sunita Mishra,2026-07-02,Shopping Fraud,2552.88,Gujarat,Rajkot,ENT_000654
C000628,902902156753,BARB0006789,Kavya Ali,2026-03-17,Phishing,401569.65,Karnataka,Belagavi,ENT_000424
C000629,711071920529,SBIN0001234,Shreya Banerjee,2026-01-16,Shopping Fraud,150000.0,Delhi,West Delhi,ENT_000178
C000630,491257417623,CNRB0004455,Meena Tiwari,2026-04-27,Shopping Fraud,100000.0,Tamil Nadu,Madurai,ENT_000010
C000631,128355454532,KKBK0001928,Navya Dey,2026-01-28,UPI Fraud,10000.0,Telangana,Nizamabad,ENT_000005
C000632,995392845738,SBIN0001234,deepa jain,2026-05-30,UPI Fraud,285608.51,Punjab,Jalandhar,ENT_000521
C000633,365923443265,KKBK0001928,Rajesh Dutta,2026-07-16,Phishing,40000.0,Maharashtra,Mumbai,ENT_000624
C000634,446694606719,ICIC0004321,Diya Patil,2026-06-10,Online Banking Fraud,1000.0,Gujarat,Surat,ENT_000502
C000635,364684869097,ICIC0002468,Deepak Kumar,2026-07-15,Online Banking Fraud,491340.99,Punjab,Ludhiana,ENT_000137
C000636,277660601409,PUNB0001357,Anita Chatterjee,2026-04-20,Investment Fraud,7500.0,Gujarat,Bhavnagar,ENT_000017
C000637,347278876628,IDIB0003344,Nikhil Yadav,2026-04-28,Identity Theft,1500.0,West Bengal,Kolkata,ENT_000337
C000638,682214113345,HDFC0005678,Manish Ghosh,2026-02-21,UPI Fraud,126928.93,Karnataka,Mysuru,ENT_000614
C000639,346998225159,HDFC0001234,Navya Rao,2026-02-02,Online Banking Fraud,85718.69,Gujarat,Jamnagar,ENT_000471
C000640,189540907419,BARB0003579,Arjun Patel,2026-02-09,Online Banking Fraud,100000.0,Gujarat,Bhavnagar,ENT_000651
C000641,665883171878,HDFC0001234,Meena Ali,2026-02-11,Online Banking Fraud,15000.0,Uttar Pradesh,Varanasi,ENT_000350
C000642,166814103555,BARB0002345,Sweta Yadav,2026-03-14,UPI Fraud,411143.48,Rajasthan,Ajmer,ENT_000330
C000643,587938676045,AXIS0007890,Neha S Chatterjee,2026-02-08,Shopping Fraud,257936.03,Bihar,Muzaffarpur,ENT_000349
C000644,586655303096,PUNB0001357,Neha Shah,2026-03-25,Payment Fraud,396319.25,Madhya Pradesh,Bhopal,ENT_000674
C000645,655999474067,BARB0006789,Pankaj Shah,2026-01-29,Payment Fraud,30000.0,Karnataka,Mangaluru,ENT_000322
C000646,699910770735,HDFC0004321,Ishan Ahmed,2026-08-22,Payment Fraud,284687.24,Karnataka,Mangaluru,ENT_000268
C000647,409713913259,UBIN0005566,Ashok Pawar,2026-02-16,Identity Theft,426199.44,Delhi,New Delhi,ENT_000351
C000648,718187630594,UBIN0007788,Neha Rao,2026-08-05,Investment Fraud,326206.93,Andhra Pradesh,Guntur,ENT_000545
C000649,856804495442,UBIN0007788,Ashok Mehta,2026-04-25,Phishing,20000.0,Karnataka,Kalaburagi,ENT_000538
C000650,496260389877,KKBK0003210,Karan Deshmukh,2026-02-01,Identity Theft,164939.66,Gujarat,Surat,ENT_000626
C000651,762809324231,ICIC0002468,Vihaan Patel,2026-05-04,UPI Fraud,15000.0,Andhra Pradesh,Visakhapatnam,ENT_000216
C000652,139742680014,IDIB0001122,Anika Dutta,2026-06-28,Payment Fraud,344760.67,Gujarat,Ahmedabad,ENT_000443
C000653,235448546713,AXIS0006543,Deepa Srivastava,2026-04-01,Shopping Fraud,400056.4,Maharashtra,Nagpur,ENT_000287
C000654,231717138423,AXIS0006543,Suresh Nair,2026-08-20,Phishing,298754.65,Uttar Pradesh,Kanpur,ENT_000570
C000655,192755074844,CNRB0006677,reyansh reddy,2026-01-31,Payment Fraud,15000.0,Uttar Pradesh,Kanpur,ENT_000346
C000656,353543257595,PUNB0009876,Rahul Bose ,2026-07-22,Shopping Fraud,200000.0,West Bengal,North 24 Parganas,ENT_000207
C000657,254608246768,KKBK0003210,Karan Patel,2026-02-09,Phishing,100000.0,Bihar,Patna,ENT_000028
C000658,944741523484,KKBK0001928,Vihaan Paul,2026-01-31,Identity Theft,69096.04,Uttar Pradesh,Agra,ENT_000695
C000659,262239677678,IDIB0003344,Aarav Sen,2026-03-06,Online Banking Fraud,345452.13,Tamil Nadu,Tirunelveli,ENT_000308
C000660,188080452706,CNRB0004455,Pari Kumar,2026-06-05,Payment Fraud,40000.0,Delhi,West Delhi,ENT_000072
C000661,931850734401,BARB0006789,Shaurya Pawar,2026-06-18,Online Banking Fraud,40000.0,Haryana,Ambala,ENT_000577
C000662,626972684219,BARB0003579,Pari Rao,2026-03-05,Phishing,111592.1,Madhya Pradesh,Indore,ENT_000439
C000663,146311066182,PUNB0001357,Ishita Ali,2026-06-05,Investment Fraud,2000.0,Andhra Pradesh,Vijayawada,ENT_000166
C000664,601908189135,SBIN0009101,Ira Das,2026-01-09,Identity Theft,140661.78,Telangana,Warangal,ENT_000208
C000665,512060416063,HDFC0001234,Ira Kulkarni,2026-07-30,Identity Theft,204900.77,Gujarat,Surat,ENT_000289
C000666,859659881269,BARB0003579,Vihaan Tiwari,2026-07-23,Identity Theft,500000.0,Uttar Pradesh,Agra,ENT_000523
C000667,173899557866,HDFC0001234,Arjun Ahmed,2026-05-18,Investment Fraud,20106.19,Delhi,West Delhi,ENT_000600
C000668,965467382366,KKBK0003210,Roshni M Verma,2026-05-10,Phishing,2000.0,Rajasthan,Jaipur,ENT_000433
C000669,678187556104,ICIC0002468,Anita Sen,2026-04-06,Investment Fraud,151663.04,Gujarat,Surat,ENT_000648
C000670,447300118003,BARB0002345,Nikhil Mishra,2026-04-02,Shopping Fraud,200000.0,Gujarat,Rajkot,ENT_000360
C000671,895651263417,CNRB0004455,Ananya Jain,2026-06-18,Payment Fraud,25000.0,West Bengal,Darjeeling,ENT_000390
C000672,778759018230,SBIN0009101,Riya Dubey,2026-01-23,UPI Fraud,334676.45,Maharashtra,Aurangabad,ENT_000257
C000673,164058325585,KKBK0001928,Kunal Khan,2026-07-16,Investment Fraud,5000.0,Tamil Nadu,Tirunelveli,ENT_000613
C000674,426029368922,PUNB0005432,Alok Menon,2026-04-25,Phishing,100000.0,Karnataka,Mangaluru,ENT_000280
C000675,272056016376,AXIS0006543,Alok Kulkarni,2026-02-01,Shopping Fraud,192706.55,Punjab,Ludhiana,ENT_000494
C000676,813181846360,KKBK0001928,Vivaan Patel,2026-07-29,UPI Fraud,211445.81,Madhya Pradesh,Gwalior,ENT_000062
C000677,223005401501,SBIN0001234,Rohit Ghosh,2026-05-20,UPI Fraud,180084.98,Uttar Pradesh,Ghaziabad,ENT_000001
C000678,578737987515,IDIB0005566,Neha Mehta,2026-08-05,UPI Fraud,40000.0,Karnataka,Mangaluru,ENT_000172
C000679,848122047461,BARB0002345,Swati Patel,2026-02-27,Online Banking Fraud,308662.57,Gujarat,Surat,ENT_000669
C000680,518597220210,ICIC0002468,Sweta Mukherjee,2026-08-09,Online Banking Fraud,106869.93,Andhra Pradesh,Tirupati,ENT_000020
C000681,903881442358,IDIB0003344,Anita Nair,2026-03-20,Phishing,162299.96,Tamil Nadu,Chennai,ENT_000636
C000682,867321912243,UBIN0005566,Gaurav Rao,2026-05-16,Identity Theft,49133.48,Andhra Pradesh,Guntur,ENT_000392
C000683,251282538206,UBIN0009900,Pranav Srivastava,2026-06-02,Identity Theft,55130.03,Haryana,Karnal,ENT_000002
C000684,240728187316,HDFC0005678,Ajay Yadav,2026-02-04,Shopping Fraud,459424.97,Haryana,Gurugram,ENT_000043
C000685,305023162379,KKBK0007890,Shreya Kapoor,2026-03-22,Phishing,355361.53,Telangana,Warangal,ENT_000463
C000686,709697887681,ICIC0002468,Dhruv Dubey,2026-06-25,Identity Theft,290024.41,Andhra Pradesh,Visakhapatnam,ENT_000484
C000687,651613895273,CNRB0008899,Aayan  Joshi,2026-07-01,Payment Fraud,130572.8,West Bengal,Kolkata,ENT_000480
C000688,819007192634,CNRB0008899,Ajay Kulkarni,2026-05-21,Investment Fraud,40000.0,Kerala,Thiruvananthapuram,ENT_000551
C000689,277660601409,PUNB0001357,Anita Chatterjee,2026-03-20,Online Banking Fraud,429032.09,Gujarat,Jamnagar,ENT_000017
C000690,480237414389,AXIS0007890,Roshni Jain,2026-06-30,Identity Theft,142223.91,Haryana,Gurugram,ENT_000184
C000691,290008774121,KKBK0001928,Ishan Nair,2026-04-08,Phishing,21595.34,West Bengal,Hooghly,ENT_000205
C000692,213604131741,IDIB0003344,Geeta Dey,2026-02-23,Payment Fraud,50000.0,Gujarat,Rajkot,ENT_000383
C000693,666918371818,AXIS0006543,Karan Roy,2026-04-14,Shopping Fraud,406231.69,Gujarat,Rajkot,ENT_000503
C000694,970967089400,BARB0003579,Navya Ali,2026-04-15,Payment Fraud,500.0,Tamil Nadu,Tirunelveli,ENT_000209
C000695,207267163908,AXIS0003456,Deepa Jain,2026-06-08,Shopping Fraud,500000.0,Haryana,Gurugram,ENT_000513
C000696,497363671483,BARB0006789,Karan Dubey,2026-06-27,Online Banking Fraud,154060.45,West Bengal,Hooghly,ENT_000228
C000697,886883662637,PUNB0005432,Angel Srivastava,2026-01-04,Identity Theft,500.0,West Bengal,Kolkata,ENT_000086
C000698,218910883301,KKBK0007890,Deepak Kumar ,2026-01-25,Shopping Fraud,7500.0,Haryana,Karnal,ENT_000318
C000699,133774683071,SBIN0009101,Sai Tripathi,2026-03-01,Investment Fraud,195340.21,Madhya Pradesh,Ujjain,ENT_000488
C000700,847823556587,ICIC0004321,Ashok Patel,2026-06-30,Payment Fraud,215317.12,Tamil Nadu,Tirunelveli,ENT_000582
C000701,237664005555,UBIN0009900,Alok Pawar,2026-06-27,Identity Theft,40000.0,Madhya Pradesh,Gwalior,ENT_000312
C000702,567199758169,ICIC0008765,Aadhya Bose,2026-04-16,Payment Fraud,44316.91,Tamil Nadu,Tiruchirappalli,ENT_000129
C000703,491821870860,KKBK0001928,Swati Ali,2026-03-21,Identity Theft,383363.5,Karnataka,Mangaluru,ENT_000668
C000704,497944539920,UBIN0007788,Riya Singh,2026-03-16,Shopping Fraud,193568.35,Karnataka,Bengaluru Urban,ENT_000569
C000705,961009905968,ICIC0002468,Geeta Choudhury,2026-03-14,UPI Fraud,249120.66,Kerala,Thiruvananthapuram,ENT_000253
C000706,345790651066,SBIN0001234,Anika Malhotra,2026-06-12,Shopping Fraud,5292.61,Rajasthan,Udaipur,ENT_000104
C000707,369646526717,PUNB0005432,Swati Sen,2026-04-14,Investment Fraud,106002.43,Madhya Pradesh,Jabalpur,ENT_000692
C000708,657928656291,ICIC0004321,Ishita Reddy,2026-08-18,UPI Fraud,127041.2,Bihar,Gaya,ENT_000580
C000709,897070599637,BARB0002345,Vivaan Das,2026-06-19,Shopping Fraud,180429.46,Andhra Pradesh,Guntur,ENT_000568
C000710,521919454119,SBIN0009101,Deepa Mukherjee,2026-04-02,Phishing,1500.0,Delhi,North Delhi,ENT_000417
C000711,870278886192,SBIN0009101,Meera Singh,2026-07-24,Payment Fraud,461184.9,Andhra Pradesh,Vijayawada,ENT_000588
C000712,928612436713,CNRB0004455, Riya Nair,2026-01-15,Identity Theft,399635.85,Uttar Pradesh,Lucknow,ENT_000063
C000713,537205922440,SBIN0009101,Deepa Malhotra,2026-02-14,UPI Fraud,1000.0,Rajasthan,Udaipur,ENT_000649
C000714,921428173109,SBIN0001234,Anita Kumar,2026-02-05,Shopping Fraud,43495.95,Madhya Pradesh,Jabalpur,ENT_000435
C000715,274493552068,IDIB0003344,Nikhil Tiwari,2026-05-07,Investment Fraud,208107.4,Rajasthan,Ajmer,ENT_000030
C000716,889679065378,PUNB0005432,Meena Malhotra,2026-02-23,Investment Fraud,20000.0,Rajasthan,Ajmer,ENT_000496
C000717,635661484746,HDFC0005678,Anika Dutta,2026-02-05,Shopping Fraud,40000.0,Haryana,Gurugram,ENT_000068
C000718,521919454119,SBIN0009101,Deepa Mukherjee,2026-06-28,Online Banking Fraud,337175.18,Rajasthan,Bikaner,ENT_000417
C000719,926552435289,ICIC0002468,Sunita Roy,2026-04-30,Identity Theft,33765.6,Tamil Nadu,Chennai,ENT_000567
C000720,943577941619,AXIS0007890,Ishan Rao,2026-05-04,Payment Fraud,1500.0,Haryana,Panipat,ENT_000476
C000721,900650578998,HDFC0001234,Ramesh Ali,2026-07-12,Payment Fraud,498317.23,Tamil Nadu,Coimbatore,ENT_000326
C000722,928612436713,CNRB0004455,Riya Nair,2026-01-19,Online Banking Fraud,2000.0,West Bengal,South 24 Parganas,ENT_000063
C000723,983075619976,PUNB0001357,Sara Dubey,2026-02-10,Payment Fraud,426009.64,Maharashtra,Aurangabad,ENT_000276
C000724,579255341440,BARB0003579,"Patel, Ashok",2026-05-31,UPI Fraud,187665.14,Tamil Nadu,Tiruchirappalli,ENT_000220
C000725,871677274007,IDIB0005566,Kavya Patel,2026-01-24,Investment Fraud,451041.39,Bihar,Patna,ENT_000395
C000726,757475491416,SBIN0005678,Pankaj Biswas,2026-04-19,Identity Theft,56305.24,West Bengal,Kolkata,ENT_000215
C000727,995392845738,SBIN0001234,Deepa Jain,2026-06-17,Investment Fraud,416122.81,Haryana,Faridabad,ENT_000521
C000728,337257122934,BARB0002345,Anita Singh,2026-02-02,Investment Fraud,200000.0,Bihar,Patna,ENT_000505
C000729,690328426008,KKBK0007890,Meena Jain,2026-04-22,Identity Theft,171695.05,Rajasthan,Udaipur,ENT_000243
C000730,841301841479,UBIN0007788,Reyansh Ghosh,2026-02-18,Phishing,442256.59,Uttar Pradesh,Lucknow,ENT_000601
C000731,427385361962,CNRB0004455,Ritvik Deshmukh,2026-02-15,Shopping Fraud,210081.05,Punjab,Amritsar,ENT_000612
C000732,728090887216,AXIS0003456,Ira Khan,2026-05-10,Online Banking Fraud,1000.0,Maharashtra,Nashik,ENT_000246
C000733,601908189135,SBIN0009101,Ira Das,2026-08-08,Online Banking Fraud,339008.78,Bihar,Gaya,ENT_000208
C000734,623060957599,IDIB0003344,Kunal Banerjee,2026-01-12,UPI Fraud,418432.74,Andhra Pradesh,Visakhapatnam,ENT_000054
C000735,903526763113,KKBK0007890,Krishna Gaikwad,2026-02-14,Identity Theft,33969.45,Telangana,Rangareddy,ENT_000042
C000736,878453131767,AXIS0006543,Deepak Pawar,2026-01-11,Payment Fraud,5000.0,Andhra Pradesh,Tirupati,ENT_000385
C000737,364927045739,KKBK0007890,Ritvik Mukherjee,2026-04-13,Investment Fraud,136280.63,West Bengal,Kolkata,ENT_000265
C000738,833896555423,IDIB0001122,Nikhil Paul,2026-03-24,Payment Fraud,2000.0,Haryana,Faridabad,ENT_000332
C000739,337322386179,IDIB0005566,Ananya Yadav,2026-03-08,Online Banking Fraud,53679.25,Uttar Pradesh,Lucknow,ENT_000423
C000740,254608246768,KKBK0003210,Karan Patel,2026-04-08,UPI Fraud,495976.79,Bihar,Muzaffarpur,ENT_000028
C000741,175051409106,SBIN0009101,Shaurya Patel,2026-08-24,Payment Fraud,1000.0,Haryana,Karnal,ENT_000328
C000742,106937867936,CNRB0006677,Shaurya Verma,2026-06-06,Identity Theft,5000.0,Delhi,North Delhi,ENT_000422
C000743,696016368562,IDIB0005566,Kavya Gupta,2026-08-21,Shopping Fraud,500000.0,Bihar,Gaya,ENT_000400
C000744,173895795270,IDIB0005566,Roshni Chatterjee,2026-07-26,UPI Fraud,13123.43,Haryana,Ambala,ENT_000306
C000745,299380463457,ICIC0002468,Sanjay Ghosh,2026-01-25,UPI Fraud,1500.0,Karnataka,Kalaburagi,ENT_000060
C000746,708941592508,BARB0003579,Pari Rao,2026-06-13,Investment Fraud,138553.59,Andhra Pradesh,Visakhapatnam,ENT_000479
C000747,254608246768,KKBK0003210,Karan Patel,2026-06-08,UPI Fraud,475945.05,Telangana,Nizamabad,ENT_000028
C000748,354482841033,HDFC0001234,Anika Mehta,2026-05-14,Investment Fraud,6675.72,Punjab,Jalandhar,ENT_000186
C000749,426457316675,BARB0002345,Pranav Jain,2026-07-31,Shopping Fraud,150885.62,Telangana,Rangareddy,ENT_000557
C000750,117806602466,ICIC0002468,Roshni Pandey,2026-04-01,Online Banking Fraud,248450.26,Kerala,Kollam,ENT_000630
C000751,585655080082,IDIB0003344,Roshni Shah,2026-02-27,Payment Fraud,5138.83,West Bengal,Darjeeling,ENT_000061
C000752,597707816158,ICIC0008765,Sanjay Mishra,2026-04-05,Investment Fraud,75000.0,Uttar Pradesh,Varanasi,ENT_000174
C000753,944741523484,KKBK0001928,Vihaan Paul,2026-01-19,Identity Theft,100000.0,West Bengal,Kolkata,ENT_000695
C000754,448013415558,CNRB0008899,Advik Dey,2026-06-17,UPI Fraud,43877.98,Telangana,Warangal,ENT_000418
C000755,342682139286,BARB0006789,Sai Paul,2026-08-22,Identity Theft,323992.38,Punjab,Amritsar,ENT_000315
C000756,362647482251,HDFC0005678,Ajay Saxena,2026-03-31,Phishing,360346.59,Madhya Pradesh,Bhopal,ENT_000158
C000757,850853317874,ICIC0008765,Arjun Mishra,2026-02-16,Shopping Fraud,5000.0,Delhi,Central Delhi,ENT_000527
C000758,574056332778,HDFC0005678,Priya Pawar,2026-08-06,Shopping Fraud,5331.33,Karnataka,Bengaluru Urban,ENT_000262
C000759,666918371818,AXIS0006543,Karan Roy,2026-05-19,Phishing,270494.23,Rajasthan,Udaipur,ENT_000503
C000760,970967089400,BARB0003579,NAVYA ALI,2026-07-11,Investment Fraud,50000.0,Delhi,South Delhi,ENT_000209
C000761,226307668955,HDFC0005678,Sai Gupta,2026-04-28,Identity Theft,252346.69,Bihar,Bhagalpur,ENT_000293
C000762,369946052512,IDIB0005566,Atharv Sen,2026-08-18,Identity Theft,200000.0,Gujarat,Rajkot,ENT_000173
C000763,830136378095,KKBK0007890,Kavya Kapoor,2026-04-16,Payment Fraud,25000.0,Andhra Pradesh,Guntur,ENT_000533
C000764,142400633488,CNRB0004455,Ajay Mukherjee,2026-05-07,Shopping Fraud,366365.44,Telangana,Karimnagar,ENT_000102
C000765,775057307204,BARB0002345,Vikram Malhotra,2026-04-02,Investment Fraud,338753.1,Madhya Pradesh,Indore,ENT_000118
C000766,143497047298,PUNB0009876,Kavita Gupta,2026-08-08,Shopping Fraud,1000.0,Maharashtra,Mumbai,ENT_000094
C000767,186651263082,BARB0006789,Swati Choudhury,2026-08-13,Identity Theft,25000.0,Kerala,Kozhikode,ENT_000264
C000768,867321912243,UBIN0005566,Gaurav Rao,2026-01-28,UPI Fraud,150000.0,Uttar Pradesh,Varanasi,ENT_000392
C000769,471144503217,IDIB0005566,Sunil Malhotra,2026-08-15,Online Banking Fraud,165867.74,Telangana,Warangal,ENT_000325
C000770,999342668835,PUNB0001357,Ritvik Dutta,2026-04-13,Payment Fraud,367265.84,Karnataka,Belagavi,ENT_000541
C000771,605272201394,HDFC0005678,Sneha Rao,2026-05-11,Investment Fraud,69364.72,Madhya Pradesh,Indore,ENT_000025
C000772,950881068534,PUNB0009876,Riya Roy,2026-07-28,Shopping Fraud,347248.83,Tamil Nadu,Salem,ENT_000425
C000773,334774804042,BARB0003579,Aditya Singh,2026-06-28,Payment Fraud,397342.14,Uttar Pradesh,Prayagraj,ENT_000304
C000774,980143211604,KKBK0003210,Neha Patel,2026-02-16,Payment Fraud,250000.0,Tamil Nadu,Tiruchirappalli,ENT_000448
C000775,587938676045,AXIS0007890,Neha Chatterjee,2026-07-11,Identity Theft,172253.9,Tamil Nadu,Coimbatore,ENT_000349
C000776,333279765207,BARB0003579,Karan Malhotra,2026-03-03,Phishing,30000.0,Telangana,Hyderabad,ENT_000024
C000777,123611025550,SBIN0009101,Gaurav Shinde,2026-01-16,Phishing,350813.41,Bihar,Patna,ENT_000504
C000778,950881068534,PUNB0009876,Riya Roy,2026-04-29,Identity Theft,457478.62,West Bengal,Darjeeling,ENT_000425
C000779,949102978448,PUNB0009876,A Mishra,2026-06-04,Identity Theft,369023.87,Madhya Pradesh,Gwalior,ENT_000165
C000780,215681909956,UBIN0007788,Shreya Joshi,2026-01-23,UPI Fraud,30000.0,Kerala,Thrissur,ENT_000412
C000781,204934110625,UBIN0009900,Deepa Rao,2026-04-08,Shopping Fraud,193245.03,Andhra Pradesh,Guntur,ENT_000329
C000782,920842622752,IDIB0001122,Vijay Ghosh,2026-06-06,Identity Theft,297687.01,Andhra Pradesh,Guntur,ENT_000622
C000783,258169176459,SBIN0009101,Dr. Aayan Nair,2026-08-16,Shopping Fraud,202550.6,Haryana,Karnal,ENT_000211
C000784,655184583398,KKBK0007890,Pooja Singh,2026-03-30,Payment Fraud,411342.18,West Bengal,South 24 Parganas,ENT_000087
C000785,181850729653,UBIN0005566,Siddharth Bhatia,2026-04-26,Identity Theft,30000.0,Andhra Pradesh,Visakhapatnam,ENT_000455
C000786,239710314903,UBIN0009900,Sara Sharma,2026-01-17,Online Banking Fraud,492821.01,Bihar,Gaya,ENT_000594
C000787,472210151899,CNRB0006677,Dhruv Tiwari,2026-07-11,Online Banking Fraud,294567.78,Gujarat,Jamnagar,ENT_000401
C000788,257721695267,AXIS0007890,Ananya Kumar,2026-04-18,Shopping Fraud,256036.6,Kerala,Kochi,ENT_000252
C000789,258169176459,SBIN0009101,Aayan Nair,2026-07-26,Phishing,354829.41,Tamil Nadu,Salem,ENT_000211
C000790,652035807486,CNRB0008899,Neha Nair,2026-01-24,Shopping Fraud,309723.54,Maharashtra,Solapur,ENT_000282
C000791,697493414595,ICIC0008765,Ananya Sen,2026-03-03,Payment Fraud,100000.0,West Bengal,North 24 Parganas,ENT_000210
C000792,870310160681,AXIS0006543,Neha Roy,2026-04-10,Payment Fraud,25000.0,Karnataka,Bengaluru Urban,ENT_000185
C000793,718187630594,UBIN0007788,Neha Rao,2026-04-17,Shopping Fraud,10000.0,Haryana,Ambala,ENT_000545
C000794,195058393769,HDFC0004321,Pankaj Ahmed,2026-04-13,Payment Fraud,310626.98,Rajasthan,Kota,ENT_000675
C000795,584228819436,CNRB0006677,M. Jain,2026-08-05,Investment Fraud,20000.0,Uttar Pradesh,Agra,ENT_000446
C000796,518597220210,ICIC0002468,Sweta Mukherjee,2026-06-21,Shopping Fraud,482975.24,Karnataka,Hubballi-Dharwad,ENT_000020
C000797,540273328737,KKBK0003210,Sai Gupta,2026-05-15,Identity Theft,275958.17,Uttar Pradesh,Noida,ENT_000515
C000798,417104722442,SBIN0009101,Choudhury Atharv,2026-01-24,UPI Fraud,486649.26,Kerala,Kochi,ENT_000378
C000799,287436613779,BARB0002345,Ananya Nair,2026-02-10,Identity Theft,27486.79,Gujarat,Surat,ENT_000486
C000800,116633204627,BARB0002345,Rahul Kulkarni,2026-08-18,Phishing,20000.0,Haryana,Panipat,ENT_000194
C000801,488893282253,UBIN0005566,Sneha Choudhury,2026-07-05,UPI Fraud,298083.53,Uttar Pradesh,Lucknow,ENT_000535
C000802,663207412387,AXIS0007890,Sunil Mishra,2026-07-04,UPI Fraud,2500.0,Rajasthan,Bikaner,ENT_000584
C000803,203484341332,UBIN0005566,Pankaj Agarwal,2026-08-08,Online Banking Fraud,837.63,Maharashtra,Mumbai,ENT_000055
C000804,306045573885,KKBK0007890,Karan Bhatia,2026-06-06,Investment Fraud,30000.0,West Bengal,Howrah,ENT_000447
C000805,591269009200,CNRB0004455,Swati Kapoor,2026-07-02,Identity Theft,40000.0,Kerala,Thrissur,ENT_000591
C000806,296871013927,CNRB0008899,Arjun Malhotra,2026-03-24,Identity Theft,45252.53,Tamil Nadu,Tiruchirappalli,ENT_000555
C000807,855671426170,PUNB0005432,Pooja Patil,2026-04-16,UPI Fraud,200000.0,Kerala,Thrissur,ENT_000634
C000808,230342679193,HDFC0004321,ISHITA MALHOTRA,2026-01-10,Investment Fraud,150000.0,Kerala,Kollam,ENT_000593
C000809,796181120841,AXIS0007890,Rohit Gupta,2026-04-06,Online Banking Fraud,436793.3,Tamil Nadu,Coimbatore,ENT_000088
C000810,651613895273,CNRB0008899,Dr. Aayan Joshi,2026-02-08,Online Banking Fraud,150554.12,Uttar Pradesh,Kanpur,ENT_000480
C000811,331762745410,BARB0002345,Ritvik Dey,2026-05-24,Payment Fraud,200000.0,Maharashtra,Nashik,ENT_000660
C000812,734065014236,ICIC0004321,Manish Patil,2026-02-24,Online Banking Fraud,75000.0,West Bengal,North 24 Parganas,ENT_000127
C000813,537317445811,CNRB0008899,Ishan Roy,2026-03-23,Phishing,20000.0,Telangana,Karimnagar,ENT_000661
C000814,704310233911,CNRB0008899,Ajay Gaikwad,2026-06-10,Phishing,445255.84,Tamil Nadu,Chennai,ENT_000575
C000815,164558300421,KKBK0007890,Siddharth Ali,2026-04-25,Online Banking Fraud,37697.26,Delhi,South Delhi,ENT_000317
C000816,722478488545,ICIC0004321,Meera Menon,2026-05-12,Investment Fraud,25000.0,Andhra Pradesh,Visakhapatnam,ENT_000694
C000817,119275187833,SBIN0001234,Ishita Yadav,2026-08-17,Identity Theft,1000.0,Karnataka,Mangaluru,ENT_000643
C000818,639157294166,UBIN0007788,Preeti Roy,2026-06-30,Phishing,145268.68,Telangana,Khammam,ENT_000520
C000819,867996662339,UBIN0005566,Pankaj Menon,2026-06-02,UPI Fraud,375894.33,Uttar Pradesh,Varanasi,ENT_000646
C000820,708941592508,BARB0003579,Rao Pari,2026-07-06,Identity Theft,7500.0,Tamil Nadu,Tirunelveli,ENT_000479
C000821,917103043320,KKBK0001928,Ishita Das,2026-02-17,Investment Fraud,346869.75,Uttar Pradesh,Ghaziabad,ENT_000026
C000822,985899371430,SBIN0005678,Sunil Gaikwad,2026-08-01,UPI Fraud,2000.0,Andhra Pradesh,Visakhapatnam,ENT_000011
C000823,577398461838,HDFC0004321,Shreya Tripathi,2026-01-01,Investment Fraud,500000.0,Maharashtra,Nagpur,ENT_000170
C000824,571182253884,KKBK0001928,Vivaan Joshi,2026-04-27,Payment Fraud,100000.0,Karnataka,Mangaluru,ENT_000091
C000825,719173009122,ICIC0008765,Preeti Kapoor,2026-02-13,UPI Fraud,25000.0,Kerala,Kochi,ENT_000662
C000826,841844861994,AXIS0003456,Sweta Bhatia,2026-07-16,Payment Fraud,358470.71,Telangana,Karimnagar,ENT_000285
C000827,342682139286,BARB0006789,Sai Paul,2026-04-27,Payment Fraud,250000.0,Punjab,Ludhiana,ENT_000315
C000828,490462379884,BARB0006789,Pankaj Sen,2026-01-16,Online Banking Fraud,238531.44,Madhya Pradesh,Indore,ENT_000454
C000829,519275532872,IDIB0003344,Sunita Ahmed,2026-07-03,Phishing,291572.13,Haryana,Ambala,ENT_000687
C000830,670799496139,AXIS0006543,Aryan Ghosh,2026-01-20,Identity Theft,384557.68,Uttar Pradesh,Meerut,ENT_000047
C000831,355868954463,KKBK0001928,Arjun Menon,2026-06-07,Identity Theft,121536.39,Delhi,West Delhi,ENT_000554
C000832,396703133413,AXIS0006543,Nikhil Patil,2026-06-02,Investment Fraud,473516.2,Maharashtra,Nashik,ENT_000348
C000833,734065014236,ICIC0004321,manish patil,2026-08-11,Phishing,5000.0,Telangana,Hyderabad,ENT_000127
C000834,660920055648,UBIN0009900,Kabir Kumar,2026-07-13,Shopping Fraud,9449.1,Maharashtra,Nagpur,ENT_000239
C000835,495215290807,PUNB0009876,Pari Chatterjee,2026-08-12,UPI Fraud,214763.65,Uttar Pradesh,Agra,ENT_000397
C000836,413697123579,CNRB0008899,Ajay Bose,2026-01-04,Identity Theft,459629.12,Delhi,West Delhi,ENT_000420
C000837,937726990452,SBIN0001234,Kunal Rao,2026-08-23,Investment Fraud,323003.28,Haryana,Ambala,ENT_000639
C000838,286318825329,HDFC0005678,Neha Roy,2026-06-03,UPI Fraud,298404.5,Uttar Pradesh,Kanpur,ENT_000681
C000839,795108436649,ICIC0008765,Krishna Dey,2026-06-10,Investment Fraud,268715.29,Gujarat,Surat,ENT_000640
C000840,341976367027,PUNB0005432,Saanvi Kumar,2026-01-15,Payment Fraud,291924.01,Karnataka,Hubballi-Dharwad,ENT_000366
C000841,859707157168,CNRB0006677,Ananya Gaikwad,2026-02-12,Phishing,2000.0,Punjab,Bathinda,ENT_000092
C000842,656532922316,ICIC0004321,Ananya Saxena,2026-06-11,Shopping Fraud,50000.0,Delhi,Central Delhi,ENT_000334
C000843,226750596909,AXIS0003456,Anika Das,2026-05-05,UPI Fraud,219272.88,Andhra Pradesh,Guntur,ENT_000110
C000844,458435204313,PUNB0005432,Swati Sen,2026-01-09,Online Banking Fraud,460558.59,Bihar,Darbhanga,ENT_000153
C000845,509615173560,AXIS0006543,Ishan Mishra,2026-04-08,Payment Fraud,2500.0,Gujarat,Ahmedabad,ENT_000460
C000846,184965906196,PUNB0001357,Pooja Ghosh,2026-02-07,Identity Theft,200000.0,Maharashtra,Solapur,ENT_000684
C000847,680411980930,PUNB0001357,Gaurav Mehta,2026-06-13,Shopping Fraud,211197.34,Punjab,Amritsar,ENT_000461
C000848,545699699578,CNRB0004455,Tanvi Sharma,2026-06-04,Online Banking Fraud,319180.61,Haryana,Panipat,ENT_000226
C000849,968600167952,KKBK0007890,Vihaan Bhatia,2026-04-02,Shopping Fraud,432188.45,Maharashtra,Aurangabad,ENT_000472
C000850,518008488562,BARB0006789,Dr. Kavya Dutta,2026-07-11,Phishing,141821.29,Maharashtra,Pune,ENT_000321
C000851,600446723343,HDFC0005678,Tanvi Rao,2026-01-18,UPI Fraud,65322.25,Rajasthan,Ajmer,ENT_000517
C000852,166210246191,ICIC0004321,Alok Kapoor,2026-05-06,UPI Fraud,10000.0,Tamil Nadu,Coimbatore,ENT_000142
C000853,980891814797,UBIN0009900,Ajay Mehta,2026-05-28,Payment Fraud,43693.93,Haryana,Faridabad,ENT_000627
C000854,803686852877,ICIC0002468,Shreya Patil,2026-01-26,Online Banking Fraud,133630.24,Delhi,North Delhi,ENT_000136
C000855,331994091775,CNRB0008899,Anika Biswas,2026-01-13,UPI Fraud,89535.07,Haryana,Gurugram,ENT_000621
C000856,696695139934,IDIB0001122,Navya Dey,2026-06-20,UPI Fraud,391294.22,Karnataka,Hubballi-Dharwad,ENT_000045
C000857,458435204313,PUNB0005432,Swati Sen,2026-01-10,Identity Theft,2500.0,Andhra Pradesh,Visakhapatnam,ENT_000153
C000858,309720703079,SBIN0005678,Neha Kapoor,2026-08-19,Online Banking Fraud,30000.0,Delhi,West Delhi,ENT_000617
C000859,785729036205,UBIN0009900,Geeta Mishra,2026-06-09,Investment Fraud,500.0,Tamil Nadu,Tirunelveli,ENT_000487
C000860,409454714700,KKBK0007890,ajay dutta,2026-05-23,UPI Fraud,179713.98,Tamil Nadu,Coimbatore,ENT_000506
C000861,294622935239,AXIS0003456,Ramesh Dutta,2026-02-18,Investment Fraud,40000.0,Madhya Pradesh,Bhopal,ENT_000690
C000862,192755074844,CNRB0006677,Reyansh Reddy,2026-03-17,Identity Theft,30000.0,Punjab,Bathinda,ENT_000346
C000863,718103958517,HDFC0001234,Sneha Das,2026-03-11,Investment Fraud,469415.53,Kerala,Thrissur,ENT_000464
C000864,657928656291,ICIC0004321,Ishita Reddy,2026-05-19,Online Banking Fraud,2500.0,Telangana,Nizamabad,ENT_000580
C000865,218910883301,KKBK0007890,Deepak Kumar,2026-05-12,UPI Fraud,50000.0,West Bengal,Siliguri,ENT_000318
C000866,246488330909,PUNB0009876,Aarav R. Malhotra,2026-08-04,Shopping Fraud,2000.0,Karnataka,Kalaburagi,ENT_000686
C000867,428161668610,AXIS0006543,Ishan Bose,2026-02-19,Shopping Fraud,40000.0,Gujarat,Surat,ENT_000493
C000868,754981779142,KKBK0001928,Aditya Dubey,2026-04-08,Identity Theft,110580.97,Tamil Nadu,Chennai,ENT_000428
C000869,539425475482,UBIN0005566,Deepa Ahmed,2026-05-28,Identity Theft,50000.0,Gujarat,Surat,ENT_000046
C000870,446809914267,SBIN0005678,Reyansh Pandey,2026-03-05,Payment Fraud,360729.23,Andhra Pradesh,Visakhapatnam,ENT_000070
C000871,490009660086,SBIN0009101,Gaurav Biswas,2026-07-21,Online Banking Fraud,320598.85,Telangana,Warangal,ENT_000358
C000872,903856791884,AXIS0006543,Pooja Dey,2026-08-11,Shopping Fraud,7359.78,Haryana,Faridabad,ENT_000561
C000873,772055593219,CNRB0004455,Ishan Deshmukh,2026-05-08,UPI Fraud,50000.0,Uttar Pradesh,Ghaziabad,ENT_000126
C000874,196831611956,BARB0002345,Nikhil Gupta,2026-06-20,Phishing,500000.0,Delhi,Central Delhi,ENT_000003
C000875,275674087343,IDIB0005566,Rajesh Mishra,2026-04-12,Shopping Fraud,1000.0,Kerala,Thiruvananthapuram,ENT_000501
C000876,668956468715,BARB0003579,Deepak Sen,2026-06-01,Online Banking Fraud,2000.0,Bihar,Patna,ENT_000219
C000877,729444729179,PUNB0001357,Sanjay Yadav,2026-04-02,Online Banking Fraud,30000.0,Haryana,Faridabad,ENT_000473
C000878,912678183898,KKBK0007890,Rohit Paul,2026-05-26,Payment Fraud,482433.42,West Bengal,Howrah,ENT_000188
C000879,484270768628,AXIS0007890,Sunita Mehta,2026-04-10,Identity Theft,250000.0,Uttar Pradesh,Ghaziabad,ENT_000221
C000880,773945892375,ICIC0008765,Krishna Dubey,2026-07-31,Shopping Fraud,25000.0,Delhi,East Delhi,ENT_000291
C000881,189540907419,BARB0003579,Arjun Patel,2026-08-04,Shopping Fraud,144034.1,Punjab,Ludhiana,ENT_000651
C000882,877693993558,BARB0003579,Aayan Mukherjee,2026-06-20,Identity Theft,1500.0,Gujarat,Jamnagar,ENT_000050
C000883,499323100384,SBIN0009101,Kavya Gaikwad,2026-05-02,Phishing,250000.0,Haryana,Faridabad,ENT_000432
C000884,354645447539,IDIB0005566,Ramesh Mishra,2026-05-09,UPI Fraud,250000.0,Karnataka,Kalaburagi,ENT_000604
C000885,538280978812,SBIN0005678,Preeti Yadav,2026-02-22,Payment Fraud,11833.79,West Bengal,Hooghly,ENT_000509
C000886,910664407007,KKBK0001928,Sara Patil,2026-08-05,Payment Fraud,480299.1,Bihar,Patna,ENT_000146
C000887,397295152191,AXIS0007890,Ashok Verma,2026-06-19,Investment Fraud,168612.26,Telangana,Khammam,ENT_000147
C000888,402514631089,AXIS0007890,Vikram Kulkarni,2026-02-11,Online Banking Fraud,25000.0,Bihar,Gaya,ENT_000683
C000889,154785667210,CNRB0004455,Advaith Reddy,2026-02-19,Shopping Fraud,200000.0,Gujarat,Surat,ENT_000029
C000890,448348407515,ICIC0008765,Sanjay Joshi,2026-02-01,Phishing,149757.14,Rajasthan,Bikaner,ENT_000498
C000891,165965001880,AXIS0003456,Rohit Banerjee,2026-06-25,Phishing,66769.53,Madhya Pradesh,Gwalior,ENT_000302
C000892,454716422315,SBIN0001234,Aadhya Das,2026-04-10,Online Banking Fraud,398518.41,Madhya Pradesh,Ujjain,ENT_000311
C000893,654412972034,BARB0003579,Aadhya Gupta,2026-01-12,Online Banking Fraud,80984.01,Maharashtra,Pune,ENT_000384
C000894,916531906281,SBIN0009101,Ajay Ahmed,2026-07-21,Identity Theft,200000.0,Uttar Pradesh,Ghaziabad,ENT_000313
C000895,992962570107,BARB0002345,Anika Mehta,2026-04-03,Payment Fraud,59605.95,West Bengal,Howrah,ENT_000381
C000896,675939282671,HDFC0005678,Banerjee Riya,2026-03-12,Shopping Fraud,100000.0,Telangana,Khammam,ENT_000647
C000897,374661490981,ICIC0004321,Aditya Choudhury,2026-04-25,UPI Fraud,10000.0,Madhya Pradesh,Gwalior,ENT_000157
C000898,312532935220,ICIC0008765,Rohit Yadav,2026-08-16,Phishing,10000.0,Rajasthan,Jodhpur,ENT_000536
C000899,903526763113,KKBK0007890,Krishna Gaikwad,2026-03-16,Payment Fraud,150000.0,Madhya Pradesh,Gwalior,ENT_000042
C000900,918566393823,UBIN0009900,Ananya Khan,2026-06-05,Phishing,192638.99,Andhra Pradesh,Tirupati,ENT_000297
C000901,533885200293,ICIC0002468,Aarav Biswas,2026-04-24,Identity Theft,447117.98,Uttar Pradesh,Prayagraj,ENT_000586
C000902,625619734196,SBIN0001234,A. Roy,2026-08-01,Payment Fraud,465812.03,Delhi,New Delhi,ENT_000144
C000903,360924151492,UBIN0005566,Suresh Mukherjee,2026-04-24,Shopping Fraud,25000.0,Delhi,Central Delhi,ENT_000124
C000904,174866852259,UBIN0005566,Sunita Choudhury,2026-07-19,Shopping Fraud,78127.57,Delhi,North Delhi,ENT_000113
C000905,467863780045,IDIB0003344,Ritvik Rao,2026-04-01,Identity Theft,250000.0,Tamil Nadu,Tiruchirappalli,ENT_000419
C000906,933785291760,PUNB0001357,Tanvi Yadav,2026-02-07,Shopping Fraud,61533.94,Rajasthan,Udaipur,ENT_000497
C000907,309720703079,SBIN0005678,Neha Kapoor,2026-01-21,Payment Fraud,122734.23,Uttar Pradesh,Meerut,ENT_000617
C000908,973910680258,CNRB0006677,Saanvi Saxena,2026-04-06,Identity Theft,322520.17,Delhi,East Delhi,ENT_000122
C000909,859707157168,CNRB0006677,ananya gaikwad,2026-02-11,Investment Fraud,142825.48,Maharashtra,Solapur,ENT_000092
C000910,743158526982,AXIS0007890,S Bhatia,2026-06-01,UPI Fraud,77310.85,Tamil Nadu,Tirunelveli,ENT_000027
C000911,889191331391,HDFC0001234,Diya Roy,2026-07-21,Shopping Fraud,379242.65,Karnataka,Mangaluru,ENT_000161
C000912,850001111711,BARB0006789,Aryan Rao,2026-06-10,Shopping Fraud,174252.86,Kerala,Thiruvananthapuram,ENT_000512
C000913,221720126831,PUNB0009876,Pankaj Nair,2026-05-11,UPI Fraud,134310.51,Gujarat,Bhavnagar,ENT_000034
C000914,775610487239,KKBK0001928,Atharv Shinde,2026-07-27,Phishing,426814.27,Madhya Pradesh,Ujjain,ENT_000485
C000915,290920069592,CNRB0006677,Deepak Patel,2026-02-23,Online Banking Fraud,2000.0,Madhya Pradesh,Bhopal,ENT_000467
C000916,395585753511,BARB0002345,Sai Menon,2026-05-13,Shopping Fraud,1000.0,Delhi,North Delhi,ENT_000218
C000917,981276450865,IDIB0001122,Sweta Chatterjee,2026-07-09,Online Banking Fraud,185198.53,West Bengal,Darjeeling,ENT_000619
C000918,587228760932,UBIN0005566,Myra Shinde,2026-01-16,Shopping Fraud,111532.92,Karnataka,Bengaluru Urban,ENT_000121
C000919,413713286789,UBIN0007788,Shaurya Agarwal,2026-07-22,Investment Fraud,250000.0,Madhya Pradesh,Gwalior,ENT_000542
C000920,674066241127,ICIC0008765,Kunal Roy,2026-07-16,Phishing,500.0,Uttar Pradesh,Agra,ENT_000606
C000921,892975625286,BARB0006789,Swati Reddy,2026-02-18,Online Banking Fraud,124757.13,Rajasthan,Kota,ENT_000526
C000922,426029368922,PUNB0005432,Alok Menon,2026-03-10,Shopping Fraud,250000.0,Telangana,Rangareddy,ENT_000280
C000923,893774408754,CNRB0006677,Varun Ali,2026-03-24,Investment Fraud,500.0,Kerala,Kollam,ENT_000133
C000924,878881260835,SBIN0009101,Roshni Gaikwad,2026-01-27,Phishing,42613.48,Rajasthan,Jaipur,ENT_000469
C000925,586655303096,PUNB0001357,Dr. Neha Shah,2026-06-08,Shopping Fraud,180684.03,Madhya Pradesh,Ujjain,ENT_000674
C000926,933785291760,PUNB0001357,Tanvi Yadav,2026-02-10,Identity Theft,372489.93,Haryana,Panipat,ENT_000497
C000927,598737437558,HDFC0005678,Sanjay Saxena,2026-07-25,Payment Fraud,494707.11,Delhi,Central Delhi,ENT_000131
C000928,450525458521,HDFC0004321,Gaurav Choudhury,2026-02-21,UPI Fraud,49827.42,Punjab,Ludhiana,ENT_000518
C000929,471037316428,UBIN0005566,Siddharth Paul,2026-02-10,Identity Theft,396025.34,Telangana,Warangal,ENT_000148
C000930,506568138339,SBIN0009101,Varun Tripathi,2026-02-18,Investment Fraud,361158.03,Telangana,Warangal,ENT_000167
C000931,619349682898,CNRB0004455,Aayan Dey,2026-07-19,Investment Fraud,460493.24,Tamil Nadu,Madurai,ENT_000531
C000932,786309570762,AXIS0006543,Krishna Joshi,2026-04-28,Payment Fraud,241244.1,Gujarat,Jamnagar,ENT_000427
C000933,157616543512,AXIS0003456,Varun Bhatia,2026-07-26,Identity Theft,229456.0,Karnataka,Mysuru,ENT_000416
C000934,446694606719,ICIC0004321,Diya Patil,2026-06-26,Payment Fraud,1500.0,Kerala,Thrissur,ENT_000502
C000935,740170695850,KKBK0007890,Saanvi Pawar,2026-05-27,Identity Theft,30000.0,Haryana,Ambala,ENT_000525
C000936,456826178928,UBIN0005566,Amit Roy,2026-02-15,Investment Fraud,497783.1,Gujarat,Ahmedabad,ENT_000451
C000937,149263855056,BARB0003579,Manish Bhatia,2026-03-02,Identity Theft,15000.0,Madhya Pradesh,Indore,ENT_000434
C000938,518352484747,AXIS0003456,Roshni Kulkarni,2026-03-21,Shopping Fraud,2000.0,Madhya Pradesh,Ujjain,ENT_000652
C000939,655710136742,AXIS0006543,Roshni Sen,2026-03-17,Shopping Fraud,30000.0,West Bengal,South 24 Parganas,ENT_000511
C000940,829326155336,AXIS0007890,Aditya Ghosh,2026-04-26,Investment Fraud,21686.75,Rajasthan,Jaipur,ENT_000599
C000941,434343034522,ICIC0004321,Manish Kulkarni,2026-01-17,Phishing,6673.93,Gujarat,Ahmedabad,ENT_000271
C000942,396703133413,AXIS0006543,Nikhil Patil,2026-03-18,Phishing,101278.43,West Bengal,Darjeeling,ENT_000348
C000943,360788634696,AXIS0006543,Rahul Biswas,2026-03-12,Identity Theft,7500.0,Telangana,Karimnagar,ENT_000405
C000944,459422681391,IDIB0005566,aayan mukherjee,2026-02-21,Phishing,417002.35,Punjab,Patiala,ENT_000021
C000945,667528742820,ICIC0004321,Sweta Mehta,2026-04-16,Shopping Fraud,413164.41,Punjab,Jalandhar,ENT_000532
C000946,343157964776,ICIC0008765,Kabir Kulkarni,2026-07-10,Online Banking Fraud,30000.0,Gujarat,Rajkot,ENT_000573
C000947,338541452006,IDIB0001122,Aayan Rao,2026-05-13,Online Banking Fraud,323227.7,Maharashtra,Aurangabad,ENT_000603
C000948,191418649552,IDIB0001122,Diya Sen,2026-01-10,Identity Theft,40000.0,Karnataka,Belagavi,ENT_000413
C000949,484312829345,KKBK0001928,Rohit Dutta,2026-04-28,Phishing,15000.0,Karnataka,Bengaluru Urban,ENT_000539
C000950,722478488545,ICIC0004321,Meera Menon,2026-02-09,Phishing,335198.01,Telangana,Nizamabad,ENT_000694
C000951,656602334572,AXIS0003456,Sanjay Pandey,2026-01-02,Payment Fraud,220229.4,Gujarat,Bhavnagar,ENT_000379
C000952,504776119396,PUNB0009876,Diya Ahmed,2026-05-18,Payment Fraud,1500.0,Andhra Pradesh,Tirupati,ENT_000080
C000953,845638847947,IDIB0003344,Deepak Gupta,2026-03-31,Shopping Fraud,302985.23,Uttar Pradesh,Kanpur,ENT_000457
C000954,579255341440,BARB0003579,Ashok Patel,2026-06-17,Investment Fraud,130083.42,Madhya Pradesh,Bhopal,ENT_000220
C000955,133774683071,SBIN0009101,Sai Tripathi,2026-05-17,UPI Fraud,2000.0,West Bengal,Kolkata,ENT_000488
C000956,591979363867,CNRB0006677,Diya Biswas,2026-02-26,UPI Fraud,389379.87,Telangana,Karimnagar,ENT_000134
C000957,921315799665,SBIN0009101,pankaj shah,2026-06-03,UPI Fraud,157048.46,Gujarat,Ahmedabad,ENT_000258
C000958,287410804707,KKBK0001928,P Nair,2026-06-17,Investment Fraud,202843.25,Maharashtra,Thane,ENT_000019
C000959,634321479802,KKBK0007890,Myra Malhotra,2026-04-05,Phishing,2500.0,Karnataka,Hubballi-Dharwad,ENT_000064
C000960,494702875840,ICIC0004321,Priya Saxena,2026-04-09,Online Banking Fraud,1000.0,Gujarat,Vadodara,ENT_000095
C000961,225689924079,CNRB0006677,Pranav Biswas,2026-03-04,UPI Fraud,58435.3,Delhi,New Delhi,ENT_000084
C000962,106937867936,CNRB0006677,Shaurya Verma,2026-02-27,Payment Fraud,227652.12,Telangana,Rangareddy,ENT_000422
C000963,427385361962,CNRB0004455,Ritvik Deshmukh,2026-02-14,Identity Theft,2000.0,Rajasthan,Udaipur,ENT_000612
C000964,363473920508,UBIN0009900,Pranav Pandey,2026-07-19,UPI Fraud,1500.0,Telangana,Warangal,ENT_000436
C000965,465087448782,IDIB0001122,Dhruv Dubey,2026-02-03,Investment Fraud,449998.66,Punjab,Bathinda,ENT_000089
C000966,247869765890,CNRB0004455,Sanjay Menon,2026-04-07,Phishing,147611.37,Punjab,Amritsar,ENT_000151
C000967,963972176017,UBIN0007788,Pranav Kapoor,2026-07-20,Phishing,121670.7,Tamil Nadu,Salem,ENT_000101
C000968,321153020865,HDFC0001234,Kabir Kumar,2026-07-06,Online Banking Fraud,470248.45,Maharashtra,Pune,ENT_000466
C000969,270091008492,IDIB0001122,Ishan Menon,2026-05-25,Identity Theft,73526.43,West Bengal,Darjeeling,ENT_000370
C000970,718510071124,CNRB0004455,Reyansh Tiwari,2026-04-19,Phishing,30000.0,Rajasthan,Ajmer,ENT_000274
C000971,721715610769,IDIB0001122,Anil Srivastava,2026-05-29,Phishing,6942.38,Karnataka,Belagavi,ENT_000372
C000972,989699029003,BARB0002345,Vikram Patel,2026-02-24,Shopping Fraud,242487.93,Delhi,East Delhi,ENT_000198
C000973,352644409339,ICIC0008765,Sunil Agarwal,2026-07-04,Phishing,250000.0,Punjab,Patiala,ENT_000597
C000974,445491629910,AXIS0007890,Ananya Khan,2026-02-12,Shopping Fraud,40000.0,Haryana,Gurugram,ENT_000529
C000975,713516207200,PUNB0001357,Advaith Sen,2026-06-15,Shopping Fraud,373571.97,Madhya Pradesh,Jabalpur,ENT_000336
C000976,736422102747,ICIC0002468,Arjun Shah,2026-04-16,Identity Theft,229499.79,Haryana,Karnal,ENT_000108
C000977,536766840508,BARB0003579,Shaurya Jain,2026-07-19,Phishing,486573.3,Kerala,Kochi,ENT_000254
C000978,168300472052,HDFC0004321,Swati Sharma,2026-04-20,Phishing,491105.28,Bihar,Gaya,ENT_000065
C000979,830136378095,KKBK0007890,Kavya Kapoor,2026-03-03,Payment Fraud,187844.01,Telangana,Karimnagar,ENT_000533
C000980,413180153817,AXIS0003456,Kunal Jain,2026-07-06,Identity Theft,473653.31,Maharashtra,Aurangabad,ENT_000387
C000981,509615173560,AXIS0006543,Ishan R Mishra,2026-03-02,Shopping Fraud,291006.11,Tamil Nadu,Salem,ENT_000460
C000982,625619734196,SBIN0001234,Anita Roy,2026-07-26,Online Banking Fraud,5000.0,Kerala,Kochi,ENT_000144
C000983,762802209928,UBIN0007788,Navya Kulkarni,2026-08-19,Payment Fraud,921.24,Maharashtra,Nagpur,ENT_000689
C000984,736591038802,SBIN0009101,Sai Ali,2026-02-08,Shopping Fraud,2500.0,Haryana,Panipat,ENT_000587
C000985,634321479802,KKBK0007890,Myra Malhotra,2026-03-27,UPI Fraud,15000.0,Uttar Pradesh,Ghaziabad,ENT_000064
C000986,675953876146,CNRB0008899,Sunil Sharma,2026-07-15,Phishing,485327.35,Maharashtra,Mumbai,ENT_000251
C000987,786309570762,AXIS0006543,Krishna Joshi,2026-02-03,Investment Fraud,75000.0,Andhra Pradesh,Tirupati,ENT_000427
C000988,402514631089,AXIS0007890,Vikram Kulkarni,2026-08-16,Payment Fraud,318248.34,Delhi,North Delhi,ENT_000683
C000989,610344572728,CNRB0008899,Vikram Tripathi,2026-01-12,Identity Theft,294611.15,Karnataka,Mangaluru,ENT_000292
C000990,338741697466,IDIB0005566,Ira Jain,2026-06-21,UPI Fraud,5000.0,West Bengal,Kolkata,ENT_000307
C000991,576923056688,SBIN0001234,Sunil Kumar,2026-02-04,Identity Theft,439003.97,Tamil Nadu,Madurai,ENT_000359
C000992,947295030873,IDIB0003344,Alok Jain,2026-07-07,Online Banking Fraud,30000.0,Maharashtra,Aurangabad,ENT_000240
C000993,865873132760,AXIS0007890,Kunal Reddy,2026-02-10,Investment Fraud,22431.09,Rajasthan,Bikaner,ENT_000610
C000994,871677274007,IDIB0005566,Kavya Patel,2026-06-03,Identity Theft,75000.0,Tamil Nadu,Tiruchirappalli,ENT_000395
C000995,834657443459,CNRB0006677,Kavya Mukherjee,2026-01-11,Phishing,75215.22,Tamil Nadu,Salem,ENT_000547
C000996,642318677697,HDFC0005678,Krishna Nair,2026-03-25,Investment Fraud,31210.37,Punjab,Patiala,ENT_000682
C000997,119275187833,SBIN0001234,Ishita Yadav,2026-02-23,Payment Fraud,399867.9,Rajasthan,Jaipur,ENT_000643
C000998,916557269948,KKBK0001928,Pari B Banerjee,2026-06-30,Phishing,75000.0,Punjab,Patiala,ENT_000187
C000999,318212526070,HDFC0005678,Shri Vihaan Gupta,2026-01-03,Investment Fraud,459004.38,Rajasthan,Jodhpur,ENT_000125
C001000,698513567016,PUNB0005432,Aadhya Srivastava,2026-03-07,Online Banking Fraud,139005.1,Madhya Pradesh,Gwalior,ENT_000438
