complaint_id,incident_entity_id,graphsage_probability,risk_level,confidence_tier,nearest_reference_similarity,novelty_status,multi_hop_evidence,high_activity_evidence,cash_out_evidence,terminal_evidence,supporting_signal_count,top_terminal,top_terminal_city,terminal_score,confidence_reason
C000001,ENT_000090,0.0008,LOW_RISK,NORMAL,1.0,KNOWN_PATTERN,False,False,False,False,0,NONE,NONE,0.0,No significant laundering pattern detected at the configured risk threshold.
C000002,ENT_000451,0.0007,LOW_RISK,NORMAL,1.0,KNOWN_PATTERN,False,False,False,False,0,NONE,NONE,0.0,No significant laundering pattern detected at the configured risk threshold.
C000003,ENT_000325,0.9994,SUSPICIOUS,HIGH_CONFIDENCE,0.998,KNOWN_PATTERN,True,True,True,False,4,NONE,NONE,0.0,"High-confidence suspicious incident: GraphSAGE risk is 1.00, the graph spans 3 hops with 4 supporting signals, involves multiple fund exit vectors, and its graph structure closely matches previously observed reference patterns (similarity 1.00)."
C000004,ENT_000493,0.0068,LOW_RISK,NORMAL,0.9887,KNOWN_PATTERN,True,False,False,False,1,NONE,NONE,0.0,No significant laundering pattern detected at the configured risk threshold.
C000005,ENT_000650,0.001,LOW_RISK,NORMAL,1.0,KNOWN_PATTERN,False,False,False,False,0,NONE,NONE,0.0,No significant laundering pattern detected at the configured risk threshold.
C000006,ENT_000669,0.0025,LOW_RISK,NORMAL,0.9995,KNOWN_PATTERN,False,False,False,False,0,NONE,NONE,0.0,No significant laundering pattern detected at the configured risk threshold.
C000007,ENT_000487,0.0008,LOW_RISK,NORMAL,1.0,KNOWN_PATTERN,False,False,False,False,0,NONE,NONE,0.0,No significant laundering pattern detected at the configured risk threshold.
C000008,ENT_000630,0.0022,LOW_RISK,NORMAL,0.9989,KNOWN_PATTERN,False,False,False,False,0,NONE,NONE,0.0,No significant laundering pattern detected at the configured risk threshold.
C000009,ENT_000659,0.0026,LOW_RISK,NORMAL,0.995,KNOWN_PATTERN,False,False,False,False,0,NONE,NONE,0.0,No significant laundering pattern detected at the configured risk threshold.
C000010,ENT_000348,0.0007,LOW_RISK,NORMAL,1.0,KNOWN_PATTERN,False,False,False,False,0,NONE,NONE,0.0,No significant laundering pattern detected at the configured risk threshold.
C000011,ENT_000467,0.0012,LOW_RISK,NORMAL,0.9999,KNOWN_PATTERN,False,False,False,False,0,NONE,NONE,0.0,No significant laundering pattern detected at the configured risk threshold.
C000012,ENT_000220,0.0006,LOW_RISK,NORMAL,1.0,KNOWN_PATTERN,False,False,False,False,0,NONE,NONE,0.0,No significant laundering pattern detected at the configured risk threshold.
C000013,ENT_000461,0.0073,LOW_RISK,NORMAL,0.9732,KNOWN_PATTERN,True,False,False,False,1,NONE,NONE,0.0,No significant laundering pattern detected at the configured risk threshold.
C000014,ENT_000292,0.9999,SUSPICIOUS,HIGH_CONFIDENCE,0.9982,KNOWN_PATTERN,True,True,True,True,5,ATM_018,Bengaluru,0.8199,"High-confidence suspicious incident: GraphSAGE risk is 1.00, the graph spans 3 hops with 5 supporting signals, involves a cash-out terminal (ATM_018 in Bengaluru, score: 0.82), and its graph structure closely matches previously observed reference patterns (similarity 1.00)."
C000015,ENT_000252,0.0008,LOW_RISK,NORMAL,1.0,KNOWN_PATTERN,False,False,False,False,0,NONE,NONE,0.0,No significant laundering pattern detected at the configured risk threshold.
C000016,ENT_000598,1.0,SUSPICIOUS,HIGH_CONFIDENCE,0.9959,KNOWN_PATTERN,True,True,True,False,4,NONE,NONE,0.0,"High-confidence suspicious incident: GraphSAGE risk is 1.00, the graph spans 3 hops with 4 supporting signals, involves multiple fund exit vectors, and its graph structure closely matches previously observed reference patterns (similarity 1.00)."
C000017,ENT_000676,0.0012,LOW_RISK,NORMAL,0.9995,KNOWN_PATTERN,False,False,False,False,0,NONE,NONE,0.0,No significant laundering pattern detected at the configured risk threshold.
C000018,ENT_000610,0.001,LOW_RISK,NORMAL,1.0,KNOWN_PATTERN,False,False,False,False,0,NONE,NONE,0.0,No significant laundering pattern detected at the configured risk threshold.
C000019,ENT_000534,0.002,LOW_RISK,NORMAL,0.9998,KNOWN_PATTERN,False,False,False,False,0,NONE,NONE,0.0,No significant laundering pattern detected at the configured risk threshold.
C000020,ENT_000659,0.1619,LOW_RISK,NORMAL,0.9928,KNOWN_PATTERN,True,True,False,False,3,NONE,NONE,0.0,No significant laundering pattern detected at the configured risk threshold.
C000021,ENT_000201,0.0012,LOW_RISK,NORMAL,1.0,KNOWN_PATTERN,False,False,False,False,0,NONE,NONE,0.0,No significant laundering pattern detected at the configured risk threshold.
C000022,ENT_000458,0.0023,LOW_RISK,NORMAL,0.9994,KNOWN_PATTERN,False,False,False,False,0,NONE,NONE,0.0,No significant laundering pattern detected at the configured risk threshold.
C000023,ENT_000658,0.0091,LOW_RISK,NORMAL,0.9853,KNOWN_PATTERN,True,False,False,False,1,NONE,NONE,0.0,No significant laundering pattern detected at the configured risk threshold.
C000024,ENT_000425,0.9498,SUSPICIOUS,HIGH_CONFIDENCE,0.9975,KNOWN_PATTERN,True,True,True,True,5,ATM_015,Chandigarh,0.8302,"High-confidence suspicious incident: GraphSAGE risk is 0.95, the graph spans 3 hops with 5 supporting signals, involves a cash-out terminal (ATM_015 in Chandigarh, score: 0.83), and its graph structure closely matches previously observed reference patterns (similarity 1.00)."
C000025,ENT_000072,0.0013,LOW_RISK,NORMAL,1.0,KNOWN_PATTERN,False,False,False,False,0,NONE,NONE,0.0,No significant laundering pattern detected at the configured risk threshold.
C000026,ENT_000371,0.0006,LOW_RISK,NORMAL,1.0,KNOWN_PATTERN,False,False,False,False,0,NONE,NONE,0.0,No significant laundering pattern detected at the configured risk threshold.
C000027,ENT_000548,0.021,LOW_RISK,NORMAL,0.9904,KNOWN_PATTERN,True,False,False,False,1,NONE,NONE,0.0,No significant laundering pattern detected at the configured risk threshold.
C000028,ENT_000640,0.0008,LOW_RISK,NORMAL,1.0,KNOWN_PATTERN,False,False,False,False,0,NONE,NONE,0.0,No significant laundering pattern detected at the configured risk threshold.
C000029,ENT_000665,0.0006,LOW_RISK,NORMAL,1.0,KNOWN_PATTERN,False,False,False,False,0,NONE,NONE,0.0,No significant laundering pattern detected at the configured risk threshold.
C000030,ENT_000063,1.0,SUSPICIOUS,HIGH_CONFIDENCE,0.9985,KNOWN_PATTERN,True,True,True,False,4,NONE,NONE,0.0,"High-confidence suspicious incident: GraphSAGE risk is 1.00, the graph spans 3 hops with 4 supporting signals, involves multiple fund exit vectors, and its graph structure closely matches previously observed reference patterns (similarity 1.00)."
C000031,ENT_000593,0.8655,SUSPICIOUS,HIGH_CONFIDENCE,0.9906,KNOWN_PATTERN,True,True,False,False,3,NONE,NONE,0.0,"High-confidence suspicious incident: GraphSAGE risk is 0.87, the graph spans 3 hops with 3 supporting signals, involves multiple fund exit vectors, and its graph structure closely matches previously observed reference patterns (similarity 0.99)."
C000032,ENT_000378,0.001,LOW_RISK,NORMAL,1.0,KNOWN_PATTERN,False,False,False,False,0,NONE,NONE,0.0,No significant laundering pattern detected at the configured risk threshold.
C000033,ENT_000242,0.0008,LOW_RISK,NORMAL,1.0,KNOWN_PATTERN,False,False,False,False,0,NONE,NONE,0.0,No significant laundering pattern detected at the configured risk threshold.
C000034,ENT_000219,0.0006,LOW_RISK,NORMAL,1.0,KNOWN_PATTERN,False,False,False,False,0,NONE,NONE,0.0,No significant laundering pattern detected at the configured risk threshold.
C000035,ENT_000387,0.996,SUSPICIOUS,HIGH_CONFIDENCE,0.9988,KNOWN_PATTERN,True,True,False,False,3,NONE,NONE,0.0,"High-confidence suspicious incident: GraphSAGE risk is 1.00, the graph spans 3 hops with 3 supporting signals, involves multiple fund exit vectors, and its graph structure closely matches previously observed reference patterns (similarity 1.00)."
C000036,ENT_000532,0.0016,LOW_RISK,NORMAL,0.9998,KNOWN_PATTERN,False,False,False,False,0,NONE,NONE,0.0,No significant laundering pattern detected at the configured risk threshold.
C000037,ENT_000237,0.0011,LOW_RISK,NORMAL,1.0,KNOWN_PATTERN,False,False,False,False,0,NONE,NONE,0.0,No significant laundering pattern detected at the configured risk threshold.
C000038,ENT_000483,0.0008,LOW_RISK,NORMAL,1.0,KNOWN_PATTERN,False,False,False,False,0,NONE,NONE,0.0,No significant laundering pattern detected at the configured risk threshold.
C000039,ENT_000466,0.0052,LOW_RISK,NORMAL,0.9145,KNOWN_PATTERN,False,True,False,False,1,NONE,NONE,0.0,No significant laundering pattern detected at the configured risk threshold.
C000040,ENT_000453,0.0011,LOW_RISK,NORMAL,0.9995,KNOWN_PATTERN,False,False,False,False,0,NONE,NONE,0.0,No significant laundering pattern detected at the configured risk threshold.
C000041,ENT_000013,0.0006,LOW_RISK,NORMAL,1.0,KNOWN_PATTERN,False,False,False,False,0,NONE,NONE,0.0,No significant laundering pattern detected at the configured risk threshold.
C000042,ENT_000406,0.0023,LOW_RISK,NORMAL,0.9974,KNOWN_PATTERN,False,False,False,False,0,NONE,NONE,0.0,No significant laundering pattern detected at the configured risk threshold.
C000043,ENT_000351,0.0634,LOW_RISK,NORMAL,0.9823,KNOWN_PATTERN,True,True,False,False,3,NONE,NONE,0.0,No significant laundering pattern detected at the configured risk threshold.
C000044,ENT_000677,0.9944,SUSPICIOUS,HIGH_CONFIDENCE,0.9971,KNOWN_PATTERN,True,True,True,False,4,NONE,NONE,0.0,"High-confidence suspicious incident: GraphSAGE risk is 0.99, the graph spans 3 hops with 4 supporting signals, involves multiple fund exit vectors, and its graph structure closely matches previously observed reference patterns (similarity 1.00)."
C000045,ENT_000109,0.0011,LOW_RISK,NORMAL,0.9995,KNOWN_PATTERN,False,False,False,False,0,NONE,NONE,0.0,No significant laundering pattern detected at the configured risk threshold.
C000046,ENT_000108,0.0025,LOW_RISK,NORMAL,0.9994,KNOWN_PATTERN,False,False,False,False,0,NONE,NONE,0.0,No significant laundering pattern detected at the configured risk threshold.
C000047,ENT_000185,0.9971,SUSPICIOUS,HIGH_CONFIDENCE,0.9992,KNOWN_PATTERN,True,True,True,False,4,NONE,NONE,0.0,"High-confidence suspicious incident: GraphSAGE risk is 1.00, the graph spans 3 hops with 4 supporting signals, involves multiple fund exit vectors, and its graph structure closely matches previously observed reference patterns (similarity 1.00)."
C000048,ENT_000047,0.9987,SUSPICIOUS,HIGH_CONFIDENCE,0.9977,KNOWN_PATTERN,True,True,False,False,3,NONE,NONE,0.0,"High-confidence suspicious incident: GraphSAGE risk is 1.00, the graph spans 3 hops with 3 supporting signals, involves multiple fund exit vectors, and its graph structure closely matches previously observed reference patterns (similarity 1.00)."
C000049,ENT_000439,0.0008,LOW_RISK,NORMAL,1.0,KNOWN_PATTERN,False,False,False,False,0,NONE,NONE,0.0,No significant laundering pattern detected at the configured risk threshold.
C000050,ENT_000080,0.0149,LOW_RISK,NORMAL,0.915,KNOWN_PATTERN,False,False,True,False,1,ATM_029,Mumbai,0.6264,No significant laundering pattern detected at the configured risk threshold.
C000051,ENT_000459,0.0009,LOW_RISK,NORMAL,1.0,KNOWN_PATTERN,False,False,False,False,0,NONE,NONE,0.0,No significant laundering pattern detected at the configured risk threshold.
C000052,ENT_000520,0.0017,LOW_RISK,NORMAL,0.9998,KNOWN_PATTERN,False,False,False,False,0,NONE,NONE,0.0,No significant laundering pattern detected at the configured risk threshold.
C000053,ENT_000417,0.9992,SUSPICIOUS,HIGH_CONFIDENCE,0.9971,KNOWN_PATTERN,True,True,True,False,4,NONE,NONE,0.0,"High-confidence suspicious incident: GraphSAGE risk is 1.00, the graph spans 3 hops with 4 supporting signals, involves multiple fund exit vectors, and its graph structure closely matches previously observed reference patterns (similarity 1.00)."
C000054,ENT_000165,0.0647,LOW_RISK,NORMAL,0.9932,KNOWN_PATTERN,True,False,True,False,2,NONE,NONE,0.0,No significant laundering pattern detected at the configured risk threshold.
C000055,ENT_000040,0.0006,LOW_RISK,NORMAL,1.0,KNOWN_PATTERN,False,False,False,False,0,NONE,NONE,0.0,No significant laundering pattern detected at the configured risk threshold.
C000056,ENT_000513,1.0,SUSPICIOUS,HIGH_CONFIDENCE,0.9992,KNOWN_PATTERN,True,True,True,False,4,NONE,NONE,0.0,"High-confidence suspicious incident: GraphSAGE risk is 1.00, the graph spans 3 hops with 4 supporting signals, involves multiple fund exit vectors, and its graph structure closely matches previously observed reference patterns (similarity 1.00)."
C000057,ENT_000547,0.9902,SUSPICIOUS,HIGH_CONFIDENCE,0.9991,KNOWN_PATTERN,True,True,True,True,5,ATM_043,Chennai,0.8428,"High-confidence suspicious incident: GraphSAGE risk is 0.99, the graph spans 3 hops with 5 supporting signals, involves a cash-out terminal (ATM_043 in Chennai, score: 0.84), and its graph structure closely matches previously observed reference patterns (similarity 1.00)."
C000058,ENT_000574,0.0006,LOW_RISK,NORMAL,1.0,KNOWN_PATTERN,False,False,False,False,0,NONE,NONE,0.0,No significant laundering pattern detected at the configured risk threshold.
C000059,ENT_000102,0.0012,LOW_RISK,NORMAL,1.0,KNOWN_PATTERN,False,False,False,False,0,NONE,NONE,0.0,No significant laundering pattern detected at the configured risk threshold.
C000060,ENT_000070,0.0023,LOW_RISK,NORMAL,0.999,KNOWN_PATTERN,False,False,False,False,0,NONE,NONE,0.0,No significant laundering pattern detected at the configured risk threshold.
C000061,ENT_000009,0.0006,LOW_RISK,NORMAL,1.0,KNOWN_PATTERN,False,False,False,False,0,NONE,NONE,0.0,No significant laundering pattern detected at the configured risk threshold.
C000062,ENT_000118,0.5021,ELEVATED_RISK,MEDIUM_CONFIDENCE,0.9922,KNOWN_PATTERN,True,True,False,False,3,NONE,NONE,0.0,"Medium-confidence suspicious incident: elevated GraphSAGE risk (0.50) and multi-hop activity were detected, but supporting terminal or reference-pattern evidence is partial or evolving."
C000063,ENT_000153,0.0022,LOW_RISK,NORMAL,0.9998,KNOWN_PATTERN,False,False,False,False,0,NONE,NONE,0.0,No significant laundering pattern detected at the configured risk threshold.
C000064,ENT_000410,0.001,LOW_RISK,NORMAL,1.0,KNOWN_PATTERN,False,False,False,False,0,NONE,NONE,0.0,No significant laundering pattern detected at the configured risk threshold.
C000065,ENT_000507,0.9998,SUSPICIOUS,HIGH_CONFIDENCE,0.999,KNOWN_PATTERN,True,True,False,False,3,NONE,NONE,0.0,"High-confidence suspicious incident: GraphSAGE risk is 1.00, the graph spans 3 hops with 3 supporting signals, involves multiple fund exit vectors, and its graph structure closely matches previously observed reference patterns (similarity 1.00)."
C000066,ENT_000080,0.9953,SUSPICIOUS,HIGH_CONFIDENCE,0.9962,KNOWN_PATTERN,True,True,False,False,3,NONE,NONE,0.0,"High-confidence suspicious incident: GraphSAGE risk is 1.00, the graph spans 3 hops with 3 supporting signals, involves multiple fund exit vectors, and its graph structure closely matches previously observed reference patterns (similarity 1.00)."
C000067,ENT_000067,0.0013,LOW_RISK,NORMAL,1.0,KNOWN_PATTERN,False,False,False,False,0,NONE,NONE,0.0,No significant laundering pattern detected at the configured risk threshold.
C000068,ENT_000019,0.9888,SUSPICIOUS,HIGH_CONFIDENCE,0.9961,KNOWN_PATTERN,True,True,True,False,4,NONE,NONE,0.0,"High-confidence suspicious incident: GraphSAGE risk is 0.99, the graph spans 3 hops with 4 supporting signals, involves multiple fund exit vectors, and its graph structure closely matches previously observed reference patterns (similarity 1.00)."
C000069,ENT_000420,0.9998,SUSPICIOUS,HIGH_CONFIDENCE,0.9978,KNOWN_PATTERN,True,True,True,False,4,NONE,NONE,0.0,"High-confidence suspicious incident: GraphSAGE risk is 1.00, the graph spans 3 hops with 4 supporting signals, involves multiple fund exit vectors, and its graph structure closely matches previously observed reference patterns (similarity 1.00)."
C000070,ENT_000165,0.0009,LOW_RISK,NORMAL,1.0,KNOWN_PATTERN,False,False,False,False,0,NONE,NONE,0.0,No significant laundering pattern detected at the configured risk threshold.
C000071,ENT_000084,0.0006,LOW_RISK,NORMAL,1.0,KNOWN_PATTERN,False,False,False,False,0,NONE,NONE,0.0,No significant laundering pattern detected at the configured risk threshold.
C000072,ENT_000405,0.0006,LOW_RISK,NORMAL,1.0,KNOWN_PATTERN,False,False,False,False,0,NONE,NONE,0.0,No significant laundering pattern detected at the configured risk threshold.
C000073,ENT_000156,0.0075,LOW_RISK,NORMAL,0.9472,KNOWN_PATTERN,False,False,True,False,1,NONE,NONE,0.0,No significant laundering pattern detected at the configured risk threshold.
C000074,ENT_000553,0.0009,LOW_RISK,NORMAL,1.0,KNOWN_PATTERN,False,False,False,False,0,NONE,NONE,0.0,No significant laundering pattern detected at the configured risk threshold.
C000075,ENT_000139,0.0007,LOW_RISK,NORMAL,1.0,KNOWN_PATTERN,False,False,False,False,0,NONE,NONE,0.0,No significant laundering pattern detected at the configured risk threshold.
C000076,ENT_000173,0.9308,SUSPICIOUS,HIGH_CONFIDENCE,0.9958,KNOWN_PATTERN,True,True,True,False,4,ATM_029,Mumbai,0.5459,"High-confidence suspicious incident: GraphSAGE risk is 0.93, the graph spans 3 hops with 4 supporting signals, involves a cash-out terminal (ATM_029 in Mumbai, score: 0.55), and its graph structure closely matches previously observed reference patterns (similarity 1.00)."
C000077,ENT_000239,0.9747,SUSPICIOUS,HIGH_CONFIDENCE,0.996,KNOWN_PATTERN,True,True,False,False,3,NONE,NONE,0.0,"High-confidence suspicious incident: GraphSAGE risk is 0.97, the graph spans 3 hops with 3 supporting signals, involves multiple fund exit vectors, and its graph structure closely matches previously observed reference patterns (similarity 1.00)."
C000078,ENT_000405,0.0006,LOW_RISK,NORMAL,1.0,KNOWN_PATTERN,False,False,False,False,0,NONE,NONE,0.0,No significant laundering pattern detected at the configured risk threshold.
C000079,ENT_000631,0.001,LOW_RISK,NORMAL,1.0,KNOWN_PATTERN,False,False,False,False,0,NONE,NONE,0.0,No significant laundering pattern detected at the configured risk threshold.
C000080,ENT_000449,0.0036,LOW_RISK,NORMAL,0.9981,KNOWN_PATTERN,True,False,False,False,1,NONE,NONE,0.0,No significant laundering pattern detected at the configured risk threshold.
C000081,ENT_000154,0.9898,SUSPICIOUS,HIGH_CONFIDENCE,0.9957,KNOWN_PATTERN,True,True,True,False,4,NONE,NONE,0.0,"High-confidence suspicious incident: GraphSAGE risk is 0.99, the graph spans 3 hops with 4 supporting signals, involves multiple fund exit vectors, and its graph structure closely matches previously observed reference patterns (similarity 1.00)."
C000082,ENT_000662,0.1098,LOW_RISK,NORMAL,0.8968,KNOWN_PATTERN,True,True,False,False,2,NONE,NONE,0.0,No significant laundering pattern detected at the configured risk threshold.
C000083,ENT_000392,0.0006,LOW_RISK,NORMAL,1.0,KNOWN_PATTERN,False,False,False,False,0,NONE,NONE,0.0,No significant laundering pattern detected at the configured risk threshold.
C000084,ENT_000685,0.9964,SUSPICIOUS,HIGH_CONFIDENCE,0.9987,KNOWN_PATTERN,True,True,False,False,3,NONE,NONE,0.0,"High-confidence suspicious incident: GraphSAGE risk is 1.00, the graph spans 3 hops with 3 supporting signals, involves multiple fund exit vectors, and its graph structure closely matches previously observed reference patterns (similarity 1.00)."
C000085,ENT_000342,0.001,LOW_RISK,NORMAL,1.0,KNOWN_PATTERN,False,False,False,False,0,NONE,NONE,0.0,No significant laundering pattern detected at the configured risk threshold.
C000086,ENT_000214,0.0014,LOW_RISK,NORMAL,0.9998,KNOWN_PATTERN,False,False,False,False,0,NONE,NONE,0.0,No significant laundering pattern detected at the configured risk threshold.
C000087,ENT_000345,0.9854,SUSPICIOUS,HIGH_CONFIDENCE,0.9988,KNOWN_PATTERN,True,True,True,False,4,NONE,NONE,0.0,"High-confidence suspicious incident: GraphSAGE risk is 0.99, the graph spans 3 hops with 4 supporting signals, involves multiple fund exit vectors, and its graph structure closely matches previously observed reference patterns (similarity 1.00)."
C000088,ENT_000128,0.0673,LOW_RISK,NORMAL,0.972,KNOWN_PATTERN,True,True,False,False,3,NONE,NONE,0.0,No significant laundering pattern detected at the configured risk threshold.
C000089,ENT_000217,0.1052,LOW_RISK,NORMAL,0.992,KNOWN_PATTERN,True,True,False,False,3,NONE,NONE,0.0,No significant laundering pattern detected at the configured risk threshold.
C000090,ENT_000479,0.0016,LOW_RISK,NORMAL,0.9996,KNOWN_PATTERN,False,False,False,False,0,NONE,NONE,0.0,No significant laundering pattern detected at the configured risk threshold.
C000091,ENT_000692,0.0455,LOW_RISK,NORMAL,0.9501,KNOWN_PATTERN,True,False,False,False,1,NONE,NONE,0.0,No significant laundering pattern detected at the configured risk threshold.
C000092,ENT_000480,0.0006,LOW_RISK,NORMAL,1.0,KNOWN_PATTERN,False,False,False,False,0,NONE,NONE,0.0,No significant laundering pattern detected at the configured risk threshold.
C000093,ENT_000207,0.0007,LOW_RISK,NORMAL,1.0,KNOWN_PATTERN,False,False,False,False,0,NONE,NONE,0.0,No significant laundering pattern detected at the configured risk threshold.
C000094,ENT_000020,1.0,SUSPICIOUS,HIGH_CONFIDENCE,0.999,KNOWN_PATTERN,True,True,True,True,5,ATM_019,Mumbai,0.7554,"High-confidence suspicious incident: GraphSAGE risk is 1.00, the graph spans 3 hops with 5 supporting signals, involves a cash-out terminal (ATM_019 in Mumbai, score: 0.76), and its graph structure closely matches previously observed reference patterns (similarity 1.00)."
C000095,ENT_000062,0.0015,LOW_RISK,NORMAL,0.9998,KNOWN_PATTERN,False,False,False,False,0,NONE,NONE,0.0,No significant laundering pattern detected at the configured risk threshold.
C000096,ENT_000143,0.0007,LOW_RISK,NORMAL,1.0,KNOWN_PATTERN,False,False,False,False,0,NONE,NONE,0.0,No significant laundering pattern detected at the configured risk threshold.
C000097,ENT_000136,0.9874,SUSPICIOUS,HIGH_CONFIDENCE,0.9977,KNOWN_PATTERN,True,True,False,False,3,NONE,NONE,0.0,"High-confidence suspicious incident: GraphSAGE risk is 0.99, the graph spans 3 hops with 3 supporting signals, involves multiple fund exit vectors, and its graph structure closely matches previously observed reference patterns (similarity 1.00)."
C000098,ENT_000354,0.0009,LOW_RISK,NORMAL,1.0,KNOWN_PATTERN,False,False,False,False,0,NONE,NONE,0.0,No significant laundering pattern detected at the configured risk threshold.
C000099,ENT_000116,0.9998,SUSPICIOUS,HIGH_CONFIDENCE,0.9984,KNOWN_PATTERN,True,True,True,False,4,NONE,NONE,0.0,"High-confidence suspicious incident: GraphSAGE risk is 1.00, the graph spans 3 hops with 4 supporting signals, involves multiple fund exit vectors, and its graph structure closely matches previously observed reference patterns (similarity 1.00)."
C000100,ENT_000542,0.9996,SUSPICIOUS,HIGH_CONFIDENCE,0.9981,KNOWN_PATTERN,True,True,False,False,3,NONE,NONE,0.0,"High-confidence suspicious incident: GraphSAGE risk is 1.00, the graph spans 3 hops with 3 supporting signals, involves multiple fund exit vectors, and its graph structure closely matches previously observed reference patterns (similarity 1.00)."
C000101,ENT_000017,0.0416,LOW_RISK,NORMAL,0.9692,KNOWN_PATTERN,True,False,False,False,1,NONE,NONE,0.0,No significant laundering pattern detected at the configured risk threshold.
C000102,ENT_000183,0.0255,LOW_RISK,NORMAL,0.9798,KNOWN_PATTERN,True,False,False,False,1,NONE,NONE,0.0,No significant laundering pattern detected at the configured risk threshold.
C000103,ENT_000093,0.9889,SUSPICIOUS,HIGH_CONFIDENCE,0.9959,KNOWN_PATTERN,True,True,True,False,4,NONE,NONE,0.0,"High-confidence suspicious incident: GraphSAGE risk is 0.99, the graph spans 3 hops with 4 supporting signals, involves multiple fund exit vectors, and its graph structure closely matches previously observed reference patterns (similarity 1.00)."
C000104,ENT_000471,0.0007,LOW_RISK,NORMAL,1.0,KNOWN_PATTERN,False,False,False,False,0,NONE,NONE,0.0,No significant laundering pattern detected at the configured risk threshold.
C000105,ENT_000568,0.9664,SUSPICIOUS,HIGH_CONFIDENCE,0.9926,KNOWN_PATTERN,True,True,False,False,3,NONE,NONE,0.0,"High-confidence suspicious incident: GraphSAGE risk is 0.97, the graph spans 3 hops with 3 supporting signals, involves multiple fund exit vectors, and its graph structure closely matches previously observed reference patterns (similarity 0.99)."
C000106,ENT_000138,0.001,LOW_RISK,NORMAL,1.0,KNOWN_PATTERN,False,False,False,False,0,NONE,NONE,0.0,No significant laundering pattern detected at the configured risk threshold.
C000107,ENT_000591,0.0026,LOW_RISK,NORMAL,0.9996,KNOWN_PATTERN,False,False,False,False,0,NONE,NONE,0.0,No significant laundering pattern detected at the configured risk threshold.
C000108,ENT_000059,0.0007,LOW_RISK,NORMAL,1.0,KNOWN_PATTERN,False,False,False,False,0,NONE,NONE,0.0,No significant laundering pattern detected at the configured risk threshold.
C000109,ENT_000433,0.9992,SUSPICIOUS,HIGH_CONFIDENCE,0.9992,KNOWN_PATTERN,True,True,True,False,4,NONE,NONE,0.0,"High-confidence suspicious incident: GraphSAGE risk is 1.00, the graph spans 3 hops with 4 supporting signals, involves multiple fund exit vectors, and its graph structure closely matches previously observed reference patterns (similarity 1.00)."
C000110,ENT_000285,0.0007,LOW_RISK,NORMAL,1.0,KNOWN_PATTERN,False,False,False,False,0,NONE,NONE,0.0,No significant laundering pattern detected at the configured risk threshold.
C000111,ENT_000278,0.0013,LOW_RISK,NORMAL,1.0,KNOWN_PATTERN,False,False,False,False,0,NONE,NONE,0.0,No significant laundering pattern detected at the configured risk threshold.
C000112,ENT_000420,0.0012,LOW_RISK,NORMAL,1.0,KNOWN_PATTERN,False,False,False,False,0,NONE,NONE,0.0,No significant laundering pattern detected at the configured risk threshold.
C000113,ENT_000450,0.0037,LOW_RISK,NORMAL,0.9848,KNOWN_PATTERN,False,False,False,False,0,NONE,NONE,0.0,No significant laundering pattern detected at the configured risk threshold.
C000114,ENT_000042,0.9685,SUSPICIOUS,HIGH_CONFIDENCE,0.9956,KNOWN_PATTERN,True,True,False,False,3,NONE,NONE,0.0,"High-confidence suspicious incident: GraphSAGE risk is 0.97, the graph spans 3 hops with 3 supporting signals, involves multiple fund exit vectors, and its graph structure closely matches previously observed reference patterns (similarity 1.00)."
C000115,ENT_000584,0.9999,SUSPICIOUS,HIGH_CONFIDENCE,0.9984,KNOWN_PATTERN,True,True,True,False,4,NONE,NONE,0.0,"High-confidence suspicious incident: GraphSAGE risk is 1.00, the graph spans 3 hops with 4 supporting signals, involves multiple fund exit vectors, and its graph structure closely matches previously observed reference patterns (similarity 1.00)."
C000116,ENT_000238,0.7184,SUSPICIOUS,HIGH_CONFIDENCE,0.9948,KNOWN_PATTERN,True,True,True,False,4,NONE,NONE,0.0,"High-confidence suspicious incident: GraphSAGE risk is 0.72, the graph spans 3 hops with 4 supporting signals, involves multiple fund exit vectors, and its graph structure closely matches previously observed reference patterns (similarity 0.99)."
C000117,ENT_000651,0.9278,SUSPICIOUS,HIGH_CONFIDENCE,0.9954,KNOWN_PATTERN,True,True,True,False,4,NONE,NONE,0.0,"High-confidence suspicious incident: GraphSAGE risk is 0.93, the graph spans 3 hops with 4 supporting signals, involves multiple fund exit vectors, and its graph structure closely matches previously observed reference patterns (similarity 1.00)."
C000118,ENT_000320,0.0009,LOW_RISK,NORMAL,1.0,KNOWN_PATTERN,False,False,False,False,0,NONE,NONE,0.0,No significant laundering pattern detected at the configured risk threshold.
C000119,ENT_000667,0.0012,LOW_RISK,NORMAL,1.0,KNOWN_PATTERN,False,False,False,False,0,NONE,NONE,0.0,No significant laundering pattern detected at the configured risk threshold.
C000120,ENT_000132,0.0006,LOW_RISK,NORMAL,1.0,KNOWN_PATTERN,False,False,False,False,0,NONE,NONE,0.0,No significant laundering pattern detected at the configured risk threshold.
C000121,ENT_000411,0.0012,LOW_RISK,NORMAL,1.0,KNOWN_PATTERN,False,False,False,False,0,NONE,NONE,0.0,No significant laundering pattern detected at the configured risk threshold.
C000122,ENT_000576,0.0076,LOW_RISK,NORMAL,0.9887,KNOWN_PATTERN,True,False,False,False,1,NONE,NONE,0.0,No significant laundering pattern detected at the configured risk threshold.
C000123,ENT_000153,0.0012,LOW_RISK,NORMAL,1.0,KNOWN_PATTERN,False,False,False,False,0,NONE,NONE,0.0,No significant laundering pattern detected at the configured risk threshold.
C000124,ENT_000626,0.9981,SUSPICIOUS,HIGH_CONFIDENCE,0.9992,KNOWN_PATTERN,True,True,True,False,4,ATM_009,Jaipur,0.7377,"High-confidence suspicious incident: GraphSAGE risk is 1.00, the graph spans 3 hops with 4 supporting signals, involves a cash-out terminal (ATM_009 in Jaipur, score: 0.74), and its graph structure closely matches previously observed reference patterns (similarity 1.00)."
C000125,ENT_000397,0.9925,SUSPICIOUS,HIGH_CONFIDENCE,0.9959,KNOWN_PATTERN,True,True,True,False,4,NONE,NONE,0.0,"High-confidence suspicious incident: GraphSAGE risk is 0.99, the graph spans 3 hops with 4 supporting signals, involves multiple fund exit vectors, and its graph structure closely matches previously observed reference patterns (similarity 1.00)."
C000126,ENT_000143,0.8328,SUSPICIOUS,HIGH_CONFIDENCE,0.9961,KNOWN_PATTERN,True,True,True,False,4,NONE,NONE,0.0,"High-confidence suspicious incident: GraphSAGE risk is 0.83, the graph spans 3 hops with 4 supporting signals, involves multiple fund exit vectors, and its graph structure closely matches previously observed reference patterns (similarity 1.00)."
C000127,ENT_000463,0.0127,LOW_RISK,NORMAL,0.9892,KNOWN_PATTERN,True,False,False,False,1,NONE,NONE,0.0,No significant laundering pattern detected at the configured risk threshold.
C000128,ENT_000186,0.0112,LOW_RISK,NORMAL,0.9964,KNOWN_PATTERN,True,False,False,False,1,NONE,NONE,0.0,No significant laundering pattern detected at the configured risk threshold.
C000129,ENT_000164,0.0025,LOW_RISK,NORMAL,0.9984,KNOWN_PATTERN,False,False,False,False,0,NONE,NONE,0.0,No significant laundering pattern detected at the configured risk threshold.
C000130,ENT_000446,0.0007,LOW_RISK,NORMAL,1.0,KNOWN_PATTERN,False,False,False,False,0,NONE,NONE,0.0,No significant laundering pattern detected at the configured risk threshold.
C000131,ENT_000339,0.002,LOW_RISK,NORMAL,0.9999,KNOWN_PATTERN,False,False,False,False,0,NONE,NONE,0.0,No significant laundering pattern detected at the configured risk threshold.
C000132,ENT_000168,0.0009,LOW_RISK,NORMAL,1.0,KNOWN_PATTERN,False,False,False,False,0,NONE,NONE,0.0,No significant laundering pattern detected at the configured risk threshold.
C000133,ENT_000658,0.001,LOW_RISK,NORMAL,1.0,KNOWN_PATTERN,False,False,False,False,0,NONE,NONE,0.0,No significant laundering pattern detected at the configured risk threshold.
C000134,ENT_000193,0.0007,LOW_RISK,NORMAL,1.0,KNOWN_PATTERN,False,False,False,False,0,NONE,NONE,0.0,No significant laundering pattern detected at the configured risk threshold.
C000135,ENT_000007,0.0501,LOW_RISK,NORMAL,0.9939,KNOWN_PATTERN,True,False,False,False,1,NONE,NONE,0.0,No significant laundering pattern detected at the configured risk threshold.
C000136,ENT_000281,0.8365,SUSPICIOUS,HIGH_CONFIDENCE,0.9934,KNOWN_PATTERN,True,True,False,False,3,NONE,NONE,0.0,"High-confidence suspicious incident: GraphSAGE risk is 0.84, the graph spans 3 hops with 3 supporting signals, involves multiple fund exit vectors, and its graph structure closely matches previously observed reference patterns (similarity 0.99)."
C000137,ENT_000275,0.0007,LOW_RISK,NORMAL,1.0,KNOWN_PATTERN,False,False,False,False,0,NONE,NONE,0.0,No significant laundering pattern detected at the configured risk threshold.
C000138,ENT_000300,0.0029,LOW_RISK,NORMAL,0.9868,KNOWN_PATTERN,False,False,False,False,0,NONE,NONE,0.0,No significant laundering pattern detected at the configured risk threshold.
C000139,ENT_000524,0.0006,LOW_RISK,NORMAL,1.0,KNOWN_PATTERN,False,False,False,False,0,NONE,NONE,0.0,No significant laundering pattern detected at the configured risk threshold.
C000140,ENT_000455,0.1831,LOW_RISK,NORMAL,0.9835,KNOWN_PATTERN,True,True,False,False,3,NONE,NONE,0.0,No significant laundering pattern detected at the configured risk threshold.
C000141,ENT_000674,0.0728,LOW_RISK,NORMAL,0.9694,KNOWN_PATTERN,True,True,False,False,3,NONE,NONE,0.0,No significant laundering pattern detected at the configured risk threshold.
C000142,ENT_000289,0.0006,LOW_RISK,NORMAL,1.0,KNOWN_PATTERN,False,False,False,False,0,NONE,NONE,0.0,No significant laundering pattern detected at the configured risk threshold.
C000143,ENT_000248,0.0301,LOW_RISK,NORMAL,0.9788,KNOWN_PATTERN,True,False,False,False,1,NONE,NONE,0.0,No significant laundering pattern detected at the configured risk threshold.
C000144,ENT_000561,0.0014,LOW_RISK,NORMAL,0.9997,KNOWN_PATTERN,False,False,False,False,0,NONE,NONE,0.0,No significant laundering pattern detected at the configured risk threshold.
C000145,ENT_000315,0.0006,LOW_RISK,NORMAL,1.0,KNOWN_PATTERN,False,False,False,False,0,NONE,NONE,0.0,No significant laundering pattern detected at the configured risk threshold.
C000146,ENT_000358,0.0012,LOW_RISK,NORMAL,0.9999,KNOWN_PATTERN,False,False,False,False,0,NONE,NONE,0.0,No significant laundering pattern detected at the configured risk threshold.
C000147,ENT_000458,0.9961,SUSPICIOUS,HIGH_CONFIDENCE,0.997,KNOWN_PATTERN,True,True,False,False,3,NONE,NONE,0.0,"High-confidence suspicious incident: GraphSAGE risk is 1.00, the graph spans 3 hops with 3 supporting signals, involves multiple fund exit vectors, and its graph structure closely matches previously observed reference patterns (similarity 1.00)."
C000148,ENT_000387,0.594,ELEVATED_RISK,MEDIUM_CONFIDENCE,0.9904,KNOWN_PATTERN,True,True,False,False,2,NONE,NONE,0.0,"Medium-confidence suspicious incident: elevated GraphSAGE risk (0.59) and multi-hop activity were detected, but supporting terminal or reference-pattern evidence is partial or evolving."
C000149,ENT_000624,0.0018,LOW_RISK,NORMAL,0.9997,KNOWN_PATTERN,False,False,False,False,0,NONE,NONE,0.0,No significant laundering pattern detected at the configured risk threshold.
C000150,ENT_000485,0.0163,LOW_RISK,NORMAL,0.978,KNOWN_PATTERN,True,False,False,False,1,NONE,NONE,0.0,No significant laundering pattern detected at the configured risk threshold.
C000151,ENT_000488,0.001,LOW_RISK,NORMAL,1.0,KNOWN_PATTERN,False,False,False,False,0,NONE,NONE,0.0,No significant laundering pattern detected at the configured risk threshold.
C000152,ENT_000101,0.0235,LOW_RISK,NORMAL,0.944,KNOWN_PATTERN,False,True,False,False,1,NONE,NONE,0.0,No significant laundering pattern detected at the configured risk threshold.
C000153,ENT_000003,0.0007,LOW_RISK,NORMAL,1.0,KNOWN_PATTERN,False,False,False,False,0,NONE,NONE,0.0,No significant laundering pattern detected at the configured risk threshold.
C000154,ENT_000637,0.0007,LOW_RISK,NORMAL,1.0,KNOWN_PATTERN,False,False,False,False,0,NONE,NONE,0.0,No significant laundering pattern detected at the configured risk threshold.
C000155,ENT_000099,0.9998,SUSPICIOUS,HIGH_CONFIDENCE,0.9977,KNOWN_PATTERN,True,True,True,False,4,NONE,NONE,0.0,"High-confidence suspicious incident: GraphSAGE risk is 1.00, the graph spans 3 hops with 4 supporting signals, involves multiple fund exit vectors, and its graph structure closely matches previously observed reference patterns (similarity 1.00)."
C000156,ENT_000146,0.9853,SUSPICIOUS,HIGH_CONFIDENCE,0.9947,KNOWN_PATTERN,True,True,True,False,4,ATM_009,Jaipur,0.6953,"High-confidence suspicious incident: GraphSAGE risk is 0.99, the graph spans 3 hops with 4 supporting signals, involves a cash-out terminal (ATM_009 in Jaipur, score: 0.70), and its graph structure closely matches previously observed reference patterns (similarity 0.99)."
C000157,ENT_000499,0.9718,SUSPICIOUS,HIGH_CONFIDENCE,0.998,KNOWN_PATTERN,True,True,True,False,4,NONE,NONE,0.0,"High-confidence suspicious incident: GraphSAGE risk is 0.97, the graph spans 3 hops with 4 supporting signals, involves multiple fund exit vectors, and its graph structure closely matches previously observed reference patterns (similarity 1.00)."
C000158,ENT_000580,0.3685,LOW_RISK,NORMAL,0.9673,KNOWN_PATTERN,True,False,False,False,1,NONE,NONE,0.0,No significant laundering pattern detected at the configured risk threshold.
C000159,ENT_000286,1.0,SUSPICIOUS,HIGH_CONFIDENCE,0.9984,KNOWN_PATTERN,True,True,True,False,4,NONE,NONE,0.0,"High-confidence suspicious incident: GraphSAGE risk is 1.00, the graph spans 3 hops with 4 supporting signals, involves multiple fund exit vectors, and its graph structure closely matches previously observed reference patterns (similarity 1.00)."
C000160,ENT_000277,0.0044,LOW_RISK,NORMAL,0.9008,KNOWN_PATTERN,False,True,False,False,1,NONE,NONE,0.0,No significant laundering pattern detected at the configured risk threshold.
C000161,ENT_000504,0.0006,LOW_RISK,NORMAL,1.0,KNOWN_PATTERN,False,False,False,False,0,NONE,NONE,0.0,No significant laundering pattern detected at the configured risk threshold.
C000162,ENT_000599,0.6295,SUSPICIOUS,HIGH_CONFIDENCE,0.9937,KNOWN_PATTERN,True,True,False,False,3,NONE,NONE,0.0,"High-confidence suspicious incident: GraphSAGE risk is 0.63, the graph spans 3 hops with 3 supporting signals, involves multiple fund exit vectors, and its graph structure closely matches previously observed reference patterns (similarity 0.99)."
C000163,ENT_000426,0.0022,LOW_RISK,NORMAL,0.9961,KNOWN_PATTERN,False,False,False,False,0,NONE,NONE,0.0,No significant laundering pattern detected at the configured risk threshold.
C000164,ENT_000516,0.0007,LOW_RISK,NORMAL,1.0,KNOWN_PATTERN,False,False,False,False,0,NONE,NONE,0.0,No significant laundering pattern detected at the configured risk threshold.
C000165,ENT_000058,0.9964,SUSPICIOUS,HIGH_CONFIDENCE,0.9978,KNOWN_PATTERN,True,True,False,False,2,NONE,NONE,0.0,"High-confidence suspicious incident: GraphSAGE risk is 1.00, the graph spans 3 hops with 2 supporting signals, involves multiple fund exit vectors, and its graph structure closely matches previously observed reference patterns (similarity 1.00)."
C000166,ENT_000126,0.0008,LOW_RISK,NORMAL,1.0,KNOWN_PATTERN,False,False,False,False,0,NONE,NONE,0.0,No significant laundering pattern detected at the configured risk threshold.
C000167,ENT_000592,0.0403,LOW_RISK,NORMAL,0.9848,KNOWN_PATTERN,True,True,False,False,3,NONE,NONE,0.0,No significant laundering pattern detected at the configured risk threshold.
C000168,ENT_000299,0.0338,LOW_RISK,NORMAL,0.9843,KNOWN_PATTERN,True,False,False,False,1,NONE,NONE,0.0,No significant laundering pattern detected at the configured risk threshold.
C000169,ENT_000490,0.134,LOW_RISK,NORMAL,0.9888,KNOWN_PATTERN,True,True,False,False,3,NONE,NONE,0.0,No significant laundering pattern detected at the configured risk threshold.
C000170,ENT_000006,0.002,LOW_RISK,NORMAL,0.9998,KNOWN_PATTERN,False,False,False,False,0,NONE,NONE,0.0,No significant laundering pattern detected at the configured risk threshold.
C000171,ENT_000099,0.029,LOW_RISK,NORMAL,0.9895,KNOWN_PATTERN,True,False,False,False,1,NONE,NONE,0.0,No significant laundering pattern detected at the configured risk threshold.
C000172,ENT_000129,0.0012,LOW_RISK,NORMAL,1.0,KNOWN_PATTERN,False,False,False,False,0,NONE,NONE,0.0,No significant laundering pattern detected at the configured risk threshold.
C000173,ENT_000055,0.0694,LOW_RISK,NORMAL,0.8962,KNOWN_PATTERN,True,True,False,False,2,NONE,NONE,0.0,No significant laundering pattern detected at the configured risk threshold.
C000174,ENT_000647,0.0857,LOW_RISK,NORMAL,0.9434,KNOWN_PATTERN,True,True,False,False,2,NONE,NONE,0.0,No significant laundering pattern detected at the configured risk threshold.
C000175,ENT_000434,0.2876,LOW_RISK,NORMAL,0.9777,KNOWN_PATTERN,True,False,False,False,1,NONE,NONE,0.0,No significant laundering pattern detected at the configured risk threshold.
C000176,ENT_000657,0.0011,LOW_RISK,NORMAL,1.0,KNOWN_PATTERN,False,False,False,False,0,NONE,NONE,0.0,No significant laundering pattern detected at the configured risk threshold.
C000177,ENT_000648,0.98,SUSPICIOUS,HIGH_CONFIDENCE,0.9979,KNOWN_PATTERN,True,True,True,False,4,NONE,NONE,0.0,"High-confidence suspicious incident: GraphSAGE risk is 0.98, the graph spans 3 hops with 4 supporting signals, involves multiple fund exit vectors, and its graph structure closely matches previously observed reference patterns (similarity 1.00)."
C000178,ENT_000537,1.0,SUSPICIOUS,HIGH_CONFIDENCE,0.9963,KNOWN_PATTERN,True,True,True,True,5,ATM_012,Patna,0.9128,"High-confidence suspicious incident: GraphSAGE risk is 1.00, the graph spans 3 hops with 5 supporting signals, involves a cash-out terminal (ATM_012 in Patna, score: 0.91), and its graph structure closely matches previously observed reference patterns (similarity 1.00)."
C000179,ENT_000137,0.001,LOW_RISK,NORMAL,1.0,KNOWN_PATTERN,False,False,False,False,0,NONE,NONE,0.0,No significant laundering pattern detected at the configured risk threshold.
C000180,ENT_000113,0.0093,LOW_RISK,NORMAL,0.9941,KNOWN_PATTERN,True,False,False,False,1,NONE,NONE,0.0,No significant laundering pattern detected at the configured risk threshold.
C000181,ENT_000586,0.1666,LOW_RISK,NORMAL,0.9927,KNOWN_PATTERN,True,True,False,False,3,NONE,NONE,0.0,No significant laundering pattern detected at the configured risk threshold.
C000182,ENT_000384,0.0052,LOW_RISK,NORMAL,0.9879,KNOWN_PATTERN,True,False,False,False,1,NONE,NONE,0.0,No significant laundering pattern detected at the configured risk threshold.
C000183,ENT_000144,0.0008,LOW_RISK,NORMAL,1.0,KNOWN_PATTERN,False,False,False,False,0,NONE,NONE,0.0,No significant laundering pattern detected at the configured risk threshold.
C000184,ENT_000558,0.3416,LOW_RISK,NORMAL,0.9827,KNOWN_PATTERN,True,False,False,False,1,NONE,NONE,0.0,No significant laundering pattern detected at the configured risk threshold.
C000185,ENT_000643,0.0339,LOW_RISK,NORMAL,0.9804,KNOWN_PATTERN,True,False,False,False,1,NONE,NONE,0.0,No significant laundering pattern detected at the configured risk threshold.
C000186,ENT_000591,0.1007,LOW_RISK,NORMAL,0.9923,KNOWN_PATTERN,True,True,False,False,3,NONE,NONE,0.0,No significant laundering pattern detected at the configured risk threshold.
C000187,ENT_000394,0.7066,SUSPICIOUS,HIGH_CONFIDENCE,0.9893,KNOWN_PATTERN,True,True,False,False,3,NONE,NONE,0.0,"High-confidence suspicious incident: GraphSAGE risk is 0.71, the graph spans 3 hops with 3 supporting signals, involves multiple fund exit vectors, and its graph structure closely matches previously observed reference patterns (similarity 0.99)."
C000188,ENT_000271,0.0008,LOW_RISK,NORMAL,1.0,KNOWN_PATTERN,False,False,False,False,0,NONE,NONE,0.0,No significant laundering pattern detected at the configured risk threshold.
C000189,ENT_000430,0.992,SUSPICIOUS,HIGH_CONFIDENCE,0.9966,KNOWN_PATTERN,True,True,False,False,3,NONE,NONE,0.0,"High-confidence suspicious incident: GraphSAGE risk is 0.99, the graph spans 3 hops with 3 supporting signals, involves multiple fund exit vectors, and its graph structure closely matches previously observed reference patterns (similarity 1.00)."
C000190,ENT_000323,0.026,LOW_RISK,NORMAL,0.9556,KNOWN_PATTERN,True,False,False,False,1,NONE,NONE,0.0,No significant laundering pattern detected at the configured risk threshold.
C000191,ENT_000270,0.9989,SUSPICIOUS,HIGH_CONFIDENCE,0.9991,KNOWN_PATTERN,True,True,False,False,3,NONE,NONE,0.0,"High-confidence suspicious incident: GraphSAGE risk is 1.00, the graph spans 3 hops with 3 supporting signals, involves multiple fund exit vectors, and its graph structure closely matches previously observed reference patterns (similarity 1.00)."
C000192,ENT_000620,0.065,LOW_RISK,NORMAL,0.9755,KNOWN_PATTERN,True,True,False,False,3,NONE,NONE,0.0,No significant laundering pattern detected at the configured risk threshold.
C000193,ENT_000276,0.0012,LOW_RISK,NORMAL,1.0,KNOWN_PATTERN,False,False,False,False,0,NONE,NONE,0.0,No significant laundering pattern detected at the configured risk threshold.
C000194,ENT_000250,0.0056,LOW_RISK,NORMAL,1.0,KNOWN_PATTERN,False,False,False,False,0,NONE,NONE,0.0,No significant laundering pattern detected at the configured risk threshold.
C000195,ENT_000405,0.0261,LOW_RISK,NORMAL,0.954,KNOWN_PATTERN,True,False,False,False,1,NONE,NONE,0.0,No significant laundering pattern detected at the configured risk threshold.
C000196,ENT_000103,0.9969,SUSPICIOUS,HIGH_CONFIDENCE,0.9992,KNOWN_PATTERN,True,True,True,True,5,ATM_037,Mumbai,0.8759,"High-confidence suspicious incident: GraphSAGE risk is 1.00, the graph spans 3 hops with 5 supporting signals, involves a cash-out terminal (ATM_037 in Mumbai, score: 0.88), and its graph structure closely matches previously observed reference patterns (similarity 1.00)."
C000197,ENT_000199,0.1473,LOW_RISK,NORMAL,0.9975,KNOWN_PATTERN,True,False,False,False,1,NONE,NONE,0.0,No significant laundering pattern detected at the configured risk threshold.
C000198,ENT_000158,0.9158,SUSPICIOUS,HIGH_CONFIDENCE,0.9972,KNOWN_PATTERN,True,True,False,False,3,NONE,NONE,0.0,"High-confidence suspicious incident: GraphSAGE risk is 0.92, the graph spans 3 hops with 3 supporting signals, involves multiple fund exit vectors, and its graph structure closely matches previously observed reference patterns (similarity 1.00)."
C000199,ENT_000032,0.001,LOW_RISK,NORMAL,1.0,KNOWN_PATTERN,False,False,False,False,0,NONE,NONE,0.0,No significant laundering pattern detected at the configured risk threshold.
C000200,ENT_000647,0.0024,LOW_RISK,NORMAL,0.9992,KNOWN_PATTERN,False,False,False,False,0,NONE,NONE,0.0,No significant laundering pattern detected at the configured risk threshold.
C000201,ENT_000555,0.0207,LOW_RISK,NORMAL,0.9904,KNOWN_PATTERN,True,False,False,False,1,NONE,NONE,0.0,No significant laundering pattern detected at the configured risk threshold.
C000202,ENT_000310,1.0,SUSPICIOUS,HIGH_CONFIDENCE,0.9995,KNOWN_PATTERN,True,True,True,False,4,NONE,NONE,0.0,"High-confidence suspicious incident: GraphSAGE risk is 1.00, the graph spans 3 hops with 4 supporting signals, involves multiple fund exit vectors, and its graph structure closely matches previously observed reference patterns (similarity 1.00)."
C000203,ENT_000290,0.0009,LOW_RISK,NORMAL,1.0,KNOWN_PATTERN,False,False,False,False,0,NONE,NONE,0.0,No significant laundering pattern detected at the configured risk threshold.
C000204,ENT_000227,0.001,LOW_RISK,NORMAL,1.0,KNOWN_PATTERN,False,False,False,False,0,NONE,NONE,0.0,No significant laundering pattern detected at the configured risk threshold.
C000205,ENT_000404,0.0021,LOW_RISK,NORMAL,0.998,KNOWN_PATTERN,False,False,False,False,0,NONE,NONE,0.0,No significant laundering pattern detected at the configured risk threshold.
C000206,ENT_000253,0.0481,LOW_RISK,NORMAL,0.9939,KNOWN_PATTERN,True,True,False,False,3,NONE,NONE,0.0,No significant laundering pattern detected at the configured risk threshold.
C000207,ENT_000506,0.0007,LOW_RISK,NORMAL,1.0,KNOWN_PATTERN,False,False,False,False,0,NONE,NONE,0.0,No significant laundering pattern detected at the configured risk threshold.
C000208,ENT_000653,0.2647,LOW_RISK,NORMAL,0.9875,KNOWN_PATTERN,True,True,False,False,3,NONE,NONE,0.0,No significant laundering pattern detected at the configured risk threshold.
C000209,ENT_000432,0.0505,LOW_RISK,NORMAL,0.9707,KNOWN_PATTERN,True,False,True,False,2,NONE,NONE,0.0,No significant laundering pattern detected at the configured risk threshold.
C000210,ENT_000021,0.3296,LOW_RISK,NORMAL,0.9911,KNOWN_PATTERN,True,True,True,False,4,NONE,NONE,0.0,No significant laundering pattern detected at the configured risk threshold.
C000211,ENT_000481,0.0264,LOW_RISK,NORMAL,0.9476,KNOWN_PATTERN,False,True,False,False,1,NONE,NONE,0.0,No significant laundering pattern detected at the configured risk threshold.
C000212,ENT_000009,0.9999,SUSPICIOUS,HIGH_CONFIDENCE,0.9985,KNOWN_PATTERN,True,True,False,False,3,NONE,NONE,0.0,"High-confidence suspicious incident: GraphSAGE risk is 1.00, the graph spans 3 hops with 3 supporting signals, involves multiple fund exit vectors, and its graph structure closely matches previously observed reference patterns (similarity 1.00)."
C000213,ENT_000549,0.0006,LOW_RISK,NORMAL,1.0,KNOWN_PATTERN,False,False,False,False,0,NONE,NONE,0.0,No significant laundering pattern detected at the configured risk threshold.
C000214,ENT_000191,0.001,LOW_RISK,NORMAL,1.0,KNOWN_PATTERN,False,False,False,False,0,NONE,NONE,0.0,No significant laundering pattern detected at the configured risk threshold.
C000215,ENT_000525,0.0012,LOW_RISK,NORMAL,1.0,KNOWN_PATTERN,False,False,False,False,0,NONE,NONE,0.0,No significant laundering pattern detected at the configured risk threshold.
C000216,ENT_000641,0.0009,LOW_RISK,NORMAL,1.0,KNOWN_PATTERN,False,False,False,False,0,NONE,NONE,0.0,No significant laundering pattern detected at the configured risk threshold.
C000217,ENT_000256,0.8525,SUSPICIOUS,HIGH_CONFIDENCE,0.9958,KNOWN_PATTERN,True,True,False,False,3,NONE,NONE,0.0,"High-confidence suspicious incident: GraphSAGE risk is 0.85, the graph spans 3 hops with 3 supporting signals, involves multiple fund exit vectors, and its graph structure closely matches previously observed reference patterns (similarity 1.00)."
C000218,ENT_000536,0.9454,SUSPICIOUS,HIGH_CONFIDENCE,0.9957,KNOWN_PATTERN,True,True,False,False,3,NONE,NONE,0.0,"High-confidence suspicious incident: GraphSAGE risk is 0.95, the graph spans 3 hops with 3 supporting signals, involves multiple fund exit vectors, and its graph structure closely matches previously observed reference patterns (similarity 1.00)."
C000219,ENT_000390,0.0962,LOW_RISK,NORMAL,0.9876,KNOWN_PATTERN,True,True,False,False,3,NONE,NONE,0.0,No significant laundering pattern detected at the configured risk threshold.
C000220,ENT_000319,0.9992,SUSPICIOUS,HIGH_CONFIDENCE,0.9981,KNOWN_PATTERN,True,True,True,False,4,NONE,NONE,0.0,"High-confidence suspicious incident: GraphSAGE risk is 1.00, the graph spans 3 hops with 4 supporting signals, involves multiple fund exit vectors, and its graph structure closely matches previously observed reference patterns (similarity 1.00)."
C000221,ENT_000255,0.0571,LOW_RISK,NORMAL,0.9892,KNOWN_PATTERN,True,False,False,False,1,NONE,NONE,0.0,No significant laundering pattern detected at the configured risk threshold.
C000222,ENT_000570,0.9997,SUSPICIOUS,HIGH_CONFIDENCE,0.9973,KNOWN_PATTERN,True,True,False,False,3,NONE,NONE,0.0,"High-confidence suspicious incident: GraphSAGE risk is 1.00, the graph spans 3 hops with 3 supporting signals, involves multiple fund exit vectors, and its graph structure closely matches previously observed reference patterns (similarity 1.00)."
C000223,ENT_000580,0.0192,LOW_RISK,NORMAL,0.9677,KNOWN_PATTERN,True,False,False,False,1,NONE,NONE,0.0,No significant laundering pattern detected at the configured risk threshold.
C000224,ENT_000337,0.0012,LOW_RISK,NORMAL,1.0,KNOWN_PATTERN,False,False,False,False,0,NONE,NONE,0.0,No significant laundering pattern detected at the configured risk threshold.
C000225,ENT_000036,0.3734,LOW_RISK,NORMAL,0.98,KNOWN_PATTERN,True,True,False,False,2,NONE,NONE,0.0,No significant laundering pattern detected at the configured risk threshold.
C000226,ENT_000316,0.0029,LOW_RISK,NORMAL,0.9989,KNOWN_PATTERN,False,False,False,False,0,NONE,NONE,0.0,No significant laundering pattern detected at the configured risk threshold.
C000227,ENT_000192,0.9707,SUSPICIOUS,HIGH_CONFIDENCE,0.993,KNOWN_PATTERN,True,True,False,False,3,NONE,NONE,0.0,"High-confidence suspicious incident: GraphSAGE risk is 0.97, the graph spans 3 hops with 3 supporting signals, involves multiple fund exit vectors, and its graph structure closely matches previously observed reference patterns (similarity 0.99)."
C000228,ENT_000037,0.0025,LOW_RISK,NORMAL,0.9997,KNOWN_PATTERN,False,False,False,False,0,NONE,NONE,0.0,No significant laundering pattern detected at the configured risk threshold.
C000229,ENT_000005,0.0057,LOW_RISK,NORMAL,0.9757,KNOWN_PATTERN,False,False,False,False,0,NONE,NONE,0.0,No significant laundering pattern detected at the configured risk threshold.
C000230,ENT_000380,0.0009,LOW_RISK,NORMAL,1.0,KNOWN_PATTERN,False,False,False,False,0,NONE,NONE,0.0,No significant laundering pattern detected at the configured risk threshold.
C000231,ENT_000664,0.9684,SUSPICIOUS,HIGH_CONFIDENCE,0.9986,KNOWN_PATTERN,True,True,True,False,4,NONE,NONE,0.0,"High-confidence suspicious incident: GraphSAGE risk is 0.97, the graph spans 3 hops with 4 supporting signals, involves multiple fund exit vectors, and its graph structure closely matches previously observed reference patterns (similarity 1.00)."
C000232,ENT_000358,0.0006,LOW_RISK,NORMAL,1.0,KNOWN_PATTERN,False,False,False,False,0,NONE,NONE,0.0,No significant laundering pattern detected at the configured risk threshold.
C000233,ENT_000443,0.0006,LOW_RISK,NORMAL,1.0,KNOWN_PATTERN,False,False,False,False,0,NONE,NONE,0.0,No significant laundering pattern detected at the configured risk threshold.
C000234,ENT_000581,1.0,SUSPICIOUS,HIGH_CONFIDENCE,0.9992,KNOWN_PATTERN,True,True,True,False,4,ATM_018,Bengaluru,0.6187,"High-confidence suspicious incident: GraphSAGE risk is 1.00, the graph spans 3 hops with 4 supporting signals, involves a cash-out terminal (ATM_018 in Bengaluru, score: 0.62), and its graph structure closely matches previously observed reference patterns (similarity 1.00)."
C000235,ENT_000603,0.0458,LOW_RISK,NORMAL,0.9888,KNOWN_PATTERN,True,True,False,False,3,NONE,NONE,0.0,No significant laundering pattern detected at the configured risk threshold.
C000236,ENT_000516,0.0007,LOW_RISK,NORMAL,1.0,KNOWN_PATTERN,False,False,False,False,0,NONE,NONE,0.0,No significant laundering pattern detected at the configured risk threshold.
C000237,ENT_000137,0.0016,LOW_RISK,NORMAL,0.9998,KNOWN_PATTERN,False,False,False,False,0,NONE,NONE,0.0,No significant laundering pattern detected at the configured risk threshold.
C000238,ENT_000271,0.0087,LOW_RISK,NORMAL,0.9956,KNOWN_PATTERN,False,False,False,False,0,NONE,NONE,0.0,No significant laundering pattern detected at the configured risk threshold.
C000239,ENT_000399,0.0028,LOW_RISK,NORMAL,0.9989,KNOWN_PATTERN,False,False,False,False,0,NONE,NONE,0.0,No significant laundering pattern detected at the configured risk threshold.
C000240,ENT_000117,0.0012,LOW_RISK,NORMAL,1.0,KNOWN_PATTERN,False,False,False,False,0,NONE,NONE,0.0,No significant laundering pattern detected at the configured risk threshold.
C000241,ENT_000613,0.9996,SUSPICIOUS,HIGH_CONFIDENCE,0.9975,KNOWN_PATTERN,True,True,True,False,4,NONE,NONE,0.0,"High-confidence suspicious incident: GraphSAGE risk is 1.00, the graph spans 3 hops with 4 supporting signals, involves multiple fund exit vectors, and its graph structure closely matches previously observed reference patterns (similarity 1.00)."
C000242,ENT_000526,0.0278,LOW_RISK,NORMAL,0.9788,KNOWN_PATTERN,True,False,False,False,1,NONE,NONE,0.0,No significant laundering pattern detected at the configured risk threshold.
C000243,ENT_000432,0.002,LOW_RISK,NORMAL,0.9978,KNOWN_PATTERN,False,False,False,False,0,NONE,NONE,0.0,No significant laundering pattern detected at the configured risk threshold.
C000244,ENT_000253,0.8874,SUSPICIOUS,HIGH_CONFIDENCE,0.9915,KNOWN_PATTERN,True,True,False,False,3,NONE,NONE,0.0,"High-confidence suspicious incident: GraphSAGE risk is 0.89, the graph spans 3 hops with 3 supporting signals, involves multiple fund exit vectors, and its graph structure closely matches previously observed reference patterns (similarity 0.99)."
C000245,ENT_000045,0.0008,LOW_RISK,NORMAL,1.0,KNOWN_PATTERN,False,False,False,False,0,NONE,NONE,0.0,No significant laundering pattern detected at the configured risk threshold.
C000246,ENT_000045,0.9076,SUSPICIOUS,HIGH_CONFIDENCE,0.9951,KNOWN_PATTERN,True,True,True,False,4,NONE,NONE,0.0,"High-confidence suspicious incident: GraphSAGE risk is 0.91, the graph spans 3 hops with 4 supporting signals, involves multiple fund exit vectors, and its graph structure closely matches previously observed reference patterns (similarity 1.00)."
C000247,ENT_000618,0.0008,LOW_RISK,NORMAL,1.0,KNOWN_PATTERN,False,False,False,False,0,NONE,NONE,0.0,No significant laundering pattern detected at the configured risk threshold.
C000248,ENT_000587,0.0021,LOW_RISK,NORMAL,0.9996,KNOWN_PATTERN,False,False,False,False,0,NONE,NONE,0.0,No significant laundering pattern detected at the configured risk threshold.
C000249,ENT_000393,0.0015,LOW_RISK,NORMAL,0.9996,KNOWN_PATTERN,False,False,False,False,0,NONE,NONE,0.0,No significant laundering pattern detected at the configured risk threshold.
C000250,ENT_000191,0.001,LOW_RISK,NORMAL,1.0,KNOWN_PATTERN,False,False,False,False,0,NONE,NONE,0.0,No significant laundering pattern detected at the configured risk threshold.
C000251,ENT_000486,0.0008,LOW_RISK,NORMAL,1.0,KNOWN_PATTERN,False,False,False,False,0,NONE,NONE,0.0,No significant laundering pattern detected at the configured risk threshold.
C000252,ENT_000078,0.0006,LOW_RISK,NORMAL,1.0,KNOWN_PATTERN,False,False,False,False,0,NONE,NONE,0.0,No significant laundering pattern detected at the configured risk threshold.
C000253,ENT_000387,0.1628,LOW_RISK,NORMAL,0.9802,KNOWN_PATTERN,True,True,False,False,3,NONE,NONE,0.0,No significant laundering pattern detected at the configured risk threshold.
C000254,ENT_000270,0.0012,LOW_RISK,NORMAL,1.0,KNOWN_PATTERN,False,False,False,False,0,NONE,NONE,0.0,No significant laundering pattern detected at the configured risk threshold.
C000255,ENT_000611,0.0013,LOW_RISK,NORMAL,0.9997,KNOWN_PATTERN,False,False,False,False,0,NONE,NONE,0.0,No significant laundering pattern detected at the configured risk threshold.
C000256,ENT_000695,0.6542,SUSPICIOUS,HIGH_CONFIDENCE,0.9938,KNOWN_PATTERN,True,True,True,False,4,ATM_017,Delhi,0.5625,"High-confidence suspicious incident: GraphSAGE risk is 0.65, the graph spans 3 hops with 4 supporting signals, involves a cash-out terminal (ATM_017 in Delhi, score: 0.56), and its graph structure closely matches previously observed reference patterns (similarity 0.99)."
C000257,ENT_000212,0.0015,LOW_RISK,NORMAL,0.9995,KNOWN_PATTERN,False,False,False,False,0,NONE,NONE,0.0,No significant laundering pattern detected at the configured risk threshold.
C000258,ENT_000668,0.001,LOW_RISK,NORMAL,1.0,KNOWN_PATTERN,False,False,False,False,0,NONE,NONE,0.0,No significant laundering pattern detected at the configured risk threshold.
C000259,ENT_000303,0.1833,LOW_RISK,NORMAL,0.9882,KNOWN_PATTERN,True,True,True,False,4,NONE,NONE,0.0,No significant laundering pattern detected at the configured risk threshold.
C000260,ENT_000458,0.0084,LOW_RISK,NORMAL,0.976,KNOWN_PATTERN,True,False,True,False,2,NONE,NONE,0.0,No significant laundering pattern detected at the configured risk threshold.
C000261,ENT_000383,0.0018,LOW_RISK,NORMAL,0.9997,KNOWN_PATTERN,False,False,False,False,0,NONE,NONE,0.0,No significant laundering pattern detected at the configured risk threshold.
C000262,ENT_000679,0.0009,LOW_RISK,NORMAL,1.0,KNOWN_PATTERN,False,False,False,False,0,NONE,NONE,0.0,No significant laundering pattern detected at the configured risk threshold.
C000263,ENT_000150,0.0007,LOW_RISK,NORMAL,1.0,KNOWN_PATTERN,False,False,False,False,0,NONE,NONE,0.0,No significant laundering pattern detected at the configured risk threshold.
C000264,ENT_000640,0.0008,LOW_RISK,NORMAL,1.0,KNOWN_PATTERN,False,False,False,False,0,NONE,NONE,0.0,No significant laundering pattern detected at the configured risk threshold.
C000265,ENT_000198,0.0008,LOW_RISK,NORMAL,1.0,KNOWN_PATTERN,False,False,False,False,0,NONE,NONE,0.0,No significant laundering pattern detected at the configured risk threshold.
C000266,ENT_000697,0.9462,SUSPICIOUS,HIGH_CONFIDENCE,0.9916,KNOWN_PATTERN,True,True,False,False,3,NONE,NONE,0.0,"High-confidence suspicious incident: GraphSAGE risk is 0.95, the graph spans 3 hops with 3 supporting signals, involves multiple fund exit vectors, and its graph structure closely matches previously observed reference patterns (similarity 0.99)."
C000267,ENT_000676,0.0006,LOW_RISK,NORMAL,1.0,KNOWN_PATTERN,False,False,False,False,0,NONE,NONE,0.0,No significant laundering pattern detected at the configured risk threshold.
C000268,ENT_000064,0.8369,SUSPICIOUS,HIGH_CONFIDENCE,0.9915,KNOWN_PATTERN,True,True,True,False,4,NONE,NONE,0.0,"High-confidence suspicious incident: GraphSAGE risk is 0.84, the graph spans 3 hops with 4 supporting signals, involves multiple fund exit vectors, and its graph structure closely matches previously observed reference patterns (similarity 0.99)."
C000269,ENT_000088,0.0015,LOW_RISK,NORMAL,0.9998,KNOWN_PATTERN,False,False,False,False,0,NONE,NONE,0.0,No significant laundering pattern detected at the configured risk threshold.
C000270,ENT_000104,0.1658,LOW_RISK,NORMAL,0.9917,KNOWN_PATTERN,True,True,True,False,4,NONE,NONE,0.0,No significant laundering pattern detected at the configured risk threshold.
C000271,ENT_000435,0.0314,LOW_RISK,NORMAL,0.9829,KNOWN_PATTERN,True,False,False,False,1,NONE,NONE,0.0,No significant laundering pattern detected at the configured risk threshold.
C000272,ENT_000001,0.0085,LOW_RISK,NORMAL,0.9953,KNOWN_PATTERN,True,False,False,False,1,NONE,NONE,0.0,No significant laundering pattern detected at the configured risk threshold.
C000273,ENT_000020,0.9989,SUSPICIOUS,HIGH_CONFIDENCE,0.9992,KNOWN_PATTERN,True,True,False,False,3,NONE,NONE,0.0,"High-confidence suspicious incident: GraphSAGE risk is 1.00, the graph spans 3 hops with 3 supporting signals, involves multiple fund exit vectors, and its graph structure closely matches previously observed reference patterns (similarity 1.00)."
C000274,ENT_000081,0.0035,LOW_RISK,NORMAL,0.9964,KNOWN_PATTERN,False,False,False,False,0,NONE,NONE,0.0,No significant laundering pattern detected at the configured risk threshold.
C000275,ENT_000533,0.0481,LOW_RISK,NORMAL,0.9755,KNOWN_PATTERN,True,False,False,False,1,NONE,NONE,0.0,No significant laundering pattern detected at the configured risk threshold.
C000276,ENT_000511,0.001,LOW_RISK,NORMAL,1.0,KNOWN_PATTERN,False,False,False,False,0,NONE,NONE,0.0,No significant laundering pattern detected at the configured risk threshold.
C000277,ENT_000012,0.001,LOW_RISK,NORMAL,1.0,KNOWN_PATTERN,False,False,False,False,0,NONE,NONE,0.0,No significant laundering pattern detected at the configured risk threshold.
C000278,ENT_000195,0.0028,LOW_RISK,NORMAL,0.9932,KNOWN_PATTERN,False,False,False,False,0,NONE,NONE,0.0,No significant laundering pattern detected at the configured risk threshold.
C000279,ENT_000266,0.0008,LOW_RISK,NORMAL,1.0,KNOWN_PATTERN,False,False,False,False,0,NONE,NONE,0.0,No significant laundering pattern detected at the configured risk threshold.
C000280,ENT_000409,0.5872,ELEVATED_RISK,MEDIUM_CONFIDENCE,0.9855,KNOWN_PATTERN,True,True,False,False,3,NONE,NONE,0.0,"Medium-confidence suspicious incident: elevated GraphSAGE risk (0.59) and multi-hop activity were detected, but supporting terminal or reference-pattern evidence is partial or evolving."
C000281,ENT_000375,0.0048,LOW_RISK,NORMAL,0.9913,KNOWN_PATTERN,True,False,False,False,1,NONE,NONE,0.0,No significant laundering pattern detected at the configured risk threshold.
C000282,ENT_000263,0.1768,LOW_RISK,NORMAL,0.992,KNOWN_PATTERN,True,False,False,False,1,NONE,NONE,0.0,No significant laundering pattern detected at the configured risk threshold.
C000283,ENT_000321,0.0022,LOW_RISK,NORMAL,0.9891,KNOWN_PATTERN,False,False,False,False,0,NONE,NONE,0.0,No significant laundering pattern detected at the configured risk threshold.
C000284,ENT_000049,0.0024,LOW_RISK,NORMAL,0.9974,KNOWN_PATTERN,False,False,False,False,0,NONE,NONE,0.0,No significant laundering pattern detected at the configured risk threshold.
C000285,ENT_000312,0.0042,LOW_RISK,NORMAL,0.9828,KNOWN_PATTERN,True,False,False,False,1,NONE,NONE,0.0,No significant laundering pattern detected at the configured risk threshold.
C000286,ENT_000029,0.0026,LOW_RISK,NORMAL,0.9992,KNOWN_PATTERN,False,False,False,False,0,NONE,NONE,0.0,No significant laundering pattern detected at the configured risk threshold.
C000287,ENT_000240,0.0006,LOW_RISK,NORMAL,1.0,KNOWN_PATTERN,False,False,False,False,0,NONE,NONE,0.0,No significant laundering pattern detected at the configured risk threshold.
C000288,ENT_000241,0.0009,LOW_RISK,NORMAL,1.0,KNOWN_PATTERN,False,False,False,False,0,NONE,NONE,0.0,No significant laundering pattern detected at the configured risk threshold.
C000289,ENT_000035,0.018,LOW_RISK,NORMAL,0.9821,KNOWN_PATTERN,False,False,False,False,0,NONE,NONE,0.0,No significant laundering pattern detected at the configured risk threshold.
C000290,ENT_000135,0.0006,LOW_RISK,NORMAL,1.0,KNOWN_PATTERN,False,False,False,False,0,NONE,NONE,0.0,No significant laundering pattern detected at the configured risk threshold.
C000291,ENT_000306,0.0009,LOW_RISK,NORMAL,1.0,KNOWN_PATTERN,False,False,False,False,0,NONE,NONE,0.0,No significant laundering pattern detected at the configured risk threshold.
C000292,ENT_000475,0.0006,LOW_RISK,NORMAL,1.0,KNOWN_PATTERN,False,False,False,False,0,NONE,NONE,0.0,No significant laundering pattern detected at the configured risk threshold.
C000293,ENT_000663,0.2446,LOW_RISK,NORMAL,0.9651,KNOWN_PATTERN,True,True,False,False,2,NONE,NONE,0.0,No significant laundering pattern detected at the configured risk threshold.
C000294,ENT_000064,0.9709,SUSPICIOUS,HIGH_CONFIDENCE,0.9951,KNOWN_PATTERN,True,True,True,False,4,ATM_033,Bengaluru,0.7079,"High-confidence suspicious incident: GraphSAGE risk is 0.97, the graph spans 3 hops with 4 supporting signals, involves a cash-out terminal (ATM_033 in Bengaluru, score: 0.71), and its graph structure closely matches previously observed reference patterns (similarity 1.00)."
C000295,ENT_000592,0.9146,SUSPICIOUS,HIGH_CONFIDENCE,0.9971,KNOWN_PATTERN,True,True,True,False,4,NONE,NONE,0.0,"High-confidence suspicious incident: GraphSAGE risk is 0.91, the graph spans 3 hops with 4 supporting signals, involves multiple fund exit vectors, and its graph structure closely matches previously observed reference patterns (similarity 1.00)."
C000296,ENT_000347,0.0343,LOW_RISK,NORMAL,0.9866,KNOWN_PATTERN,True,True,False,False,3,NONE,NONE,0.0,No significant laundering pattern detected at the configured risk threshold.
C000297,ENT_000694,0.0012,LOW_RISK,NORMAL,1.0,KNOWN_PATTERN,False,False,False,False,0,NONE,NONE,0.0,No significant laundering pattern detected at the configured risk threshold.
C000298,ENT_000249,0.0006,LOW_RISK,NORMAL,1.0,KNOWN_PATTERN,False,False,False,False,0,NONE,NONE,0.0,No significant laundering pattern detected at the configured risk threshold.
C000299,ENT_000156,0.9998,SUSPICIOUS,HIGH_CONFIDENCE,0.9988,KNOWN_PATTERN,True,True,False,False,3,NONE,NONE,0.0,"High-confidence suspicious incident: GraphSAGE risk is 1.00, the graph spans 3 hops with 3 supporting signals, involves multiple fund exit vectors, and its graph structure closely matches previously observed reference patterns (similarity 1.00)."
C000300,ENT_000347,0.0006,LOW_RISK,NORMAL,1.0,KNOWN_PATTERN,False,False,False,False,0,NONE,NONE,0.0,No significant laundering pattern detected at the configured risk threshold.
C000301,ENT_000542,0.2088,LOW_RISK,NORMAL,0.9897,KNOWN_PATTERN,True,False,False,False,1,NONE,NONE,0.0,No significant laundering pattern detected at the configured risk threshold.
C000302,ENT_000528,0.0012,LOW_RISK,NORMAL,0.9998,KNOWN_PATTERN,False,False,False,False,0,NONE,NONE,0.0,No significant laundering pattern detected at the configured risk threshold.
C000303,ENT_000128,0.0096,LOW_RISK,NORMAL,0.9918,KNOWN_PATTERN,False,False,False,False,0,NONE,NONE,0.0,No significant laundering pattern detected at the configured risk threshold.
C000304,ENT_000455,0.3372,LOW_RISK,NORMAL,0.9827,KNOWN_PATTERN,True,False,False,False,1,NONE,NONE,0.0,No significant laundering pattern detected at the configured risk threshold.
C000305,ENT_000083,0.1414,LOW_RISK,NORMAL,0.9706,KNOWN_PATTERN,True,False,False,False,1,NONE,NONE,0.0,No significant laundering pattern detected at the configured risk threshold.
C000306,ENT_000359,0.0418,LOW_RISK,NORMAL,0.979,KNOWN_PATTERN,True,False,False,False,1,NONE,NONE,0.0,No significant laundering pattern detected at the configured risk threshold.
C000307,ENT_000441,0.0006,LOW_RISK,NORMAL,1.0,KNOWN_PATTERN,False,False,False,False,0,NONE,NONE,0.0,No significant laundering pattern detected at the configured risk threshold.
C000308,ENT_000691,0.0011,LOW_RISK,NORMAL,0.9995,KNOWN_PATTERN,False,False,False,False,0,NONE,NONE,0.0,No significant laundering pattern detected at the configured risk threshold.
C000309,ENT_000102,0.0654,LOW_RISK,NORMAL,0.9856,KNOWN_PATTERN,True,False,False,False,1,NONE,NONE,0.0,No significant laundering pattern detected at the configured risk threshold.
C000310,ENT_000264,0.0103,LOW_RISK,NORMAL,0.9955,KNOWN_PATTERN,False,False,False,False,0,NONE,NONE,0.0,No significant laundering pattern detected at the configured risk threshold.
C000311,ENT_000452,0.1136,LOW_RISK,NORMAL,0.9829,KNOWN_PATTERN,True,True,False,False,3,NONE,NONE,0.0,No significant laundering pattern detected at the configured risk threshold.
C000312,ENT_000311,0.0041,LOW_RISK,NORMAL,0.9923,KNOWN_PATTERN,False,True,False,False,1,NONE,NONE,0.0,No significant laundering pattern detected at the configured risk threshold.
C000313,ENT_000041,0.0021,LOW_RISK,NORMAL,0.9984,KNOWN_PATTERN,False,False,False,False,0,NONE,NONE,0.0,No significant laundering pattern detected at the configured risk threshold.
C000314,ENT_000229,0.0007,LOW_RISK,NORMAL,1.0,KNOWN_PATTERN,False,False,False,False,0,NONE,NONE,0.0,No significant laundering pattern detected at the configured risk threshold.
C000315,ENT_000170,0.0006,LOW_RISK,NORMAL,1.0,KNOWN_PATTERN,False,False,False,False,0,NONE,NONE,0.0,No significant laundering pattern detected at the configured risk threshold.
C000316,ENT_000120,0.0161,LOW_RISK,NORMAL,0.8066,POTENTIALLY_NOVEL,False,True,False,False,1,NONE,NONE,0.0,No significant laundering pattern detected at the configured risk threshold.
C000317,ENT_000366,0.7716,SUSPICIOUS,HIGH_CONFIDENCE,0.9949,KNOWN_PATTERN,True,True,True,False,4,NONE,NONE,0.0,"High-confidence suspicious incident: GraphSAGE risk is 0.77, the graph spans 3 hops with 4 supporting signals, involves multiple fund exit vectors, and its graph structure closely matches previously observed reference patterns (similarity 0.99)."
C000318,ENT_000498,0.001,LOW_RISK,NORMAL,1.0,KNOWN_PATTERN,False,False,False,False,0,NONE,NONE,0.0,No significant laundering pattern detected at the configured risk threshold.
C000319,ENT_000395,0.0079,LOW_RISK,NORMAL,0.9997,KNOWN_PATTERN,False,False,False,False,0,NONE,NONE,0.0,No significant laundering pattern detected at the configured risk threshold.
C000320,ENT_000126,0.3034,LOW_RISK,NORMAL,0.9908,KNOWN_PATTERN,True,True,False,False,3,NONE,NONE,0.0,No significant laundering pattern detected at the configured risk threshold.
C000321,ENT_000218,0.8208,SUSPICIOUS,HIGH_CONFIDENCE,0.9905,KNOWN_PATTERN,True,True,True,False,4,NONE,NONE,0.0,"High-confidence suspicious incident: GraphSAGE risk is 0.82, the graph spans 3 hops with 4 supporting signals, involves multiple fund exit vectors, and its graph structure closely matches previously observed reference patterns (similarity 0.99)."
C000322,ENT_000677,0.0037,LOW_RISK,NORMAL,0.9964,KNOWN_PATTERN,False,False,False,False,0,NONE,NONE,0.0,No significant laundering pattern detected at the configured risk threshold.
C000323,ENT_000091,0.0013,LOW_RISK,NORMAL,1.0,KNOWN_PATTERN,False,False,False,False,0,NONE,NONE,0.0,No significant laundering pattern detected at the configured risk threshold.
C000324,ENT_000131,0.0007,LOW_RISK,NORMAL,1.0,KNOWN_PATTERN,False,False,False,False,0,NONE,NONE,0.0,No significant laundering pattern detected at the configured risk threshold.
C000325,ENT_000008,0.7517,SUSPICIOUS,HIGH_CONFIDENCE,0.9897,KNOWN_PATTERN,True,True,False,False,3,NONE,NONE,0.0,"High-confidence suspicious incident: GraphSAGE risk is 0.75, the graph spans 3 hops with 3 supporting signals, involves multiple fund exit vectors, and its graph structure closely matches previously observed reference patterns (similarity 0.99)."
C000326,ENT_000091,0.0013,LOW_RISK,NORMAL,1.0,KNOWN_PATTERN,False,False,False,False,0,NONE,NONE,0.0,No significant laundering pattern detected at the configured risk threshold.
C000327,ENT_000418,0.9848,SUSPICIOUS,HIGH_CONFIDENCE,0.9987,KNOWN_PATTERN,True,True,True,False,4,NONE,NONE,0.0,"High-confidence suspicious incident: GraphSAGE risk is 0.98, the graph spans 3 hops with 4 supporting signals, involves multiple fund exit vectors, and its graph structure closely matches previously observed reference patterns (similarity 1.00)."
C000328,ENT_000124,0.0377,LOW_RISK,NORMAL,0.9332,KNOWN_PATTERN,True,True,False,False,3,NONE,NONE,0.0,No significant laundering pattern detected at the configured risk threshold.
C000329,ENT_000172,0.9997,SUSPICIOUS,HIGH_CONFIDENCE,0.9992,KNOWN_PATTERN,True,True,True,True,5,ATM_005,Kochi,0.8221,"High-confidence suspicious incident: GraphSAGE risk is 1.00, the graph spans 3 hops with 5 supporting signals, involves a cash-out terminal (ATM_005 in Kochi, score: 0.82), and its graph structure closely matches previously observed reference patterns (similarity 1.00)."
C000330,ENT_000583,0.3618,LOW_RISK,NORMAL,0.9768,KNOWN_PATTERN,True,True,True,False,4,NONE,NONE,0.0,No significant laundering pattern detected at the configured risk threshold.
C000331,ENT_000335,0.9998,SUSPICIOUS,HIGH_CONFIDENCE,0.9981,KNOWN_PATTERN,True,True,False,False,3,NONE,NONE,0.0,"High-confidence suspicious incident: GraphSAGE risk is 1.00, the graph spans 3 hops with 3 supporting signals, involves multiple fund exit vectors, and its graph structure closely matches previously observed reference patterns (similarity 1.00)."
C000332,ENT_000442,0.0018,LOW_RISK,NORMAL,0.9994,KNOWN_PATTERN,False,False,False,False,0,NONE,NONE,0.0,No significant laundering pattern detected at the configured risk threshold.
C000333,ENT_000054,0.0958,LOW_RISK,NORMAL,0.9848,KNOWN_PATTERN,True,True,False,False,3,NONE,NONE,0.0,No significant laundering pattern detected at the configured risk threshold.
C000334,ENT_000151,0.0082,LOW_RISK,NORMAL,0.9739,KNOWN_PATTERN,True,False,False,False,1,NONE,NONE,0.0,No significant laundering pattern detected at the configured risk threshold.
C000335,ENT_000197,0.0016,LOW_RISK,NORMAL,1.0,KNOWN_PATTERN,False,False,False,False,0,NONE,NONE,0.0,No significant laundering pattern detected at the configured risk threshold.
C000336,ENT_000085,0.2999,LOW_RISK,NORMAL,0.9791,KNOWN_PATTERN,True,True,True,False,4,NONE,NONE,0.0,No significant laundering pattern detected at the configured risk threshold.
C000337,ENT_000034,0.0006,LOW_RISK,NORMAL,1.0,KNOWN_PATTERN,False,False,False,False,0,NONE,NONE,0.0,No significant laundering pattern detected at the configured risk threshold.
C000338,ENT_000675,0.0006,LOW_RISK,NORMAL,1.0,KNOWN_PATTERN,False,False,False,False,0,NONE,NONE,0.0,No significant laundering pattern detected at the configured risk threshold.
C000339,ENT_000531,0.0006,LOW_RISK,NORMAL,1.0,KNOWN_PATTERN,False,False,False,False,0,NONE,NONE,0.0,No significant laundering pattern detected at the configured risk threshold.
C000340,ENT_000133,0.6074,SUSPICIOUS,HIGH_CONFIDENCE,0.9938,KNOWN_PATTERN,True,True,False,False,3,NONE,NONE,0.0,"High-confidence suspicious incident: GraphSAGE risk is 0.61, the graph spans 3 hops with 3 supporting signals, involves multiple fund exit vectors, and its graph structure closely matches previously observed reference patterns (similarity 0.99)."
C000341,ENT_000074,0.0006,LOW_RISK,NORMAL,1.0,KNOWN_PATTERN,False,False,False,False,0,NONE,NONE,0.0,No significant laundering pattern detected at the configured risk threshold.
C000342,ENT_000207,0.0619,LOW_RISK,NORMAL,0.9887,KNOWN_PATTERN,True,True,False,False,3,NONE,NONE,0.0,No significant laundering pattern detected at the configured risk threshold.
C000343,ENT_000139,0.7535,SUSPICIOUS,HIGH_CONFIDENCE,0.9927,KNOWN_PATTERN,True,True,False,False,2,NONE,NONE,0.0,"High-confidence suspicious incident: GraphSAGE risk is 0.75, the graph spans 3 hops with 2 supporting signals, involves multiple fund exit vectors, and its graph structure closely matches previously observed reference patterns (similarity 0.99)."
C000344,ENT_000546,0.079,LOW_RISK,NORMAL,0.9737,KNOWN_PATTERN,True,False,True,False,2,NONE,NONE,0.0,No significant laundering pattern detected at the configured risk threshold.
C000345,ENT_000543,0.0085,LOW_RISK,NORMAL,0.9918,KNOWN_PATTERN,False,False,False,False,0,NONE,NONE,0.0,No significant laundering pattern detected at the configured risk threshold.
C000346,ENT_000123,0.9984,SUSPICIOUS,HIGH_CONFIDENCE,0.9985,KNOWN_PATTERN,True,True,False,False,3,NONE,NONE,0.0,"High-confidence suspicious incident: GraphSAGE risk is 1.00, the graph spans 3 hops with 3 supporting signals, involves multiple fund exit vectors, and its graph structure closely matches previously observed reference patterns (similarity 1.00)."
C000347,ENT_000033,0.6048,SUSPICIOUS,HIGH_CONFIDENCE,0.9948,KNOWN_PATTERN,True,True,False,False,3,NONE,NONE,0.0,"High-confidence suspicious incident: GraphSAGE risk is 0.60, the graph spans 3 hops with 3 supporting signals, involves multiple fund exit vectors, and its graph structure closely matches previously observed reference patterns (similarity 0.99)."
C000348,ENT_000232,0.0008,LOW_RISK,NORMAL,1.0,KNOWN_PATTERN,False,False,False,False,0,NONE,NONE,0.0,No significant laundering pattern detected at the configured risk threshold.
C000349,ENT_000097,0.0025,LOW_RISK,NORMAL,0.9993,KNOWN_PATTERN,False,False,False,False,0,NONE,NONE,0.0,No significant laundering pattern detected at the configured risk threshold.
C000350,ENT_000444,0.0008,LOW_RISK,NORMAL,1.0,KNOWN_PATTERN,False,False,False,False,0,NONE,NONE,0.0,No significant laundering pattern detected at the configured risk threshold.
C000351,ENT_000208,0.0025,LOW_RISK,NORMAL,0.9984,KNOWN_PATTERN,False,False,False,False,0,NONE,NONE,0.0,No significant laundering pattern detected at the configured risk threshold.
C000352,ENT_000502,0.9999,SUSPICIOUS,HIGH_CONFIDENCE,0.999,KNOWN_PATTERN,True,True,True,False,4,ATM_045,Mumbai,0.7121,"High-confidence suspicious incident: GraphSAGE risk is 1.00, the graph spans 3 hops with 4 supporting signals, involves a cash-out terminal (ATM_045 in Mumbai, score: 0.71), and its graph structure closely matches previously observed reference patterns (similarity 1.00)."
C000353,ENT_000247,0.0006,LOW_RISK,NORMAL,1.0,KNOWN_PATTERN,False,False,False,False,0,NONE,NONE,0.0,No significant laundering pattern detected at the configured risk threshold.
C000354,ENT_000190,0.025,LOW_RISK,NORMAL,0.9798,KNOWN_PATTERN,True,False,False,False,1,NONE,NONE,0.0,No significant laundering pattern detected at the configured risk threshold.
C000355,ENT_000138,0.001,LOW_RISK,NORMAL,1.0,KNOWN_PATTERN,False,False,False,False,0,NONE,NONE,0.0,No significant laundering pattern detected at the configured risk threshold.
C000356,ENT_000469,0.0069,LOW_RISK,NORMAL,0.9772,KNOWN_PATTERN,True,False,False,False,1,NONE,NONE,0.0,No significant laundering pattern detected at the configured risk threshold.
C000357,ENT_000643,0.0096,LOW_RISK,NORMAL,0.9675,KNOWN_PATTERN,True,False,False,False,1,NONE,NONE,0.0,No significant laundering pattern detected at the configured risk threshold.
C000358,ENT_000023,0.0008,LOW_RISK,NORMAL,1.0,KNOWN_PATTERN,False,False,False,False,0,NONE,NONE,0.0,No significant laundering pattern detected at the configured risk threshold.
C000359,ENT_000052,0.0275,LOW_RISK,NORMAL,0.9828,KNOWN_PATTERN,True,False,False,False,1,NONE,NONE,0.0,No significant laundering pattern detected at the configured risk threshold.
C000360,ENT_000011,0.0013,LOW_RISK,NORMAL,0.9991,KNOWN_PATTERN,False,False,False,False,0,NONE,NONE,0.0,No significant laundering pattern detected at the configured risk threshold.
C000361,ENT_000622,0.0007,LOW_RISK,NORMAL,1.0,KNOWN_PATTERN,False,False,False,False,0,NONE,NONE,0.0,No significant laundering pattern detected at the configured risk threshold.
C000362,ENT_000360,0.0136,LOW_RISK,NORMAL,0.9831,KNOWN_PATTERN,True,False,False,False,1,NONE,NONE,0.0,No significant laundering pattern detected at the configured risk threshold.
C000363,ENT_000328,0.1769,LOW_RISK,NORMAL,0.9778,KNOWN_PATTERN,True,True,True,False,4,NONE,NONE,0.0,No significant laundering pattern detected at the configured risk threshold.
C000364,ENT_000343,0.3102,LOW_RISK,NORMAL,0.9843,KNOWN_PATTERN,True,True,False,False,3,NONE,NONE,0.0,No significant laundering pattern detected at the configured risk threshold.
C000365,ENT_000557,0.0132,LOW_RISK,NORMAL,0.9954,KNOWN_PATTERN,True,False,False,False,1,NONE,NONE,0.0,No significant laundering pattern detected at the configured risk threshold.
C000366,ENT_000505,0.9995,SUSPICIOUS,HIGH_CONFIDENCE,0.9983,KNOWN_PATTERN,True,True,True,True,5,ATM_017,Delhi,0.7952,"High-confidence suspicious incident: GraphSAGE risk is 1.00, the graph spans 3 hops with 5 supporting signals, involves a cash-out terminal (ATM_017 in Delhi, score: 0.80), and its graph structure closely matches previously observed reference patterns (similarity 1.00)."
C000367,ENT_000522,0.0006,LOW_RISK,NORMAL,1.0,KNOWN_PATTERN,False,False,False,False,0,NONE,NONE,0.0,No significant laundering pattern detected at the configured risk threshold.
C000368,ENT_000008,0.001,LOW_RISK,NORMAL,1.0,KNOWN_PATTERN,False,False,False,False,0,NONE,NONE,0.0,No significant laundering pattern detected at the configured risk threshold.
C000369,ENT_000511,0.001,LOW_RISK,NORMAL,1.0,KNOWN_PATTERN,False,False,False,False,0,NONE,NONE,0.0,No significant laundering pattern detected at the configured risk threshold.
C000370,ENT_000548,0.5445,ELEVATED_RISK,MEDIUM_CONFIDENCE,0.9936,KNOWN_PATTERN,True,True,False,False,3,NONE,NONE,0.0,"Medium-confidence suspicious incident: elevated GraphSAGE risk (0.54) and multi-hop activity were detected, but supporting terminal or reference-pattern evidence is partial or evolving."
C000371,ENT_000022,0.6862,SUSPICIOUS,HIGH_CONFIDENCE,0.9864,KNOWN_PATTERN,True,True,False,False,3,NONE,NONE,0.0,"High-confidence suspicious incident: GraphSAGE risk is 0.69, the graph spans 3 hops with 3 supporting signals, involves multiple fund exit vectors, and its graph structure closely matches previously observed reference patterns (similarity 0.99)."
C000372,ENT_000432,0.4252,LOW_RISK,NORMAL,0.975,KNOWN_PATTERN,True,True,False,False,2,NONE,NONE,0.0,No significant laundering pattern detected at the configured risk threshold.
C000373,ENT_000098,0.0011,LOW_RISK,NORMAL,1.0,KNOWN_PATTERN,False,False,False,False,0,NONE,NONE,0.0,No significant laundering pattern detected at the configured risk threshold.
C000374,ENT_000541,0.0006,LOW_RISK,NORMAL,1.0,KNOWN_PATTERN,False,False,False,False,0,NONE,NONE,0.0,No significant laundering pattern detected at the configured risk threshold.
C000375,ENT_000656,0.0009,LOW_RISK,NORMAL,1.0,KNOWN_PATTERN,False,False,False,False,0,NONE,NONE,0.0,No significant laundering pattern detected at the configured risk threshold.
C000376,ENT_000018,0.0006,LOW_RISK,NORMAL,1.0,KNOWN_PATTERN,False,False,False,False,0,NONE,NONE,0.0,No significant laundering pattern detected at the configured risk threshold.
C000377,ENT_000527,0.0007,LOW_RISK,NORMAL,1.0,KNOWN_PATTERN,False,False,False,False,0,NONE,NONE,0.0,No significant laundering pattern detected at the configured risk threshold.
C000378,ENT_000368,0.0161,LOW_RISK,NORMAL,0.9476,KNOWN_PATTERN,False,True,False,False,1,NONE,NONE,0.0,No significant laundering pattern detected at the configured risk threshold.
C000379,ENT_000144,0.1516,LOW_RISK,NORMAL,0.9975,KNOWN_PATTERN,True,False,False,False,1,NONE,NONE,0.0,No significant laundering pattern detected at the configured risk threshold.
C000380,ENT_000431,0.0891,LOW_RISK,NORMAL,0.8932,KNOWN_PATTERN,True,False,False,False,1,NONE,NONE,0.0,No significant laundering pattern detected at the configured risk threshold.
C000381,ENT_000061,0.9581,SUSPICIOUS,HIGH_CONFIDENCE,0.9975,KNOWN_PATTERN,True,True,False,False,3,NONE,NONE,0.0,"High-confidence suspicious incident: GraphSAGE risk is 0.96, the graph spans 3 hops with 3 supporting signals, involves multiple fund exit vectors, and its graph structure closely matches previously observed reference patterns (similarity 1.00)."
C000382,ENT_000698,0.0011,LOW_RISK,NORMAL,1.0,KNOWN_PATTERN,False,False,False,False,0,NONE,NONE,0.0,No significant laundering pattern detected at the configured risk threshold.
C000383,ENT_000247,0.0809,LOW_RISK,NORMAL,0.953,KNOWN_PATTERN,True,False,False,False,1,NONE,NONE,0.0,No significant laundering pattern detected at the configured risk threshold.
C000384,ENT_000215,0.273,LOW_RISK,NORMAL,0.9824,KNOWN_PATTERN,True,True,False,False,2,NONE,NONE,0.0,No significant laundering pattern detected at the configured risk threshold.
C000385,ENT_000484,0.0186,LOW_RISK,NORMAL,0.9241,KNOWN_PATTERN,True,False,False,False,1,NONE,NONE,0.0,No significant laundering pattern detected at the configured risk threshold.
C000386,ENT_000359,0.9499,SUSPICIOUS,HIGH_CONFIDENCE,0.9935,KNOWN_PATTERN,True,True,False,False,3,NONE,NONE,0.0,"High-confidence suspicious incident: GraphSAGE risk is 0.95, the graph spans 3 hops with 3 supporting signals, involves multiple fund exit vectors, and its graph structure closely matches previously observed reference patterns (similarity 0.99)."
C000387,ENT_000457,0.0423,LOW_RISK,NORMAL,0.9866,KNOWN_PATTERN,True,False,False,False,1,NONE,NONE,0.0,No significant laundering pattern detected at the configured risk threshold.
C000388,ENT_000590,0.0006,LOW_RISK,NORMAL,1.0,KNOWN_PATTERN,False,False,False,False,0,NONE,NONE,0.0,No significant laundering pattern detected at the configured risk threshold.
C000389,ENT_000050,0.0008,LOW_RISK,NORMAL,1.0,KNOWN_PATTERN,False,False,False,False,0,NONE,NONE,0.0,No significant laundering pattern detected at the configured risk threshold.
C000390,ENT_000627,0.9999,SUSPICIOUS,HIGH_CONFIDENCE,0.9978,KNOWN_PATTERN,True,True,True,False,4,NONE,NONE,0.0,"High-confidence suspicious incident: GraphSAGE risk is 1.00, the graph spans 3 hops with 4 supporting signals, involves multiple fund exit vectors, and its graph structure closely matches previously observed reference patterns (similarity 1.00)."
C000391,ENT_000662,0.9201,SUSPICIOUS,HIGH_CONFIDENCE,0.9949,KNOWN_PATTERN,True,True,False,False,3,NONE,NONE,0.0,"High-confidence suspicious incident: GraphSAGE risk is 0.92, the graph spans 3 hops with 3 supporting signals, involves multiple fund exit vectors, and its graph structure closely matches previously observed reference patterns (similarity 0.99)."
C000392,ENT_000108,0.0122,LOW_RISK,NORMAL,0.9231,KNOWN_PATTERN,True,False,False,False,1,NONE,NONE,0.0,No significant laundering pattern detected at the configured risk threshold.
C000393,ENT_000619,0.9988,SUSPICIOUS,HIGH_CONFIDENCE,0.9982,KNOWN_PATTERN,True,True,True,True,5,ATM_004,Chennai,0.77,"High-confidence suspicious incident: GraphSAGE risk is 1.00, the graph spans 3 hops with 5 supporting signals, involves a cash-out terminal (ATM_004 in Chennai, score: 0.77), and its graph structure closely matches previously observed reference patterns (similarity 1.00)."
C000394,ENT_000684,0.0012,LOW_RISK,NORMAL,1.0,KNOWN_PATTERN,False,False,False,False,0,NONE,NONE,0.0,No significant laundering pattern detected at the configured risk threshold.
C000395,ENT_000584,0.0012,LOW_RISK,NORMAL,1.0,KNOWN_PATTERN,False,False,False,False,0,NONE,NONE,0.0,No significant laundering pattern detected at the configured risk threshold.
C000396,ENT_000620,0.0008,LOW_RISK,NORMAL,1.0,KNOWN_PATTERN,False,False,False,False,0,NONE,NONE,0.0,No significant laundering pattern detected at the configured risk threshold.
C000397,ENT_000437,0.0009,LOW_RISK,NORMAL,1.0,KNOWN_PATTERN,False,False,False,False,0,NONE,NONE,0.0,No significant laundering pattern detected at the configured risk threshold.
C000398,ENT_000559,0.0014,LOW_RISK,NORMAL,0.9993,KNOWN_PATTERN,False,False,False,False,0,NONE,NONE,0.0,No significant laundering pattern detected at the configured risk threshold.
C000399,ENT_000147,0.9937,SUSPICIOUS,HIGH_CONFIDENCE,0.9978,KNOWN_PATTERN,True,True,True,False,4,NONE,NONE,0.0,"High-confidence suspicious incident: GraphSAGE risk is 0.99, the graph spans 3 hops with 4 supporting signals, involves multiple fund exit vectors, and its graph structure closely matches previously observed reference patterns (similarity 1.00)."
C000400,ENT_000447,0.2948,LOW_RISK,NORMAL,0.9883,KNOWN_PATTERN,True,True,False,False,3,NONE,NONE,0.0,No significant laundering pattern detected at the configured risk threshold.
C000401,ENT_000468,0.0009,LOW_RISK,NORMAL,1.0,KNOWN_PATTERN,False,False,False,False,0,NONE,NONE,0.0,No significant laundering pattern detected at the configured risk threshold.
C000402,ENT_000678,0.0022,LOW_RISK,NORMAL,0.9988,KNOWN_PATTERN,False,False,False,False,0,NONE,NONE,0.0,No significant laundering pattern detected at the configured risk threshold.
C000403,ENT_000162,0.001,LOW_RISK,NORMAL,1.0,KNOWN_PATTERN,False,False,False,False,0,NONE,NONE,0.0,No significant laundering pattern detected at the configured risk threshold.
C000404,ENT_000284,0.0023,LOW_RISK,NORMAL,0.9972,KNOWN_PATTERN,False,False,False,False,0,NONE,NONE,0.0,No significant laundering pattern detected at the configured risk threshold.
C000405,ENT_000403,0.0008,LOW_RISK,NORMAL,1.0,KNOWN_PATTERN,False,False,False,False,0,NONE,NONE,0.0,No significant laundering pattern detected at the configured risk threshold.
C000406,ENT_000551,0.9685,SUSPICIOUS,HIGH_CONFIDENCE,0.995,KNOWN_PATTERN,True,True,True,False,4,NONE,NONE,0.0,"High-confidence suspicious incident: GraphSAGE risk is 0.97, the graph spans 3 hops with 4 supporting signals, involves multiple fund exit vectors, and its graph structure closely matches previously observed reference patterns (similarity 0.99)."
C000407,ENT_000230,1.0,SUSPICIOUS,HIGH_CONFIDENCE,0.9992,KNOWN_PATTERN,True,True,True,False,4,NONE,NONE,0.0,"High-confidence suspicious incident: GraphSAGE risk is 1.00, the graph spans 3 hops with 4 supporting signals, involves multiple fund exit vectors, and its graph structure closely matches previously observed reference patterns (similarity 1.00)."
C000408,ENT_000699,0.9993,SUSPICIOUS,HIGH_CONFIDENCE,0.998,KNOWN_PATTERN,True,True,True,False,4,NONE,NONE,0.0,"High-confidence suspicious incident: GraphSAGE risk is 1.00, the graph spans 3 hops with 4 supporting signals, involves multiple fund exit vectors, and its graph structure closely matches previously observed reference patterns (similarity 1.00)."
C000409,ENT_000284,0.0008,LOW_RISK,NORMAL,1.0,KNOWN_PATTERN,False,False,False,False,0,NONE,NONE,0.0,No significant laundering pattern detected at the configured risk threshold.
C000410,ENT_000025,0.0006,LOW_RISK,NORMAL,1.0,KNOWN_PATTERN,False,False,False,False,0,NONE,NONE,0.0,No significant laundering pattern detected at the configured risk threshold.
C000411,ENT_000510,0.0012,LOW_RISK,NORMAL,1.0,KNOWN_PATTERN,False,False,False,False,0,NONE,NONE,0.0,No significant laundering pattern detected at the configured risk threshold.
C000412,ENT_000470,0.4458,LOW_RISK,NORMAL,0.9825,KNOWN_PATTERN,True,True,False,False,3,NONE,NONE,0.0,No significant laundering pattern detected at the configured risk threshold.
C000413,ENT_000333,0.5478,ELEVATED_RISK,MEDIUM_CONFIDENCE,0.9882,KNOWN_PATTERN,True,True,True,False,3,NONE,NONE,0.0,"Medium-confidence suspicious incident: elevated GraphSAGE risk (0.55) and multi-hop activity were detected, but supporting terminal or reference-pattern evidence is partial or evolving."
C000414,ENT_000364,0.0555,LOW_RISK,NORMAL,0.966,KNOWN_PATTERN,True,False,False,False,1,NONE,NONE,0.0,No significant laundering pattern detected at the configured risk threshold.
C000415,ENT_000660,0.9862,SUSPICIOUS,HIGH_CONFIDENCE,0.9986,KNOWN_PATTERN,True,True,False,False,3,NONE,NONE,0.0,"High-confidence suspicious incident: GraphSAGE risk is 0.99, the graph spans 3 hops with 3 supporting signals, involves multiple fund exit vectors, and its graph structure closely matches previously observed reference patterns (similarity 1.00)."
C000416,ENT_000020,0.0009,LOW_RISK,NORMAL,1.0,KNOWN_PATTERN,False,False,False,False,0,NONE,NONE,0.0,No significant laundering pattern detected at the configured risk threshold.
C000417,ENT_000317,0.0012,LOW_RISK,NORMAL,0.9998,KNOWN_PATTERN,False,False,False,False,0,NONE,NONE,0.0,No significant laundering pattern detected at the configured risk threshold.
C000418,ENT_000048,0.001,LOW_RISK,NORMAL,1.0,KNOWN_PATTERN,False,False,False,False,0,NONE,NONE,0.0,No significant laundering pattern detected at the configured risk threshold.
C000419,ENT_000440,0.0057,LOW_RISK,NORMAL,0.9913,KNOWN_PATTERN,True,False,False,False,1,NONE,NONE,0.0,No significant laundering pattern detected at the configured risk threshold.
C000420,ENT_000412,0.9999,SUSPICIOUS,HIGH_CONFIDENCE,0.9992,KNOWN_PATTERN,True,True,True,False,4,NONE,NONE,0.0,"High-confidence suspicious incident: GraphSAGE risk is 1.00, the graph spans 3 hops with 4 supporting signals, involves multiple fund exit vectors, and its graph structure closely matches previously observed reference patterns (similarity 1.00)."
C000421,ENT_000244,0.001,LOW_RISK,NORMAL,1.0,KNOWN_PATTERN,False,False,False,False,0,NONE,NONE,0.0,No significant laundering pattern detected at the configured risk threshold.
C000422,ENT_000291,0.0012,LOW_RISK,NORMAL,1.0,KNOWN_PATTERN,False,False,False,False,0,NONE,NONE,0.0,No significant laundering pattern detected at the configured risk threshold.
C000423,ENT_000301,0.0006,LOW_RISK,NORMAL,1.0,KNOWN_PATTERN,False,False,False,False,0,NONE,NONE,0.0,No significant laundering pattern detected at the configured risk threshold.
C000424,ENT_000189,0.002,LOW_RISK,NORMAL,0.9853,KNOWN_PATTERN,False,False,True,False,1,ATM_042,Patna,0.541,No significant laundering pattern detected at the configured risk threshold.
C000425,ENT_000018,0.0006,LOW_RISK,NORMAL,1.0,KNOWN_PATTERN,False,False,False,False,0,NONE,NONE,0.0,No significant laundering pattern detected at the configured risk threshold.
C000426,ENT_000261,0.0084,LOW_RISK,NORMAL,0.9772,KNOWN_PATTERN,True,False,True,False,2,NONE,NONE,0.0,No significant laundering pattern detected at the configured risk threshold.
C000427,ENT_000561,0.0008,LOW_RISK,NORMAL,1.0,KNOWN_PATTERN,False,False,False,False,0,NONE,NONE,0.0,No significant laundering pattern detected at the configured risk threshold.
C000428,ENT_000263,0.0006,LOW_RISK,NORMAL,1.0,KNOWN_PATTERN,False,False,False,False,0,NONE,NONE,0.0,No significant laundering pattern detected at the configured risk threshold.
C000429,ENT_000563,0.998,SUSPICIOUS,HIGH_CONFIDENCE,0.9972,KNOWN_PATTERN,True,True,True,True,5,ATM_023,Bhopal,0.786,"High-confidence suspicious incident: GraphSAGE risk is 1.00, the graph spans 3 hops with 5 supporting signals, involves a cash-out terminal (ATM_023 in Bhopal, score: 0.79), and its graph structure closely matches previously observed reference patterns (similarity 1.00)."
C000430,ENT_000682,0.0028,LOW_RISK,NORMAL,0.9928,KNOWN_PATTERN,False,False,False,False,0,NONE,NONE,0.0,No significant laundering pattern detected at the configured risk threshold.
C000431,ENT_000562,0.124,LOW_RISK,NORMAL,0.9824,KNOWN_PATTERN,True,True,True,False,4,NONE,NONE,0.0,No significant laundering pattern detected at the configured risk threshold.
C000432,ENT_000179,0.037,LOW_RISK,NORMAL,0.9829,KNOWN_PATTERN,True,False,False,False,1,NONE,NONE,0.0,No significant laundering pattern detected at the configured risk threshold.
C000433,ENT_000096,0.7829,SUSPICIOUS,HIGH_CONFIDENCE,0.9985,KNOWN_PATTERN,True,True,True,False,4,NONE,NONE,0.0,"High-confidence suspicious incident: GraphSAGE risk is 0.78, the graph spans 3 hops with 4 supporting signals, involves multiple fund exit vectors, and its graph structure closely matches previously observed reference patterns (similarity 1.00)."
C000434,ENT_000604,0.001,LOW_RISK,NORMAL,1.0,KNOWN_PATTERN,False,False,False,False,0,NONE,NONE,0.0,No significant laundering pattern detected at the configured risk threshold.
C000435,ENT_000557,0.2682,LOW_RISK,NORMAL,0.9852,KNOWN_PATTERN,True,True,False,False,3,NONE,NONE,0.0,No significant laundering pattern detected at the configured risk threshold.
C000436,ENT_000028,0.001,LOW_RISK,NORMAL,1.0,KNOWN_PATTERN,False,False,False,False,0,NONE,NONE,0.0,No significant laundering pattern detected at the configured risk threshold.
C000437,ENT_000174,0.0009,LOW_RISK,NORMAL,1.0,KNOWN_PATTERN,False,False,False,False,0,NONE,NONE,0.0,No significant laundering pattern detected at the configured risk threshold.
C000438,ENT_000002,0.0011,LOW_RISK,NORMAL,1.0,KNOWN_PATTERN,False,False,False,False,0,NONE,NONE,0.0,No significant laundering pattern detected at the configured risk threshold.
C000439,ENT_000181,0.8356,SUSPICIOUS,HIGH_CONFIDENCE,0.9949,KNOWN_PATTERN,True,True,False,False,3,NONE,NONE,0.0,"High-confidence suspicious incident: GraphSAGE risk is 0.84, the graph spans 3 hops with 3 supporting signals, involves multiple fund exit vectors, and its graph structure closely matches previously observed reference patterns (similarity 0.99)."
C000440,ENT_000279,0.0479,LOW_RISK,NORMAL,0.9937,KNOWN_PATTERN,True,True,False,False,3,NONE,NONE,0.0,No significant laundering pattern detected at the configured risk threshold.
C000441,ENT_000496,0.1056,LOW_RISK,NORMAL,0.9679,KNOWN_PATTERN,True,True,False,False,3,NONE,NONE,0.0,No significant laundering pattern detected at the configured risk threshold.
C000442,ENT_000189,0.0083,LOW_RISK,NORMAL,0.9868,KNOWN_PATTERN,True,False,False,False,1,NONE,NONE,0.0,No significant laundering pattern detected at the configured risk threshold.
C000443,ENT_000114,0.0006,LOW_RISK,NORMAL,1.0,KNOWN_PATTERN,False,False,False,False,0,NONE,NONE,0.0,No significant laundering pattern detected at the configured risk threshold.
C000444,ENT_000142,0.9611,SUSPICIOUS,HIGH_CONFIDENCE,0.9972,KNOWN_PATTERN,True,True,True,False,4,NONE,NONE,0.0,"High-confidence suspicious incident: GraphSAGE risk is 0.96, the graph spans 3 hops with 4 supporting signals, involves multiple fund exit vectors, and its graph structure closely matches previously observed reference patterns (similarity 1.00)."
C000445,ENT_000585,0.0008,LOW_RISK,NORMAL,1.0,KNOWN_PATTERN,False,False,False,False,0,NONE,NONE,0.0,No significant laundering pattern detected at the configured risk threshold.
C000446,ENT_000530,0.0009,LOW_RISK,NORMAL,1.0,KNOWN_PATTERN,False,False,False,False,0,NONE,NONE,0.0,No significant laundering pattern detected at the configured risk threshold.
C000447,ENT_000054,1.0,SUSPICIOUS,HIGH_CONFIDENCE,0.9988,KNOWN_PATTERN,True,True,False,False,3,NONE,NONE,0.0,"High-confidence suspicious incident: GraphSAGE risk is 1.00, the graph spans 3 hops with 3 supporting signals, involves multiple fund exit vectors, and its graph structure closely matches previously observed reference patterns (similarity 1.00)."
C000448,ENT_000228,0.0006,LOW_RISK,NORMAL,1.0,KNOWN_PATTERN,False,False,False,False,0,NONE,NONE,0.0,No significant laundering pattern detected at the configured risk threshold.
C000449,ENT_000605,0.0015,LOW_RISK,NORMAL,0.9998,KNOWN_PATTERN,False,False,False,False,0,NONE,NONE,0.0,No significant laundering pattern detected at the configured risk threshold.
C000450,ENT_000548,0.0513,LOW_RISK,NORMAL,0.9728,KNOWN_PATTERN,True,False,False,False,1,NONE,NONE,0.0,No significant laundering pattern detected at the configured risk threshold.
C000451,ENT_000078,0.0006,LOW_RISK,NORMAL,1.0,KNOWN_PATTERN,False,False,False,False,0,NONE,NONE,0.0,No significant laundering pattern detected at the configured risk threshold.
C000452,ENT_000438,0.001,LOW_RISK,NORMAL,1.0,KNOWN_PATTERN,False,False,False,False,0,NONE,NONE,0.0,No significant laundering pattern detected at the configured risk threshold.
C000453,ENT_000655,0.0431,LOW_RISK,NORMAL,0.97,KNOWN_PATTERN,True,False,False,False,1,NONE,NONE,0.0,No significant laundering pattern detected at the configured risk threshold.
C000454,ENT_000401,0.9996,SUSPICIOUS,HIGH_CONFIDENCE,0.9973,KNOWN_PATTERN,True,True,True,False,4,NONE,NONE,0.0,"High-confidence suspicious incident: GraphSAGE risk is 1.00, the graph spans 3 hops with 4 supporting signals, involves multiple fund exit vectors, and its graph structure closely matches previously observed reference patterns (similarity 1.00)."
C000455,ENT_000577,0.0554,LOW_RISK,NORMAL,0.9939,KNOWN_PATTERN,True,False,False,False,1,NONE,NONE,0.0,No significant laundering pattern detected at the configured risk threshold.
C000456,ENT_000417,0.0013,LOW_RISK,NORMAL,1.0,KNOWN_PATTERN,False,False,False,False,0,NONE,NONE,0.0,No significant laundering pattern detected at the configured risk threshold.
C000457,ENT_000107,0.0008,LOW_RISK,NORMAL,1.0,KNOWN_PATTERN,False,False,False,False,0,NONE,NONE,0.0,No significant laundering pattern detected at the configured risk threshold.
C000458,ENT_000257,1.0,SUSPICIOUS,HIGH_CONFIDENCE,0.9995,KNOWN_PATTERN,True,True,False,False,3,NONE,NONE,0.0,"High-confidence suspicious incident: GraphSAGE risk is 1.00, the graph spans 3 hops with 3 supporting signals, involves multiple fund exit vectors, and its graph structure closely matches previously observed reference patterns (similarity 1.00)."
C000459,ENT_000386,0.0013,LOW_RISK,NORMAL,1.0,KNOWN_PATTERN,False,False,False,False,0,NONE,NONE,0.0,No significant laundering pattern detected at the configured risk threshold.
C000460,ENT_000379,0.0415,LOW_RISK,NORMAL,0.9842,KNOWN_PATTERN,True,False,False,False,1,NONE,NONE,0.0,No significant laundering pattern detected at the configured risk threshold.
C000461,ENT_000111,0.001,LOW_RISK,NORMAL,1.0,KNOWN_PATTERN,False,False,False,False,0,NONE,NONE,0.0,No significant laundering pattern detected at the configured risk threshold.
C000462,ENT_000254,0.0015,LOW_RISK,NORMAL,0.9994,KNOWN_PATTERN,False,False,False,False,0,NONE,NONE,0.0,No significant laundering pattern detected at the configured risk threshold.
C000463,ENT_000367,0.1002,LOW_RISK,NORMAL,0.9919,KNOWN_PATTERN,True,True,False,False,3,NONE,NONE,0.0,No significant laundering pattern detected at the configured risk threshold.
C000464,ENT_000224,0.0009,LOW_RISK,NORMAL,1.0,KNOWN_PATTERN,False,False,False,False,0,NONE,NONE,0.0,No significant laundering pattern detected at the configured risk threshold.
C000465,ENT_000408,0.0007,LOW_RISK,NORMAL,1.0,KNOWN_PATTERN,False,False,False,False,0,NONE,NONE,0.0,No significant laundering pattern detected at the configured risk threshold.
C000466,ENT_000030,0.0094,LOW_RISK,NORMAL,0.9839,KNOWN_PATTERN,True,False,False,False,1,NONE,NONE,0.0,No significant laundering pattern detected at the configured risk threshold.
C000467,ENT_000612,0.0028,LOW_RISK,NORMAL,0.9973,KNOWN_PATTERN,False,False,False,False,0,NONE,NONE,0.0,No significant laundering pattern detected at the configured risk threshold.
C000468,ENT_000492,0.0009,LOW_RISK,NORMAL,1.0,KNOWN_PATTERN,False,False,False,False,0,NONE,NONE,0.0,No significant laundering pattern detected at the configured risk threshold.
C000469,ENT_000491,1.0,SUSPICIOUS,HIGH_CONFIDENCE,0.9949,KNOWN_PATTERN,True,True,True,False,4,NONE,NONE,0.0,"High-confidence suspicious incident: GraphSAGE risk is 1.00, the graph spans 3 hops with 4 supporting signals, involves multiple fund exit vectors, and its graph structure closely matches previously observed reference patterns (similarity 0.99)."
C000470,ENT_000225,0.0006,LOW_RISK,NORMAL,1.0,KNOWN_PATTERN,False,False,False,False,0,NONE,NONE,0.0,No significant laundering pattern detected at the configured risk threshold.
C000471,ENT_000307,0.1694,LOW_RISK,NORMAL,0.9897,KNOWN_PATTERN,True,True,False,False,3,NONE,NONE,0.0,No significant laundering pattern detected at the configured risk threshold.
C000472,ENT_000442,0.001,LOW_RISK,NORMAL,1.0,KNOWN_PATTERN,False,False,False,False,0,NONE,NONE,0.0,No significant laundering pattern detected at the configured risk threshold.
C000473,ENT_000052,0.0064,LOW_RISK,NORMAL,0.9874,KNOWN_PATTERN,False,False,False,False,0,NONE,NONE,0.0,No significant laundering pattern detected at the configured risk threshold.
C000474,ENT_000336,0.7256,SUSPICIOUS,HIGH_CONFIDENCE,0.9912,KNOWN_PATTERN,True,True,False,False,3,NONE,NONE,0.0,"High-confidence suspicious incident: GraphSAGE risk is 0.73, the graph spans 3 hops with 3 supporting signals, involves multiple fund exit vectors, and its graph structure closely matches previously observed reference patterns (similarity 0.99)."
C000475,ENT_000398,0.0249,LOW_RISK,NORMAL,0.898,KNOWN_PATTERN,False,False,False,False,0,NONE,NONE,0.0,No significant laundering pattern detected at the configured risk threshold.
C000476,ENT_000574,0.0006,LOW_RISK,NORMAL,1.0,KNOWN_PATTERN,False,False,False,False,0,NONE,NONE,0.0,No significant laundering pattern detected at the configured risk threshold.
C000477,ENT_000143,0.1108,LOW_RISK,NORMAL,0.9837,KNOWN_PATTERN,True,True,False,False,3,NONE,NONE,0.0,No significant laundering pattern detected at the configured risk threshold.
C000478,ENT_000495,0.0009,LOW_RISK,NORMAL,1.0,KNOWN_PATTERN,False,False,False,False,0,NONE,NONE,0.0,No significant laundering pattern detected at the configured risk threshold.
C000479,ENT_000541,0.0153,LOW_RISK,NORMAL,0.9705,KNOWN_PATTERN,True,False,False,False,1,NONE,NONE,0.0,No significant laundering pattern detected at the configured risk threshold.
C000480,ENT_000274,0.001,LOW_RISK,NORMAL,1.0,KNOWN_PATTERN,False,False,False,False,0,NONE,NONE,0.0,No significant laundering pattern detected at the configured risk threshold.
C000481,ENT_000647,0.0161,LOW_RISK,NORMAL,0.9865,KNOWN_PATTERN,False,False,False,False,0,NONE,NONE,0.0,No significant laundering pattern detected at the configured risk threshold.
C000482,ENT_000480,0.0006,LOW_RISK,NORMAL,1.0,KNOWN_PATTERN,False,False,False,False,0,NONE,NONE,0.0,No significant laundering pattern detected at the configured risk threshold.
C000483,ENT_000163,0.3862,LOW_RISK,NORMAL,0.9535,KNOWN_PATTERN,True,True,False,False,3,NONE,NONE,0.0,No significant laundering pattern detected at the configured risk threshold.
C000484,ENT_000087,0.9419,SUSPICIOUS,HIGH_CONFIDENCE,0.9991,KNOWN_PATTERN,True,True,True,True,5,ATM_015,Chandigarh,0.8376,"High-confidence suspicious incident: GraphSAGE risk is 0.94, the graph spans 3 hops with 5 supporting signals, involves a cash-out terminal (ATM_015 in Chandigarh, score: 0.84), and its graph structure closely matches previously observed reference patterns (similarity 1.00)."
C000485,ENT_000329,0.9987,SUSPICIOUS,HIGH_CONFIDENCE,0.9988,KNOWN_PATTERN,True,True,True,True,5,ATM_019,Mumbai,0.7739,"High-confidence suspicious incident: GraphSAGE risk is 1.00, the graph spans 3 hops with 5 supporting signals, involves a cash-out terminal (ATM_019 in Mumbai, score: 0.77), and its graph structure closely matches previously observed reference patterns (similarity 1.00)."
C000486,ENT_000350,0.0019,LOW_RISK,NORMAL,0.9995,KNOWN_PATTERN,False,False,False,False,0,NONE,NONE,0.0,No significant laundering pattern detected at the configured risk threshold.
C000487,ENT_000641,0.0009,LOW_RISK,NORMAL,1.0,KNOWN_PATTERN,False,False,False,False,0,NONE,NONE,0.0,No significant laundering pattern detected at the configured risk threshold.
C000488,ENT_000582,0.514,ELEVATED_RISK,MEDIUM_CONFIDENCE,0.9906,KNOWN_PATTERN,True,True,True,False,4,NONE,NONE,0.0,"Medium-confidence suspicious incident: elevated GraphSAGE risk (0.51) and multi-hop activity were detected, but supporting terminal or reference-pattern evidence is partial or evolving."
C000489,ENT_000225,0.0018,LOW_RISK,NORMAL,0.9939,KNOWN_PATTERN,False,False,False,False,0,NONE,NONE,0.0,No significant laundering pattern detected at the configured risk threshold.
C000490,ENT_000399,0.0012,LOW_RISK,NORMAL,1.0,KNOWN_PATTERN,False,False,False,False,0,NONE,NONE,0.0,No significant laundering pattern detected at the configured risk threshold.
C000491,ENT_000013,0.9998,SUSPICIOUS,HIGH_CONFIDENCE,0.9983,KNOWN_PATTERN,True,True,False,False,3,NONE,NONE,0.0,"High-confidence suspicious incident: GraphSAGE risk is 1.00, the graph spans 3 hops with 3 supporting signals, involves multiple fund exit vectors, and its graph structure closely matches previously observed reference patterns (similarity 1.00)."
C000492,ENT_000428,0.001,LOW_RISK,NORMAL,1.0,KNOWN_PATTERN,False,False,False,False,0,NONE,NONE,0.0,No significant laundering pattern detected at the configured risk threshold.
C000493,ENT_000321,0.0017,LOW_RISK,NORMAL,0.9998,KNOWN_PATTERN,False,False,False,False,0,NONE,NONE,0.0,No significant laundering pattern detected at the configured risk threshold.
C000494,ENT_000282,0.0018,LOW_RISK,NORMAL,0.9995,KNOWN_PATTERN,False,False,False,False,0,NONE,NONE,0.0,No significant laundering pattern detected at the configured risk threshold.
C000495,ENT_000271,0.1842,LOW_RISK,NORMAL,0.9937,KNOWN_PATTERN,True,True,False,False,3,NONE,NONE,0.0,No significant laundering pattern detected at the configured risk threshold.
C000496,ENT_000140,0.0088,LOW_RISK,NORMAL,0.9868,KNOWN_PATTERN,True,False,False,False,1,NONE,NONE,0.0,No significant laundering pattern detected at the configured risk threshold.
C000497,ENT_000644,0.0009,LOW_RISK,NORMAL,1.0,KNOWN_PATTERN,False,False,False,False,0,NONE,NONE,0.0,No significant laundering pattern detected at the configured risk threshold.
C000498,ENT_000040,0.0006,LOW_RISK,NORMAL,1.0,KNOWN_PATTERN,False,False,False,False,0,NONE,NONE,0.0,No significant laundering pattern detected at the configured risk threshold.
C000499,ENT_000560,0.9992,SUSPICIOUS,HIGH_CONFIDENCE,0.9988,KNOWN_PATTERN,True,True,True,True,5,ATM_026,Lucknow,0.7689,"High-confidence suspicious incident: GraphSAGE risk is 1.00, the graph spans 3 hops with 5 supporting signals, involves a cash-out terminal (ATM_026 in Lucknow, score: 0.77), and its graph structure closely matches previously observed reference patterns (similarity 1.00)."
C000500,ENT_000465,0.0007,LOW_RISK,NORMAL,1.0,KNOWN_PATTERN,False,False,False,False,0,NONE,NONE,0.0,No significant laundering pattern detected at the configured risk threshold.
C000501,ENT_000219,0.0018,LOW_RISK,NORMAL,0.9997,KNOWN_PATTERN,False,False,False,False,0,NONE,NONE,0.0,No significant laundering pattern detected at the configured risk threshold.
C000502,ENT_000612,0.9997,SUSPICIOUS,HIGH_CONFIDENCE,0.9978,KNOWN_PATTERN,True,True,True,True,5,ATM_001,Hyderabad,0.8352,"High-confidence suspicious incident: GraphSAGE risk is 1.00, the graph spans 3 hops with 5 supporting signals, involves a cash-out terminal (ATM_001 in Hyderabad, score: 0.84), and its graph structure closely matches previously observed reference patterns (similarity 1.00)."
C000503,ENT_000166,0.0009,LOW_RISK,NORMAL,1.0,KNOWN_PATTERN,False,False,False,False,0,NONE,NONE,0.0,No significant laundering pattern detected at the configured risk threshold.
C000504,ENT_000373,0.9996,SUSPICIOUS,HIGH_CONFIDENCE,0.9991,KNOWN_PATTERN,True,True,True,False,4,NONE,NONE,0.0,"High-confidence suspicious incident: GraphSAGE risk is 1.00, the graph spans 3 hops with 4 supporting signals, involves multiple fund exit vectors, and its graph structure closely matches previously observed reference patterns (similarity 1.00)."
C000505,ENT_000216,0.0009,LOW_RISK,NORMAL,1.0,KNOWN_PATTERN,False,False,False,False,0,NONE,NONE,0.0,No significant laundering pattern detected at the configured risk threshold.
C000506,ENT_000621,0.2821,LOW_RISK,NORMAL,0.9891,KNOWN_PATTERN,True,True,False,False,3,NONE,NONE,0.0,No significant laundering pattern detected at the configured risk threshold.
C000507,ENT_000478,0.0006,LOW_RISK,NORMAL,1.0,KNOWN_PATTERN,False,False,False,False,0,NONE,NONE,0.0,No significant laundering pattern detected at the configured risk threshold.
C000508,ENT_000652,0.375,LOW_RISK,NORMAL,0.9877,KNOWN_PATTERN,True,True,False,False,3,NONE,NONE,0.0,No significant laundering pattern detected at the configured risk threshold.
C000509,ENT_000313,0.9954,SUSPICIOUS,HIGH_CONFIDENCE,0.9952,KNOWN_PATTERN,True,True,False,False,3,NONE,NONE,0.0,"High-confidence suspicious incident: GraphSAGE risk is 1.00, the graph spans 3 hops with 3 supporting signals, involves multiple fund exit vectors, and its graph structure closely matches previously observed reference patterns (similarity 1.00)."
C000510,ENT_000615,0.5572,ELEVATED_RISK,MEDIUM_CONFIDENCE,0.9936,KNOWN_PATTERN,True,True,True,False,4,NONE,NONE,0.0,"Medium-confidence suspicious incident: elevated GraphSAGE risk (0.56) and multi-hop activity were detected, but supporting terminal or reference-pattern evidence is partial or evolving."
C000511,ENT_000410,0.004,LOW_RISK,NORMAL,0.9968,KNOWN_PATTERN,False,False,True,False,1,ATM_040,Lucknow,0.7086,No significant laundering pattern detected at the configured risk threshold.
C000512,ENT_000451,0.0007,LOW_RISK,NORMAL,1.0,KNOWN_PATTERN,False,False,False,False,0,NONE,NONE,0.0,No significant laundering pattern detected at the configured risk threshold.
C000513,ENT_000341,0.0013,LOW_RISK,NORMAL,0.9999,KNOWN_PATTERN,False,False,False,False,0,NONE,NONE,0.0,No significant laundering pattern detected at the configured risk threshold.
C000514,ENT_000375,0.0012,LOW_RISK,NORMAL,0.9996,KNOWN_PATTERN,False,False,False,False,0,NONE,NONE,0.0,No significant laundering pattern detected at the configured risk threshold.
C000515,ENT_000332,0.0031,LOW_RISK,NORMAL,0.998,KNOWN_PATTERN,False,False,False,False,0,NONE,NONE,0.0,No significant laundering pattern detected at the configured risk threshold.
C000516,ENT_000338,0.9893,SUSPICIOUS,HIGH_CONFIDENCE,0.9966,KNOWN_PATTERN,True,True,False,False,3,NONE,NONE,0.0,"High-confidence suspicious incident: GraphSAGE risk is 0.99, the graph spans 3 hops with 3 supporting signals, involves multiple fund exit vectors, and its graph structure closely matches previously observed reference patterns (similarity 1.00)."
C000517,ENT_000608,0.8809,SUSPICIOUS,HIGH_CONFIDENCE,0.9961,KNOWN_PATTERN,True,True,True,False,4,NONE,NONE,0.0,"High-confidence suspicious incident: GraphSAGE risk is 0.88, the graph spans 3 hops with 4 supporting signals, involves multiple fund exit vectors, and its graph structure closely matches previously observed reference patterns (similarity 1.00)."
C000518,ENT_000268,0.9987,SUSPICIOUS,HIGH_CONFIDENCE,0.9986,KNOWN_PATTERN,True,True,False,False,3,NONE,NONE,0.0,"High-confidence suspicious incident: GraphSAGE risk is 1.00, the graph spans 3 hops with 3 supporting signals, involves multiple fund exit vectors, and its graph structure closely matches previously observed reference patterns (similarity 1.00)."
C000519,ENT_000472,0.3956,LOW_RISK,NORMAL,0.9765,KNOWN_PATTERN,True,True,True,False,4,NONE,NONE,0.0,No significant laundering pattern detected at the configured risk threshold.
C000520,ENT_000606,1.0,SUSPICIOUS,HIGH_CONFIDENCE,0.9977,KNOWN_PATTERN,True,True,False,False,3,NONE,NONE,0.0,"High-confidence suspicious incident: GraphSAGE risk is 1.00, the graph spans 3 hops with 3 supporting signals, involves multiple fund exit vectors, and its graph structure closely matches previously observed reference patterns (similarity 1.00)."
C000521,ENT_000152,0.9999,SUSPICIOUS,HIGH_CONFIDENCE,0.9988,KNOWN_PATTERN,True,True,True,False,4,NONE,NONE,0.0,"High-confidence suspicious incident: GraphSAGE risk is 1.00, the graph spans 3 hops with 4 supporting signals, involves multiple fund exit vectors, and its graph structure closely matches previously observed reference patterns (similarity 1.00)."
C000522,ENT_000673,0.0015,LOW_RISK,NORMAL,0.9997,KNOWN_PATTERN,False,False,False,False,0,NONE,NONE,0.0,No significant laundering pattern detected at the configured risk threshold.
C000523,ENT_000476,0.0009,LOW_RISK,NORMAL,1.0,KNOWN_PATTERN,False,False,False,False,0,NONE,NONE,0.0,No significant laundering pattern detected at the configured risk threshold.
C000524,ENT_000449,0.0008,LOW_RISK,NORMAL,1.0,KNOWN_PATTERN,False,False,False,False,0,NONE,NONE,0.0,No significant laundering pattern detected at the configured risk threshold.
C000525,ENT_000154,0.5159,ELEVATED_RISK,MEDIUM_CONFIDENCE,0.9914,KNOWN_PATTERN,True,True,False,False,2,NONE,NONE,0.0,"Medium-confidence suspicious incident: elevated GraphSAGE risk (0.52) and multi-hop activity were detected, but supporting terminal or reference-pattern evidence is partial or evolving."
C000526,ENT_000251,0.0038,LOW_RISK,NORMAL,0.9894,KNOWN_PATTERN,False,False,False,False,0,NONE,NONE,0.0,No significant laundering pattern detected at the configured risk threshold.
C000527,ENT_000376,0.0009,LOW_RISK,NORMAL,1.0,KNOWN_PATTERN,False,False,False,False,0,NONE,NONE,0.0,No significant laundering pattern detected at the configured risk threshold.
C000528,ENT_000569,0.0037,LOW_RISK,NORMAL,0.9829,KNOWN_PATTERN,False,False,False,False,0,NONE,NONE,0.0,No significant laundering pattern detected at the configured risk threshold.
C000529,ENT_000046,0.9969,SUSPICIOUS,HIGH_CONFIDENCE,0.9985,KNOWN_PATTERN,True,True,False,False,3,NONE,NONE,0.0,"High-confidence suspicious incident: GraphSAGE risk is 1.00, the graph spans 3 hops with 3 supporting signals, involves multiple fund exit vectors, and its graph structure closely matches previously observed reference patterns (similarity 1.00)."
C000530,ENT_000066,0.0013,LOW_RISK,NORMAL,0.9997,KNOWN_PATTERN,False,False,False,False,0,NONE,NONE,0.0,No significant laundering pattern detected at the configured risk threshold.
C000531,ENT_000664,0.0445,LOW_RISK,NORMAL,0.9879,KNOWN_PATTERN,True,True,False,False,3,NONE,NONE,0.0,No significant laundering pattern detected at the configured risk threshold.
C000532,ENT_000350,0.001,LOW_RISK,NORMAL,1.0,KNOWN_PATTERN,False,False,False,False,0,NONE,NONE,0.0,No significant laundering pattern detected at the configured risk threshold.
C000533,ENT_000497,0.0006,LOW_RISK,NORMAL,1.0,KNOWN_PATTERN,False,False,False,False,0,NONE,NONE,0.0,No significant laundering pattern detected at the configured risk threshold.
C000534,ENT_000265,0.9974,SUSPICIOUS,HIGH_CONFIDENCE,0.9981,KNOWN_PATTERN,True,True,True,True,5,ATM_045,Mumbai,0.855,"High-confidence suspicious incident: GraphSAGE risk is 1.00, the graph spans 3 hops with 5 supporting signals, involves a cash-out terminal (ATM_045 in Mumbai, score: 0.85), and its graph structure closely matches previously observed reference patterns (similarity 1.00)."
C000535,ENT_000324,0.0016,LOW_RISK,NORMAL,0.9991,KNOWN_PATTERN,False,False,False,False,0,NONE,NONE,0.0,No significant laundering pattern detected at the configured risk threshold.
C000536,ENT_000667,0.1056,LOW_RISK,NORMAL,0.9516,KNOWN_PATTERN,True,False,False,False,1,NONE,NONE,0.0,No significant laundering pattern detected at the configured risk threshold.
C000537,ENT_000536,0.0367,LOW_RISK,NORMAL,0.9819,KNOWN_PATTERN,True,False,False,False,1,NONE,NONE,0.0,No significant laundering pattern detected at the configured risk threshold.
C000538,ENT_000301,0.643,SUSPICIOUS,HIGH_CONFIDENCE,0.9937,KNOWN_PATTERN,True,True,False,False,3,NONE,NONE,0.0,"High-confidence suspicious incident: GraphSAGE risk is 0.64, the graph spans 3 hops with 3 supporting signals, involves multiple fund exit vectors, and its graph structure closely matches previously observed reference patterns (similarity 0.99)."
C000539,ENT_000512,0.0007,LOW_RISK,NORMAL,1.0,KNOWN_PATTERN,False,False,False,False,0,NONE,NONE,0.0,No significant laundering pattern detected at the configured risk threshold.
C000540,ENT_000075,0.0011,LOW_RISK,NORMAL,1.0,KNOWN_PATTERN,False,False,False,False,0,NONE,NONE,0.0,No significant laundering pattern detected at the configured risk threshold.
C000541,ENT_000502,0.97,SUSPICIOUS,HIGH_CONFIDENCE,0.9974,KNOWN_PATTERN,True,True,True,False,4,NONE,NONE,0.0,"High-confidence suspicious incident: GraphSAGE risk is 0.97, the graph spans 3 hops with 4 supporting signals, involves multiple fund exit vectors, and its graph structure closely matches previously observed reference patterns (similarity 1.00)."
C000542,ENT_000127,0.0011,LOW_RISK,NORMAL,1.0,KNOWN_PATTERN,False,False,False,False,0,NONE,NONE,0.0,No significant laundering pattern detected at the configured risk threshold.
C000543,ENT_000601,0.0155,LOW_RISK,NORMAL,0.9891,KNOWN_PATTERN,True,False,True,False,2,ATM_037,Mumbai,0.4825,No significant laundering pattern detected at the configured risk threshold.
C000544,ENT_000179,0.8616,SUSPICIOUS,HIGH_CONFIDENCE,0.9949,KNOWN_PATTERN,True,True,True,False,4,NONE,NONE,0.0,"High-confidence suspicious incident: GraphSAGE risk is 0.86, the graph spans 3 hops with 4 supporting signals, involves multiple fund exit vectors, and its graph structure closely matches previously observed reference patterns (similarity 0.99)."
C000545,ENT_000306,0.0009,LOW_RISK,NORMAL,1.0,KNOWN_PATTERN,False,False,False,False,0,NONE,NONE,0.0,No significant laundering pattern detected at the configured risk threshold.
C000546,ENT_000285,0.0083,LOW_RISK,NORMAL,0.9958,KNOWN_PATTERN,True,False,False,False,1,NONE,NONE,0.0,No significant laundering pattern detected at the configured risk threshold.
C000547,ENT_000340,0.0007,LOW_RISK,NORMAL,1.0,KNOWN_PATTERN,False,False,False,False,0,NONE,NONE,0.0,No significant laundering pattern detected at the configured risk threshold.
C000548,ENT_000001,0.0007,LOW_RISK,NORMAL,1.0,KNOWN_PATTERN,False,False,False,False,0,NONE,NONE,0.0,No significant laundering pattern detected at the configured risk threshold.
C000549,ENT_000190,0.9758,SUSPICIOUS,HIGH_CONFIDENCE,0.9972,KNOWN_PATTERN,True,True,False,False,3,NONE,NONE,0.0,"High-confidence suspicious incident: GraphSAGE risk is 0.98, the graph spans 3 hops with 3 supporting signals, involves multiple fund exit vectors, and its graph structure closely matches previously observed reference patterns (similarity 1.00)."
C000550,ENT_000110,0.1074,LOW_RISK,NORMAL,0.9517,KNOWN_PATTERN,True,True,True,False,4,ATM_012,Patna,0.4472,No significant laundering pattern detected at the configured risk threshold.
C000551,ENT_000449,0.0024,LOW_RISK,NORMAL,0.999,KNOWN_PATTERN,False,False,False,False,0,NONE,NONE,0.0,No significant laundering pattern detected at the configured risk threshold.
C000552,ENT_000164,0.1217,LOW_RISK,NORMAL,0.9739,KNOWN_PATTERN,True,True,False,False,3,NONE,NONE,0.0,No significant laundering pattern detected at the configured risk threshold.
C000553,ENT_000670,0.0008,LOW_RISK,NORMAL,1.0,KNOWN_PATTERN,False,False,False,False,0,NONE,NONE,0.0,No significant laundering pattern detected at the configured risk threshold.
C000554,ENT_000627,0.0584,LOW_RISK,NORMAL,0.9839,KNOWN_PATTERN,True,False,False,False,1,NONE,NONE,0.0,No significant laundering pattern detected at the configured risk threshold.
C000555,ENT_000579,0.0054,LOW_RISK,NORMAL,0.9952,KNOWN_PATTERN,False,False,False,False,0,NONE,NONE,0.0,No significant laundering pattern detected at the configured risk threshold.
C000556,ENT_000391,0.0012,LOW_RISK,NORMAL,1.0,KNOWN_PATTERN,False,False,False,False,0,NONE,NONE,0.0,No significant laundering pattern detected at the configured risk threshold.
C000557,ENT_000157,0.0009,LOW_RISK,NORMAL,1.0,KNOWN_PATTERN,False,False,False,False,0,NONE,NONE,0.0,No significant laundering pattern detected at the configured risk threshold.
C000558,ENT_000687,0.5266,ELEVATED_RISK,MEDIUM_CONFIDENCE,0.9914,KNOWN_PATTERN,True,True,False,False,3,NONE,NONE,0.0,"Medium-confidence suspicious incident: elevated GraphSAGE risk (0.53) and multi-hop activity were detected, but supporting terminal or reference-pattern evidence is partial or evolving."
C000559,ENT_000556,0.0012,LOW_RISK,NORMAL,1.0,KNOWN_PATTERN,False,False,False,False,0,NONE,NONE,0.0,No significant laundering pattern detected at the configured risk threshold.
C000560,ENT_000167,0.0016,LOW_RISK,NORMAL,0.9997,KNOWN_PATTERN,False,False,False,False,0,NONE,NONE,0.0,No significant laundering pattern detected at the configured risk threshold.
C000561,ENT_000566,0.0006,LOW_RISK,NORMAL,1.0,KNOWN_PATTERN,False,False,False,False,0,NONE,NONE,0.0,No significant laundering pattern detected at the configured risk threshold.
C000562,ENT_000490,0.3977,LOW_RISK,NORMAL,0.9895,KNOWN_PATTERN,True,True,True,False,4,NONE,NONE,0.0,No significant laundering pattern detected at the configured risk threshold.
C000563,ENT_000452,0.1612,LOW_RISK,NORMAL,0.9706,KNOWN_PATTERN,True,True,False,False,3,NONE,NONE,0.0,No significant laundering pattern detected at the configured risk threshold.
C000564,ENT_000262,0.0019,LOW_RISK,NORMAL,1.0,KNOWN_PATTERN,False,False,False,False,0,NONE,NONE,0.0,No significant laundering pattern detected at the configured risk threshold.
C000565,ENT_000371,1.0,SUSPICIOUS,HIGH_CONFIDENCE,0.9969,KNOWN_PATTERN,True,True,False,False,3,NONE,NONE,0.0,"High-confidence suspicious incident: GraphSAGE risk is 1.00, the graph spans 3 hops with 3 supporting signals, involves multiple fund exit vectors, and its graph structure closely matches previously observed reference patterns (similarity 1.00)."
C000566,ENT_000540,0.2632,LOW_RISK,NORMAL,0.9791,KNOWN_PATTERN,True,True,False,False,2,NONE,NONE,0.0,No significant laundering pattern detected at the configured risk threshold.
C000567,ENT_000518,0.001,LOW_RISK,NORMAL,1.0,KNOWN_PATTERN,False,False,False,False,0,NONE,NONE,0.0,No significant laundering pattern detected at the configured risk threshold.
C000568,ENT_000548,0.5111,ELEVATED_RISK,MEDIUM_CONFIDENCE,0.9891,KNOWN_PATTERN,True,True,False,False,2,NONE,NONE,0.0,"Medium-confidence suspicious incident: elevated GraphSAGE risk (0.51) and multi-hop activity were detected, but supporting terminal or reference-pattern evidence is partial or evolving."
C000569,ENT_000439,0.0191,LOW_RISK,NORMAL,0.9659,KNOWN_PATTERN,True,False,False,False,1,NONE,NONE,0.0,No significant laundering pattern detected at the configured risk threshold.
C000570,ENT_000109,0.0006,LOW_RISK,NORMAL,1.0,KNOWN_PATTERN,False,False,False,False,0,NONE,NONE,0.0,No significant laundering pattern detected at the configured risk threshold.
C000571,ENT_000381,0.0012,LOW_RISK,NORMAL,1.0,KNOWN_PATTERN,False,False,False,False,0,NONE,NONE,0.0,No significant laundering pattern detected at the configured risk threshold.
C000572,ENT_000076,0.0026,LOW_RISK,NORMAL,0.9889,KNOWN_PATTERN,False,False,True,False,1,ATM_001,Hyderabad,0.5467,No significant laundering pattern detected at the configured risk threshold.
C000573,ENT_000544,0.0008,LOW_RISK,NORMAL,1.0,KNOWN_PATTERN,False,False,False,False,0,NONE,NONE,0.0,No significant laundering pattern detected at the configured risk threshold.
C000574,ENT_000211,0.1452,LOW_RISK,NORMAL,0.9927,KNOWN_PATTERN,True,True,False,False,3,NONE,NONE,0.0,No significant laundering pattern detected at the configured risk threshold.
C000575,ENT_000144,0.5374,ELEVATED_RISK,MEDIUM_CONFIDENCE,0.9922,KNOWN_PATTERN,True,True,False,False,3,NONE,NONE,0.0,"Medium-confidence suspicious incident: elevated GraphSAGE risk (0.54) and multi-hop activity were detected, but supporting terminal or reference-pattern evidence is partial or evolving."
C000576,ENT_000501,0.5614,ELEVATED_RISK,MEDIUM_CONFIDENCE,0.9941,KNOWN_PATTERN,True,True,True,False,4,NONE,NONE,0.0,"Medium-confidence suspicious incident: elevated GraphSAGE risk (0.56) and multi-hop activity were detected, but supporting terminal or reference-pattern evidence is partial or evolving."
C000577,ENT_000595,0.1004,LOW_RISK,NORMAL,0.9919,KNOWN_PATTERN,True,True,False,False,3,NONE,NONE,0.0,No significant laundering pattern detected at the configured risk threshold.
C000578,ENT_000653,0.0007,LOW_RISK,NORMAL,1.0,KNOWN_PATTERN,False,False,False,False,0,NONE,NONE,0.0,No significant laundering pattern detected at the configured risk threshold.
C000579,ENT_000473,0.0023,LOW_RISK,NORMAL,0.9987,KNOWN_PATTERN,False,False,False,False,0,NONE,NONE,0.0,No significant laundering pattern detected at the configured risk threshold.
C000580,ENT_000213,0.0023,LOW_RISK,NORMAL,0.9992,KNOWN_PATTERN,False,False,False,False,0,NONE,NONE,0.0,No significant laundering pattern detected at the configured risk threshold.
C000581,ENT_000004,0.002,LOW_RISK,NORMAL,0.9998,KNOWN_PATTERN,False,False,False,False,0,NONE,NONE,0.0,No significant laundering pattern detected at the configured risk threshold.
C000582,ENT_000567,0.0007,LOW_RISK,NORMAL,1.0,KNOWN_PATTERN,False,False,False,False,0,NONE,NONE,0.0,No significant laundering pattern detected at the configured risk threshold.
C000583,ENT_000454,0.0019,LOW_RISK,NORMAL,0.9998,KNOWN_PATTERN,False,False,False,False,0,NONE,NONE,0.0,No significant laundering pattern detected at the configured risk threshold.
C000584,ENT_000431,0.0022,LOW_RISK,NORMAL,0.9994,KNOWN_PATTERN,False,False,False,False,0,NONE,NONE,0.0,No significant laundering pattern detected at the configured risk threshold.
C000585,ENT_000423,0.0008,LOW_RISK,NORMAL,1.0,KNOWN_PATTERN,False,False,False,False,0,NONE,NONE,0.0,No significant laundering pattern detected at the configured risk threshold.
C000586,ENT_000033,0.0008,LOW_RISK,NORMAL,1.0,KNOWN_PATTERN,False,False,False,False,0,NONE,NONE,0.0,No significant laundering pattern detected at the configured risk threshold.
C000587,ENT_000558,0.0011,LOW_RISK,NORMAL,1.0,KNOWN_PATTERN,False,False,False,False,0,NONE,NONE,0.0,No significant laundering pattern detected at the configured risk threshold.
C000588,ENT_000372,0.4517,LOW_RISK,NORMAL,0.9714,KNOWN_PATTERN,True,True,False,False,3,NONE,NONE,0.0,No significant laundering pattern detected at the configured risk threshold.
C000589,ENT_000374,0.6312,SUSPICIOUS,HIGH_CONFIDENCE,0.9944,KNOWN_PATTERN,True,True,True,False,4,ATM_019,Mumbai,0.5618,"High-confidence suspicious incident: GraphSAGE risk is 0.63, the graph spans 3 hops with 4 supporting signals, involves a cash-out terminal (ATM_019 in Mumbai, score: 0.56), and its graph structure closely matches previously observed reference patterns (similarity 0.99)."
C000590,ENT_000344,0.0016,LOW_RISK,NORMAL,0.9991,KNOWN_PATTERN,False,False,False,False,0,NONE,NONE,0.0,No significant laundering pattern detected at the configured risk threshold.
C000591,ENT_000503,0.0008,LOW_RISK,NORMAL,1.0,KNOWN_PATTERN,False,False,False,False,0,NONE,NONE,0.0,No significant laundering pattern detected at the configured risk threshold.
C000592,ENT_000263,0.0006,LOW_RISK,NORMAL,1.0,KNOWN_PATTERN,False,False,False,False,0,NONE,NONE,0.0,No significant laundering pattern detected at the configured risk threshold.
C000593,ENT_000094,0.0112,LOW_RISK,NORMAL,0.9636,KNOWN_PATTERN,True,False,False,False,1,NONE,NONE,0.0,No significant laundering pattern detected at the configured risk threshold.
C000594,ENT_000655,0.0006,LOW_RISK,NORMAL,1.0,KNOWN_PATTERN,False,False,False,False,0,NONE,NONE,0.0,No significant laundering pattern detected at the configured risk threshold.
C000595,ENT_000472,0.0041,LOW_RISK,NORMAL,0.996,KNOWN_PATTERN,True,False,False,False,1,NONE,NONE,0.0,No significant laundering pattern detected at the configured risk threshold.
C000596,ENT_000231,0.0024,LOW_RISK,NORMAL,0.995,KNOWN_PATTERN,False,False,False,False,0,NONE,NONE,0.0,No significant laundering pattern detected at the configured risk threshold.
C000597,ENT_000447,0.0007,LOW_RISK,NORMAL,1.0,KNOWN_PATTERN,False,False,False,False,0,NONE,NONE,0.0,No significant laundering pattern detected at the configured risk threshold.
C000598,ENT_000667,0.0021,LOW_RISK,NORMAL,0.9999,KNOWN_PATTERN,False,False,False,False,0,NONE,NONE,0.0,No significant laundering pattern detected at the configured risk threshold.
C000599,ENT_000698,0.9966,SUSPICIOUS,HIGH_CONFIDENCE,0.9986,KNOWN_PATTERN,True,True,True,False,4,NONE,NONE,0.0,"High-confidence suspicious incident: GraphSAGE risk is 1.00, the graph spans 3 hops with 4 supporting signals, involves multiple fund exit vectors, and its graph structure closely matches previously observed reference patterns (similarity 1.00)."
C000600,ENT_000494,0.0006,LOW_RISK,NORMAL,1.0,KNOWN_PATTERN,False,False,False,False,0,NONE,NONE,0.0,No significant laundering pattern detected at the configured risk threshold.
C000601,ENT_000056,0.0007,LOW_RISK,NORMAL,1.0,KNOWN_PATTERN,False,False,False,False,0,NONE,NONE,0.0,No significant laundering pattern detected at the configured risk threshold.
C000602,ENT_000161,0.001,LOW_RISK,NORMAL,1.0,KNOWN_PATTERN,False,False,False,False,0,NONE,NONE,0.0,No significant laundering pattern detected at the configured risk threshold.
C000603,ENT_000573,0.0024,LOW_RISK,NORMAL,0.9994,KNOWN_PATTERN,False,False,False,False,0,NONE,NONE,0.0,No significant laundering pattern detected at the configured risk threshold.
C000604,ENT_000273,0.3776,LOW_RISK,NORMAL,0.9924,KNOWN_PATTERN,True,True,False,False,3,NONE,NONE,0.0,No significant laundering pattern detected at the configured risk threshold.
C000605,ENT_000388,0.0008,LOW_RISK,NORMAL,1.0,KNOWN_PATTERN,False,False,False,False,0,NONE,NONE,0.0,No significant laundering pattern detected at the configured risk threshold.
C000606,ENT_000221,0.001,LOW_RISK,NORMAL,1.0,KNOWN_PATTERN,False,False,False,False,0,NONE,NONE,0.0,No significant laundering pattern detected at the configured risk threshold.
C000607,ENT_000688,0.6584,SUSPICIOUS,HIGH_CONFIDENCE,0.9888,KNOWN_PATTERN,True,True,False,False,3,NONE,NONE,0.0,"High-confidence suspicious incident: GraphSAGE risk is 0.66, the graph spans 3 hops with 3 supporting signals, involves multiple fund exit vectors, and its graph structure closely matches previously observed reference patterns (similarity 0.99)."
C000608,ENT_000545,0.0026,LOW_RISK,NORMAL,0.9991,KNOWN_PATTERN,False,False,False,False,0,NONE,NONE,0.0,No significant laundering pattern detected at the configured risk threshold.
C000609,ENT_000635,0.9949,SUSPICIOUS,HIGH_CONFIDENCE,0.9979,KNOWN_PATTERN,True,True,True,False,4,NONE,NONE,0.0,"High-confidence suspicious incident: GraphSAGE risk is 0.99, the graph spans 3 hops with 4 supporting signals, involves multiple fund exit vectors, and its graph structure closely matches previously observed reference patterns (similarity 1.00)."
C000610,ENT_000514,0.407,LOW_RISK,NORMAL,0.9927,KNOWN_PATTERN,True,True,False,False,3,NONE,NONE,0.0,No significant laundering pattern detected at the configured risk threshold.
C000611,ENT_000208,1.0,SUSPICIOUS,HIGH_CONFIDENCE,0.9984,KNOWN_PATTERN,True,True,False,False,3,NONE,NONE,0.0,"High-confidence suspicious incident: GraphSAGE risk is 1.00, the graph spans 3 hops with 3 supporting signals, involves multiple fund exit vectors, and its graph structure closely matches previously observed reference patterns (similarity 1.00)."
C000612,ENT_000283,0.515,ELEVATED_RISK,MEDIUM_CONFIDENCE,0.9908,KNOWN_PATTERN,True,False,False,False,1,NONE,NONE,0.0,"Medium-confidence suspicious incident: elevated GraphSAGE risk (0.52) and multi-hop activity were detected, but supporting terminal or reference-pattern evidence is partial or evolving."
C000613,ENT_000180,0.0006,LOW_RISK,NORMAL,1.0,KNOWN_PATTERN,False,False,False,False,0,NONE,NONE,0.0,No significant laundering pattern detected at the configured risk threshold.
C000614,ENT_000616,0.0013,LOW_RISK,NORMAL,1.0,KNOWN_PATTERN,False,False,False,False,0,NONE,NONE,0.0,No significant laundering pattern detected at the configured risk threshold.
C000615,ENT_000539,0.9999,SUSPICIOUS,HIGH_CONFIDENCE,0.9978,KNOWN_PATTERN,True,True,False,False,2,NONE,NONE,0.0,"High-confidence suspicious incident: GraphSAGE risk is 1.00, the graph spans 3 hops with 2 supporting signals, involves multiple fund exit vectors, and its graph structure closely matches previously observed reference patterns (similarity 1.00)."
C000616,ENT_000516,0.0007,LOW_RISK,NORMAL,1.0,KNOWN_PATTERN,False,False,False,False,0,NONE,NONE,0.0,No significant laundering pattern detected at the configured risk threshold.
C000617,ENT_000334,0.0007,LOW_RISK,NORMAL,1.0,KNOWN_PATTERN,False,False,False,False,0,NONE,NONE,0.0,No significant laundering pattern detected at the configured risk threshold.
C000618,ENT_000392,0.961,SUSPICIOUS,HIGH_CONFIDENCE,0.9958,KNOWN_PATTERN,True,True,False,False,3,NONE,NONE,0.0,"High-confidence suspicious incident: GraphSAGE risk is 0.96, the graph spans 3 hops with 3 supporting signals, involves multiple fund exit vectors, and its graph structure closely matches previously observed reference patterns (similarity 1.00)."
C000619,ENT_000689,0.0013,LOW_RISK,NORMAL,1.0,KNOWN_PATTERN,False,False,False,False,0,NONE,NONE,0.0,No significant laundering pattern detected at the configured risk threshold.
C000620,ENT_000010,0.0029,LOW_RISK,NORMAL,0.9984,KNOWN_PATTERN,False,False,False,False,0,NONE,NONE,0.0,No significant laundering pattern detected at the configured risk threshold.
C000621,ENT_000210,0.0332,LOW_RISK,NORMAL,0.9501,KNOWN_PATTERN,True,False,False,False,1,NONE,NONE,0.0,No significant laundering pattern detected at the configured risk threshold.
C000622,ENT_000526,0.7807,SUSPICIOUS,HIGH_CONFIDENCE,0.9908,KNOWN_PATTERN,True,True,False,False,3,NONE,NONE,0.0,"High-confidence suspicious incident: GraphSAGE risk is 0.78, the graph spans 3 hops with 3 supporting signals, involves multiple fund exit vectors, and its graph structure closely matches previously observed reference patterns (similarity 0.99)."
C000623,ENT_000365,0.0006,LOW_RISK,NORMAL,1.0,KNOWN_PATTERN,False,False,False,False,0,NONE,NONE,0.0,No significant laundering pattern detected at the configured risk threshold.
C000624,ENT_000160,0.0006,LOW_RISK,NORMAL,1.0,KNOWN_PATTERN,False,False,False,False,0,NONE,NONE,0.0,No significant laundering pattern detected at the configured risk threshold.
C000625,ENT_000529,0.0013,LOW_RISK,NORMAL,0.9994,KNOWN_PATTERN,False,False,False,False,0,NONE,NONE,0.0,No significant laundering pattern detected at the configured risk threshold.
C000626,ENT_000258,0.0342,LOW_RISK,NORMAL,0.9746,KNOWN_PATTERN,True,True,False,False,3,NONE,NONE,0.0,No significant laundering pattern detected at the configured risk threshold.
C000627,ENT_000550,0.2661,LOW_RISK,NORMAL,0.9852,KNOWN_PATTERN,True,False,False,False,1,NONE,NONE,0.0,No significant laundering pattern detected at the configured risk threshold.
C000628,ENT_000629,0.0008,LOW_RISK,NORMAL,1.0,KNOWN_PATTERN,False,False,False,False,0,NONE,NONE,0.0,No significant laundering pattern detected at the configured risk threshold.
C000629,ENT_000460,0.0008,LOW_RISK,NORMAL,1.0,KNOWN_PATTERN,False,False,False,False,0,NONE,NONE,0.0,No significant laundering pattern detected at the configured risk threshold.
C000630,ENT_000295,0.0019,LOW_RISK,NORMAL,1.0,KNOWN_PATTERN,False,False,False,False,0,NONE,NONE,0.0,No significant laundering pattern detected at the configured risk threshold.
C000631,ENT_000019,0.1382,LOW_RISK,NORMAL,0.9899,KNOWN_PATTERN,True,False,False,False,1,NONE,NONE,0.0,No significant laundering pattern detected at the configured risk threshold.
C000632,ENT_000696,0.0007,LOW_RISK,NORMAL,1.0,KNOWN_PATTERN,False,False,False,False,0,NONE,NONE,0.0,No significant laundering pattern detected at the configured risk threshold.
C000633,ENT_000206,0.001,LOW_RISK,NORMAL,1.0,KNOWN_PATTERN,False,False,False,False,0,NONE,NONE,0.0,No significant laundering pattern detected at the configured risk threshold.
C000634,ENT_000257,0.0013,LOW_RISK,NORMAL,1.0,KNOWN_PATTERN,False,False,False,False,0,NONE,NONE,0.0,No significant laundering pattern detected at the configured risk threshold.
C000635,ENT_000204,0.0006,LOW_RISK,NORMAL,1.0,KNOWN_PATTERN,False,False,False,False,0,NONE,NONE,0.0,No significant laundering pattern detected at the configured risk threshold.
C000636,ENT_000134,0.0006,LOW_RISK,NORMAL,1.0,KNOWN_PATTERN,False,False,False,False,0,NONE,NONE,0.0,No significant laundering pattern detected at the configured risk threshold.
C000637,ENT_000188,0.0269,LOW_RISK,NORMAL,0.9735,KNOWN_PATTERN,True,False,False,False,1,NONE,NONE,0.0,No significant laundering pattern detected at the configured risk threshold.
C000638,ENT_000441,0.0006,LOW_RISK,NORMAL,1.0,KNOWN_PATTERN,False,False,False,False,0,NONE,NONE,0.0,No significant laundering pattern detected at the configured risk threshold.
C000639,ENT_000187,0.0018,LOW_RISK,NORMAL,0.9997,KNOWN_PATTERN,False,False,False,False,0,NONE,NONE,0.0,No significant laundering pattern detected at the configured risk threshold.
C000640,ENT_000065,0.0013,LOW_RISK,NORMAL,0.9991,KNOWN_PATTERN,False,False,False,False,0,NONE,NONE,0.0,No significant laundering pattern detected at the configured risk threshold.
C000641,ENT_000427,0.0618,LOW_RISK,NORMAL,0.9932,KNOWN_PATTERN,True,True,True,False,4,NONE,NONE,0.0,No significant laundering pattern detected at the configured risk threshold.
C000642,ENT_000044,0.8798,SUSPICIOUS,HIGH_CONFIDENCE,0.9965,KNOWN_PATTERN,True,True,False,False,3,NONE,NONE,0.0,"High-confidence suspicious incident: GraphSAGE risk is 0.88, the graph spans 3 hops with 3 supporting signals, involves multiple fund exit vectors, and its graph structure closely matches previously observed reference patterns (similarity 1.00)."
C000643,ENT_000365,0.9959,SUSPICIOUS,HIGH_CONFIDENCE,0.9987,KNOWN_PATTERN,True,True,True,False,4,NONE,NONE,0.0,"High-confidence suspicious incident: GraphSAGE risk is 1.00, the graph spans 3 hops with 4 supporting signals, involves multiple fund exit vectors, and its graph structure closely matches previously observed reference patterns (similarity 1.00)."
C000644,ENT_000362,0.0011,LOW_RISK,NORMAL,1.0,KNOWN_PATTERN,False,False,False,False,0,NONE,NONE,0.0,No significant laundering pattern detected at the configured risk threshold.
C000645,ENT_000417,0.0026,LOW_RISK,NORMAL,0.9992,KNOWN_PATTERN,False,False,False,False,0,NONE,NONE,0.0,No significant laundering pattern detected at the configured risk threshold.
C000646,ENT_000453,0.0007,LOW_RISK,NORMAL,1.0,KNOWN_PATTERN,False,False,False,False,0,NONE,NONE,0.0,No significant laundering pattern detected at the configured risk threshold.
C000647,ENT_000233,0.9668,SUSPICIOUS,HIGH_CONFIDENCE,0.9946,KNOWN_PATTERN,True,True,True,True,5,ATM_014,Kochi,0.7767,"High-confidence suspicious incident: GraphSAGE risk is 0.97, the graph spans 3 hops with 5 supporting signals, involves a cash-out terminal (ATM_014 in Kochi, score: 0.78), and its graph structure closely matches previously observed reference patterns (similarity 0.99)."
C000648,ENT_000465,0.9952,SUSPICIOUS,HIGH_CONFIDENCE,0.9961,KNOWN_PATTERN,True,True,False,False,3,NONE,NONE,0.0,"High-confidence suspicious incident: GraphSAGE risk is 1.00, the graph spans 3 hops with 3 supporting signals, involves multiple fund exit vectors, and its graph structure closely matches previously observed reference patterns (similarity 1.00)."
C000649,ENT_000586,0.001,LOW_RISK,NORMAL,1.0,KNOWN_PATTERN,False,False,False,False,0,NONE,NONE,0.0,No significant laundering pattern detected at the configured risk threshold.
C000650,ENT_000300,0.0029,LOW_RISK,NORMAL,0.995,KNOWN_PATTERN,False,False,False,False,0,NONE,NONE,0.0,No significant laundering pattern detected at the configured risk threshold.
C000651,ENT_000509,0.0012,LOW_RISK,NORMAL,0.9996,KNOWN_PATTERN,False,False,False,False,0,NONE,NONE,0.0,No significant laundering pattern detected at the configured risk threshold.
C000652,ENT_000024,0.2097,LOW_RISK,NORMAL,0.9772,KNOWN_PATTERN,True,False,True,False,2,NONE,NONE,0.0,No significant laundering pattern detected at the configured risk threshold.
C000653,ENT_000103,0.0613,LOW_RISK,NORMAL,0.9707,KNOWN_PATTERN,True,False,False,False,1,NONE,NONE,0.0,No significant laundering pattern detected at the configured risk threshold.
C000654,ENT_000100,0.0299,LOW_RISK,NORMAL,0.9761,KNOWN_PATTERN,True,False,False,False,1,NONE,NONE,0.0,No significant laundering pattern detected at the configured risk threshold.
C000655,ENT_000069,0.0006,LOW_RISK,NORMAL,1.0,KNOWN_PATTERN,False,False,False,False,0,NONE,NONE,0.0,No significant laundering pattern detected at the configured risk threshold.
C000656,ENT_000193,0.0007,LOW_RISK,NORMAL,1.0,KNOWN_PATTERN,False,False,False,False,0,NONE,NONE,0.0,No significant laundering pattern detected at the configured risk threshold.
C000657,ENT_000119,0.9073,SUSPICIOUS,HIGH_CONFIDENCE,0.9972,KNOWN_PATTERN,True,True,False,False,3,NONE,NONE,0.0,"High-confidence suspicious incident: GraphSAGE risk is 0.91, the graph spans 3 hops with 3 supporting signals, involves multiple fund exit vectors, and its graph structure closely matches previously observed reference patterns (similarity 1.00)."
C000658,ENT_000663,0.0021,LOW_RISK,NORMAL,1.0,KNOWN_PATTERN,False,False,False,False,0,NONE,NONE,0.0,No significant laundering pattern detected at the configured risk threshold.
C000659,ENT_000125,1.0,SUSPICIOUS,HIGH_CONFIDENCE,0.9984,KNOWN_PATTERN,True,True,False,False,3,NONE,NONE,0.0,"High-confidence suspicious incident: GraphSAGE risk is 1.00, the graph spans 3 hops with 3 supporting signals, involves multiple fund exit vectors, and its graph structure closely matches previously observed reference patterns (similarity 1.00)."
C000660,ENT_000061,0.158,LOW_RISK,NORMAL,0.9938,KNOWN_PATTERN,True,True,False,False,3,NONE,NONE,0.0,No significant laundering pattern detected at the configured risk threshold.
C000661,ENT_000649,0.0009,LOW_RISK,NORMAL,1.0,KNOWN_PATTERN,False,False,False,False,0,NONE,NONE,0.0,No significant laundering pattern detected at the configured risk threshold.
C000662,ENT_000397,0.9804,SUSPICIOUS,HIGH_CONFIDENCE,0.995,KNOWN_PATTERN,True,True,False,False,3,NONE,NONE,0.0,"High-confidence suspicious incident: GraphSAGE risk is 0.98, the graph spans 3 hops with 3 supporting signals, involves multiple fund exit vectors, and its graph structure closely matches previously observed reference patterns (similarity 0.99)."
C000663,ENT_000027,0.973,SUSPICIOUS,HIGH_CONFIDENCE,0.9978,KNOWN_PATTERN,True,True,True,False,4,NONE,NONE,0.0,"High-confidence suspicious incident: GraphSAGE risk is 0.97, the graph spans 3 hops with 4 supporting signals, involves multiple fund exit vectors, and its graph structure closely matches previously observed reference patterns (similarity 1.00)."
C000664,ENT_000382,0.9999,SUSPICIOUS,HIGH_CONFIDENCE,0.9985,KNOWN_PATTERN,True,True,False,False,3,NONE,NONE,0.0,"High-confidence suspicious incident: GraphSAGE risk is 1.00, the graph spans 3 hops with 3 supporting signals, involves multiple fund exit vectors, and its graph structure closely matches previously observed reference patterns (similarity 1.00)."
C000665,ENT_000309,0.0012,LOW_RISK,NORMAL,0.9997,KNOWN_PATTERN,False,False,False,False,0,NONE,NONE,0.0,No significant laundering pattern detected at the configured risk threshold.
C000666,ENT_000588,0.0007,LOW_RISK,NORMAL,1.0,KNOWN_PATTERN,False,False,False,False,0,NONE,NONE,0.0,No significant laundering pattern detected at the configured risk threshold.
C000667,ENT_000051,0.0694,LOW_RISK,NORMAL,0.9491,KNOWN_PATTERN,True,True,False,False,3,NONE,NONE,0.0,No significant laundering pattern detected at the configured risk threshold.
C000668,ENT_000676,0.788,SUSPICIOUS,HIGH_CONFIDENCE,0.9957,KNOWN_PATTERN,True,True,True,False,4,NONE,NONE,0.0,"High-confidence suspicious incident: GraphSAGE risk is 0.79, the graph spans 3 hops with 4 supporting signals, involves multiple fund exit vectors, and its graph structure closely matches previously observed reference patterns (similarity 1.00)."
C000669,ENT_000436,0.0015,LOW_RISK,NORMAL,0.9993,KNOWN_PATTERN,False,False,False,False,0,NONE,NONE,0.0,No significant laundering pattern detected at the configured risk threshold.
C000670,ENT_000259,0.0015,LOW_RISK,NORMAL,0.9994,KNOWN_PATTERN,False,False,False,False,0,NONE,NONE,0.0,No significant laundering pattern detected at the configured risk threshold.
C000671,ENT_000623,0.3362,LOW_RISK,NORMAL,0.9926,KNOWN_PATTERN,True,True,True,False,4,NONE,NONE,0.0,No significant laundering pattern detected at the configured risk threshold.
C000672,ENT_000523,0.0008,LOW_RISK,NORMAL,1.0,KNOWN_PATTERN,False,False,False,False,0,NONE,NONE,0.0,No significant laundering pattern detected at the configured risk threshold.
C000673,ENT_000038,0.0019,LOW_RISK,NORMAL,0.9989,KNOWN_PATTERN,False,False,False,False,0,NONE,NONE,0.0,No significant laundering pattern detected at the configured risk threshold.
C000674,ENT_000243,0.9993,SUSPICIOUS,HIGH_CONFIDENCE,0.9978,KNOWN_PATTERN,True,True,False,False,3,NONE,NONE,0.0,"High-confidence suspicious incident: GraphSAGE risk is 1.00, the graph spans 3 hops with 3 supporting signals, involves multiple fund exit vectors, and its graph structure closely matches previously observed reference patterns (similarity 1.00)."
C000675,ENT_000131,0.1374,LOW_RISK,NORMAL,0.9938,KNOWN_PATTERN,True,False,False,False,1,NONE,NONE,0.0,No significant laundering pattern detected at the configured risk threshold.
C000676,ENT_000552,0.6917,SUSPICIOUS,HIGH_CONFIDENCE,0.9932,KNOWN_PATTERN,True,True,False,False,3,NONE,NONE,0.0,"High-confidence suspicious incident: GraphSAGE risk is 0.69, the graph spans 3 hops with 3 supporting signals, involves multiple fund exit vectors, and its graph structure closely matches previously observed reference patterns (similarity 0.99)."
C000677,ENT_000092,0.0012,LOW_RISK,NORMAL,1.0,KNOWN_PATTERN,False,False,False,False,0,NONE,NONE,0.0,No significant laundering pattern detected at the configured risk threshold.
C000678,ENT_000356,0.9999,SUSPICIOUS,HIGH_CONFIDENCE,0.9977,KNOWN_PATTERN,True,True,True,False,4,NONE,NONE,0.0,"High-confidence suspicious incident: GraphSAGE risk is 1.00, the graph spans 3 hops with 4 supporting signals, involves multiple fund exit vectors, and its graph structure closely matches previously observed reference patterns (similarity 1.00)."
C000679,ENT_000578,0.9656,SUSPICIOUS,HIGH_CONFIDENCE,0.997,KNOWN_PATTERN,True,True,True,False,4,ATM_033,Bengaluru,0.6701,"High-confidence suspicious incident: GraphSAGE risk is 0.97, the graph spans 3 hops with 4 supporting signals, involves a cash-out terminal (ATM_033 in Bengaluru, score: 0.67), and its graph structure closely matches previously observed reference patterns (similarity 1.00)."
C000680,ENT_000315,0.2205,LOW_RISK,NORMAL,0.9404,KNOWN_PATTERN,True,True,False,False,2,NONE,NONE,0.0,No significant laundering pattern detected at the configured risk threshold.
C000681,ENT_000632,0.0008,LOW_RISK,NORMAL,1.0,KNOWN_PATTERN,False,False,False,False,0,NONE,NONE,0.0,No significant laundering pattern detected at the configured risk threshold.
C000682,ENT_000596,0.0025,LOW_RISK,NORMAL,0.9997,KNOWN_PATTERN,False,False,False,False,0,NONE,NONE,0.0,No significant laundering pattern detected at the configured risk threshold.
C000683,ENT_000115,0.0006,LOW_RISK,NORMAL,1.0,KNOWN_PATTERN,False,False,False,False,0,NONE,NONE,0.0,No significant laundering pattern detected at the configured risk threshold.
C000684,ENT_000107,0.0032,LOW_RISK,NORMAL,0.9914,KNOWN_PATTERN,False,False,False,False,0,NONE,NONE,0.0,No significant laundering pattern detected at the configured risk threshold.
C000685,ENT_000149,0.0007,LOW_RISK,NORMAL,1.0,KNOWN_PATTERN,False,False,False,False,0,NONE,NONE,0.0,No significant laundering pattern detected at the configured risk threshold.
C000686,ENT_000459,0.0014,LOW_RISK,NORMAL,0.9991,KNOWN_PATTERN,False,False,False,False,0,NONE,NONE,0.0,No significant laundering pattern detected at the configured risk threshold.
C000687,ENT_000411,0.0012,LOW_RISK,NORMAL,1.0,KNOWN_PATTERN,False,False,False,False,0,NONE,NONE,0.0,No significant laundering pattern detected at the configured risk threshold.
C000688,ENT_000554,0.0278,LOW_RISK,NORMAL,0.9849,KNOWN_PATTERN,True,False,False,False,1,NONE,NONE,0.0,No significant laundering pattern detected at the configured risk threshold.
C000689,ENT_000134,0.0006,LOW_RISK,NORMAL,1.0,KNOWN_PATTERN,False,False,False,False,0,NONE,NONE,0.0,No significant laundering pattern detected at the configured risk threshold.
C000690,ENT_000284,0.0008,LOW_RISK,NORMAL,1.0,KNOWN_PATTERN,False,False,False,False,0,NONE,NONE,0.0,No significant laundering pattern detected at the configured risk threshold.
C000691,ENT_000139,0.1157,LOW_RISK,NORMAL,0.9905,KNOWN_PATTERN,True,True,False,False,3,NONE,NONE,0.0,No significant laundering pattern detected at the configured risk threshold.
C000692,ENT_000086,0.0192,LOW_RISK,NORMAL,0.9095,KNOWN_PATTERN,True,False,False,False,1,NONE,NONE,0.0,No significant laundering pattern detected at the configured risk threshold.
C000693,ENT_000428,0.001,LOW_RISK,NORMAL,1.0,KNOWN_PATTERN,False,False,False,False,0,NONE,NONE,0.0,No significant laundering pattern detected at the configured risk threshold.
C000694,ENT_000681,0.0029,LOW_RISK,NORMAL,0.9941,KNOWN_PATTERN,False,False,False,False,0,NONE,NONE,0.0,No significant laundering pattern detected at the configured risk threshold.
C000695,ENT_000082,0.0009,LOW_RISK,NORMAL,1.0,KNOWN_PATTERN,False,False,False,False,0,NONE,NONE,0.0,No significant laundering pattern detected at the configured risk threshold.
C000696,ENT_000301,0.0006,LOW_RISK,NORMAL,1.0,KNOWN_PATTERN,False,False,False,False,0,NONE,NONE,0.0,No significant laundering pattern detected at the configured risk threshold.
C000697,ENT_000614,0.9978,SUSPICIOUS,HIGH_CONFIDENCE,0.997,KNOWN_PATTERN,True,True,True,False,4,NONE,NONE,0.0,"High-confidence suspicious incident: GraphSAGE risk is 1.00, the graph spans 3 hops with 4 supporting signals, involves multiple fund exit vectors, and its graph structure closely matches previously observed reference patterns (similarity 1.00)."
C000698,ENT_000089,0.9976,SUSPICIOUS,HIGH_CONFIDENCE,0.9983,KNOWN_PATTERN,True,True,True,False,4,NONE,NONE,0.0,"High-confidence suspicious incident: GraphSAGE risk is 1.00, the graph spans 3 hops with 4 supporting signals, involves multiple fund exit vectors, and its graph structure closely matches previously observed reference patterns (similarity 1.00)."
C000699,ENT_000020,0.8809,SUSPICIOUS,HIGH_CONFIDENCE,0.9959,KNOWN_PATTERN,True,True,True,False,4,NONE,NONE,0.0,"High-confidence suspicious incident: GraphSAGE risk is 0.88, the graph spans 3 hops with 4 supporting signals, involves multiple fund exit vectors, and its graph structure closely matches previously observed reference patterns (similarity 1.00)."
C000700,ENT_000577,0.0006,LOW_RISK,NORMAL,1.0,KNOWN_PATTERN,False,False,False,False,0,NONE,NONE,0.0,No significant laundering pattern detected at the configured risk threshold.
C000701,ENT_000105,0.0257,LOW_RISK,NORMAL,0.9831,KNOWN_PATTERN,True,False,False,False,1,NONE,NONE,0.0,No significant laundering pattern detected at the configured risk threshold.
C000702,ENT_000346,0.9771,SUSPICIOUS,HIGH_CONFIDENCE,0.9959,KNOWN_PATTERN,True,True,False,False,3,NONE,NONE,0.0,"High-confidence suspicious incident: GraphSAGE risk is 0.98, the graph spans 3 hops with 3 supporting signals, involves multiple fund exit vectors, and its graph structure closely matches previously observed reference patterns (similarity 1.00)."
C000703,ENT_000296,0.0262,LOW_RISK,NORMAL,0.9788,KNOWN_PATTERN,True,False,False,False,1,NONE,NONE,0.0,No significant laundering pattern detected at the configured risk threshold.
C000704,ENT_000302,0.0041,LOW_RISK,NORMAL,0.9897,KNOWN_PATTERN,False,False,False,False,0,NONE,NONE,0.0,No significant laundering pattern detected at the configured risk threshold.
C000705,ENT_000672,0.8437,SUSPICIOUS,HIGH_CONFIDENCE,0.9813,KNOWN_PATTERN,True,True,False,False,2,NONE,NONE,0.0,"High-confidence suspicious incident: GraphSAGE risk is 0.84, the graph spans 3 hops with 2 supporting signals, involves multiple fund exit vectors, and its graph structure closely matches previously observed reference patterns (similarity 0.98)."
C000706,ENT_000184,0.0012,LOW_RISK,NORMAL,1.0,KNOWN_PATTERN,False,False,False,False,0,NONE,NONE,0.0,No significant laundering pattern detected at the configured risk threshold.
C000707,ENT_000209,0.9043,SUSPICIOUS,HIGH_CONFIDENCE,0.9909,KNOWN_PATTERN,True,True,False,False,3,NONE,NONE,0.0,"High-confidence suspicious incident: GraphSAGE risk is 0.90, the graph spans 3 hops with 3 supporting signals, involves multiple fund exit vectors, and its graph structure closely matches previously observed reference patterns (similarity 0.99)."
C000708,ENT_000421,0.5272,ELEVATED_RISK,MEDIUM_CONFIDENCE,0.9708,KNOWN_PATTERN,True,True,False,False,2,NONE,NONE,0.0,"Medium-confidence suspicious incident: elevated GraphSAGE risk (0.53) and multi-hop activity were detected, but supporting terminal or reference-pattern evidence is partial or evolving."
C000709,ENT_000625,0.0192,LOW_RISK,NORMAL,0.9483,KNOWN_PATTERN,True,False,False,False,1,NONE,NONE,0.0,No significant laundering pattern detected at the configured risk threshold.
C000710,ENT_000318,0.0006,LOW_RISK,NORMAL,1.0,KNOWN_PATTERN,False,False,False,False,0,NONE,NONE,0.0,No significant laundering pattern detected at the configured risk threshold.
C000711,ENT_000599,0.001,LOW_RISK,NORMAL,1.0,KNOWN_PATTERN,False,False,False,False,0,NONE,NONE,0.0,No significant laundering pattern detected at the configured risk threshold.
C000712,ENT_000646,0.0006,LOW_RISK,NORMAL,1.0,KNOWN_PATTERN,False,False,False,False,0,NONE,NONE,0.0,No significant laundering pattern detected at the configured risk threshold.
C000713,ENT_000327,0.0462,LOW_RISK,NORMAL,0.9937,KNOWN_PATTERN,True,False,False,False,1,NONE,NONE,0.0,No significant laundering pattern detected at the configured risk threshold.
C000714,ENT_000644,0.0028,LOW_RISK,NORMAL,0.9947,KNOWN_PATTERN,False,False,False,False,0,NONE,NONE,0.0,No significant laundering pattern detected at the configured risk threshold.
C000715,ENT_000132,0.0006,LOW_RISK,NORMAL,1.0,KNOWN_PATTERN,False,False,False,False,0,NONE,NONE,0.0,No significant laundering pattern detected at the configured risk threshold.
C000716,ENT_000617,0.0009,LOW_RISK,NORMAL,1.0,KNOWN_PATTERN,False,False,False,False,0,NONE,NONE,0.0,No significant laundering pattern detected at the configured risk threshold.
C000717,ENT_000402,0.0038,LOW_RISK,NORMAL,0.9981,KNOWN_PATTERN,True,False,False,False,1,NONE,NONE,0.0,No significant laundering pattern detected at the configured risk threshold.
C000718,ENT_000318,0.0036,LOW_RISK,NORMAL,0.9881,KNOWN_PATTERN,False,False,False,False,0,NONE,NONE,0.0,No significant laundering pattern detected at the configured risk threshold.
C000719,ENT_000645,0.1371,LOW_RISK,NORMAL,0.9927,KNOWN_PATTERN,True,True,False,False,3,NONE,NONE,0.0,No significant laundering pattern detected at the configured risk threshold.
C000720,ENT_000661,0.3483,LOW_RISK,NORMAL,0.974,KNOWN_PATTERN,True,True,False,False,3,NONE,NONE,0.0,No significant laundering pattern detected at the configured risk threshold.
C000721,ENT_000628,0.9931,SUSPICIOUS,HIGH_CONFIDENCE,0.9974,KNOWN_PATTERN,True,True,True,False,4,NONE,NONE,0.0,"High-confidence suspicious incident: GraphSAGE risk is 0.99, the graph spans 3 hops with 4 supporting signals, involves multiple fund exit vectors, and its graph structure closely matches previously observed reference patterns (similarity 1.00)."
C000722,ENT_000646,0.0006,LOW_RISK,NORMAL,1.0,KNOWN_PATTERN,False,False,False,False,0,NONE,NONE,0.0,No significant laundering pattern detected at the configured risk threshold.
C000723,ENT_000690,0.3323,LOW_RISK,NORMAL,0.9874,KNOWN_PATTERN,True,True,False,False,3,NONE,NONE,0.0,No significant laundering pattern detected at the configured risk threshold.
C000724,ENT_000357,0.0031,LOW_RISK,NORMAL,0.9831,KNOWN_PATTERN,True,False,False,False,1,NONE,NONE,0.0,No significant laundering pattern detected at the configured risk threshold.
C000725,ENT_000602,0.0012,LOW_RISK,NORMAL,1.0,KNOWN_PATTERN,False,False,False,False,0,NONE,NONE,0.0,No significant laundering pattern detected at the configured risk threshold.
C000726,ENT_000503,0.0008,LOW_RISK,NORMAL,1.0,KNOWN_PATTERN,False,False,False,False,0,NONE,NONE,0.0,No significant laundering pattern detected at the configured risk threshold.
C000727,ENT_000696,0.0013,LOW_RISK,NORMAL,0.9995,KNOWN_PATTERN,False,False,False,False,0,NONE,NONE,0.0,No significant laundering pattern detected at the configured risk threshold.
C000728,ENT_000175,0.2187,LOW_RISK,NORMAL,0.9683,KNOWN_PATTERN,True,True,False,False,2,NONE,NONE,0.0,No significant laundering pattern detected at the configured risk threshold.
C000729,ENT_000445,0.0013,LOW_RISK,NORMAL,1.0,KNOWN_PATTERN,False,False,False,False,0,NONE,NONE,0.0,No significant laundering pattern detected at the configured risk threshold.
C000730,ENT_000571,0.621,SUSPICIOUS,HIGH_CONFIDENCE,0.9864,KNOWN_PATTERN,True,True,False,False,3,NONE,NONE,0.0,"High-confidence suspicious incident: GraphSAGE risk is 0.62, the graph spans 3 hops with 3 supporting signals, involves multiple fund exit vectors, and its graph structure closely matches previously observed reference patterns (similarity 0.99)."
C000731,ENT_000245,0.001,LOW_RISK,NORMAL,1.0,KNOWN_PATTERN,False,False,False,False,0,NONE,NONE,0.0,No significant laundering pattern detected at the configured risk threshold.
C000732,ENT_000477,0.3795,LOW_RISK,NORMAL,0.9503,KNOWN_PATTERN,True,True,True,False,4,NONE,NONE,0.0,No significant laundering pattern detected at the configured risk threshold.
C000733,ENT_000382,0.0008,LOW_RISK,NORMAL,1.0,KNOWN_PATTERN,False,False,False,False,0,NONE,NONE,0.0,No significant laundering pattern detected at the configured risk threshold.
C000734,ENT_000394,0.0024,LOW_RISK,NORMAL,0.9994,KNOWN_PATTERN,False,False,False,False,0,NONE,NONE,0.0,No significant laundering pattern detected at the configured risk threshold.
C000735,ENT_000630,0.001,LOW_RISK,NORMAL,1.0,KNOWN_PATTERN,False,False,False,False,0,NONE,NONE,0.0,No significant laundering pattern detected at the configured risk threshold.
C000736,ENT_000608,0.0006,LOW_RISK,NORMAL,1.0,KNOWN_PATTERN,False,False,False,False,0,NONE,NONE,0.0,No significant laundering pattern detected at the configured risk threshold.
C000737,ENT_000205,0.0696,LOW_RISK,NORMAL,0.9831,KNOWN_PATTERN,True,True,False,False,3,NONE,NONE,0.0,No significant laundering pattern detected at the configured risk threshold.
C000738,ENT_000564,0.0089,LOW_RISK,NORMAL,0.9979,KNOWN_PATTERN,True,False,False,False,1,NONE,NONE,0.0,No significant laundering pattern detected at the configured risk threshold.
C000739,ENT_000176,0.0025,LOW_RISK,NORMAL,0.9988,KNOWN_PATTERN,False,False,False,False,0,NONE,NONE,0.0,No significant laundering pattern detected at the configured risk threshold.
C000740,ENT_000119,0.998,SUSPICIOUS,HIGH_CONFIDENCE,0.9962,KNOWN_PATTERN,True,True,False,False,3,NONE,NONE,0.0,"High-confidence suspicious incident: GraphSAGE risk is 1.00, the graph spans 3 hops with 3 supporting signals, involves multiple fund exit vectors, and its graph structure closely matches previously observed reference patterns (similarity 1.00)."
C000741,ENT_000053,0.0012,LOW_RISK,NORMAL,0.9999,KNOWN_PATTERN,False,False,False,False,0,NONE,NONE,0.0,No significant laundering pattern detected at the configured risk threshold.
C000742,ENT_000005,0.0011,LOW_RISK,NORMAL,1.0,KNOWN_PATTERN,False,False,False,False,0,NONE,NONE,0.0,No significant laundering pattern detected at the configured risk threshold.
C000743,ENT_000448,0.001,LOW_RISK,NORMAL,1.0,KNOWN_PATTERN,False,False,False,False,0,NONE,NONE,0.0,No significant laundering pattern detected at the configured risk threshold.
C000744,ENT_000050,0.0716,LOW_RISK,NORMAL,0.858,KNOWN_PATTERN,True,True,False,False,2,NONE,NONE,0.0,No significant laundering pattern detected at the configured risk threshold.
C000745,ENT_000148,0.9777,SUSPICIOUS,HIGH_CONFIDENCE,0.9989,KNOWN_PATTERN,True,True,True,False,4,NONE,NONE,0.0,"High-confidence suspicious incident: GraphSAGE risk is 0.98, the graph spans 3 hops with 4 supporting signals, involves multiple fund exit vectors, and its graph structure closely matches previously observed reference patterns (similarity 1.00)."
C000746,ENT_000457,0.002,LOW_RISK,NORMAL,0.9998,KNOWN_PATTERN,False,False,False,False,0,NONE,NONE,0.0,No significant laundering pattern detected at the configured risk threshold.
C000747,ENT_000119,0.0134,LOW_RISK,NORMAL,0.952,KNOWN_PATTERN,True,False,False,False,1,NONE,NONE,0.0,No significant laundering pattern detected at the configured risk threshold.
C000748,ENT_000194,0.0006,LOW_RISK,NORMAL,1.0,KNOWN_PATTERN,False,False,False,False,0,NONE,NONE,0.0,No significant laundering pattern detected at the configured risk threshold.
C000749,ENT_000244,0.0016,LOW_RISK,NORMAL,0.9988,KNOWN_PATTERN,False,False,False,False,0,NONE,NONE,0.0,No significant laundering pattern detected at the configured risk threshold.
C000750,ENT_000015,0.0975,LOW_RISK,NORMAL,0.965,KNOWN_PATTERN,False,True,False,False,1,NONE,NONE,0.0,No significant laundering pattern detected at the configured risk threshold.
C000751,ENT_000361,0.0006,LOW_RISK,NORMAL,1.0,KNOWN_PATTERN,False,False,False,False,0,NONE,NONE,0.0,No significant laundering pattern detected at the configured risk threshold.
C000752,ENT_000376,0.0009,LOW_RISK,NORMAL,1.0,KNOWN_PATTERN,False,False,False,False,0,NONE,NONE,0.0,No significant laundering pattern detected at the configured risk threshold.
C000753,ENT_000663,0.0008,LOW_RISK,NORMAL,1.0,KNOWN_PATTERN,False,False,False,False,0,NONE,NONE,0.0,No significant laundering pattern detected at the configured risk threshold.
C000754,ENT_000260,0.0012,LOW_RISK,NORMAL,1.0,KNOWN_PATTERN,False,False,False,False,0,NONE,NONE,0.0,No significant laundering pattern detected at the configured risk threshold.
C000755,ENT_000182,0.0065,LOW_RISK,NORMAL,0.9689,KNOWN_PATTERN,True,False,False,False,1,NONE,NONE,0.0,No significant laundering pattern detected at the configured risk threshold.
C000756,ENT_000202,0.5451,ELEVATED_RISK,MEDIUM_CONFIDENCE,0.9928,KNOWN_PATTERN,True,True,False,False,3,NONE,NONE,0.0,"Medium-confidence suspicious incident: elevated GraphSAGE risk (0.55) and multi-hop activity were detected, but supporting terminal or reference-pattern evidence is partial or evolving."
C000757,ENT_000582,0.8558,SUSPICIOUS,HIGH_CONFIDENCE,0.9921,KNOWN_PATTERN,True,True,True,False,3,ATM_001,Hyderabad,0.5369,"High-confidence suspicious incident: GraphSAGE risk is 0.86, the graph spans 3 hops with 3 supporting signals, involves a cash-out terminal (ATM_001 in Hyderabad, score: 0.54), and its graph structure closely matches previously observed reference patterns (similarity 0.99)."
C000758,ENT_000352,0.156,LOW_RISK,NORMAL,0.9709,KNOWN_PATTERN,True,True,False,False,3,NONE,NONE,0.0,No significant laundering pattern detected at the configured risk threshold.
C000759,ENT_000428,0.0106,LOW_RISK,NORMAL,0.9892,KNOWN_PATTERN,True,False,False,False,1,NONE,NONE,0.0,No significant laundering pattern detected at the configured risk threshold.
C000760,ENT_000681,0.1468,LOW_RISK,NORMAL,0.985,KNOWN_PATTERN,True,False,False,False,1,NONE,NONE,0.0,No significant laundering pattern detected at the configured risk threshold.
C000761,ENT_000095,0.004,LOW_RISK,NORMAL,0.9881,KNOWN_PATTERN,False,False,True,False,1,ATM_050,Patna,0.652,No significant laundering pattern detected at the configured risk threshold.
C000762,ENT_000211,0.0007,LOW_RISK,NORMAL,1.0,KNOWN_PATTERN,False,False,False,False,0,NONE,NONE,0.0,No significant laundering pattern detected at the configured risk threshold.
C000763,ENT_000561,0.0013,LOW_RISK,NORMAL,0.9998,KNOWN_PATTERN,False,False,False,False,0,NONE,NONE,0.0,No significant laundering pattern detected at the configured risk threshold.
C000764,ENT_000025,0.0006,LOW_RISK,NORMAL,1.0,KNOWN_PATTERN,False,False,False,False,0,NONE,NONE,0.0,No significant laundering pattern detected at the configured risk threshold.
C000765,ENT_000519,0.0026,LOW_RISK,NORMAL,0.9992,KNOWN_PATTERN,False,False,False,False,0,NONE,NONE,0.0,No significant laundering pattern detected at the configured risk threshold.
C000766,ENT_000026,0.0007,LOW_RISK,NORMAL,1.0,KNOWN_PATTERN,False,False,False,False,0,NONE,NONE,0.0,No significant laundering pattern detected at the configured risk threshold.
C000767,ENT_000060,0.0007,LOW_RISK,NORMAL,1.0,KNOWN_PATTERN,False,False,False,False,0,NONE,NONE,0.0,No significant laundering pattern detected at the configured risk threshold.
C000768,ENT_000596,0.0433,LOW_RISK,NORMAL,0.9848,KNOWN_PATTERN,True,True,False,False,3,NONE,NONE,0.0,No significant laundering pattern detected at the configured risk threshold.
C000769,ENT_000281,0.0007,LOW_RISK,NORMAL,1.0,KNOWN_PATTERN,False,False,False,False,0,NONE,NONE,0.0,No significant laundering pattern detected at the configured risk threshold.
C000770,ENT_000700,0.0086,LOW_RISK,NORMAL,0.9791,KNOWN_PATTERN,True,False,False,False,1,NONE,NONE,0.0,No significant laundering pattern detected at the configured risk threshold.
C000771,ENT_000385,0.0015,LOW_RISK,NORMAL,0.9999,KNOWN_PATTERN,False,False,False,False,0,NONE,NONE,0.0,No significant laundering pattern detected at the configured risk threshold.
C000772,ENT_000671,0.0063,LOW_RISK,NORMAL,0.9807,KNOWN_PATTERN,True,False,False,False,1,NONE,NONE,0.0,No significant laundering pattern detected at the configured risk threshold.
C000773,ENT_000174,0.9297,SUSPICIOUS,HIGH_CONFIDENCE,0.9933,KNOWN_PATTERN,True,True,True,False,3,ATM_017,Delhi,0.5573,"High-confidence suspicious incident: GraphSAGE risk is 0.93, the graph spans 3 hops with 3 supporting signals, involves a cash-out terminal (ATM_017 in Delhi, score: 0.56), and its graph structure closely matches previously observed reference patterns (similarity 0.99)."
C000774,ENT_000686,0.0099,LOW_RISK,NORMAL,0.9941,KNOWN_PATTERN,True,False,False,False,1,NONE,NONE,0.0,No significant laundering pattern detected at the configured risk threshold.
C000775,ENT_000365,0.0006,LOW_RISK,NORMAL,1.0,KNOWN_PATTERN,False,False,False,False,0,NONE,NONE,0.0,No significant laundering pattern detected at the configured risk threshold.
C000776,ENT_000171,0.9994,SUSPICIOUS,HIGH_CONFIDENCE,0.9979,KNOWN_PATTERN,True,True,True,False,4,NONE,NONE,0.0,"High-confidence suspicious incident: GraphSAGE risk is 1.00, the graph spans 3 hops with 4 supporting signals, involves multiple fund exit vectors, and its graph structure closely matches previously observed reference patterns (similarity 1.00)."
C000777,ENT_000017,0.0097,LOW_RISK,NORMAL,0.9958,KNOWN_PATTERN,True,False,False,False,1,NONE,NONE,0.0,No significant laundering pattern detected at the configured risk threshold.
C000778,ENT_000671,0.3689,LOW_RISK,NORMAL,0.9891,KNOWN_PATTERN,True,True,False,False,3,NONE,NONE,0.0,No significant laundering pattern detected at the configured risk threshold.
C000779,ENT_000668,0.001,LOW_RISK,NORMAL,1.0,KNOWN_PATTERN,False,False,False,False,0,NONE,NONE,0.0,No significant laundering pattern detected at the configured risk threshold.
C000780,ENT_000088,0.0028,LOW_RISK,NORMAL,0.9992,KNOWN_PATTERN,False,False,False,False,0,NONE,NONE,0.0,No significant laundering pattern detected at the configured risk threshold.
C000781,ENT_000079,0.0008,LOW_RISK,NORMAL,1.0,KNOWN_PATTERN,False,False,False,False,0,NONE,NONE,0.0,No significant laundering pattern detected at the configured risk threshold.
C000782,ENT_000642,0.9993,SUSPICIOUS,HIGH_CONFIDENCE,0.9968,KNOWN_PATTERN,True,True,True,False,4,NONE,NONE,0.0,"High-confidence suspicious incident: GraphSAGE risk is 1.00, the graph spans 3 hops with 4 supporting signals, involves multiple fund exit vectors, and its graph structure closely matches previously observed reference patterns (similarity 1.00)."
C000783,ENT_000122,0.9889,SUSPICIOUS,HIGH_CONFIDENCE,0.9955,KNOWN_PATTERN,True,True,False,False,3,NONE,NONE,0.0,"High-confidence suspicious incident: GraphSAGE risk is 0.99, the graph spans 3 hops with 3 supporting signals, involves multiple fund exit vectors, and its graph structure closely matches previously observed reference patterns (similarity 1.00)."
C000784,ENT_000415,0.0013,LOW_RISK,NORMAL,0.9999,KNOWN_PATTERN,False,False,False,False,0,NONE,NONE,0.0,No significant laundering pattern detected at the configured risk threshold.
C000785,ENT_000057,0.9997,SUSPICIOUS,HIGH_CONFIDENCE,0.9988,KNOWN_PATTERN,True,True,True,False,4,NONE,NONE,0.0,"High-confidence suspicious incident: GraphSAGE risk is 1.00, the graph spans 3 hops with 4 supporting signals, involves multiple fund exit vectors, and its graph structure closely matches previously observed reference patterns (similarity 1.00)."
C000786,ENT_000106,0.7318,SUSPICIOUS,HIGH_CONFIDENCE,0.9985,KNOWN_PATTERN,True,True,True,True,5,ATM_001,Hyderabad,0.8174,"High-confidence suspicious incident: GraphSAGE risk is 0.73, the graph spans 3 hops with 5 supporting signals, involves a cash-out terminal (ATM_001 in Hyderabad, score: 0.82), and its graph structure closely matches previously observed reference patterns (similarity 1.00)."
C000787,ENT_000282,0.2702,LOW_RISK,NORMAL,0.9711,KNOWN_PATTERN,True,True,False,False,2,NONE,NONE,0.0,No significant laundering pattern detected at the configured risk threshold.
C000788,ENT_000121,0.0016,LOW_RISK,NORMAL,0.9997,KNOWN_PATTERN,False,False,False,False,0,NONE,NONE,0.0,No significant laundering pattern detected at the configured risk threshold.
C000789,ENT_000122,0.0161,LOW_RISK,NORMAL,0.9831,KNOWN_PATTERN,True,False,False,False,1,NONE,NONE,0.0,No significant laundering pattern detected at the configured risk threshold.
C000790,ENT_000413,0.001,LOW_RISK,NORMAL,1.0,KNOWN_PATTERN,False,False,False,False,0,NONE,NONE,0.0,No significant laundering pattern detected at the configured risk threshold.
C000791,ENT_000450,0.0253,LOW_RISK,NORMAL,0.9893,KNOWN_PATTERN,True,False,False,False,1,NONE,NONE,0.0,No significant laundering pattern detected at the configured risk threshold.
C000792,ENT_000600,0.0008,LOW_RISK,NORMAL,1.0,KNOWN_PATTERN,False,False,False,False,0,NONE,NONE,0.0,No significant laundering pattern detected at the configured risk threshold.
C000793,ENT_000465,0.0201,LOW_RISK,NORMAL,0.9871,KNOWN_PATTERN,True,False,False,False,1,NONE,NONE,0.0,No significant laundering pattern detected at the configured risk threshold.
C000794,ENT_000071,0.0226,LOW_RISK,NORMAL,0.898,KNOWN_PATTERN,False,False,False,False,0,NONE,NONE,0.0,No significant laundering pattern detected at the configured risk threshold.
C000795,ENT_000360,0.0312,LOW_RISK,NORMAL,0.9747,KNOWN_PATTERN,True,False,False,False,1,NONE,NONE,0.0,No significant laundering pattern detected at the configured risk threshold.
C000796,ENT_000315,0.0006,LOW_RISK,NORMAL,1.0,KNOWN_PATTERN,False,False,False,False,0,NONE,NONE,0.0,No significant laundering pattern detected at the configured risk threshold.
C000797,ENT_000331,0.0012,LOW_RISK,NORMAL,1.0,KNOWN_PATTERN,False,False,False,False,0,NONE,NONE,0.0,No significant laundering pattern detected at the configured risk threshold.
C000798,ENT_000238,0.0038,LOW_RISK,NORMAL,0.9968,KNOWN_PATTERN,False,False,True,False,1,NONE,NONE,0.0,No significant laundering pattern detected at the configured risk threshold.
C000799,ENT_000138,0.001,LOW_RISK,NORMAL,1.0,KNOWN_PATTERN,False,False,False,False,0,NONE,NONE,0.0,No significant laundering pattern detected at the configured risk threshold.
C000800,ENT_000014,0.9894,SUSPICIOUS,HIGH_CONFIDENCE,0.9978,KNOWN_PATTERN,True,True,False,False,3,NONE,NONE,0.0,"High-confidence suspicious incident: GraphSAGE risk is 0.99, the graph spans 3 hops with 3 supporting signals, involves multiple fund exit vectors, and its graph structure closely matches previously observed reference patterns (similarity 1.00)."
C000801,ENT_000292,0.9979,SUSPICIOUS,HIGH_CONFIDENCE,0.9984,KNOWN_PATTERN,True,True,False,False,3,NONE,NONE,0.0,"High-confidence suspicious incident: GraphSAGE risk is 1.00, the graph spans 3 hops with 3 supporting signals, involves multiple fund exit vectors, and its graph structure closely matches previously observed reference patterns (similarity 1.00)."
C000802,ENT_000424,0.3781,LOW_RISK,NORMAL,0.9902,KNOWN_PATTERN,True,False,False,False,1,NONE,NONE,0.0,No significant laundering pattern detected at the configured risk threshold.
C000803,ENT_000077,0.9948,SUSPICIOUS,HIGH_CONFIDENCE,0.9965,KNOWN_PATTERN,True,True,True,False,4,NONE,NONE,0.0,"High-confidence suspicious incident: GraphSAGE risk is 0.99, the graph spans 3 hops with 4 supporting signals, involves multiple fund exit vectors, and its graph structure closely matches previously observed reference patterns (similarity 1.00)."
C000804,ENT_000150,0.002,LOW_RISK,NORMAL,0.9996,KNOWN_PATTERN,False,False,False,False,0,NONE,NONE,0.0,No significant laundering pattern detected at the configured risk threshold.
C000805,ENT_000369,0.1072,LOW_RISK,NORMAL,0.992,KNOWN_PATTERN,True,False,False,False,1,NONE,NONE,0.0,No significant laundering pattern detected at the configured risk threshold.
C000806,ENT_000145,0.0011,LOW_RISK,NORMAL,1.0,KNOWN_PATTERN,False,False,False,False,0,NONE,NONE,0.0,No significant laundering pattern detected at the configured risk threshold.
C000807,ENT_000584,0.0053,LOW_RISK,NORMAL,0.9793,KNOWN_PATTERN,False,False,True,False,1,NONE,NONE,0.0,No significant laundering pattern detected at the configured risk threshold.
C000808,ENT_000099,0.0007,LOW_RISK,NORMAL,1.0,KNOWN_PATTERN,False,False,False,False,0,NONE,NONE,0.0,No significant laundering pattern detected at the configured risk threshold.
C000809,ENT_000538,0.9823,SUSPICIOUS,HIGH_CONFIDENCE,0.9962,KNOWN_PATTERN,True,True,False,False,3,NONE,NONE,0.0,"High-confidence suspicious incident: GraphSAGE risk is 0.98, the graph spans 3 hops with 3 supporting signals, involves multiple fund exit vectors, and its graph structure closely matches previously observed reference patterns (similarity 1.00)."
C000810,ENT_000411,0.0475,LOW_RISK,NORMAL,0.9562,KNOWN_PATTERN,True,False,False,False,1,NONE,NONE,0.0,No significant laundering pattern detected at the configured risk threshold.
C000811,ENT_000168,0.1945,LOW_RISK,NORMAL,0.9543,KNOWN_PATTERN,True,True,False,False,3,NONE,NONE,0.0,No significant laundering pattern detected at the configured risk threshold.
C000812,ENT_000482,0.0014,LOW_RISK,NORMAL,0.9998,KNOWN_PATTERN,False,False,False,False,0,NONE,NONE,0.0,No significant laundering pattern detected at the configured risk threshold.
C000813,ENT_000328,0.0012,LOW_RISK,NORMAL,1.0,KNOWN_PATTERN,False,False,False,False,0,NONE,NONE,0.0,No significant laundering pattern detected at the configured risk threshold.
C000814,ENT_000456,0.0012,LOW_RISK,NORMAL,1.0,KNOWN_PATTERN,False,False,False,False,0,NONE,NONE,0.0,No significant laundering pattern detected at the configured risk threshold.
C000815,ENT_000039,0.0858,LOW_RISK,NORMAL,0.8953,KNOWN_PATTERN,True,True,False,False,2,NONE,NONE,0.0,No significant laundering pattern detected at the configured risk threshold.
C000816,ENT_000474,0.0007,LOW_RISK,NORMAL,1.0,KNOWN_PATTERN,False,False,False,False,0,NONE,NONE,0.0,No significant laundering pattern detected at the configured risk threshold.
C000817,ENT_000016,0.0096,LOW_RISK,NORMAL,0.9943,KNOWN_PATTERN,True,False,False,False,1,NONE,NONE,0.0,No significant laundering pattern detected at the configured risk threshold.
C000818,ENT_000404,0.0006,LOW_RISK,NORMAL,1.0,KNOWN_PATTERN,False,False,False,False,0,NONE,NONE,0.0,No significant laundering pattern detected at the configured risk threshold.
C000819,ENT_000597,1.0,SUSPICIOUS,HIGH_CONFIDENCE,0.9995,KNOWN_PATTERN,True,True,True,False,4,NONE,NONE,0.0,"High-confidence suspicious incident: GraphSAGE risk is 1.00, the graph spans 3 hops with 4 supporting signals, involves multiple fund exit vectors, and its graph structure closely matches previously observed reference patterns (similarity 1.00)."
C000820,ENT_000457,0.0053,LOW_RISK,NORMAL,0.9897,KNOWN_PATTERN,False,False,False,False,0,NONE,NONE,0.0,No significant laundering pattern detected at the configured risk threshold.
C000821,ENT_000638,0.7579,SUSPICIOUS,HIGH_CONFIDENCE,0.9773,KNOWN_PATTERN,True,True,False,False,2,NONE,NONE,0.0,"High-confidence suspicious incident: GraphSAGE risk is 0.76, the graph spans 3 hops with 2 supporting signals, involves multiple fund exit vectors, and its graph structure closely matches previously observed reference patterns (similarity 0.98)."
C000822,ENT_000691,0.0045,LOW_RISK,NORMAL,0.9829,KNOWN_PATTERN,False,False,True,False,1,ATM_050,Patna,0.5613,No significant laundering pattern detected at the configured risk threshold.
C000823,ENT_000355,0.0009,LOW_RISK,NORMAL,1.0,KNOWN_PATTERN,False,False,False,False,0,NONE,NONE,0.0,No significant laundering pattern detected at the configured risk threshold.
C000824,ENT_000349,0.2954,LOW_RISK,NORMAL,0.9918,KNOWN_PATTERN,True,True,False,False,3,NONE,NONE,0.0,No significant laundering pattern detected at the configured risk threshold.
C000825,ENT_000469,0.0013,LOW_RISK,NORMAL,1.0,KNOWN_PATTERN,False,False,False,False,0,NONE,NONE,0.0,No significant laundering pattern detected at the configured risk threshold.
C000826,ENT_000572,0.6568,SUSPICIOUS,HIGH_CONFIDENCE,0.9616,KNOWN_PATTERN,True,True,False,False,2,NONE,NONE,0.0,"High-confidence suspicious incident: GraphSAGE risk is 0.66, the graph spans 3 hops with 2 supporting signals, involves multiple fund exit vectors, and its graph structure closely matches previously observed reference patterns (similarity 0.96)."
C000827,ENT_000182,0.0471,LOW_RISK,NORMAL,0.9421,KNOWN_PATTERN,True,True,False,False,3,NONE,NONE,0.0,No significant laundering pattern detected at the configured risk threshold.
C000828,ENT_000294,0.0007,LOW_RISK,NORMAL,1.0,KNOWN_PATTERN,False,False,False,False,0,NONE,NONE,0.0,No significant laundering pattern detected at the configured risk threshold.
C000829,ENT_000316,0.0013,LOW_RISK,NORMAL,1.0,KNOWN_PATTERN,False,False,False,False,0,NONE,NONE,0.0,No significant laundering pattern detected at the configured risk threshold.
C000830,ENT_000431,0.0007,LOW_RISK,NORMAL,1.0,KNOWN_PATTERN,False,False,False,False,0,NONE,NONE,0.0,No significant laundering pattern detected at the configured risk threshold.
C000831,ENT_000196,0.0022,LOW_RISK,NORMAL,0.9995,KNOWN_PATTERN,False,False,False,False,0,NONE,NONE,0.0,No significant laundering pattern detected at the configured risk threshold.
C000832,ENT_000222,0.0012,LOW_RISK,NORMAL,1.0,KNOWN_PATTERN,False,False,False,False,0,NONE,NONE,0.0,No significant laundering pattern detected at the configured risk threshold.
C000833,ENT_000482,0.9995,SUSPICIOUS,HIGH_CONFIDENCE,0.9978,KNOWN_PATTERN,True,True,True,False,4,NONE,NONE,0.0,"High-confidence suspicious incident: GraphSAGE risk is 1.00, the graph spans 3 hops with 4 supporting signals, involves multiple fund exit vectors, and its graph structure closely matches previously observed reference patterns (similarity 1.00)."
C000834,ENT_000422,0.0106,LOW_RISK,NORMAL,0.9808,KNOWN_PATTERN,False,False,False,False,0,NONE,NONE,0.0,No significant laundering pattern detected at the configured risk threshold.
C000835,ENT_000298,0.0013,LOW_RISK,NORMAL,1.0,KNOWN_PATTERN,False,False,False,False,0,NONE,NONE,0.0,No significant laundering pattern detected at the configured risk threshold.
C000836,ENT_000235,0.9595,SUSPICIOUS,HIGH_CONFIDENCE,0.9923,KNOWN_PATTERN,True,True,False,False,3,NONE,NONE,0.0,"High-confidence suspicious incident: GraphSAGE risk is 0.96, the graph spans 3 hops with 3 supporting signals, involves multiple fund exit vectors, and its graph structure closely matches previously observed reference patterns (similarity 0.99)."
C000837,ENT_000654,0.0548,LOW_RISK,NORMAL,0.8297,POTENTIALLY_NOVEL,True,True,False,False,2,NONE,NONE,0.0,No significant laundering pattern detected at the configured risk threshold.
C000838,ENT_000136,0.9322,SUSPICIOUS,HIGH_CONFIDENCE,0.9956,KNOWN_PATTERN,True,True,True,False,4,NONE,NONE,0.0,"High-confidence suspicious incident: GraphSAGE risk is 0.93, the graph spans 3 hops with 4 supporting signals, involves multiple fund exit vectors, and its graph structure closely matches previously observed reference patterns (similarity 1.00)."
C000839,ENT_000535,0.0012,LOW_RISK,NORMAL,1.0,KNOWN_PATTERN,False,False,False,False,0,NONE,NONE,0.0,No significant laundering pattern detected at the configured risk threshold.
C000840,ENT_000181,0.0039,LOW_RISK,NORMAL,0.9957,KNOWN_PATTERN,True,False,False,False,1,NONE,NONE,0.0,No significant laundering pattern detected at the configured risk threshold.
C000841,ENT_000589,0.001,LOW_RISK,NORMAL,1.0,KNOWN_PATTERN,False,False,False,False,0,NONE,NONE,0.0,No significant laundering pattern detected at the configured risk threshold.
C000842,ENT_000418,0.9979,SUSPICIOUS,HIGH_CONFIDENCE,0.9978,KNOWN_PATTERN,True,True,True,False,4,NONE,NONE,0.0,"High-confidence suspicious incident: GraphSAGE risk is 1.00, the graph spans 3 hops with 4 supporting signals, involves multiple fund exit vectors, and its graph structure closely matches previously observed reference patterns (similarity 1.00)."
C000843,ENT_000097,0.1651,LOW_RISK,NORMAL,0.9732,KNOWN_PATTERN,True,True,False,False,3,NONE,NONE,0.0,No significant laundering pattern detected at the configured risk threshold.
C000844,ENT_000272,0.0069,LOW_RISK,NORMAL,0.965,KNOWN_PATTERN,False,False,False,False,0,NONE,NONE,0.0,No significant laundering pattern detected at the configured risk threshold.
C000845,ENT_000308,0.0012,LOW_RISK,NORMAL,0.9997,KNOWN_PATTERN,False,False,False,False,0,NONE,NONE,0.0,No significant laundering pattern detected at the configured risk threshold.
C000846,ENT_000059,0.0007,LOW_RISK,NORMAL,1.0,KNOWN_PATTERN,False,False,False,False,0,NONE,NONE,0.0,No significant laundering pattern detected at the configured risk threshold.
C000847,ENT_000438,0.0082,LOW_RISK,NORMAL,0.9997,KNOWN_PATTERN,False,False,False,False,0,NONE,NONE,0.0,No significant laundering pattern detected at the configured risk threshold.
C000848,ENT_000335,0.4629,LOW_RISK,NORMAL,0.9869,KNOWN_PATTERN,True,True,False,False,3,NONE,NONE,0.0,No significant laundering pattern detected at the configured risk threshold.
C000849,ENT_000680,0.0878,LOW_RISK,NORMAL,0.8705,KNOWN_PATTERN,True,True,False,False,2,NONE,NONE,0.0,No significant laundering pattern detected at the configured risk threshold.
C000850,ENT_000313,0.0006,LOW_RISK,NORMAL,1.0,KNOWN_PATTERN,False,False,False,False,0,NONE,NONE,0.0,No significant laundering pattern detected at the configured risk threshold.
C000851,ENT_000381,0.0012,LOW_RISK,NORMAL,1.0,KNOWN_PATTERN,False,False,False,False,0,NONE,NONE,0.0,No significant laundering pattern detected at the configured risk threshold.
C000852,ENT_000043,0.001,LOW_RISK,NORMAL,1.0,KNOWN_PATTERN,False,False,False,False,0,NONE,NONE,0.0,No significant laundering pattern detected at the configured risk threshold.
C000853,ENT_000687,0.0007,LOW_RISK,NORMAL,1.0,KNOWN_PATTERN,False,False,False,False,0,NONE,NONE,0.0,No significant laundering pattern detected at the configured risk threshold.
C000854,ENT_000545,0.01,LOW_RISK,NORMAL,0.9931,KNOWN_PATTERN,True,False,False,False,1,NONE,NONE,0.0,No significant laundering pattern detected at the configured risk threshold.
C000855,ENT_000169,0.0013,LOW_RISK,NORMAL,1.0,KNOWN_PATTERN,False,False,False,False,0,NONE,NONE,0.0,No significant laundering pattern detected at the configured risk threshold.
C000856,ENT_000449,0.6716,SUSPICIOUS,HIGH_CONFIDENCE,0.9914,KNOWN_PATTERN,True,True,False,False,3,NONE,NONE,0.0,"High-confidence suspicious incident: GraphSAGE risk is 0.67, the graph spans 3 hops with 3 supporting signals, involves multiple fund exit vectors, and its graph structure closely matches previously observed reference patterns (similarity 0.99)."
C000857,ENT_000272,0.9819,SUSPICIOUS,HIGH_CONFIDENCE,0.9968,KNOWN_PATTERN,True,True,False,False,3,NONE,NONE,0.0,"High-confidence suspicious incident: GraphSAGE risk is 0.98, the graph spans 3 hops with 3 supporting signals, involves multiple fund exit vectors, and its graph structure closely matches previously observed reference patterns (similarity 1.00)."
C000858,ENT_000152,0.9985,SUSPICIOUS,HIGH_CONFIDENCE,0.9994,KNOWN_PATTERN,True,True,False,False,3,NONE,NONE,0.0,"High-confidence suspicious incident: GraphSAGE risk is 1.00, the graph spans 3 hops with 3 supporting signals, involves multiple fund exit vectors, and its graph structure closely matches previously observed reference patterns (similarity 1.00)."
C000859,ENT_000528,1.0,SUSPICIOUS,HIGH_CONFIDENCE,0.9964,KNOWN_PATTERN,True,True,True,True,5,ATM_007,Patna,0.8513,"High-confidence suspicious incident: GraphSAGE risk is 1.00, the graph spans 3 hops with 5 supporting signals, involves a cash-out terminal (ATM_007 in Patna, score: 0.85), and its graph structure closely matches previously observed reference patterns (similarity 1.00)."
C000860,ENT_000231,1.0,SUSPICIOUS,HIGH_CONFIDENCE,0.9985,KNOWN_PATTERN,True,True,True,False,4,NONE,NONE,0.0,"High-confidence suspicious incident: GraphSAGE risk is 1.00, the graph spans 3 hops with 4 supporting signals, involves multiple fund exit vectors, and its graph structure closely matches previously observed reference patterns (similarity 1.00)."
C000861,ENT_000143,0.9819,SUSPICIOUS,HIGH_CONFIDENCE,0.9972,KNOWN_PATTERN,True,True,True,False,4,NONE,NONE,0.0,"High-confidence suspicious incident: GraphSAGE risk is 0.98, the graph spans 3 hops with 4 supporting signals, involves multiple fund exit vectors, and its graph structure closely matches previously observed reference patterns (similarity 1.00)."
C000862,ENT_000069,0.4218,LOW_RISK,NORMAL,0.9937,KNOWN_PATTERN,True,True,False,False,3,NONE,NONE,0.0,No significant laundering pattern detected at the configured risk threshold.
C000863,ENT_000464,0.001,LOW_RISK,NORMAL,1.0,KNOWN_PATTERN,False,False,False,False,0,NONE,NONE,0.0,No significant laundering pattern detected at the configured risk threshold.
C000864,ENT_000421,0.4515,LOW_RISK,NORMAL,0.9914,KNOWN_PATTERN,True,True,False,False,3,NONE,NONE,0.0,No significant laundering pattern detected at the configured risk threshold.
C000865,ENT_000089,0.2561,LOW_RISK,NORMAL,0.9926,KNOWN_PATTERN,True,True,True,False,4,NONE,NONE,0.0,No significant laundering pattern detected at the configured risk threshold.
C000866,ENT_000111,0.3155,LOW_RISK,NORMAL,0.9875,KNOWN_PATTERN,True,False,False,False,1,NONE,NONE,0.0,No significant laundering pattern detected at the configured risk threshold.
C000867,ENT_000246,0.0011,LOW_RISK,NORMAL,1.0,KNOWN_PATTERN,False,False,False,False,0,NONE,NONE,0.0,No significant laundering pattern detected at the configured risk threshold.
C000868,ENT_000500,0.0006,LOW_RISK,NORMAL,1.0,KNOWN_PATTERN,False,False,False,False,0,NONE,NONE,0.0,No significant laundering pattern detected at the configured risk threshold.
C000869,ENT_000330,0.0012,LOW_RISK,NORMAL,1.0,KNOWN_PATTERN,False,False,False,False,0,NONE,NONE,0.0,No significant laundering pattern detected at the configured risk threshold.
C000870,ENT_000258,0.0012,LOW_RISK,NORMAL,1.0,KNOWN_PATTERN,False,False,False,False,0,NONE,NONE,0.0,No significant laundering pattern detected at the configured risk threshold.
C000871,ENT_000293,0.145,LOW_RISK,NORMAL,0.9596,KNOWN_PATTERN,True,False,False,False,1,NONE,NONE,0.0,No significant laundering pattern detected at the configured risk threshold.
C000872,ENT_000631,0.001,LOW_RISK,NORMAL,1.0,KNOWN_PATTERN,False,False,False,False,0,NONE,NONE,0.0,No significant laundering pattern detected at the configured risk threshold.
C000873,ENT_000515,0.0007,LOW_RISK,NORMAL,1.0,KNOWN_PATTERN,False,False,False,False,0,NONE,NONE,0.0,No significant laundering pattern detected at the configured risk threshold.
C000874,ENT_000073,0.0012,LOW_RISK,NORMAL,1.0,KNOWN_PATTERN,False,False,False,False,0,NONE,NONE,0.0,No significant laundering pattern detected at the configured risk threshold.
C000875,ENT_000133,0.1371,LOW_RISK,NORMAL,0.9862,KNOWN_PATTERN,True,True,False,False,3,NONE,NONE,0.0,No significant laundering pattern detected at the configured risk threshold.
C000876,ENT_000430,0.0032,LOW_RISK,NORMAL,0.9966,KNOWN_PATTERN,False,False,False,False,0,NONE,NONE,0.0,No significant laundering pattern detected at the configured risk threshold.
C000877,ENT_000479,0.0012,LOW_RISK,NORMAL,1.0,KNOWN_PATTERN,False,False,False,False,0,NONE,NONE,0.0,No significant laundering pattern detected at the configured risk threshold.
C000878,ENT_000634,0.0007,LOW_RISK,NORMAL,1.0,KNOWN_PATTERN,False,False,False,False,0,NONE,NONE,0.0,No significant laundering pattern detected at the configured risk threshold.
C000879,ENT_000287,0.001,LOW_RISK,NORMAL,1.0,KNOWN_PATTERN,False,False,False,False,0,NONE,NONE,0.0,No significant laundering pattern detected at the configured risk threshold.
C000880,ENT_000517,0.0186,LOW_RISK,NORMAL,0.9355,KNOWN_PATTERN,True,False,False,False,1,NONE,NONE,0.0,No significant laundering pattern detected at the configured risk threshold.
C000881,ENT_000065,0.0006,LOW_RISK,NORMAL,1.0,KNOWN_PATTERN,False,False,False,False,0,NONE,NONE,0.0,No significant laundering pattern detected at the configured risk threshold.
C000882,ENT_000607,0.0014,LOW_RISK,NORMAL,0.9998,KNOWN_PATTERN,False,False,False,False,0,NONE,NONE,0.0,No significant laundering pattern detected at the configured risk threshold.
C000883,ENT_000304,0.0007,LOW_RISK,NORMAL,1.0,KNOWN_PATTERN,False,False,False,False,0,NONE,NONE,0.0,No significant laundering pattern detected at the configured risk threshold.
C000884,ENT_000195,0.2121,LOW_RISK,NORMAL,0.9634,KNOWN_PATTERN,True,True,False,False,2,NONE,NONE,0.0,No significant laundering pattern detected at the configured risk threshold.
C000885,ENT_000329,1.0,SUSPICIOUS,HIGH_CONFIDENCE,0.9992,KNOWN_PATTERN,True,True,True,True,5,ATM_019,Mumbai,0.7394,"High-confidence suspicious incident: GraphSAGE risk is 1.00, the graph spans 3 hops with 5 supporting signals, involves a cash-out terminal (ATM_019 in Mumbai, score: 0.74), and its graph structure closely matches previously observed reference patterns (similarity 1.00)."
C000886,ENT_000633,0.0012,LOW_RISK,NORMAL,0.9998,KNOWN_PATTERN,False,False,False,False,0,NONE,NONE,0.0,No significant laundering pattern detected at the configured risk threshold.
C000887,ENT_000223,0.9799,SUSPICIOUS,HIGH_CONFIDENCE,0.998,KNOWN_PATTERN,True,True,True,False,4,NONE,NONE,0.0,"High-confidence suspicious incident: GraphSAGE risk is 0.98, the graph spans 3 hops with 4 supporting signals, involves multiple fund exit vectors, and its graph structure closely matches previously observed reference patterns (similarity 1.00)."
C000888,ENT_000226,0.0012,LOW_RISK,NORMAL,1.0,KNOWN_PATTERN,False,False,False,False,0,NONE,NONE,0.0,No significant laundering pattern detected at the configured risk threshold.
C000889,ENT_000034,0.237,LOW_RISK,NORMAL,0.9804,KNOWN_PATTERN,True,True,True,False,4,NONE,NONE,0.0,No significant laundering pattern detected at the configured risk threshold.
C000890,ENT_000262,0.2182,LOW_RISK,NORMAL,0.9918,KNOWN_PATTERN,True,False,False,False,1,NONE,NONE,0.0,No significant laundering pattern detected at the configured risk threshold.
C000891,ENT_000041,0.1234,LOW_RISK,NORMAL,0.9679,KNOWN_PATTERN,True,True,False,False,3,NONE,NONE,0.0,No significant laundering pattern detected at the configured risk threshold.
C000892,ENT_000267,0.9783,SUSPICIOUS,HIGH_CONFIDENCE,0.9988,KNOWN_PATTERN,True,True,False,False,3,NONE,NONE,0.0,"High-confidence suspicious incident: GraphSAGE risk is 0.98, the graph spans 3 hops with 3 supporting signals, involves multiple fund exit vectors, and its graph structure closely matches previously observed reference patterns (similarity 1.00)."
C000893,ENT_000414,0.0008,LOW_RISK,NORMAL,1.0,KNOWN_PATTERN,False,False,False,False,0,NONE,NONE,0.0,No significant laundering pattern detected at the configured risk threshold.
C000894,ENT_000636,0.9998,SUSPICIOUS,HIGH_CONFIDENCE,0.999,KNOWN_PATTERN,True,True,True,False,4,NONE,NONE,0.0,"High-confidence suspicious incident: GraphSAGE risk is 1.00, the graph spans 3 hops with 4 supporting signals, involves multiple fund exit vectors, and its graph structure closely matches previously observed reference patterns (similarity 1.00)."
C000895,ENT_000694,0.0028,LOW_RISK,NORMAL,0.9991,KNOWN_PATTERN,False,False,False,False,0,NONE,NONE,0.0,No significant laundering pattern detected at the configured risk threshold.
C000896,ENT_000434,0.0334,LOW_RISK,NORMAL,0.9327,KNOWN_PATTERN,True,False,False,False,1,NONE,NONE,0.0,No significant laundering pattern detected at the configured risk threshold.
C000897,ENT_000212,0.0008,LOW_RISK,NORMAL,1.0,KNOWN_PATTERN,False,False,False,False,0,NONE,NONE,0.0,No significant laundering pattern detected at the configured risk threshold.
C000898,ENT_000155,0.0008,LOW_RISK,NORMAL,1.0,KNOWN_PATTERN,False,False,False,False,0,NONE,NONE,0.0,No significant laundering pattern detected at the configured risk threshold.
C000899,ENT_000630,0.8048,SUSPICIOUS,HIGH_CONFIDENCE,0.9938,KNOWN_PATTERN,True,True,False,False,3,NONE,NONE,0.0,"High-confidence suspicious incident: GraphSAGE risk is 0.80, the graph spans 3 hops with 3 supporting signals, involves multiple fund exit vectors, and its graph structure closely matches previously observed reference patterns (similarity 0.99)."
C000900,ENT_000639,0.0014,LOW_RISK,NORMAL,0.999,KNOWN_PATTERN,False,False,False,False,0,NONE,NONE,0.0,No significant laundering pattern detected at the configured risk threshold.
C000901,ENT_000322,0.0021,LOW_RISK,NORMAL,0.9997,KNOWN_PATTERN,False,False,False,False,0,NONE,NONE,0.0,No significant laundering pattern detected at the configured risk threshold.
C000902,ENT_000396,0.0008,LOW_RISK,NORMAL,1.0,KNOWN_PATTERN,False,False,False,False,0,NONE,NONE,0.0,No significant laundering pattern detected at the configured risk threshold.
C000903,ENT_000200,0.9776,SUSPICIOUS,HIGH_CONFIDENCE,0.998,KNOWN_PATTERN,True,True,False,False,3,NONE,NONE,0.0,"High-confidence suspicious incident: GraphSAGE risk is 0.98, the graph spans 3 hops with 3 supporting signals, involves multiple fund exit vectors, and its graph structure closely matches previously observed reference patterns (similarity 1.00)."
C000904,ENT_000052,0.0006,LOW_RISK,NORMAL,1.0,KNOWN_PATTERN,False,False,False,False,0,NONE,NONE,0.0,No significant laundering pattern detected at the configured risk threshold.
C000905,ENT_000278,0.0026,LOW_RISK,NORMAL,0.9996,KNOWN_PATTERN,False,False,False,False,0,NONE,NONE,0.0,No significant laundering pattern detected at the configured risk threshold.
C000906,ENT_000651,0.0018,LOW_RISK,NORMAL,0.9997,KNOWN_PATTERN,False,False,False,False,0,NONE,NONE,0.0,No significant laundering pattern detected at the configured risk threshold.
C000907,ENT_000152,0.9999,SUSPICIOUS,HIGH_CONFIDENCE,0.9988,KNOWN_PATTERN,True,True,False,False,3,NONE,NONE,0.0,"High-confidence suspicious incident: GraphSAGE risk is 1.00, the graph spans 3 hops with 3 supporting signals, involves multiple fund exit vectors, and its graph structure closely matches previously observed reference patterns (similarity 1.00)."
C000908,ENT_000683,0.0011,LOW_RISK,NORMAL,1.0,KNOWN_PATTERN,False,False,False,False,0,NONE,NONE,0.0,No significant laundering pattern detected at the configured risk threshold.
C000909,ENT_000589,0.001,LOW_RISK,NORMAL,1.0,KNOWN_PATTERN,False,False,False,False,0,NONE,NONE,0.0,No significant laundering pattern detected at the configured risk threshold.
C000910,ENT_000495,0.0009,LOW_RISK,NORMAL,1.0,KNOWN_PATTERN,False,False,False,False,0,NONE,NONE,0.0,No significant laundering pattern detected at the configured risk threshold.
C000911,ENT_000616,0.0013,LOW_RISK,NORMAL,1.0,KNOWN_PATTERN,False,False,False,False,0,NONE,NONE,0.0,No significant laundering pattern detected at the configured risk threshold.
C000912,ENT_000580,0.0009,LOW_RISK,NORMAL,1.0,KNOWN_PATTERN,False,False,False,False,0,NONE,NONE,0.0,No significant laundering pattern detected at the configured risk threshold.
C000913,ENT_000091,0.9529,SUSPICIOUS,HIGH_CONFIDENCE,0.9921,KNOWN_PATTERN,True,True,False,False,3,NONE,NONE,0.0,"High-confidence suspicious incident: GraphSAGE risk is 0.95, the graph spans 3 hops with 3 supporting signals, involves multiple fund exit vectors, and its graph structure closely matches previously observed reference patterns (similarity 0.99)."
C000914,ENT_000521,0.001,LOW_RISK,NORMAL,1.0,KNOWN_PATTERN,False,False,False,False,0,NONE,NONE,0.0,No significant laundering pattern detected at the configured risk threshold.
C000915,ENT_000141,0.0012,LOW_RISK,NORMAL,1.0,KNOWN_PATTERN,False,False,False,False,0,NONE,NONE,0.0,No significant laundering pattern detected at the configured risk threshold.
C000916,ENT_000221,0.5205,ELEVATED_RISK,MEDIUM_CONFIDENCE,0.9936,KNOWN_PATTERN,True,True,True,False,4,NONE,NONE,0.0,"Medium-confidence suspicious incident: elevated GraphSAGE risk (0.52) and multi-hop activity were detected, but supporting terminal or reference-pattern evidence is partial or evolving."
C000917,ENT_000688,0.8963,SUSPICIOUS,HIGH_CONFIDENCE,0.9962,KNOWN_PATTERN,True,True,False,False,3,NONE,NONE,0.0,"High-confidence suspicious incident: GraphSAGE risk is 0.90, the graph spans 3 hops with 3 supporting signals, involves multiple fund exit vectors, and its graph structure closely matches previously observed reference patterns (similarity 1.00)."
C000918,ENT_000363,0.837,SUSPICIOUS,HIGH_CONFIDENCE,0.9954,KNOWN_PATTERN,True,True,True,True,5,ATM_001,Hyderabad,0.7908,"High-confidence suspicious incident: GraphSAGE risk is 0.84, the graph spans 3 hops with 5 supporting signals, involves a cash-out terminal (ATM_001 in Hyderabad, score: 0.79), and its graph structure closely matches previously observed reference patterns (similarity 1.00)."
C000919,ENT_000236,0.9982,SUSPICIOUS,HIGH_CONFIDENCE,0.9978,KNOWN_PATTERN,True,True,True,False,4,NONE,NONE,0.0,"High-confidence suspicious incident: GraphSAGE risk is 1.00, the graph spans 3 hops with 4 supporting signals, involves multiple fund exit vectors, and its graph structure closely matches previously observed reference patterns (similarity 1.00)."
C000920,ENT_000432,0.0162,LOW_RISK,NORMAL,0.9679,KNOWN_PATTERN,False,False,False,False,0,NONE,NONE,0.0,No significant laundering pattern detected at the configured risk threshold.
C000921,ENT_000621,0.0138,LOW_RISK,NORMAL,0.9659,KNOWN_PATTERN,True,False,False,False,1,NONE,NONE,0.0,No significant laundering pattern detected at the configured risk threshold.
C000922,ENT_000243,0.0121,LOW_RISK,NORMAL,0.9791,KNOWN_PATTERN,True,False,False,False,1,NONE,NONE,0.0,No significant laundering pattern detected at the configured risk threshold.
C000923,ENT_000622,0.0007,LOW_RISK,NORMAL,1.0,KNOWN_PATTERN,False,False,False,False,0,NONE,NONE,0.0,No significant laundering pattern detected at the configured risk threshold.
C000924,ENT_000609,0.0006,LOW_RISK,NORMAL,1.0,KNOWN_PATTERN,False,False,False,False,0,NONE,NONE,0.0,No significant laundering pattern detected at the configured risk threshold.
C000925,ENT_000362,0.9998,SUSPICIOUS,HIGH_CONFIDENCE,0.9984,KNOWN_PATTERN,True,True,True,True,5,ATM_021,Chandigarh,0.9357,"High-confidence suspicious incident: GraphSAGE risk is 1.00, the graph spans 3 hops with 5 supporting signals, involves a cash-out terminal (ATM_021 in Chandigarh, score: 0.94), and its graph structure closely matches previously observed reference patterns (similarity 1.00)."
C000926,ENT_000651,0.3501,LOW_RISK,NORMAL,0.9903,KNOWN_PATTERN,True,False,False,False,1,NONE,NONE,0.0,No significant laundering pattern detected at the configured risk threshold.
C000927,ENT_000377,0.001,LOW_RISK,NORMAL,1.0,KNOWN_PATTERN,False,False,False,False,0,NONE,NONE,0.0,No significant laundering pattern detected at the configured risk threshold.
C000928,ENT_000264,0.0009,LOW_RISK,NORMAL,1.0,KNOWN_PATTERN,False,False,False,False,0,NONE,NONE,0.0,No significant laundering pattern detected at the configured risk threshold.
C000929,ENT_000280,0.9935,SUSPICIOUS,HIGH_CONFIDENCE,0.9978,KNOWN_PATTERN,True,True,True,False,4,NONE,NONE,0.0,"High-confidence suspicious incident: GraphSAGE risk is 0.99, the graph spans 3 hops with 4 supporting signals, involves multiple fund exit vectors, and its graph structure closely matches previously observed reference patterns (similarity 1.00)."
C000930,ENT_000306,0.0009,LOW_RISK,NORMAL,1.0,KNOWN_PATTERN,False,False,False,False,0,NONE,NONE,0.0,No significant laundering pattern detected at the configured risk threshold.
C000931,ENT_000391,0.0012,LOW_RISK,NORMAL,1.0,KNOWN_PATTERN,False,False,False,False,0,NONE,NONE,0.0,No significant laundering pattern detected at the configured risk threshold.
C000932,ENT_000530,0.1571,LOW_RISK,NORMAL,0.9638,KNOWN_PATTERN,True,True,False,False,3,NONE,NONE,0.0,No significant laundering pattern detected at the configured risk threshold.
C000933,ENT_000036,0.9925,SUSPICIOUS,HIGH_CONFIDENCE,0.9963,KNOWN_PATTERN,True,True,True,False,4,NONE,NONE,0.0,"High-confidence suspicious incident: GraphSAGE risk is 0.99, the graph spans 3 hops with 4 supporting signals, involves multiple fund exit vectors, and its graph structure closely matches previously observed reference patterns (similarity 1.00)."
C000934,ENT_000257,0.9967,SUSPICIOUS,HIGH_CONFIDENCE,0.9994,KNOWN_PATTERN,True,True,False,False,3,NONE,NONE,0.0,"High-confidence suspicious incident: GraphSAGE risk is 1.00, the graph spans 3 hops with 3 supporting signals, involves multiple fund exit vectors, and its graph structure closely matches previously observed reference patterns (similarity 1.00)."
C000935,ENT_000492,0.0009,LOW_RISK,NORMAL,1.0,KNOWN_PATTERN,False,False,False,False,0,NONE,NONE,0.0,No significant laundering pattern detected at the configured risk threshold.
C000936,ENT_000269,0.0012,LOW_RISK,NORMAL,1.0,KNOWN_PATTERN,False,False,False,False,0,NONE,NONE,0.0,No significant laundering pattern detected at the configured risk threshold.
C000937,ENT_000031,0.0014,LOW_RISK,NORMAL,0.9965,KNOWN_PATTERN,False,False,False,False,0,NONE,NONE,0.0,No significant laundering pattern detected at the configured risk threshold.
C000938,ENT_000314,0.0006,LOW_RISK,NORMAL,1.0,KNOWN_PATTERN,False,False,False,False,0,NONE,NONE,0.0,No significant laundering pattern detected at the configured risk threshold.
C000939,ENT_000416,0.7986,SUSPICIOUS,HIGH_CONFIDENCE,0.9974,KNOWN_PATTERN,True,True,True,False,4,ATM_046,Hyderabad,0.5932,"High-confidence suspicious incident: GraphSAGE risk is 0.80, the graph spans 3 hops with 4 supporting signals, involves a cash-out terminal (ATM_046 in Hyderabad, score: 0.59), and its graph structure closely matches previously observed reference patterns (similarity 1.00)."
C000940,ENT_000560,0.0009,LOW_RISK,NORMAL,1.0,KNOWN_PATTERN,False,False,False,False,0,NONE,NONE,0.0,No significant laundering pattern detected at the configured risk threshold.
C000941,ENT_000250,0.0056,LOW_RISK,NORMAL,1.0,KNOWN_PATTERN,False,False,False,False,0,NONE,NONE,0.0,No significant laundering pattern detected at the configured risk threshold.
C000942,ENT_000222,0.0012,LOW_RISK,NORMAL,1.0,KNOWN_PATTERN,False,False,False,False,0,NONE,NONE,0.0,No significant laundering pattern detected at the configured risk threshold.
C000943,ENT_000199,0.0008,LOW_RISK,NORMAL,1.0,KNOWN_PATTERN,False,False,False,False,0,NONE,NONE,0.0,No significant laundering pattern detected at the configured risk threshold.
C000944,ENT_000273,0.2116,LOW_RISK,NORMAL,0.9937,KNOWN_PATTERN,True,True,False,False,3,NONE,NONE,0.0,No significant laundering pattern detected at the configured risk threshold.
C000945,ENT_000429,0.0259,LOW_RISK,NORMAL,0.9668,KNOWN_PATTERN,True,False,False,False,1,NONE,NONE,0.0,No significant laundering pattern detected at the configured risk threshold.
C000946,ENT_000183,0.0136,LOW_RISK,NORMAL,0.992,KNOWN_PATTERN,False,False,False,False,0,NONE,NONE,0.0,No significant laundering pattern detected at the configured risk threshold.
C000947,ENT_000177,0.5201,ELEVATED_RISK,MEDIUM_CONFIDENCE,0.9824,KNOWN_PATTERN,True,True,True,False,3,NONE,NONE,0.0,"Medium-confidence suspicious incident: elevated GraphSAGE risk (0.52) and multi-hop activity were detected, but supporting terminal or reference-pattern evidence is partial or evolving."
C000948,ENT_000068,0.0006,LOW_RISK,NORMAL,1.0,KNOWN_PATTERN,False,False,False,False,0,NONE,NONE,0.0,No significant laundering pattern detected at the configured risk threshold.
C000949,ENT_000288,0.0595,LOW_RISK,NORMAL,0.9892,KNOWN_PATTERN,True,False,False,False,1,NONE,NONE,0.0,No significant laundering pattern detected at the configured risk threshold.
C000950,ENT_000474,0.0007,LOW_RISK,NORMAL,1.0,KNOWN_PATTERN,False,False,False,False,0,NONE,NONE,0.0,No significant laundering pattern detected at the configured risk threshold.
C000951,ENT_000419,0.0007,LOW_RISK,NORMAL,1.0,KNOWN_PATTERN,False,False,False,False,0,NONE,NONE,0.0,No significant laundering pattern detected at the configured risk threshold.
C000952,ENT_000305,0.0949,LOW_RISK,NORMAL,0.9905,KNOWN_PATTERN,True,True,False,False,3,NONE,NONE,0.0,No significant laundering pattern detected at the configured risk threshold.
C000953,ENT_000575,0.2493,LOW_RISK,NORMAL,0.9791,KNOWN_PATTERN,True,True,False,False,2,NONE,NONE,0.0,No significant laundering pattern detected at the configured risk threshold.
C000954,ENT_000357,0.0012,LOW_RISK,NORMAL,0.9997,KNOWN_PATTERN,False,False,False,False,0,NONE,NONE,0.0,No significant laundering pattern detected at the configured risk threshold.
C000955,ENT_000020,0.9998,SUSPICIOUS,HIGH_CONFIDENCE,0.9977,KNOWN_PATTERN,True,True,False,False,3,NONE,NONE,0.0,"High-confidence suspicious incident: GraphSAGE risk is 1.00, the graph spans 3 hops with 3 supporting signals, involves multiple fund exit vectors, and its graph structure closely matches previously observed reference patterns (similarity 1.00)."
C000956,ENT_000370,0.9937,SUSPICIOUS,HIGH_CONFIDENCE,0.9952,KNOWN_PATTERN,True,True,True,False,4,NONE,NONE,0.0,"High-confidence suspicious incident: GraphSAGE risk is 0.99, the graph spans 3 hops with 4 supporting signals, involves multiple fund exit vectors, and its graph structure closely matches previously observed reference patterns (similarity 1.00)."
C000957,ENT_000643,0.0095,LOW_RISK,NORMAL,0.9941,KNOWN_PATTERN,True,False,False,False,1,NONE,NONE,0.0,No significant laundering pattern detected at the configured risk threshold.
C000958,ENT_000137,0.0088,LOW_RISK,NORMAL,0.9702,KNOWN_PATTERN,True,False,False,False,1,NONE,NONE,0.0,No significant laundering pattern detected at the configured risk threshold.
C000959,ENT_000400,0.0008,LOW_RISK,NORMAL,1.0,KNOWN_PATTERN,False,False,False,False,0,NONE,NONE,0.0,No significant laundering pattern detected at the configured risk threshold.
C000960,ENT_000297,0.0044,LOW_RISK,NORMAL,0.9923,KNOWN_PATTERN,False,True,False,False,1,NONE,NONE,0.0,No significant laundering pattern detected at the configured risk threshold.
C000961,ENT_000094,0.9738,SUSPICIOUS,HIGH_CONFIDENCE,0.9979,KNOWN_PATTERN,True,True,True,False,4,NONE,NONE,0.0,"High-confidence suspicious incident: GraphSAGE risk is 0.97, the graph spans 3 hops with 4 supporting signals, involves multiple fund exit vectors, and its graph structure closely matches previously observed reference patterns (similarity 1.00)."
C000962,ENT_000005,0.0011,LOW_RISK,NORMAL,1.0,KNOWN_PATTERN,False,False,False,False,0,NONE,NONE,0.0,No significant laundering pattern detected at the configured risk threshold.
C000963,ENT_000245,0.001,LOW_RISK,NORMAL,1.0,KNOWN_PATTERN,False,False,False,False,0,NONE,NONE,0.0,No significant laundering pattern detected at the configured risk threshold.
C000964,ENT_000203,0.0006,LOW_RISK,NORMAL,1.0,KNOWN_PATTERN,False,False,False,False,0,NONE,NONE,0.0,No significant laundering pattern detected at the configured risk threshold.
C000965,ENT_000277,0.0011,LOW_RISK,NORMAL,0.9999,KNOWN_PATTERN,False,False,False,False,0,NONE,NONE,0.0,No significant laundering pattern detected at the configured risk threshold.
C000966,ENT_000112,0.0028,LOW_RISK,NORMAL,0.9984,KNOWN_PATTERN,False,False,False,False,0,NONE,NONE,0.0,No significant laundering pattern detected at the configured risk threshold.
C000967,ENT_000675,0.0006,LOW_RISK,NORMAL,1.0,KNOWN_PATTERN,False,False,False,False,0,NONE,NONE,0.0,No significant laundering pattern detected at the configured risk threshold.
C000968,ENT_000159,0.0011,LOW_RISK,NORMAL,1.0,KNOWN_PATTERN,False,False,False,False,0,NONE,NONE,0.0,No significant laundering pattern detected at the configured risk threshold.
C000969,ENT_000130,0.9999,SUSPICIOUS,HIGH_CONFIDENCE,0.9988,KNOWN_PATTERN,True,True,False,False,3,NONE,NONE,0.0,"High-confidence suspicious incident: GraphSAGE risk is 1.00, the graph spans 3 hops with 3 supporting signals, involves multiple fund exit vectors, and its graph structure closely matches previously observed reference patterns (similarity 1.00)."
C000970,ENT_000466,0.0509,LOW_RISK,NORMAL,0.9728,KNOWN_PATTERN,True,True,False,False,3,NONE,NONE,0.0,No significant laundering pattern detected at the configured risk threshold.
C000971,ENT_000472,0.0024,LOW_RISK,NORMAL,0.9993,KNOWN_PATTERN,False,False,False,False,0,NONE,NONE,0.0,No significant laundering pattern detected at the configured risk threshold.
C000972,ENT_000693,0.002,LOW_RISK,NORMAL,0.9994,KNOWN_PATTERN,False,False,False,False,0,NONE,NONE,0.0,No significant laundering pattern detected at the configured risk threshold.
C000973,ENT_000192,0.0006,LOW_RISK,NORMAL,1.0,KNOWN_PATTERN,False,False,False,False,0,NONE,NONE,0.0,No significant laundering pattern detected at the configured risk threshold.
C000974,ENT_000256,0.0009,LOW_RISK,NORMAL,1.0,KNOWN_PATTERN,False,False,False,False,0,NONE,NONE,0.0,No significant laundering pattern detected at the configured risk threshold.
C000975,ENT_000462,0.0013,LOW_RISK,NORMAL,1.0,KNOWN_PATTERN,False,False,False,False,0,NONE,NONE,0.0,No significant laundering pattern detected at the configured risk threshold.
C000976,ENT_000488,0.9889,SUSPICIOUS,HIGH_CONFIDENCE,0.9989,KNOWN_PATTERN,True,True,True,False,4,ATM_028,Jaipur,0.6154,"High-confidence suspicious incident: GraphSAGE risk is 0.99, the graph spans 3 hops with 4 supporting signals, involves a cash-out terminal (ATM_028 in Jaipur, score: 0.62), and its graph structure closely matches previously observed reference patterns (similarity 1.00)."
C000977,ENT_000326,0.9998,SUSPICIOUS,HIGH_CONFIDENCE,0.9985,KNOWN_PATTERN,True,True,True,True,5,ATM_010,Lucknow,0.8162,"High-confidence suspicious incident: GraphSAGE risk is 1.00, the graph spans 3 hops with 5 supporting signals, involves a cash-out terminal (ATM_010 in Lucknow, score: 0.82), and its graph structure closely matches previously observed reference patterns (similarity 1.00)."
C000978,ENT_000046,0.0018,LOW_RISK,NORMAL,0.999,KNOWN_PATTERN,False,False,False,False,0,NONE,NONE,0.0,No significant laundering pattern detected at the configured risk threshold.
C000979,ENT_000561,0.0035,LOW_RISK,NORMAL,0.9966,KNOWN_PATTERN,False,False,False,False,0,NONE,NONE,0.0,No significant laundering pattern detected at the configured risk threshold.
C000980,ENT_000234,0.0009,LOW_RISK,NORMAL,1.0,KNOWN_PATTERN,False,False,False,False,0,NONE,NONE,0.0,No significant laundering pattern detected at the configured risk threshold.
C000981,ENT_000308,0.0007,LOW_RISK,NORMAL,1.0,KNOWN_PATTERN,False,False,False,False,0,NONE,NONE,0.0,No significant laundering pattern detected at the configured risk threshold.
C000982,ENT_000396,0.0015,LOW_RISK,NORMAL,0.9995,KNOWN_PATTERN,False,False,False,False,0,NONE,NONE,0.0,No significant laundering pattern detected at the configured risk threshold.
C000983,ENT_000508,0.001,LOW_RISK,NORMAL,1.0,KNOWN_PATTERN,False,False,False,False,0,NONE,NONE,0.0,No significant laundering pattern detected at the configured risk threshold.
C000984,ENT_000489,0.0012,LOW_RISK,NORMAL,1.0,KNOWN_PATTERN,False,False,False,False,0,NONE,NONE,0.0,No significant laundering pattern detected at the configured risk threshold.
C000985,ENT_000400,0.0021,LOW_RISK,NORMAL,1.0,KNOWN_PATTERN,False,False,False,False,0,NONE,NONE,0.0,No significant laundering pattern detected at the configured risk threshold.
C000986,ENT_000435,0.4031,LOW_RISK,NORMAL,0.9924,KNOWN_PATTERN,True,True,False,False,3,NONE,NONE,0.0,No significant laundering pattern detected at the configured risk threshold.
C000987,ENT_000530,0.0009,LOW_RISK,NORMAL,1.0,KNOWN_PATTERN,False,False,False,False,0,NONE,NONE,0.0,No significant laundering pattern detected at the configured risk threshold.
C000988,ENT_000226,0.0012,LOW_RISK,NORMAL,1.0,KNOWN_PATTERN,False,False,False,False,0,NONE,NONE,0.0,No significant laundering pattern detected at the configured risk threshold.
C000989,ENT_000389,1.0,SUSPICIOUS,HIGH_CONFIDENCE,0.9981,KNOWN_PATTERN,True,True,False,False,3,NONE,NONE,0.0,"High-confidence suspicious incident: GraphSAGE risk is 1.00, the graph spans 3 hops with 3 supporting signals, involves multiple fund exit vectors, and its graph structure closely matches previously observed reference patterns (similarity 1.00)."
C000990,ENT_000178,0.0026,LOW_RISK,NORMAL,0.9972,KNOWN_PATTERN,False,False,False,False,0,NONE,NONE,0.0,No significant laundering pattern detected at the configured risk threshold.
C000991,ENT_000353,0.0122,LOW_RISK,NORMAL,0.9964,KNOWN_PATTERN,True,False,False,False,1,NONE,NONE,0.0,No significant laundering pattern detected at the configured risk threshold.
C000992,ENT_000666,0.0008,LOW_RISK,NORMAL,1.0,KNOWN_PATTERN,False,False,False,False,0,NONE,NONE,0.0,No significant laundering pattern detected at the configured risk threshold.
C000993,ENT_000594,0.0012,LOW_RISK,NORMAL,1.0,KNOWN_PATTERN,False,False,False,False,0,NONE,NONE,0.0,No significant laundering pattern detected at the configured risk threshold.
C000994,ENT_000602,0.0012,LOW_RISK,NORMAL,1.0,KNOWN_PATTERN,False,False,False,False,0,NONE,NONE,0.0,No significant laundering pattern detected at the configured risk threshold.
C000995,ENT_000565,0.001,LOW_RISK,NORMAL,1.0,KNOWN_PATTERN,False,False,False,False,0,NONE,NONE,0.0,No significant laundering pattern detected at the configured risk threshold.
C000996,ENT_000407,0.0013,LOW_RISK,NORMAL,0.9998,KNOWN_PATTERN,False,False,False,False,0,NONE,NONE,0.0,No significant laundering pattern detected at the configured risk threshold.
C000997,ENT_000016,1.0,SUSPICIOUS,HIGH_CONFIDENCE,0.9979,KNOWN_PATTERN,True,True,False,False,2,NONE,NONE,0.0,"High-confidence suspicious incident: GraphSAGE risk is 1.00, the graph spans 3 hops with 2 supporting signals, involves multiple fund exit vectors, and its graph structure closely matches previously observed reference patterns (similarity 1.00)."
C000998,ENT_000637,0.0022,LOW_RISK,NORMAL,0.999,KNOWN_PATTERN,False,False,False,False,0,NONE,NONE,0.0,No significant laundering pattern detected at the configured risk threshold.
C000999,ENT_000157,0.0009,LOW_RISK,NORMAL,1.0,KNOWN_PATTERN,False,False,False,False,0,NONE,NONE,0.0,No significant laundering pattern detected at the configured risk threshold.
C001000,ENT_000452,0.4001,LOW_RISK,NORMAL,0.9825,KNOWN_PATTERN,True,True,False,False,3,NONE,NONE,0.0,No significant laundering pattern detected at the configured risk threshold.
