txId,class,complaint_id,reported_account_number,reported_amount,scam_category,district,state,graphsage_risk_probability,confidence_tier,top_terminal_id,top_terminal_city
21696454,2,BTC_TX_21696454,321696454pL7,2.6481,COMMERCIAL_SETTLEMENT,UTXO Confirmed,Bitcoin Mainnet,0.139,NORMAL,CONSOLIDATED_TX,Exchange Hot Wallet
230444454,2,BTC_TX_230444454,3230444454pL7,16.3116,MERCHANT_GATEWAY,UTXO Confirmed,Bitcoin Mainnet,0.3405,NORMAL,CONSOLIDATED_TX,Exchange Hot Wallet
232958804,2,BTC_TX_232958804,3232958804pL7,0.0758,MERCHANT_GATEWAY,UTXO Confirmed,Bitcoin Mainnet,0.1909,NORMAL,CONSOLIDATED_TX,Exchange Hot Wallet
232034934,2,BTC_TX_232034934,3232034934pL7,1.5487,EXCHANGE_DEPOSIT,UTXO Confirmed,Bitcoin Mainnet,0.2362,NORMAL,CONSOLIDATED_TX,Exchange Hot Wallet
230444459,2,BTC_TX_230444459,3230444459pL7,12.2449,COMMERCIAL_SETTLEMENT,UTXO Confirmed,Bitcoin Mainnet,0.2814,NORMAL,CONSOLIDATED_TX,Exchange Hot Wallet
230468668,2,BTC_TX_230468668,3230468668pL7,8.7994,EXCHANGE_DEPOSIT,UTXO Confirmed,Bitcoin Mainnet,0.0625,NORMAL,CONSOLIDATED_TX,Exchange Hot Wallet
7089693,2,BTC_TX_7089693,37089693pL7,2.7522,EXCHANGE_DEPOSIT,UTXO Confirmed,Bitcoin Mainnet,0.1591,NORMAL,CONSOLIDATED_TX,Exchange Hot Wallet
231573972,2,BTC_TX_231573972,3231573972pL7,11.5916,EXCHANGE_DEPOSIT,UTXO Confirmed,Bitcoin Mainnet,0.2845,NORMAL,CONSOLIDATED_TX,Exchange Hot Wallet
232386556,2,BTC_TX_232386556,3232386556pL7,3.3423,COMMERCIAL_SETTLEMENT,UTXO Confirmed,Bitcoin Mainnet,0.025,NORMAL,CONSOLIDATED_TX,Exchange Hot Wallet
94654133,1,BTC_TX_94654133,194654133x9Q,11.4718,CRYPTO_MIXER_HOP,UTXO Mempool,Bitcoin Mainnet,0.9172,HIGH_CONFIDENCE,UNSPENT_OUTPUT,Cold Storage Address
232472551,2,BTC_TX_232472551,3232472551pL7,6.8989,EXCHANGE_DEPOSIT,UTXO Confirmed,Bitcoin Mainnet,0.0418,NORMAL,CONSOLIDATED_TX,Exchange Hot Wallet
223909678,1,BTC_TX_223909678,1223909678x9Q,22.6282,RANSOMWARE_PAYOUT,UTXO Mempool,Bitcoin Mainnet,0.8872,HIGH_CONFIDENCE,UNSPENT_OUTPUT,Cold Storage Address
230391875,2,BTC_TX_230391875,3230391875pL7,0.5136,EXCHANGE_DEPOSIT,UTXO Confirmed,Bitcoin Mainnet,0.2054,NORMAL,CONSOLIDATED_TX,Exchange Hot Wallet
3385845,2,BTC_TX_3385845,33385845pL7,3.0281,COMMERCIAL_SETTLEMENT,UTXO Confirmed,Bitcoin Mainnet,0.3044,NORMAL,CONSOLIDATED_TX,Exchange Hot Wallet
232052547,2,BTC_TX_232052547,3232052547pL7,24.2756,MERCHANT_GATEWAY,UTXO Confirmed,Bitcoin Mainnet,0.3298,NORMAL,CONSOLIDATED_TX,Exchange Hot Wallet
232456367,2,BTC_TX_232456367,3232456367pL7,4.5481,COMMERCIAL_SETTLEMENT,UTXO Confirmed,Bitcoin Mainnet,0.2964,NORMAL,CONSOLIDATED_TX,Exchange Hot Wallet
231181128,2,BTC_TX_231181128,3231181128pL7,4.5556,EXCHANGE_DEPOSIT,UTXO Confirmed,Bitcoin Mainnet,0.2594,NORMAL,CONSOLIDATED_TX,Exchange Hot Wallet
230537139,2,BTC_TX_230537139,3230537139pL7,1.8251,EXCHANGE_DEPOSIT,UTXO Confirmed,Bitcoin Mainnet,0.2418,NORMAL,CONSOLIDATED_TX,Exchange Hot Wallet
232907272,2,BTC_TX_232907272,3232907272pL7,2.5391,EXCHANGE_DEPOSIT,UTXO Confirmed,Bitcoin Mainnet,0.0205,NORMAL,CONSOLIDATED_TX,Exchange Hot Wallet
230449518,2,BTC_TX_230449518,3230449518pL7,11.5463,EXCHANGE_DEPOSIT,UTXO Confirmed,Bitcoin Mainnet,0.1456,NORMAL,CONSOLIDATED_TX,Exchange Hot Wallet
230438845,2,BTC_TX_230438845,3230438845pL7,2.5763,COMMERCIAL_SETTLEMENT,UTXO Confirmed,Bitcoin Mainnet,0.0257,NORMAL,CONSOLIDATED_TX,Exchange Hot Wallet
94654256,1,BTC_TX_94654256,194654256x9Q,16.0419,CRYPTO_MIXER_HOP,UTXO Mempool,Bitcoin Mainnet,0.9724,HIGH_CONFIDENCE,UNSPENT_OUTPUT,Cold Storage Address
232037399,2,BTC_TX_232037399,3232037399pL7,0.799,COMMERCIAL_SETTLEMENT,UTXO Confirmed,Bitcoin Mainnet,0.1945,NORMAL,CONSOLIDATED_TX,Exchange Hot Wallet
232009699,2,BTC_TX_232009699,3232009699pL7,1.5996,MERCHANT_GATEWAY,UTXO Confirmed,Bitcoin Mainnet,0.1729,NORMAL,CONSOLIDATED_TX,Exchange Hot Wallet
190017287,1,BTC_TX_190017287,1190017287x9Q,12.4355,DARKNET_MARKET,UTXO Mempool,Bitcoin Mainnet,0.9462,HIGH_CONFIDENCE,UNSPENT_OUTPUT,Cold Storage Address
191789118,1,BTC_TX_191789118,1191789118x9Q,19.7264,DARKNET_MARKET,UTXO Mempool,Bitcoin Mainnet,0.903,HIGH_CONFIDENCE,UNSPENT_OUTPUT,Cold Storage Address
94654125,1,BTC_TX_94654125,194654125x9Q,15.6759,RANSOMWARE_PAYOUT,UTXO Mempool,Bitcoin Mainnet,0.905,HIGH_CONFIDENCE,UNSPENT_OUTPUT,Cold Storage Address
3876912,2,BTC_TX_3876912,33876912pL7,6.1604,COMMERCIAL_SETTLEMENT,UTXO Confirmed,Bitcoin Mainnet,0.2584,NORMAL,CONSOLIDATED_TX,Exchange Hot Wallet
232038325,2,BTC_TX_232038325,3232038325pL7,4.8322,COMMERCIAL_SETTLEMENT,UTXO Confirmed,Bitcoin Mainnet,0.0214,NORMAL,CONSOLIDATED_TX,Exchange Hot Wallet
34984980,2,BTC_TX_34984980,334984980pL7,4.6547,MERCHANT_GATEWAY,UTXO Confirmed,Bitcoin Mainnet,0.3306,NORMAL,CONSOLIDATED_TX,Exchange Hot Wallet
230473483,2,BTC_TX_230473483,3230473483pL7,3.4559,COMMERCIAL_SETTLEMENT,UTXO Confirmed,Bitcoin Mainnet,0.0535,NORMAL,CONSOLIDATED_TX,Exchange Hot Wallet
94051990,1,BTC_TX_94051990,194051990x9Q,54.017,RANSOMWARE_PAYOUT,UTXO Mempool,Bitcoin Mainnet,0.9395,HIGH_CONFIDENCE,UNSPENT_OUTPUT,Cold Storage Address
232439373,2,BTC_TX_232439373,3232439373pL7,5.4684,MERCHANT_GATEWAY,UTXO Confirmed,Bitcoin Mainnet,0.0268,NORMAL,CONSOLIDATED_TX,Exchange Hot Wallet
232431929,2,BTC_TX_232431929,3232431929pL7,0.6565,EXCHANGE_DEPOSIT,UTXO Confirmed,Bitcoin Mainnet,0.2328,NORMAL,CONSOLIDATED_TX,Exchange Hot Wallet
232037400,2,BTC_TX_232037400,3232037400pL7,12.1937,COMMERCIAL_SETTLEMENT,UTXO Confirmed,Bitcoin Mainnet,0.1474,NORMAL,CONSOLIDATED_TX,Exchange Hot Wallet
191108954,1,BTC_TX_191108954,1191108954x9Q,33.217,DARKNET_MARKET,UTXO Mempool,Bitcoin Mainnet,0.8618,HIGH_CONFIDENCE,UNSPENT_OUTPUT,Cold Storage Address
230461033,2,BTC_TX_230461033,3230461033pL7,3.4284,MERCHANT_GATEWAY,UTXO Confirmed,Bitcoin Mainnet,0.191,NORMAL,CONSOLIDATED_TX,Exchange Hot Wallet
57319992,2,BTC_TX_57319992,357319992pL7,7.1655,COMMERCIAL_SETTLEMENT,UTXO Confirmed,Bitcoin Mainnet,0.3196,NORMAL,CONSOLIDATED_TX,Exchange Hot Wallet
87889642,2,BTC_TX_87889642,387889642pL7,3.3127,COMMERCIAL_SETTLEMENT,UTXO Confirmed,Bitcoin Mainnet,0.0846,NORMAL,CONSOLIDATED_TX,Exchange Hot Wallet
96258779,1,BTC_TX_96258779,196258779x9Q,6.403,RANSOMWARE_PAYOUT,UTXO Mempool,Bitcoin Mainnet,0.8733,HIGH_CONFIDENCE,UNSPENT_OUTPUT,Cold Storage Address
232472581,2,BTC_TX_232472581,3232472581pL7,1.3505,EXCHANGE_DEPOSIT,UTXO Confirmed,Bitcoin Mainnet,0.2776,NORMAL,CONSOLIDATED_TX,Exchange Hot Wallet
94654164,1,BTC_TX_94654164,194654164x9Q,11.5952,CRYPTO_MIXER_HOP,UTXO Mempool,Bitcoin Mainnet,0.9589,HIGH_CONFIDENCE,UNSPENT_OUTPUT,Cold Storage Address
189305695,2,BTC_TX_189305695,3189305695pL7,5.0723,EXCHANGE_DEPOSIT,UTXO Confirmed,Bitcoin Mainnet,0.3173,NORMAL,CONSOLIDATED_TX,Exchange Hot Wallet
219821009,2,BTC_TX_219821009,3219821009pL7,5.5841,EXCHANGE_DEPOSIT,UTXO Confirmed,Bitcoin Mainnet,0.1718,NORMAL,CONSOLIDATED_TX,Exchange Hot Wallet
206222134,2,BTC_TX_206222134,3206222134pL7,23.5636,COMMERCIAL_SETTLEMENT,UTXO Confirmed,Bitcoin Mainnet,0.3261,NORMAL,CONSOLIDATED_TX,Exchange Hot Wallet
5488136,2,BTC_TX_5488136,35488136pL7,3.5772,MERCHANT_GATEWAY,UTXO Confirmed,Bitcoin Mainnet,0.0313,NORMAL,CONSOLIDATED_TX,Exchange Hot Wallet
232348091,2,BTC_TX_232348091,3232348091pL7,9.412,MERCHANT_GATEWAY,UTXO Confirmed,Bitcoin Mainnet,0.3099,NORMAL,CONSOLIDATED_TX,Exchange Hot Wallet
232037045,2,BTC_TX_232037045,3232037045pL7,1.1197,COMMERCIAL_SETTLEMENT,UTXO Confirmed,Bitcoin Mainnet,0.1708,NORMAL,CONSOLIDATED_TX,Exchange Hot Wallet
3912534,2,BTC_TX_3912534,33912534pL7,1.791,COMMERCIAL_SETTLEMENT,UTXO Confirmed,Bitcoin Mainnet,0.2591,NORMAL,CONSOLIDATED_TX,Exchange Hot Wallet
230444452,2,BTC_TX_230444452,3230444452pL7,0.9267,COMMERCIAL_SETTLEMENT,UTXO Confirmed,Bitcoin Mainnet,0.0971,NORMAL,CONSOLIDATED_TX,Exchange Hot Wallet
230464780,2,BTC_TX_230464780,3230464780pL7,0.0617,EXCHANGE_DEPOSIT,UTXO Confirmed,Bitcoin Mainnet,0.2049,NORMAL,CONSOLIDATED_TX,Exchange Hot Wallet
232350958,2,BTC_TX_232350958,3232350958pL7,11.3775,EXCHANGE_DEPOSIT,UTXO Confirmed,Bitcoin Mainnet,0.2472,NORMAL,CONSOLIDATED_TX,Exchange Hot Wallet
232033533,2,BTC_TX_232033533,3232033533pL7,3.4241,EXCHANGE_DEPOSIT,UTXO Confirmed,Bitcoin Mainnet,0.2147,NORMAL,CONSOLIDATED_TX,Exchange Hot Wallet
232444880,2,BTC_TX_232444880,3232444880pL7,5.915,COMMERCIAL_SETTLEMENT,UTXO Confirmed,Bitcoin Mainnet,0.3053,NORMAL,CONSOLIDATED_TX,Exchange Hot Wallet
309924066,1,BTC_TX_309924066,1309924066x9Q,7.3442,RANSOMWARE_PAYOUT,UTXO Mempool,Bitcoin Mainnet,0.9733,HIGH_CONFIDENCE,UNSPENT_OUTPUT,Cold Storage Address
313900565,1,BTC_TX_313900565,1313900565x9Q,14.53,DARKNET_MARKET,UTXO Mempool,Bitcoin Mainnet,0.9029,HIGH_CONFIDENCE,UNSPENT_OUTPUT,Cold Storage Address
231995249,2,BTC_TX_231995249,3231995249pL7,2.6416,MERCHANT_GATEWAY,UTXO Confirmed,Bitcoin Mainnet,0.1713,NORMAL,CONSOLIDATED_TX,Exchange Hot Wallet
16742787,1,BTC_TX_16742787,116742787x9Q,0.812,RANSOMWARE_PAYOUT,UTXO Mempool,Bitcoin Mainnet,0.9463,HIGH_CONFIDENCE,UNSPENT_OUTPUT,Cold Storage Address
191108039,1,BTC_TX_191108039,1191108039x9Q,13.1007,DARKNET_MARKET,UTXO Mempool,Bitcoin Mainnet,0.9677,HIGH_CONFIDENCE,UNSPENT_OUTPUT,Cold Storage Address
32879801,2,BTC_TX_32879801,332879801pL7,0.528,EXCHANGE_DEPOSIT,UTXO Confirmed,Bitcoin Mainnet,0.3224,NORMAL,CONSOLIDATED_TX,Exchange Hot Wallet
1913117,2,BTC_TX_1913117,31913117pL7,6.9016,COMMERCIAL_SETTLEMENT,UTXO Confirmed,Bitcoin Mainnet,0.2092,NORMAL,CONSOLIDATED_TX,Exchange Hot Wallet
69745184,1,BTC_TX_69745184,169745184x9Q,14.1658,DARKNET_MARKET,UTXO Mempool,Bitcoin Mainnet,0.9795,HIGH_CONFIDENCE,UNSPENT_OUTPUT,Cold Storage Address
232431388,2,BTC_TX_232431388,3232431388pL7,0.4035,MERCHANT_GATEWAY,UTXO Confirmed,Bitcoin Mainnet,0.1911,NORMAL,CONSOLIDATED_TX,Exchange Hot Wallet
189799145,1,BTC_TX_189799145,1189799145x9Q,3.1297,RANSOMWARE_PAYOUT,UTXO Mempool,Bitcoin Mainnet,0.8686,HIGH_CONFIDENCE,UNSPENT_OUTPUT,Cold Storage Address
230438854,2,BTC_TX_230438854,3230438854pL7,7.9821,EXCHANGE_DEPOSIT,UTXO Confirmed,Bitcoin Mainnet,0.1484,NORMAL,CONSOLIDATED_TX,Exchange Hot Wallet
7089467,2,BTC_TX_7089467,37089467pL7,6.9391,COMMERCIAL_SETTLEMENT,UTXO Confirmed,Bitcoin Mainnet,0.2847,NORMAL,CONSOLIDATED_TX,Exchange Hot Wallet
14558195,2,BTC_TX_14558195,314558195pL7,20.2296,MERCHANT_GATEWAY,UTXO Confirmed,Bitcoin Mainnet,0.2353,NORMAL,CONSOLIDATED_TX,Exchange Hot Wallet
230456618,2,BTC_TX_230456618,3230456618pL7,10.758,MERCHANT_GATEWAY,UTXO Confirmed,Bitcoin Mainnet,0.2851,NORMAL,CONSOLIDATED_TX,Exchange Hot Wallet
44995911,1,BTC_TX_44995911,144995911x9Q,22.6923,DARKNET_MARKET,UTXO Mempool,Bitcoin Mainnet,0.8649,HIGH_CONFIDENCE,UNSPENT_OUTPUT,Cold Storage Address
230650915,2,BTC_TX_230650915,3230650915pL7,9.1224,COMMERCIAL_SETTLEMENT,UTXO Confirmed,Bitcoin Mainnet,0.2259,NORMAL,CONSOLIDATED_TX,Exchange Hot Wallet
94299098,1,BTC_TX_94299098,194299098x9Q,21.6312,DARKNET_MARKET,UTXO Mempool,Bitcoin Mainnet,0.8519,HIGH_CONFIDENCE,UNSPENT_OUTPUT,Cold Storage Address
230442067,2,BTC_TX_230442067,3230442067pL7,7.4824,MERCHANT_GATEWAY,UTXO Confirmed,Bitcoin Mainnet,0.2614,NORMAL,CONSOLIDATED_TX,Exchange Hot Wallet
230552370,2,BTC_TX_230552370,3230552370pL7,5.9574,COMMERCIAL_SETTLEMENT,UTXO Confirmed,Bitcoin Mainnet,0.3324,NORMAL,CONSOLIDATED_TX,Exchange Hot Wallet
230580831,2,BTC_TX_230580831,3230580831pL7,8.6225,EXCHANGE_DEPOSIT,UTXO Confirmed,Bitcoin Mainnet,0.0562,NORMAL,CONSOLIDATED_TX,Exchange Hot Wallet
232453639,2,BTC_TX_232453639,3232453639pL7,4.7083,COMMERCIAL_SETTLEMENT,UTXO Confirmed,Bitcoin Mainnet,0.2023,NORMAL,CONSOLIDATED_TX,Exchange Hot Wallet
232455956,2,BTC_TX_232455956,3232455956pL7,0.0636,EXCHANGE_DEPOSIT,UTXO Confirmed,Bitcoin Mainnet,0.2616,NORMAL,CONSOLIDATED_TX,Exchange Hot Wallet
230451739,2,BTC_TX_230451739,3230451739pL7,1.6736,COMMERCIAL_SETTLEMENT,UTXO Confirmed,Bitcoin Mainnet,0.2553,NORMAL,CONSOLIDATED_TX,Exchange Hot Wallet
245715541,1,BTC_TX_245715541,1245715541x9Q,9.2014,CRYPTO_MIXER_HOP,UTXO Mempool,Bitcoin Mainnet,0.9574,HIGH_CONFIDENCE,UNSPENT_OUTPUT,Cold Storage Address
3876487,2,BTC_TX_3876487,33876487pL7,5.2517,EXCHANGE_DEPOSIT,UTXO Confirmed,Bitcoin Mainnet,0.068,NORMAL,CONSOLIDATED_TX,Exchange Hot Wallet
40297647,2,BTC_TX_40297647,340297647pL7,6.9915,MERCHANT_GATEWAY,UTXO Confirmed,Bitcoin Mainnet,0.158,NORMAL,CONSOLIDATED_TX,Exchange Hot Wallet
230468013,2,BTC_TX_230468013,3230468013pL7,8.1165,MERCHANT_GATEWAY,UTXO Confirmed,Bitcoin Mainnet,0.0684,NORMAL,CONSOLIDATED_TX,Exchange Hot Wallet
93259563,1,BTC_TX_93259563,193259563x9Q,2.7785,CRYPTO_MIXER_HOP,UTXO Mempool,Bitcoin Mainnet,0.9781,HIGH_CONFIDENCE,UNSPENT_OUTPUT,Cold Storage Address
2881273,2,BTC_TX_2881273,32881273pL7,7.3503,COMMERCIAL_SETTLEMENT,UTXO Confirmed,Bitcoin Mainnet,0.0902,NORMAL,CONSOLIDATED_TX,Exchange Hot Wallet
114771159,1,BTC_TX_114771159,1114771159x9Q,24.8073,RANSOMWARE_PAYOUT,UTXO Mempool,Bitcoin Mainnet,0.9842,HIGH_CONFIDENCE,UNSPENT_OUTPUT,Cold Storage Address
230449513,2,BTC_TX_230449513,3230449513pL7,6.305,MERCHANT_GATEWAY,UTXO Confirmed,Bitcoin Mainnet,0.0547,NORMAL,CONSOLIDATED_TX,Exchange Hot Wallet
232440023,2,BTC_TX_232440023,3232440023pL7,14.9598,COMMERCIAL_SETTLEMENT,UTXO Confirmed,Bitcoin Mainnet,0.0995,NORMAL,CONSOLIDATED_TX,Exchange Hot Wallet
230418063,2,BTC_TX_230418063,3230418063pL7,1.0423,COMMERCIAL_SETTLEMENT,UTXO Confirmed,Bitcoin Mainnet,0.1692,NORMAL,CONSOLIDATED_TX,Exchange Hot Wallet
232675758,2,BTC_TX_232675758,3232675758pL7,11.2943,EXCHANGE_DEPOSIT,UTXO Confirmed,Bitcoin Mainnet,0.1436,NORMAL,CONSOLIDATED_TX,Exchange Hot Wallet
232046508,2,BTC_TX_232046508,3232046508pL7,2.4136,EXCHANGE_DEPOSIT,UTXO Confirmed,Bitcoin Mainnet,0.1374,NORMAL,CONSOLIDATED_TX,Exchange Hot Wallet
230681119,2,BTC_TX_230681119,3230681119pL7,0.3947,MERCHANT_GATEWAY,UTXO Confirmed,Bitcoin Mainnet,0.1037,NORMAL,CONSOLIDATED_TX,Exchange Hot Wallet
230444448,2,BTC_TX_230444448,3230444448pL7,2.3955,EXCHANGE_DEPOSIT,UTXO Confirmed,Bitcoin Mainnet,0.3031,NORMAL,CONSOLIDATED_TX,Exchange Hot Wallet
232472220,2,BTC_TX_232472220,3232472220pL7,11.4361,MERCHANT_GATEWAY,UTXO Confirmed,Bitcoin Mainnet,0.2566,NORMAL,CONSOLIDATED_TX,Exchange Hot Wallet
75597421,2,BTC_TX_75597421,375597421pL7,3.4904,MERCHANT_GATEWAY,UTXO Confirmed,Bitcoin Mainnet,0.0871,NORMAL,CONSOLIDATED_TX,Exchange Hot Wallet
189984660,1,BTC_TX_189984660,1189984660x9Q,16.2316,CRYPTO_MIXER_HOP,UTXO Mempool,Bitcoin Mainnet,0.9532,HIGH_CONFIDENCE,UNSPENT_OUTPUT,Cold Storage Address
54732017,2,BTC_TX_54732017,354732017pL7,0.9155,EXCHANGE_DEPOSIT,UTXO Confirmed,Bitcoin Mainnet,0.1122,NORMAL,CONSOLIDATED_TX,Exchange Hot Wallet
131659143,2,BTC_TX_131659143,3131659143pL7,2.4219,MERCHANT_GATEWAY,UTXO Confirmed,Bitcoin Mainnet,0.2134,NORMAL,CONSOLIDATED_TX,Exchange Hot Wallet
230469214,2,BTC_TX_230469214,3230469214pL7,7.8249,EXCHANGE_DEPOSIT,UTXO Confirmed,Bitcoin Mainnet,0.3432,NORMAL,CONSOLIDATED_TX,Exchange Hot Wallet
121712062,1,BTC_TX_121712062,1121712062x9Q,33.2338,RANSOMWARE_PAYOUT,UTXO Mempool,Bitcoin Mainnet,0.9083,HIGH_CONFIDENCE,UNSPENT_OUTPUT,Cold Storage Address
86761325,1,BTC_TX_86761325,186761325x9Q,7.1184,DARKNET_MARKET,UTXO Mempool,Bitcoin Mainnet,0.9476,HIGH_CONFIDENCE,UNSPENT_OUTPUT,Cold Storage Address
232392089,2,BTC_TX_232392089,3232392089pL7,1.7919,MERCHANT_GATEWAY,UTXO Confirmed,Bitcoin Mainnet,0.2147,NORMAL,CONSOLIDATED_TX,Exchange Hot Wallet
55022339,2,BTC_TX_55022339,355022339pL7,0.3675,MERCHANT_GATEWAY,UTXO Confirmed,Bitcoin Mainnet,0.184,NORMAL,CONSOLIDATED_TX,Exchange Hot Wallet
232009889,2,BTC_TX_232009889,3232009889pL7,3.1032,MERCHANT_GATEWAY,UTXO Confirmed,Bitcoin Mainnet,0.2223,NORMAL,CONSOLIDATED_TX,Exchange Hot Wallet
92491279,2,BTC_TX_92491279,392491279pL7,7.9241,EXCHANGE_DEPOSIT,UTXO Confirmed,Bitcoin Mainnet,0.1688,NORMAL,CONSOLIDATED_TX,Exchange Hot Wallet
232412405,2,BTC_TX_232412405,3232412405pL7,11.3962,COMMERCIAL_SETTLEMENT,UTXO Confirmed,Bitcoin Mainnet,0.0866,NORMAL,CONSOLIDATED_TX,Exchange Hot Wallet
231179638,2,BTC_TX_231179638,3231179638pL7,0.3206,COMMERCIAL_SETTLEMENT,UTXO Confirmed,Bitcoin Mainnet,0.3092,NORMAL,CONSOLIDATED_TX,Exchange Hot Wallet
3903937,2,BTC_TX_3903937,33903937pL7,3.7462,COMMERCIAL_SETTLEMENT,UTXO Confirmed,Bitcoin Mainnet,0.2582,NORMAL,CONSOLIDATED_TX,Exchange Hot Wallet
230528720,2,BTC_TX_230528720,3230528720pL7,3.9309,MERCHANT_GATEWAY,UTXO Confirmed,Bitcoin Mainnet,0.087,NORMAL,CONSOLIDATED_TX,Exchange Hot Wallet
232034949,2,BTC_TX_232034949,3232034949pL7,0.5505,MERCHANT_GATEWAY,UTXO Confirmed,Bitcoin Mainnet,0.0964,NORMAL,CONSOLIDATED_TX,Exchange Hot Wallet
99222002,1,BTC_TX_99222002,199222002x9Q,1.1244,DARKNET_MARKET,UTXO Mempool,Bitcoin Mainnet,0.9319,HIGH_CONFIDENCE,UNSPENT_OUTPUT,Cold Storage Address
10437353,2,BTC_TX_10437353,310437353pL7,1.2959,EXCHANGE_DEPOSIT,UTXO Confirmed,Bitcoin Mainnet,0.1086,NORMAL,CONSOLIDATED_TX,Exchange Hot Wallet
60492027,2,BTC_TX_60492027,360492027pL7,6.6373,EXCHANGE_DEPOSIT,UTXO Confirmed,Bitcoin Mainnet,0.0161,NORMAL,CONSOLIDATED_TX,Exchange Hot Wallet
232453418,2,BTC_TX_232453418,3232453418pL7,3.8289,MERCHANT_GATEWAY,UTXO Confirmed,Bitcoin Mainnet,0.3141,NORMAL,CONSOLIDATED_TX,Exchange Hot Wallet
36716791,2,BTC_TX_36716791,336716791pL7,7.6615,EXCHANGE_DEPOSIT,UTXO Confirmed,Bitcoin Mainnet,0.3057,NORMAL,CONSOLIDATED_TX,Exchange Hot Wallet
230520418,2,BTC_TX_230520418,3230520418pL7,3.2389,EXCHANGE_DEPOSIT,UTXO Confirmed,Bitcoin Mainnet,0.1876,NORMAL,CONSOLIDATED_TX,Exchange Hot Wallet
63851320,1,BTC_TX_63851320,163851320x9Q,20.1181,CRYPTO_MIXER_HOP,UTXO Mempool,Bitcoin Mainnet,0.8607,HIGH_CONFIDENCE,UNSPENT_OUTPUT,Cold Storage Address
27527984,2,BTC_TX_27527984,327527984pL7,8.0917,COMMERCIAL_SETTLEMENT,UTXO Confirmed,Bitcoin Mainnet,0.1335,NORMAL,CONSOLIDATED_TX,Exchange Hot Wallet
94654163,1,BTC_TX_94654163,194654163x9Q,4.9749,DARKNET_MARKET,UTXO Mempool,Bitcoin Mainnet,0.9248,HIGH_CONFIDENCE,UNSPENT_OUTPUT,Cold Storage Address
3404363,2,BTC_TX_3404363,33404363pL7,14.889,MERCHANT_GATEWAY,UTXO Confirmed,Bitcoin Mainnet,0.011,NORMAL,CONSOLIDATED_TX,Exchange Hot Wallet
230539729,2,BTC_TX_230539729,3230539729pL7,2.6408,EXCHANGE_DEPOSIT,UTXO Confirmed,Bitcoin Mainnet,0.3407,NORMAL,CONSOLIDATED_TX,Exchange Hot Wallet
51860219,2,BTC_TX_51860219,351860219pL7,0.6142,COMMERCIAL_SETTLEMENT,UTXO Confirmed,Bitcoin Mainnet,0.0662,NORMAL,CONSOLIDATED_TX,Exchange Hot Wallet
230540206,2,BTC_TX_230540206,3230540206pL7,4.6,MERCHANT_GATEWAY,UTXO Confirmed,Bitcoin Mainnet,0.3036,NORMAL,CONSOLIDATED_TX,Exchange Hot Wallet
232039890,2,BTC_TX_232039890,3232039890pL7,9.9032,EXCHANGE_DEPOSIT,UTXO Confirmed,Bitcoin Mainnet,0.0766,NORMAL,CONSOLIDATED_TX,Exchange Hot Wallet
232440020,2,BTC_TX_232440020,3232440020pL7,0.6297,MERCHANT_GATEWAY,UTXO Confirmed,Bitcoin Mainnet,0.0193,NORMAL,CONSOLIDATED_TX,Exchange Hot Wallet
232470704,2,BTC_TX_232470704,3232470704pL7,18.5078,COMMERCIAL_SETTLEMENT,UTXO Confirmed,Bitcoin Mainnet,0.2138,NORMAL,CONSOLIDATED_TX,Exchange Hot Wallet
22717812,1,BTC_TX_22717812,122717812x9Q,0.8692,RANSOMWARE_PAYOUT,UTXO Mempool,Bitcoin Mainnet,0.976,HIGH_CONFIDENCE,UNSPENT_OUTPUT,Cold Storage Address
230406515,2,BTC_TX_230406515,3230406515pL7,0.8902,COMMERCIAL_SETTLEMENT,UTXO Confirmed,Bitcoin Mainnet,0.3083,NORMAL,CONSOLIDATED_TX,Exchange Hot Wallet
230539308,2,BTC_TX_230539308,3230539308pL7,5.1437,EXCHANGE_DEPOSIT,UTXO Confirmed,Bitcoin Mainnet,0.038,NORMAL,CONSOLIDATED_TX,Exchange Hot Wallet
232072340,2,BTC_TX_232072340,3232072340pL7,7.2984,EXCHANGE_DEPOSIT,UTXO Confirmed,Bitcoin Mainnet,0.05,NORMAL,CONSOLIDATED_TX,Exchange Hot Wallet
230531645,2,BTC_TX_230531645,3230531645pL7,0.4806,COMMERCIAL_SETTLEMENT,UTXO Confirmed,Bitcoin Mainnet,0.3107,NORMAL,CONSOLIDATED_TX,Exchange Hot Wallet
232458515,2,BTC_TX_232458515,3232458515pL7,16.5663,COMMERCIAL_SETTLEMENT,UTXO Confirmed,Bitcoin Mainnet,0.1659,NORMAL,CONSOLIDATED_TX,Exchange Hot Wallet
82072649,2,BTC_TX_82072649,382072649pL7,0.6921,EXCHANGE_DEPOSIT,UTXO Confirmed,Bitcoin Mainnet,0.0993,NORMAL,CONSOLIDATED_TX,Exchange Hot Wallet
230389794,2,BTC_TX_230389794,3230389794pL7,5.3999,COMMERCIAL_SETTLEMENT,UTXO Confirmed,Bitcoin Mainnet,0.2887,NORMAL,CONSOLIDATED_TX,Exchange Hot Wallet
231177927,2,BTC_TX_231177927,3231177927pL7,3.879,MERCHANT_GATEWAY,UTXO Confirmed,Bitcoin Mainnet,0.0607,NORMAL,CONSOLIDATED_TX,Exchange Hot Wallet
232444882,2,BTC_TX_232444882,3232444882pL7,0.3154,EXCHANGE_DEPOSIT,UTXO Confirmed,Bitcoin Mainnet,0.3414,NORMAL,CONSOLIDATED_TX,Exchange Hot Wallet
230550396,2,BTC_TX_230550396,3230550396pL7,1.4933,EXCHANGE_DEPOSIT,UTXO Confirmed,Bitcoin Mainnet,0.1533,NORMAL,CONSOLIDATED_TX,Exchange Hot Wallet
86706815,1,BTC_TX_86706815,186706815x9Q,38.7415,RANSOMWARE_PAYOUT,UTXO Mempool,Bitcoin Mainnet,0.9787,HIGH_CONFIDENCE,UNSPENT_OUTPUT,Cold Storage Address
98728644,1,BTC_TX_98728644,198728644x9Q,25.2102,CRYPTO_MIXER_HOP,UTXO Mempool,Bitcoin Mainnet,0.8885,HIGH_CONFIDENCE,UNSPENT_OUTPUT,Cold Storage Address
190427448,1,BTC_TX_190427448,1190427448x9Q,4.5624,DARKNET_MARKET,UTXO Mempool,Bitcoin Mainnet,0.8996,HIGH_CONFIDENCE,UNSPENT_OUTPUT,Cold Storage Address
289270308,1,BTC_TX_289270308,1289270308x9Q,23.569,DARKNET_MARKET,UTXO Mempool,Bitcoin Mainnet,0.9771,HIGH_CONFIDENCE,UNSPENT_OUTPUT,Cold Storage Address
97107057,1,BTC_TX_97107057,197107057x9Q,0.5831,DARKNET_MARKET,UTXO Mempool,Bitcoin Mainnet,0.8738,HIGH_CONFIDENCE,UNSPENT_OUTPUT,Cold Storage Address
245146107,1,BTC_TX_245146107,1245146107x9Q,4.9919,RANSOMWARE_PAYOUT,UTXO Mempool,Bitcoin Mainnet,0.906,HIGH_CONFIDENCE,UNSPENT_OUTPUT,Cold Storage Address
190009101,1,BTC_TX_190009101,1190009101x9Q,51.5126,DARKNET_MARKET,UTXO Mempool,Bitcoin Mainnet,0.9691,HIGH_CONFIDENCE,UNSPENT_OUTPUT,Cold Storage Address
232439983,2,BTC_TX_232439983,3232439983pL7,5.4752,MERCHANT_GATEWAY,UTXO Confirmed,Bitcoin Mainnet,0.3319,NORMAL,CONSOLIDATED_TX,Exchange Hot Wallet
232453404,2,BTC_TX_232453404,3232453404pL7,2.3541,MERCHANT_GATEWAY,UTXO Confirmed,Bitcoin Mainnet,0.1118,NORMAL,CONSOLIDATED_TX,Exchange Hot Wallet
84673906,2,BTC_TX_84673906,384673906pL7,7.7085,EXCHANGE_DEPOSIT,UTXO Confirmed,Bitcoin Mainnet,0.1464,NORMAL,CONSOLIDATED_TX,Exchange Hot Wallet
230969378,2,BTC_TX_230969378,3230969378pL7,3.449,COMMERCIAL_SETTLEMENT,UTXO Confirmed,Bitcoin Mainnet,0.1675,NORMAL,CONSOLIDATED_TX,Exchange Hot Wallet
232347748,2,BTC_TX_232347748,3232347748pL7,6.4944,EXCHANGE_DEPOSIT,UTXO Confirmed,Bitcoin Mainnet,0.1844,NORMAL,CONSOLIDATED_TX,Exchange Hot Wallet
189798829,1,BTC_TX_189798829,1189798829x9Q,0.7337,CRYPTO_MIXER_HOP,UTXO Mempool,Bitcoin Mainnet,0.8815,HIGH_CONFIDENCE,UNSPENT_OUTPUT,Cold Storage Address
230470037,2,BTC_TX_230470037,3230470037pL7,3.0729,COMMERCIAL_SETTLEMENT,UTXO Confirmed,Bitcoin Mainnet,0.2567,NORMAL,CONSOLIDATED_TX,Exchange Hot Wallet
11011839,2,BTC_TX_11011839,311011839pL7,3.9303,EXCHANGE_DEPOSIT,UTXO Confirmed,Bitcoin Mainnet,0.1705,NORMAL,CONSOLIDATED_TX,Exchange Hot Wallet
232703120,2,BTC_TX_232703120,3232703120pL7,2.1002,MERCHANT_GATEWAY,UTXO Confirmed,Bitcoin Mainnet,0.1426,NORMAL,CONSOLIDATED_TX,Exchange Hot Wallet
94654126,1,BTC_TX_94654126,194654126x9Q,4.57,CRYPTO_MIXER_HOP,UTXO Mempool,Bitcoin Mainnet,0.9576,HIGH_CONFIDENCE,UNSPENT_OUTPUT,Cold Storage Address
3403739,2,BTC_TX_3403739,33403739pL7,4.4823,MERCHANT_GATEWAY,UTXO Confirmed,Bitcoin Mainnet,0.2721,NORMAL,CONSOLIDATED_TX,Exchange Hot Wallet
2865010,2,BTC_TX_2865010,32865010pL7,1.9049,MERCHANT_GATEWAY,UTXO Confirmed,Bitcoin Mainnet,0.1997,NORMAL,CONSOLIDATED_TX,Exchange Hot Wallet
230437638,2,BTC_TX_230437638,3230437638pL7,2.4713,EXCHANGE_DEPOSIT,UTXO Confirmed,Bitcoin Mainnet,0.2911,NORMAL,CONSOLIDATED_TX,Exchange Hot Wallet
232795825,2,BTC_TX_232795825,3232795825pL7,4.5699,EXCHANGE_DEPOSIT,UTXO Confirmed,Bitcoin Mainnet,0.1389,NORMAL,CONSOLIDATED_TX,Exchange Hot Wallet
3877919,2,BTC_TX_3877919,33877919pL7,8.7686,COMMERCIAL_SETTLEMENT,UTXO Confirmed,Bitcoin Mainnet,0.25,NORMAL,CONSOLIDATED_TX,Exchange Hot Wallet
232447731,2,BTC_TX_232447731,3232447731pL7,2.5311,COMMERCIAL_SETTLEMENT,UTXO Confirmed,Bitcoin Mainnet,0.1417,NORMAL,CONSOLIDATED_TX,Exchange Hot Wallet
258961960,1,BTC_TX_258961960,1258961960x9Q,7.882,RANSOMWARE_PAYOUT,UTXO Mempool,Bitcoin Mainnet,0.8804,HIGH_CONFIDENCE,UNSPENT_OUTPUT,Cold Storage Address
230539713,2,BTC_TX_230539713,3230539713pL7,13.7324,MERCHANT_GATEWAY,UTXO Confirmed,Bitcoin Mainnet,0.0484,NORMAL,CONSOLIDATED_TX,Exchange Hot Wallet
232034264,2,BTC_TX_232034264,3232034264pL7,36.7697,MERCHANT_GATEWAY,UTXO Confirmed,Bitcoin Mainnet,0.0548,NORMAL,CONSOLIDATED_TX,Exchange Hot Wallet
230941366,2,BTC_TX_230941366,3230941366pL7,14.7655,EXCHANGE_DEPOSIT,UTXO Confirmed,Bitcoin Mainnet,0.0672,NORMAL,CONSOLIDATED_TX,Exchange Hot Wallet
3239815,2,BTC_TX_3239815,33239815pL7,9.6306,COMMERCIAL_SETTLEMENT,UTXO Confirmed,Bitcoin Mainnet,0.1109,NORMAL,CONSOLIDATED_TX,Exchange Hot Wallet
231177887,2,BTC_TX_231177887,3231177887pL7,6.336,EXCHANGE_DEPOSIT,UTXO Confirmed,Bitcoin Mainnet,0.2543,NORMAL,CONSOLIDATED_TX,Exchange Hot Wallet
230405597,2,BTC_TX_230405597,3230405597pL7,3.8704,EXCHANGE_DEPOSIT,UTXO Confirmed,Bitcoin Mainnet,0.2895,NORMAL,CONSOLIDATED_TX,Exchange Hot Wallet
230680288,2,BTC_TX_230680288,3230680288pL7,0.386,COMMERCIAL_SETTLEMENT,UTXO Confirmed,Bitcoin Mainnet,0.1192,NORMAL,CONSOLIDATED_TX,Exchange Hot Wallet
231177063,2,BTC_TX_231177063,3231177063pL7,13.5607,EXCHANGE_DEPOSIT,UTXO Confirmed,Bitcoin Mainnet,0.2472,NORMAL,CONSOLIDATED_TX,Exchange Hot Wallet
232440022,2,BTC_TX_232440022,3232440022pL7,11.4363,EXCHANGE_DEPOSIT,UTXO Confirmed,Bitcoin Mainnet,0.0387,NORMAL,CONSOLIDATED_TX,Exchange Hot Wallet
232448376,2,BTC_TX_232448376,3232448376pL7,1.9504,COMMERCIAL_SETTLEMENT,UTXO Confirmed,Bitcoin Mainnet,0.2753,NORMAL,CONSOLIDATED_TX,Exchange Hot Wallet
231995264,2,BTC_TX_231995264,3231995264pL7,1.0815,EXCHANGE_DEPOSIT,UTXO Confirmed,Bitcoin Mainnet,0.2246,NORMAL,CONSOLIDATED_TX,Exchange Hot Wallet
230451735,2,BTC_TX_230451735,3230451735pL7,6.3471,EXCHANGE_DEPOSIT,UTXO Confirmed,Bitcoin Mainnet,0.0722,NORMAL,CONSOLIDATED_TX,Exchange Hot Wallet
231995257,2,BTC_TX_231995257,3231995257pL7,6.7072,COMMERCIAL_SETTLEMENT,UTXO Confirmed,Bitcoin Mainnet,0.0396,NORMAL,CONSOLIDATED_TX,Exchange Hot Wallet
94654142,1,BTC_TX_94654142,194654142x9Q,5.6321,DARKNET_MARKET,UTXO Mempool,Bitcoin Mainnet,0.9248,HIGH_CONFIDENCE,UNSPENT_OUTPUT,Cold Storage Address
230471914,2,BTC_TX_230471914,3230471914pL7,4.1338,COMMERCIAL_SETTLEMENT,UTXO Confirmed,Bitcoin Mainnet,0.2664,NORMAL,CONSOLIDATED_TX,Exchange Hot Wallet
232427169,2,BTC_TX_232427169,3232427169pL7,4.951,MERCHANT_GATEWAY,UTXO Confirmed,Bitcoin Mainnet,0.1581,NORMAL,CONSOLIDATED_TX,Exchange Hot Wallet
230528710,2,BTC_TX_230528710,3230528710pL7,8.8165,MERCHANT_GATEWAY,UTXO Confirmed,Bitcoin Mainnet,0.2548,NORMAL,CONSOLIDATED_TX,Exchange Hot Wallet
3881097,2,BTC_TX_3881097,33881097pL7,6.0195,COMMERCIAL_SETTLEMENT,UTXO Confirmed,Bitcoin Mainnet,0.256,NORMAL,CONSOLIDATED_TX,Exchange Hot Wallet
232051089,2,BTC_TX_232051089,3232051089pL7,0.0766,COMMERCIAL_SETTLEMENT,UTXO Confirmed,Bitcoin Mainnet,0.1754,NORMAL,CONSOLIDATED_TX,Exchange Hot Wallet
232439984,2,BTC_TX_232439984,3232439984pL7,6.6202,MERCHANT_GATEWAY,UTXO Confirmed,Bitcoin Mainnet,0.2636,NORMAL,CONSOLIDATED_TX,Exchange Hot Wallet
232009704,2,BTC_TX_232009704,3232009704pL7,15.8143,COMMERCIAL_SETTLEMENT,UTXO Confirmed,Bitcoin Mainnet,0.0494,NORMAL,CONSOLIDATED_TX,Exchange Hot Wallet
232898395,2,BTC_TX_232898395,3232898395pL7,2.303,MERCHANT_GATEWAY,UTXO Confirmed,Bitcoin Mainnet,0.0462,NORMAL,CONSOLIDATED_TX,Exchange Hot Wallet
3880029,2,BTC_TX_3880029,33880029pL7,9.1454,COMMERCIAL_SETTLEMENT,UTXO Confirmed,Bitcoin Mainnet,0.1503,NORMAL,CONSOLIDATED_TX,Exchange Hot Wallet
232392931,2,BTC_TX_232392931,3232392931pL7,12.6012,COMMERCIAL_SETTLEMENT,UTXO Confirmed,Bitcoin Mainnet,0.1557,NORMAL,CONSOLIDATED_TX,Exchange Hot Wallet
230414055,2,BTC_TX_230414055,3230414055pL7,1.5805,EXCHANGE_DEPOSIT,UTXO Confirmed,Bitcoin Mainnet,0.2828,NORMAL,CONSOLIDATED_TX,Exchange Hot Wallet
232035283,2,BTC_TX_232035283,3232035283pL7,5.7543,MERCHANT_GATEWAY,UTXO Confirmed,Bitcoin Mainnet,0.3065,NORMAL,CONSOLIDATED_TX,Exchange Hot Wallet
94653823,1,BTC_TX_94653823,194653823x9Q,18.7113,DARKNET_MARKET,UTXO Mempool,Bitcoin Mainnet,0.9089,HIGH_CONFIDENCE,UNSPENT_OUTPUT,Cold Storage Address
40623301,2,BTC_TX_40623301,340623301pL7,3.3811,MERCHANT_GATEWAY,UTXO Confirmed,Bitcoin Mainnet,0.2566,NORMAL,CONSOLIDATED_TX,Exchange Hot Wallet
230520120,2,BTC_TX_230520120,3230520120pL7,2.1467,COMMERCIAL_SETTLEMENT,UTXO Confirmed,Bitcoin Mainnet,0.0402,NORMAL,CONSOLIDATED_TX,Exchange Hot Wallet
230437632,2,BTC_TX_230437632,3230437632pL7,3.185,MERCHANT_GATEWAY,UTXO Confirmed,Bitcoin Mainnet,0.0542,NORMAL,CONSOLIDATED_TX,Exchange Hot Wallet
230436742,2,BTC_TX_230436742,3230436742pL7,0.4892,MERCHANT_GATEWAY,UTXO Confirmed,Bitcoin Mainnet,0.1759,NORMAL,CONSOLIDATED_TX,Exchange Hot Wallet
230471551,2,BTC_TX_230471551,3230471551pL7,5.0557,EXCHANGE_DEPOSIT,UTXO Confirmed,Bitcoin Mainnet,0.1536,NORMAL,CONSOLIDATED_TX,Exchange Hot Wallet
232444502,2,BTC_TX_232444502,3232444502pL7,1.0757,MERCHANT_GATEWAY,UTXO Confirmed,Bitcoin Mainnet,0.172,NORMAL,CONSOLIDATED_TX,Exchange Hot Wallet
230339649,2,BTC_TX_230339649,3230339649pL7,2.5349,EXCHANGE_DEPOSIT,UTXO Confirmed,Bitcoin Mainnet,0.2921,NORMAL,CONSOLIDATED_TX,Exchange Hot Wallet
189984406,1,BTC_TX_189984406,1189984406x9Q,23.2034,DARKNET_MARKET,UTXO Mempool,Bitcoin Mainnet,0.9336,HIGH_CONFIDENCE,UNSPENT_OUTPUT,Cold Storage Address
115437800,1,BTC_TX_115437800,1115437800x9Q,4.3092,RANSOMWARE_PAYOUT,UTXO Mempool,Bitcoin Mainnet,0.8543,HIGH_CONFIDENCE,UNSPENT_OUTPUT,Cold Storage Address
232002739,2,BTC_TX_232002739,3232002739pL7,12.583,EXCHANGE_DEPOSIT,UTXO Confirmed,Bitcoin Mainnet,0.1268,NORMAL,CONSOLIDATED_TX,Exchange Hot Wallet
232415197,2,BTC_TX_232415197,3232415197pL7,6.6068,COMMERCIAL_SETTLEMENT,UTXO Confirmed,Bitcoin Mainnet,0.2972,NORMAL,CONSOLIDATED_TX,Exchange Hot Wallet
191103777,1,BTC_TX_191103777,1191103777x9Q,0.5761,CRYPTO_MIXER_HOP,UTXO Mempool,Bitcoin Mainnet,0.8707,HIGH_CONFIDENCE,UNSPENT_OUTPUT,Cold Storage Address
232054858,2,BTC_TX_232054858,3232054858pL7,3.3299,COMMERCIAL_SETTLEMENT,UTXO Confirmed,Bitcoin Mainnet,0.1708,NORMAL,CONSOLIDATED_TX,Exchange Hot Wallet
224256963,1,BTC_TX_224256963,1224256963x9Q,7.1584,CRYPTO_MIXER_HOP,UTXO Mempool,Bitcoin Mainnet,0.8864,HIGH_CONFIDENCE,UNSPENT_OUTPUT,Cold Storage Address
286654752,1,BTC_TX_286654752,1286654752x9Q,1.2135,CRYPTO_MIXER_HOP,UTXO Mempool,Bitcoin Mainnet,0.9174,HIGH_CONFIDENCE,UNSPENT_OUTPUT,Cold Storage Address
231223914,2,BTC_TX_231223914,3231223914pL7,7.4182,EXCHANGE_DEPOSIT,UTXO Confirmed,Bitcoin Mainnet,0.2909,NORMAL,CONSOLIDATED_TX,Exchange Hot Wallet
230523280,2,BTC_TX_230523280,3230523280pL7,9.8851,COMMERCIAL_SETTLEMENT,UTXO Confirmed,Bitcoin Mainnet,0.2877,NORMAL,CONSOLIDATED_TX,Exchange Hot Wallet
230526938,2,BTC_TX_230526938,3230526938pL7,9.4173,COMMERCIAL_SETTLEMENT,UTXO Confirmed,Bitcoin Mainnet,0.0319,NORMAL,CONSOLIDATED_TX,Exchange Hot Wallet
232042969,2,BTC_TX_232042969,3232042969pL7,1.3279,COMMERCIAL_SETTLEMENT,UTXO Confirmed,Bitcoin Mainnet,0.116,NORMAL,CONSOLIDATED_TX,Exchange Hot Wallet
232353289,2,BTC_TX_232353289,3232353289pL7,4.1075,COMMERCIAL_SETTLEMENT,UTXO Confirmed,Bitcoin Mainnet,0.0896,NORMAL,CONSOLIDATED_TX,Exchange Hot Wallet
94654144,1,BTC_TX_94654144,194654144x9Q,27.5547,CRYPTO_MIXER_HOP,UTXO Mempool,Bitcoin Mainnet,0.8978,HIGH_CONFIDENCE,UNSPENT_OUTPUT,Cold Storage Address
232457123,2,BTC_TX_232457123,3232457123pL7,2.7599,MERCHANT_GATEWAY,UTXO Confirmed,Bitcoin Mainnet,0.2015,NORMAL,CONSOLIDATED_TX,Exchange Hot Wallet
230683551,2,BTC_TX_230683551,3230683551pL7,9.9189,COMMERCIAL_SETTLEMENT,UTXO Confirmed,Bitcoin Mainnet,0.1171,NORMAL,CONSOLIDATED_TX,Exchange Hot Wallet
231836233,2,BTC_TX_231836233,3231836233pL7,0.1401,COMMERCIAL_SETTLEMENT,UTXO Confirmed,Bitcoin Mainnet,0.165,NORMAL,CONSOLIDATED_TX,Exchange Hot Wallet
86738862,1,BTC_TX_86738862,186738862x9Q,12.2361,RANSOMWARE_PAYOUT,UTXO Mempool,Bitcoin Mainnet,0.9532,HIGH_CONFIDENCE,UNSPENT_OUTPUT,Cold Storage Address
94654255,1,BTC_TX_94654255,194654255x9Q,4.8509,CRYPTO_MIXER_HOP,UTXO Mempool,Bitcoin Mainnet,0.9764,HIGH_CONFIDENCE,UNSPENT_OUTPUT,Cold Storage Address
232344790,2,BTC_TX_232344790,3232344790pL7,5.0046,EXCHANGE_DEPOSIT,UTXO Confirmed,Bitcoin Mainnet,0.2901,NORMAL,CONSOLIDATED_TX,Exchange Hot Wallet
232468004,2,BTC_TX_232468004,3232468004pL7,12.1928,MERCHANT_GATEWAY,UTXO Confirmed,Bitcoin Mainnet,0.2111,NORMAL,CONSOLIDATED_TX,Exchange Hot Wallet
230473478,2,BTC_TX_230473478,3230473478pL7,0.6297,COMMERCIAL_SETTLEMENT,UTXO Confirmed,Bitcoin Mainnet,0.254,NORMAL,CONSOLIDATED_TX,Exchange Hot Wallet
230639246,2,BTC_TX_230639246,3230639246pL7,2.0734,EXCHANGE_DEPOSIT,UTXO Confirmed,Bitcoin Mainnet,0.1558,NORMAL,CONSOLIDATED_TX,Exchange Hot Wallet
232050845,2,BTC_TX_232050845,3232050845pL7,4.6414,COMMERCIAL_SETTLEMENT,UTXO Confirmed,Bitcoin Mainnet,0.2127,NORMAL,CONSOLIDATED_TX,Exchange Hot Wallet
190427446,1,BTC_TX_190427446,1190427446x9Q,29.2608,CRYPTO_MIXER_HOP,UTXO Mempool,Bitcoin Mainnet,0.9628,HIGH_CONFIDENCE,UNSPENT_OUTPUT,Cold Storage Address
230464782,2,BTC_TX_230464782,3230464782pL7,2.8928,COMMERCIAL_SETTLEMENT,UTXO Confirmed,Bitcoin Mainnet,0.2547,NORMAL,CONSOLIDATED_TX,Exchange Hot Wallet
230468660,2,BTC_TX_230468660,3230468660pL7,0.0755,COMMERCIAL_SETTLEMENT,UTXO Confirmed,Bitcoin Mainnet,0.2682,NORMAL,CONSOLIDATED_TX,Exchange Hot Wallet
230674241,2,BTC_TX_230674241,3230674241pL7,7.6552,EXCHANGE_DEPOSIT,UTXO Confirmed,Bitcoin Mainnet,0.167,NORMAL,CONSOLIDATED_TX,Exchange Hot Wallet
232443223,2,BTC_TX_232443223,3232443223pL7,6.0531,COMMERCIAL_SETTLEMENT,UTXO Confirmed,Bitcoin Mainnet,0.2003,NORMAL,CONSOLIDATED_TX,Exchange Hot Wallet
1494462,2,BTC_TX_1494462,31494462pL7,0.8377,EXCHANGE_DEPOSIT,UTXO Confirmed,Bitcoin Mainnet,0.0477,NORMAL,CONSOLIDATED_TX,Exchange Hot Wallet
16809915,1,BTC_TX_16809915,116809915x9Q,3.5658,RANSOMWARE_PAYOUT,UTXO Mempool,Bitcoin Mainnet,0.9623,HIGH_CONFIDENCE,UNSPENT_OUTPUT,Cold Storage Address
230468734,2,BTC_TX_230468734,3230468734pL7,0.9456,COMMERCIAL_SETTLEMENT,UTXO Confirmed,Bitcoin Mainnet,0.1005,NORMAL,CONSOLIDATED_TX,Exchange Hot Wallet
17387772,1,BTC_TX_17387772,117387772x9Q,20.2512,DARKNET_MARKET,UTXO Mempool,Bitcoin Mainnet,0.9803,HIGH_CONFIDENCE,UNSPENT_OUTPUT,Cold Storage Address
230468042,2,BTC_TX_230468042,3230468042pL7,2.9241,EXCHANGE_DEPOSIT,UTXO Confirmed,Bitcoin Mainnet,0.1629,NORMAL,CONSOLIDATED_TX,Exchange Hot Wallet
232036661,2,BTC_TX_232036661,3232036661pL7,2.4307,EXCHANGE_DEPOSIT,UTXO Confirmed,Bitcoin Mainnet,0.2778,NORMAL,CONSOLIDATED_TX,Exchange Hot Wallet
232040050,2,BTC_TX_232040050,3232040050pL7,3.2261,MERCHANT_GATEWAY,UTXO Confirmed,Bitcoin Mainnet,0.1515,NORMAL,CONSOLIDATED_TX,Exchange Hot Wallet
230557027,2,BTC_TX_230557027,3230557027pL7,2.7912,COMMERCIAL_SETTLEMENT,UTXO Confirmed,Bitcoin Mainnet,0.2478,NORMAL,CONSOLIDATED_TX,Exchange Hot Wallet
232361286,2,BTC_TX_232361286,3232361286pL7,1.1942,MERCHANT_GATEWAY,UTXO Confirmed,Bitcoin Mainnet,0.259,NORMAL,CONSOLIDATED_TX,Exchange Hot Wallet
230523200,2,BTC_TX_230523200,3230523200pL7,1.3642,MERCHANT_GATEWAY,UTXO Confirmed,Bitcoin Mainnet,0.2606,NORMAL,CONSOLIDATED_TX,Exchange Hot Wallet
3857826,2,BTC_TX_3857826,33857826pL7,0.705,MERCHANT_GATEWAY,UTXO Confirmed,Bitcoin Mainnet,0.1528,NORMAL,CONSOLIDATED_TX,Exchange Hot Wallet
232907285,2,BTC_TX_232907285,3232907285pL7,8.2865,EXCHANGE_DEPOSIT,UTXO Confirmed,Bitcoin Mainnet,0.2608,NORMAL,CONSOLIDATED_TX,Exchange Hot Wallet
286756215,1,BTC_TX_286756215,1286756215x9Q,45.1053,RANSOMWARE_PAYOUT,UTXO Mempool,Bitcoin Mainnet,0.8962,HIGH_CONFIDENCE,UNSPENT_OUTPUT,Cold Storage Address
296057714,1,BTC_TX_296057714,1296057714x9Q,3.3044,RANSOMWARE_PAYOUT,UTXO Mempool,Bitcoin Mainnet,0.9487,HIGH_CONFIDENCE,UNSPENT_OUTPUT,Cold Storage Address
189799399,1,BTC_TX_189799399,1189799399x9Q,10.9765,DARKNET_MARKET,UTXO Mempool,Bitcoin Mainnet,0.9532,HIGH_CONFIDENCE,UNSPENT_OUTPUT,Cold Storage Address
24615598,2,BTC_TX_24615598,324615598pL7,9.8092,EXCHANGE_DEPOSIT,UTXO Confirmed,Bitcoin Mainnet,0.0541,NORMAL,CONSOLIDATED_TX,Exchange Hot Wallet
191108962,1,BTC_TX_191108962,1191108962x9Q,35.1016,CRYPTO_MIXER_HOP,UTXO Mempool,Bitcoin Mainnet,0.9463,HIGH_CONFIDENCE,UNSPENT_OUTPUT,Cold Storage Address
230555921,2,BTC_TX_230555921,3230555921pL7,5.9662,COMMERCIAL_SETTLEMENT,UTXO Confirmed,Bitcoin Mainnet,0.1012,NORMAL,CONSOLIDATED_TX,Exchange Hot Wallet
232947878,1,BTC_TX_232947878,1232947878x9Q,14.1941,CRYPTO_MIXER_HOP,UTXO Mempool,Bitcoin Mainnet,0.9864,HIGH_CONFIDENCE,UNSPENT_OUTPUT,Cold Storage Address
190009102,1,BTC_TX_190009102,1190009102x9Q,14.4874,DARKNET_MARKET,UTXO Mempool,Bitcoin Mainnet,0.9564,HIGH_CONFIDENCE,UNSPENT_OUTPUT,Cold Storage Address
230595373,2,BTC_TX_230595373,3230595373pL7,5.9257,EXCHANGE_DEPOSIT,UTXO Confirmed,Bitcoin Mainnet,0.0301,NORMAL,CONSOLIDATED_TX,Exchange Hot Wallet
234457549,2,BTC_TX_234457549,3234457549pL7,10.1768,MERCHANT_GATEWAY,UTXO Confirmed,Bitcoin Mainnet,0.1302,NORMAL,CONSOLIDATED_TX,Exchange Hot Wallet
230918484,2,BTC_TX_230918484,3230918484pL7,8.8496,EXCHANGE_DEPOSIT,UTXO Confirmed,Bitcoin Mainnet,0.1735,NORMAL,CONSOLIDATED_TX,Exchange Hot Wallet
94654153,1,BTC_TX_94654153,194654153x9Q,1.7016,DARKNET_MARKET,UTXO Mempool,Bitcoin Mainnet,0.9468,HIGH_CONFIDENCE,UNSPENT_OUTPUT,Cold Storage Address
226889376,2,BTC_TX_226889376,3226889376pL7,2.5818,MERCHANT_GATEWAY,UTXO Confirmed,Bitcoin Mainnet,0.0665,NORMAL,CONSOLIDATED_TX,Exchange Hot Wallet
225878097,1,BTC_TX_225878097,1225878097x9Q,1.6539,CRYPTO_MIXER_HOP,UTXO Mempool,Bitcoin Mainnet,0.9004,HIGH_CONFIDENCE,UNSPENT_OUTPUT,Cold Storage Address
121712094,1,BTC_TX_121712094,1121712094x9Q,6.0873,CRYPTO_MIXER_HOP,UTXO Mempool,Bitcoin Mainnet,0.8879,HIGH_CONFIDENCE,UNSPENT_OUTPUT,Cold Storage Address
89273,2,BTC_TX_89273,389273pL7,5.8191,COMMERCIAL_SETTLEMENT,UTXO Confirmed,Bitcoin Mainnet,0.2432,NORMAL,CONSOLIDATED_TX,Exchange Hot Wallet
224209550,1,BTC_TX_224209550,1224209550x9Q,6.5273,RANSOMWARE_PAYOUT,UTXO Mempool,Bitcoin Mainnet,0.9076,HIGH_CONFIDENCE,UNSPENT_OUTPUT,Cold Storage Address
230336184,2,BTC_TX_230336184,3230336184pL7,0.2239,COMMERCIAL_SETTLEMENT,UTXO Confirmed,Bitcoin Mainnet,0.1442,NORMAL,CONSOLIDATED_TX,Exchange Hot Wallet
230917943,2,BTC_TX_230917943,3230917943pL7,14.4892,COMMERCIAL_SETTLEMENT,UTXO Confirmed,Bitcoin Mainnet,0.2795,NORMAL,CONSOLIDATED_TX,Exchange Hot Wallet
29922517,2,BTC_TX_29922517,329922517pL7,3.3283,EXCHANGE_DEPOSIT,UTXO Confirmed,Bitcoin Mainnet,0.1095,NORMAL,CONSOLIDATED_TX,Exchange Hot Wallet
2912780,2,BTC_TX_2912780,32912780pL7,6.8678,MERCHANT_GATEWAY,UTXO Confirmed,Bitcoin Mainnet,0.0529,NORMAL,CONSOLIDATED_TX,Exchange Hot Wallet
230465219,2,BTC_TX_230465219,3230465219pL7,4.3577,EXCHANGE_DEPOSIT,UTXO Confirmed,Bitcoin Mainnet,0.1061,NORMAL,CONSOLIDATED_TX,Exchange Hot Wallet
230438538,2,BTC_TX_230438538,3230438538pL7,3.4967,COMMERCIAL_SETTLEMENT,UTXO Confirmed,Bitcoin Mainnet,0.0675,NORMAL,CONSOLIDATED_TX,Exchange Hot Wallet
4959428,2,BTC_TX_4959428,34959428pL7,2.6314,EXCHANGE_DEPOSIT,UTXO Confirmed,Bitcoin Mainnet,0.1131,NORMAL,CONSOLIDATED_TX,Exchange Hot Wallet
3897291,2,BTC_TX_3897291,33897291pL7,16.2429,MERCHANT_GATEWAY,UTXO Confirmed,Bitcoin Mainnet,0.1465,NORMAL,CONSOLIDATED_TX,Exchange Hot Wallet
231990430,1,BTC_TX_231990430,1231990430x9Q,3.0439,CRYPTO_MIXER_HOP,UTXO Mempool,Bitcoin Mainnet,0.8578,HIGH_CONFIDENCE,UNSPENT_OUTPUT,Cold Storage Address
232363568,2,BTC_TX_232363568,3232363568pL7,1.4136,MERCHANT_GATEWAY,UTXO Confirmed,Bitcoin Mainnet,0.1906,NORMAL,CONSOLIDATED_TX,Exchange Hot Wallet
31663613,2,BTC_TX_31663613,331663613pL7,10.9723,EXCHANGE_DEPOSIT,UTXO Confirmed,Bitcoin Mainnet,0.1108,NORMAL,CONSOLIDATED_TX,Exchange Hot Wallet
99222000,1,BTC_TX_99222000,199222000x9Q,8.8672,DARKNET_MARKET,UTXO Mempool,Bitcoin Mainnet,0.9173,HIGH_CONFIDENCE,UNSPENT_OUTPUT,Cold Storage Address
2758467,2,BTC_TX_2758467,32758467pL7,3.2872,MERCHANT_GATEWAY,UTXO Confirmed,Bitcoin Mainnet,0.2464,NORMAL,CONSOLIDATED_TX,Exchange Hot Wallet
230473461,2,BTC_TX_230473461,3230473461pL7,7.4395,MERCHANT_GATEWAY,UTXO Confirmed,Bitcoin Mainnet,0.125,NORMAL,CONSOLIDATED_TX,Exchange Hot Wallet
32120805,2,BTC_TX_32120805,332120805pL7,8.751,MERCHANT_GATEWAY,UTXO Confirmed,Bitcoin Mainnet,0.248,NORMAL,CONSOLIDATED_TX,Exchange Hot Wallet
230969607,2,BTC_TX_230969607,3230969607pL7,0.754,COMMERCIAL_SETTLEMENT,UTXO Confirmed,Bitcoin Mainnet,0.2137,NORMAL,CONSOLIDATED_TX,Exchange Hot Wallet
230539732,2,BTC_TX_230539732,3230539732pL7,5.3187,EXCHANGE_DEPOSIT,UTXO Confirmed,Bitcoin Mainnet,0.0835,NORMAL,CONSOLIDATED_TX,Exchange Hot Wallet
71369990,2,BTC_TX_71369990,371369990pL7,2.4722,COMMERCIAL_SETTLEMENT,UTXO Confirmed,Bitcoin Mainnet,0.2877,NORMAL,CONSOLIDATED_TX,Exchange Hot Wallet
232431910,2,BTC_TX_232431910,3232431910pL7,7.4256,COMMERCIAL_SETTLEMENT,UTXO Confirmed,Bitcoin Mainnet,0.0432,NORMAL,CONSOLIDATED_TX,Exchange Hot Wallet
231996113,2,BTC_TX_231996113,3231996113pL7,0.2241,EXCHANGE_DEPOSIT,UTXO Confirmed,Bitcoin Mainnet,0.2969,NORMAL,CONSOLIDATED_TX,Exchange Hot Wallet
94371210,1,BTC_TX_94371210,194371210x9Q,33.9622,CRYPTO_MIXER_HOP,UTXO Mempool,Bitcoin Mainnet,0.8787,HIGH_CONFIDENCE,UNSPENT_OUTPUT,Cold Storage Address
230468057,2,BTC_TX_230468057,3230468057pL7,5.3033,EXCHANGE_DEPOSIT,UTXO Confirmed,Bitcoin Mainnet,0.1967,NORMAL,CONSOLIDATED_TX,Exchange Hot Wallet
232438397,2,BTC_TX_232438397,3232438397pL7,0.3363,EXCHANGE_DEPOSIT,UTXO Confirmed,Bitcoin Mainnet,0.1418,NORMAL,CONSOLIDATED_TX,Exchange Hot Wallet
230555001,2,BTC_TX_230555001,3230555001pL7,6.4184,EXCHANGE_DEPOSIT,UTXO Confirmed,Bitcoin Mainnet,0.1397,NORMAL,CONSOLIDATED_TX,Exchange Hot Wallet
24155910,1,BTC_TX_24155910,124155910x9Q,18.9688,CRYPTO_MIXER_HOP,UTXO Mempool,Bitcoin Mainnet,0.9856,HIGH_CONFIDENCE,UNSPENT_OUTPUT,Cold Storage Address
190005963,1,BTC_TX_190005963,1190005963x9Q,19.917,DARKNET_MARKET,UTXO Mempool,Bitcoin Mainnet,0.8504,HIGH_CONFIDENCE,UNSPENT_OUTPUT,Cold Storage Address
231995064,2,BTC_TX_231995064,3231995064pL7,2.7889,EXCHANGE_DEPOSIT,UTXO Confirmed,Bitcoin Mainnet,0.1014,NORMAL,CONSOLIDATED_TX,Exchange Hot Wallet
224627785,1,BTC_TX_224627785,1224627785x9Q,15.1445,RANSOMWARE_PAYOUT,UTXO Mempool,Bitcoin Mainnet,0.8892,HIGH_CONFIDENCE,UNSPENT_OUTPUT,Cold Storage Address
230468693,2,BTC_TX_230468693,3230468693pL7,2.3748,EXCHANGE_DEPOSIT,UTXO Confirmed,Bitcoin Mainnet,0.2877,NORMAL,CONSOLIDATED_TX,Exchange Hot Wallet
3877983,2,BTC_TX_3877983,33877983pL7,19.7564,MERCHANT_GATEWAY,UTXO Confirmed,Bitcoin Mainnet,0.1259,NORMAL,CONSOLIDATED_TX,Exchange Hot Wallet
3878633,2,BTC_TX_3878633,33878633pL7,1.3572,MERCHANT_GATEWAY,UTXO Confirmed,Bitcoin Mainnet,0.2116,NORMAL,CONSOLIDATED_TX,Exchange Hot Wallet
190014303,1,BTC_TX_190014303,1190014303x9Q,3.424,CRYPTO_MIXER_HOP,UTXO Mempool,Bitcoin Mainnet,0.8842,HIGH_CONFIDENCE,UNSPENT_OUTPUT,Cold Storage Address
38062994,2,BTC_TX_38062994,338062994pL7,0.6704,MERCHANT_GATEWAY,UTXO Confirmed,Bitcoin Mainnet,0.3331,NORMAL,CONSOLIDATED_TX,Exchange Hot Wallet
12730539,1,BTC_TX_12730539,112730539x9Q,18.1597,CRYPTO_MIXER_HOP,UTXO Mempool,Bitcoin Mainnet,0.9682,HIGH_CONFIDENCE,UNSPENT_OUTPUT,Cold Storage Address
230642655,2,BTC_TX_230642655,3230642655pL7,10.7739,EXCHANGE_DEPOSIT,UTXO Confirmed,Bitcoin Mainnet,0.0663,NORMAL,CONSOLIDATED_TX,Exchange Hot Wallet
232054853,2,BTC_TX_232054853,3232054853pL7,4.612,EXCHANGE_DEPOSIT,UTXO Confirmed,Bitcoin Mainnet,0.332,NORMAL,CONSOLIDATED_TX,Exchange Hot Wallet
230557022,2,BTC_TX_230557022,3230557022pL7,7.0468,MERCHANT_GATEWAY,UTXO Confirmed,Bitcoin Mainnet,0.175,NORMAL,CONSOLIDATED_TX,Exchange Hot Wallet
190005865,1,BTC_TX_190005865,1190005865x9Q,7.9908,RANSOMWARE_PAYOUT,UTXO Mempool,Bitcoin Mainnet,0.8997,HIGH_CONFIDENCE,UNSPENT_OUTPUT,Cold Storage Address
232959333,2,BTC_TX_232959333,3232959333pL7,3.6435,COMMERCIAL_SETTLEMENT,UTXO Confirmed,Bitcoin Mainnet,0.3283,NORMAL,CONSOLIDATED_TX,Exchange Hot Wallet
21696456,2,BTC_TX_21696456,321696456pL7,2.6486,EXCHANGE_DEPOSIT,UTXO Confirmed,Bitcoin Mainnet,0.3184,NORMAL,CONSOLIDATED_TX,Exchange Hot Wallet
3878618,2,BTC_TX_3878618,33878618pL7,7.4601,MERCHANT_GATEWAY,UTXO Confirmed,Bitcoin Mainnet,0.055,NORMAL,CONSOLIDATED_TX,Exchange Hot Wallet
230649124,2,BTC_TX_230649124,3230649124pL7,21.1725,COMMERCIAL_SETTLEMENT,UTXO Confirmed,Bitcoin Mainnet,0.0347,NORMAL,CONSOLIDATED_TX,Exchange Hot Wallet
231998131,2,BTC_TX_231998131,3231998131pL7,4.2634,COMMERCIAL_SETTLEMENT,UTXO Confirmed,Bitcoin Mainnet,0.1245,NORMAL,CONSOLIDATED_TX,Exchange Hot Wallet
230528722,2,BTC_TX_230528722,3230528722pL7,4.6193,EXCHANGE_DEPOSIT,UTXO Confirmed,Bitcoin Mainnet,0.0175,NORMAL,CONSOLIDATED_TX,Exchange Hot Wallet
75604916,2,BTC_TX_75604916,375604916pL7,8.2319,EXCHANGE_DEPOSIT,UTXO Confirmed,Bitcoin Mainnet,0.2683,NORMAL,CONSOLIDATED_TX,Exchange Hot Wallet
232042915,2,BTC_TX_232042915,3232042915pL7,4.6031,MERCHANT_GATEWAY,UTXO Confirmed,Bitcoin Mainnet,0.2083,NORMAL,CONSOLIDATED_TX,Exchange Hot Wallet
2718195,2,BTC_TX_2718195,32718195pL7,1.8305,COMMERCIAL_SETTLEMENT,UTXO Confirmed,Bitcoin Mainnet,0.1622,NORMAL,CONSOLIDATED_TX,Exchange Hot Wallet
24141114,1,BTC_TX_24141114,124141114x9Q,30.6685,DARKNET_MARKET,UTXO Mempool,Bitcoin Mainnet,0.9264,HIGH_CONFIDENCE,UNSPENT_OUTPUT,Cold Storage Address
94654172,1,BTC_TX_94654172,194654172x9Q,4.6572,CRYPTO_MIXER_HOP,UTXO Mempool,Bitcoin Mainnet,0.9615,HIGH_CONFIDENCE,UNSPENT_OUTPUT,Cold Storage Address
3877087,2,BTC_TX_3877087,33877087pL7,7.4199,COMMERCIAL_SETTLEMENT,UTXO Confirmed,Bitcoin Mainnet,0.2236,NORMAL,CONSOLIDATED_TX,Exchange Hot Wallet
230527759,2,BTC_TX_230527759,3230527759pL7,6.3099,EXCHANGE_DEPOSIT,UTXO Confirmed,Bitcoin Mainnet,0.2889,NORMAL,CONSOLIDATED_TX,Exchange Hot Wallet
232448379,2,BTC_TX_232448379,3232448379pL7,10.5053,EXCHANGE_DEPOSIT,UTXO Confirmed,Bitcoin Mainnet,0.3178,NORMAL,CONSOLIDATED_TX,Exchange Hot Wallet
51140228,2,BTC_TX_51140228,351140228pL7,18.6038,COMMERCIAL_SETTLEMENT,UTXO Confirmed,Bitcoin Mainnet,0.104,NORMAL,CONSOLIDATED_TX,Exchange Hot Wallet
232454108,2,BTC_TX_232454108,3232454108pL7,5.2646,COMMERCIAL_SETTLEMENT,UTXO Confirmed,Bitcoin Mainnet,0.1952,NORMAL,CONSOLIDATED_TX,Exchange Hot Wallet
6134533,2,BTC_TX_6134533,36134533pL7,2.3828,MERCHANT_GATEWAY,UTXO Confirmed,Bitcoin Mainnet,0.1383,NORMAL,CONSOLIDATED_TX,Exchange Hot Wallet
230521269,2,BTC_TX_230521269,3230521269pL7,0.962,COMMERCIAL_SETTLEMENT,UTXO Confirmed,Bitcoin Mainnet,0.0632,NORMAL,CONSOLIDATED_TX,Exchange Hot Wallet
234459963,2,BTC_TX_234459963,3234459963pL7,16.4139,MERCHANT_GATEWAY,UTXO Confirmed,Bitcoin Mainnet,0.1886,NORMAL,CONSOLIDATED_TX,Exchange Hot Wallet
230473476,2,BTC_TX_230473476,3230473476pL7,4.7094,MERCHANT_GATEWAY,UTXO Confirmed,Bitcoin Mainnet,0.3145,NORMAL,CONSOLIDATED_TX,Exchange Hot Wallet
231192284,2,BTC_TX_231192284,3231192284pL7,3.128,COMMERCIAL_SETTLEMENT,UTXO Confirmed,Bitcoin Mainnet,0.1559,NORMAL,CONSOLIDATED_TX,Exchange Hot Wallet
230594521,2,BTC_TX_230594521,3230594521pL7,4.4869,EXCHANGE_DEPOSIT,UTXO Confirmed,Bitcoin Mainnet,0.24,NORMAL,CONSOLIDATED_TX,Exchange Hot Wallet
230612860,2,BTC_TX_230612860,3230612860pL7,5.0633,MERCHANT_GATEWAY,UTXO Confirmed,Bitcoin Mainnet,0.0192,NORMAL,CONSOLIDATED_TX,Exchange Hot Wallet
232907037,2,BTC_TX_232907037,3232907037pL7,15.9208,EXCHANGE_DEPOSIT,UTXO Confirmed,Bitcoin Mainnet,0.0185,NORMAL,CONSOLIDATED_TX,Exchange Hot Wallet
213736062,2,BTC_TX_213736062,3213736062pL7,1.5061,EXCHANGE_DEPOSIT,UTXO Confirmed,Bitcoin Mainnet,0.207,NORMAL,CONSOLIDATED_TX,Exchange Hot Wallet
232440097,2,BTC_TX_232440097,3232440097pL7,0.4425,MERCHANT_GATEWAY,UTXO Confirmed,Bitcoin Mainnet,0.3461,NORMAL,CONSOLIDATED_TX,Exchange Hot Wallet
230516004,2,BTC_TX_230516004,3230516004pL7,8.116,COMMERCIAL_SETTLEMENT,UTXO Confirmed,Bitcoin Mainnet,0.349,NORMAL,CONSOLIDATED_TX,Exchange Hot Wallet
190005864,1,BTC_TX_190005864,1190005864x9Q,33.8908,DARKNET_MARKET,UTXO Mempool,Bitcoin Mainnet,0.9408,HIGH_CONFIDENCE,UNSPENT_OUTPUT,Cold Storage Address
230437700,2,BTC_TX_230437700,3230437700pL7,4.6812,EXCHANGE_DEPOSIT,UTXO Confirmed,Bitcoin Mainnet,0.1781,NORMAL,CONSOLIDATED_TX,Exchange Hot Wallet
231133568,2,BTC_TX_231133568,3231133568pL7,0.906,MERCHANT_GATEWAY,UTXO Confirmed,Bitcoin Mainnet,0.2126,NORMAL,CONSOLIDATED_TX,Exchange Hot Wallet
41249229,1,BTC_TX_41249229,141249229x9Q,16.3316,CRYPTO_MIXER_HOP,UTXO Mempool,Bitcoin Mainnet,0.9549,HIGH_CONFIDENCE,UNSPENT_OUTPUT,Cold Storage Address
225877497,1,BTC_TX_225877497,1225877497x9Q,2.3473,CRYPTO_MIXER_HOP,UTXO Mempool,Bitcoin Mainnet,0.9135,HIGH_CONFIDENCE,UNSPENT_OUTPUT,Cold Storage Address
94371247,1,BTC_TX_94371247,194371247x9Q,1.2928,RANSOMWARE_PAYOUT,UTXO Mempool,Bitcoin Mainnet,0.9517,HIGH_CONFIDENCE,UNSPENT_OUTPUT,Cold Storage Address
230432611,2,BTC_TX_230432611,3230432611pL7,13.0989,MERCHANT_GATEWAY,UTXO Confirmed,Bitcoin Mainnet,0.2999,NORMAL,CONSOLIDATED_TX,Exchange Hot Wallet
59184908,2,BTC_TX_59184908,359184908pL7,23.2495,COMMERCIAL_SETTLEMENT,UTXO Confirmed,Bitcoin Mainnet,0.1449,NORMAL,CONSOLIDATED_TX,Exchange Hot Wallet
230745440,2,BTC_TX_230745440,3230745440pL7,3.0026,EXCHANGE_DEPOSIT,UTXO Confirmed,Bitcoin Mainnet,0.2924,NORMAL,CONSOLIDATED_TX,Exchange Hot Wallet
232359151,2,BTC_TX_232359151,3232359151pL7,6.8179,EXCHANGE_DEPOSIT,UTXO Confirmed,Bitcoin Mainnet,0.1325,NORMAL,CONSOLIDATED_TX,Exchange Hot Wallet
233227310,2,BTC_TX_233227310,3233227310pL7,7.5883,MERCHANT_GATEWAY,UTXO Confirmed,Bitcoin Mainnet,0.0394,NORMAL,CONSOLIDATED_TX,Exchange Hot Wallet
37234025,2,BTC_TX_37234025,337234025pL7,12.1245,EXCHANGE_DEPOSIT,UTXO Confirmed,Bitcoin Mainnet,0.2187,NORMAL,CONSOLIDATED_TX,Exchange Hot Wallet
33471466,2,BTC_TX_33471466,333471466pL7,3.8529,MERCHANT_GATEWAY,UTXO Confirmed,Bitcoin Mainnet,0.0142,NORMAL,CONSOLIDATED_TX,Exchange Hot Wallet
94654162,1,BTC_TX_94654162,194654162x9Q,6.6786,RANSOMWARE_PAYOUT,UTXO Mempool,Bitcoin Mainnet,0.8624,HIGH_CONFIDENCE,UNSPENT_OUTPUT,Cold Storage Address
12878074,2,BTC_TX_12878074,312878074pL7,2.0453,MERCHANT_GATEWAY,UTXO Confirmed,Bitcoin Mainnet,0.2107,NORMAL,CONSOLIDATED_TX,Exchange Hot Wallet
232468876,2,BTC_TX_232468876,3232468876pL7,1.3939,EXCHANGE_DEPOSIT,UTXO Confirmed,Bitcoin Mainnet,0.0269,NORMAL,CONSOLIDATED_TX,Exchange Hot Wallet
230473317,2,BTC_TX_230473317,3230473317pL7,3.9739,EXCHANGE_DEPOSIT,UTXO Confirmed,Bitcoin Mainnet,0.1255,NORMAL,CONSOLIDATED_TX,Exchange Hot Wallet
232448362,2,BTC_TX_232448362,3232448362pL7,0.0512,COMMERCIAL_SETTLEMENT,UTXO Confirmed,Bitcoin Mainnet,0.0251,NORMAL,CONSOLIDATED_TX,Exchange Hot Wallet
232629023,1,BTC_TX_232629023,1232629023x9Q,7.539,CRYPTO_MIXER_HOP,UTXO Mempool,Bitcoin Mainnet,0.9594,HIGH_CONFIDENCE,UNSPENT_OUTPUT,Cold Storage Address
13805515,2,BTC_TX_13805515,313805515pL7,5.794,COMMERCIAL_SETTLEMENT,UTXO Confirmed,Bitcoin Mainnet,0.0295,NORMAL,CONSOLIDATED_TX,Exchange Hot Wallet
182448481,2,BTC_TX_182448481,3182448481pL7,1.7022,EXCHANGE_DEPOSIT,UTXO Confirmed,Bitcoin Mainnet,0.163,NORMAL,CONSOLIDATED_TX,Exchange Hot Wallet
230465227,2,BTC_TX_230465227,3230465227pL7,4.7632,COMMERCIAL_SETTLEMENT,UTXO Confirmed,Bitcoin Mainnet,0.0332,NORMAL,CONSOLIDATED_TX,Exchange Hot Wallet
3904474,2,BTC_TX_3904474,33904474pL7,1.1711,COMMERCIAL_SETTLEMENT,UTXO Confirmed,Bitcoin Mainnet,0.1053,NORMAL,CONSOLIDATED_TX,Exchange Hot Wallet
230404574,2,BTC_TX_230404574,3230404574pL7,4.3083,EXCHANGE_DEPOSIT,UTXO Confirmed,Bitcoin Mainnet,0.0533,NORMAL,CONSOLIDATED_TX,Exchange Hot Wallet
232440109,2,BTC_TX_232440109,3232440109pL7,0.5047,EXCHANGE_DEPOSIT,UTXO Confirmed,Bitcoin Mainnet,0.0931,NORMAL,CONSOLIDATED_TX,Exchange Hot Wallet
86353799,2,BTC_TX_86353799,386353799pL7,10.0078,MERCHANT_GATEWAY,UTXO Confirmed,Bitcoin Mainnet,0.2652,NORMAL,CONSOLIDATED_TX,Exchange Hot Wallet
94371233,1,BTC_TX_94371233,194371233x9Q,11.2645,DARKNET_MARKET,UTXO Mempool,Bitcoin Mainnet,0.9475,HIGH_CONFIDENCE,UNSPENT_OUTPUT,Cold Storage Address
94654132,1,BTC_TX_94654132,194654132x9Q,8.8559,RANSOMWARE_PAYOUT,UTXO Mempool,Bitcoin Mainnet,0.8876,HIGH_CONFIDENCE,UNSPENT_OUTPUT,Cold Storage Address
230345439,2,BTC_TX_230345439,3230345439pL7,1.9158,MERCHANT_GATEWAY,UTXO Confirmed,Bitcoin Mainnet,0.1952,NORMAL,CONSOLIDATED_TX,Exchange Hot Wallet
232440028,2,BTC_TX_232440028,3232440028pL7,1.2456,COMMERCIAL_SETTLEMENT,UTXO Confirmed,Bitcoin Mainnet,0.1313,NORMAL,CONSOLIDATED_TX,Exchange Hot Wallet
232062518,2,BTC_TX_232062518,3232062518pL7,3.3559,COMMERCIAL_SETTLEMENT,UTXO Confirmed,Bitcoin Mainnet,0.2903,NORMAL,CONSOLIDATED_TX,Exchange Hot Wallet
231180581,2,BTC_TX_231180581,3231180581pL7,2.0451,COMMERCIAL_SETTLEMENT,UTXO Confirmed,Bitcoin Mainnet,0.083,NORMAL,CONSOLIDATED_TX,Exchange Hot Wallet
94688507,1,BTC_TX_94688507,194688507x9Q,2.4106,RANSOMWARE_PAYOUT,UTXO Mempool,Bitcoin Mainnet,0.9787,HIGH_CONFIDENCE,UNSPENT_OUTPUT,Cold Storage Address
232453648,2,BTC_TX_232453648,3232453648pL7,1.7194,MERCHANT_GATEWAY,UTXO Confirmed,Bitcoin Mainnet,0.0381,NORMAL,CONSOLIDATED_TX,Exchange Hot Wallet
94654258,1,BTC_TX_94654258,194654258x9Q,2.3067,CRYPTO_MIXER_HOP,UTXO Mempool,Bitcoin Mainnet,0.8987,HIGH_CONFIDENCE,UNSPENT_OUTPUT,Cold Storage Address
2881274,2,BTC_TX_2881274,32881274pL7,6.1918,EXCHANGE_DEPOSIT,UTXO Confirmed,Bitcoin Mainnet,0.2601,NORMAL,CONSOLIDATED_TX,Exchange Hot Wallet
92571083,2,BTC_TX_92571083,392571083pL7,0.258,MERCHANT_GATEWAY,UTXO Confirmed,Bitcoin Mainnet,0.0618,NORMAL,CONSOLIDATED_TX,Exchange Hot Wallet
86706819,1,BTC_TX_86706819,186706819x9Q,65.5122,DARKNET_MARKET,UTXO Mempool,Bitcoin Mainnet,0.9052,HIGH_CONFIDENCE,UNSPENT_OUTPUT,Cold Storage Address
230423318,2,BTC_TX_230423318,3230423318pL7,3.2544,MERCHANT_GATEWAY,UTXO Confirmed,Bitcoin Mainnet,0.079,NORMAL,CONSOLIDATED_TX,Exchange Hot Wallet
94189129,1,BTC_TX_94189129,194189129x9Q,4.2675,RANSOMWARE_PAYOUT,UTXO Mempool,Bitcoin Mainnet,0.9643,HIGH_CONFIDENCE,UNSPENT_OUTPUT,Cold Storage Address
192431356,2,BTC_TX_192431356,3192431356pL7,1.1971,MERCHANT_GATEWAY,UTXO Confirmed,Bitcoin Mainnet,0.2761,NORMAL,CONSOLIDATED_TX,Exchange Hot Wallet
232473204,2,BTC_TX_232473204,3232473204pL7,4.1244,EXCHANGE_DEPOSIT,UTXO Confirmed,Bitcoin Mainnet,0.2285,NORMAL,CONSOLIDATED_TX,Exchange Hot Wallet
2706899,2,BTC_TX_2706899,32706899pL7,3.8449,EXCHANGE_DEPOSIT,UTXO Confirmed,Bitcoin Mainnet,0.1037,NORMAL,CONSOLIDATED_TX,Exchange Hot Wallet
94372683,1,BTC_TX_94372683,194372683x9Q,5.5287,RANSOMWARE_PAYOUT,UTXO Mempool,Bitcoin Mainnet,0.9351,HIGH_CONFIDENCE,UNSPENT_OUTPUT,Cold Storage Address
232031824,2,BTC_TX_232031824,3232031824pL7,3.1216,COMMERCIAL_SETTLEMENT,UTXO Confirmed,Bitcoin Mainnet,0.1162,NORMAL,CONSOLIDATED_TX,Exchange Hot Wallet
232459630,2,BTC_TX_232459630,3232459630pL7,0.5035,EXCHANGE_DEPOSIT,UTXO Confirmed,Bitcoin Mainnet,0.335,NORMAL,CONSOLIDATED_TX,Exchange Hot Wallet
94372607,1,BTC_TX_94372607,194372607x9Q,6.3558,DARKNET_MARKET,UTXO Mempool,Bitcoin Mainnet,0.9326,HIGH_CONFIDENCE,UNSPENT_OUTPUT,Cold Storage Address
232472215,2,BTC_TX_232472215,3232472215pL7,1.6393,EXCHANGE_DEPOSIT,UTXO Confirmed,Bitcoin Mainnet,0.0516,NORMAL,CONSOLIDATED_TX,Exchange Hot Wallet
115109562,1,BTC_TX_115109562,1115109562x9Q,1.9194,CRYPTO_MIXER_HOP,UTXO Mempool,Bitcoin Mainnet,0.9312,HIGH_CONFIDENCE,UNSPENT_OUTPUT,Cold Storage Address
212659519,1,BTC_TX_212659519,1212659519x9Q,13.9626,RANSOMWARE_PAYOUT,UTXO Mempool,Bitcoin Mainnet,0.9491,HIGH_CONFIDENCE,UNSPENT_OUTPUT,Cold Storage Address
230596505,2,BTC_TX_230596505,3230596505pL7,0.4382,COMMERCIAL_SETTLEMENT,UTXO Confirmed,Bitcoin Mainnet,0.0702,NORMAL,CONSOLIDATED_TX,Exchange Hot Wallet
190005881,1,BTC_TX_190005881,1190005881x9Q,15.54,RANSOMWARE_PAYOUT,UTXO Mempool,Bitcoin Mainnet,0.9216,HIGH_CONFIDENCE,UNSPENT_OUTPUT,Cold Storage Address
230470029,2,BTC_TX_230470029,3230470029pL7,0.7052,MERCHANT_GATEWAY,UTXO Confirmed,Bitcoin Mainnet,0.131,NORMAL,CONSOLIDATED_TX,Exchange Hot Wallet
230665248,2,BTC_TX_230665248,3230665248pL7,11.97,EXCHANGE_DEPOSIT,UTXO Confirmed,Bitcoin Mainnet,0.1897,NORMAL,CONSOLIDATED_TX,Exchange Hot Wallet
94653854,1,BTC_TX_94653854,194653854x9Q,13.9067,DARKNET_MARKET,UTXO Mempool,Bitcoin Mainnet,0.906,HIGH_CONFIDENCE,UNSPENT_OUTPUT,Cold Storage Address
232468003,2,BTC_TX_232468003,3232468003pL7,6.6941,MERCHANT_GATEWAY,UTXO Confirmed,Bitcoin Mainnet,0.1406,NORMAL,CONSOLIDATED_TX,Exchange Hot Wallet
94299051,1,BTC_TX_94299051,194299051x9Q,49.7301,DARKNET_MARKET,UTXO Mempool,Bitcoin Mainnet,0.9627,HIGH_CONFIDENCE,UNSPENT_OUTPUT,Cold Storage Address
94654269,1,BTC_TX_94654269,194654269x9Q,4.3524,DARKNET_MARKET,UTXO Mempool,Bitcoin Mainnet,0.9076,HIGH_CONFIDENCE,UNSPENT_OUTPUT,Cold Storage Address
232014511,1,BTC_TX_232014511,1232014511x9Q,1.3976,RANSOMWARE_PAYOUT,UTXO Mempool,Bitcoin Mainnet,0.9532,HIGH_CONFIDENCE,UNSPENT_OUTPUT,Cold Storage Address
230529178,2,BTC_TX_230529178,3230529178pL7,4.1117,EXCHANGE_DEPOSIT,UTXO Confirmed,Bitcoin Mainnet,0.1508,NORMAL,CONSOLIDATED_TX,Exchange Hot Wallet
230650904,2,BTC_TX_230650904,3230650904pL7,5.0652,MERCHANT_GATEWAY,UTXO Confirmed,Bitcoin Mainnet,0.0484,NORMAL,CONSOLIDATED_TX,Exchange Hot Wallet
114770297,1,BTC_TX_114770297,1114770297x9Q,25.8485,CRYPTO_MIXER_HOP,UTXO Mempool,Bitcoin Mainnet,0.9406,HIGH_CONFIDENCE,UNSPENT_OUTPUT,Cold Storage Address
232432879,2,BTC_TX_232432879,3232432879pL7,0.1554,EXCHANGE_DEPOSIT,UTXO Confirmed,Bitcoin Mainnet,0.2893,NORMAL,CONSOLIDATED_TX,Exchange Hot Wallet
232940307,2,BTC_TX_232940307,3232940307pL7,10.1794,MERCHANT_GATEWAY,UTXO Confirmed,Bitcoin Mainnet,0.1773,NORMAL,CONSOLIDATED_TX,Exchange Hot Wallet
191108972,1,BTC_TX_191108972,1191108972x9Q,16.0545,CRYPTO_MIXER_HOP,UTXO Mempool,Bitcoin Mainnet,0.9351,HIGH_CONFIDENCE,UNSPENT_OUTPUT,Cold Storage Address
94654135,1,BTC_TX_94654135,194654135x9Q,1.0638,DARKNET_MARKET,UTXO Mempool,Bitcoin Mainnet,0.9391,HIGH_CONFIDENCE,UNSPENT_OUTPUT,Cold Storage Address
231995755,2,BTC_TX_231995755,3231995755pL7,3.7936,COMMERCIAL_SETTLEMENT,UTXO Confirmed,Bitcoin Mainnet,0.0603,NORMAL,CONSOLIDATED_TX,Exchange Hot Wallet
190006225,1,BTC_TX_190006225,1190006225x9Q,3.7582,CRYPTO_MIXER_HOP,UTXO Mempool,Bitcoin Mainnet,0.929,HIGH_CONFIDENCE,UNSPENT_OUTPUT,Cold Storage Address
190006241,1,BTC_TX_190006241,1190006241x9Q,16.5772,CRYPTO_MIXER_HOP,UTXO Mempool,Bitcoin Mainnet,0.929,HIGH_CONFIDENCE,UNSPENT_OUTPUT,Cold Storage Address
230595336,2,BTC_TX_230595336,3230595336pL7,2.7385,MERCHANT_GATEWAY,UTXO Confirmed,Bitcoin Mainnet,0.0639,NORMAL,CONSOLIDATED_TX,Exchange Hot Wallet
230578938,2,BTC_TX_230578938,3230578938pL7,4.221,EXCHANGE_DEPOSIT,UTXO Confirmed,Bitcoin Mainnet,0.3472,NORMAL,CONSOLIDATED_TX,Exchange Hot Wallet
94654128,1,BTC_TX_94654128,194654128x9Q,2.4152,DARKNET_MARKET,UTXO Mempool,Bitcoin Mainnet,0.9855,HIGH_CONFIDENCE,UNSPENT_OUTPUT,Cold Storage Address
232348190,2,BTC_TX_232348190,3232348190pL7,3.9316,EXCHANGE_DEPOSIT,UTXO Confirmed,Bitcoin Mainnet,0.0222,NORMAL,CONSOLIDATED_TX,Exchange Hot Wallet
232429322,2,BTC_TX_232429322,3232429322pL7,9.6167,MERCHANT_GATEWAY,UTXO Confirmed,Bitcoin Mainnet,0.1825,NORMAL,CONSOLIDATED_TX,Exchange Hot Wallet
94654176,1,BTC_TX_94654176,194654176x9Q,16.6814,RANSOMWARE_PAYOUT,UTXO Mempool,Bitcoin Mainnet,0.8998,HIGH_CONFIDENCE,UNSPENT_OUTPUT,Cold Storage Address
245146113,1,BTC_TX_245146113,1245146113x9Q,10.7532,DARKNET_MARKET,UTXO Mempool,Bitcoin Mainnet,0.9542,HIGH_CONFIDENCE,UNSPENT_OUTPUT,Cold Storage Address
230523277,2,BTC_TX_230523277,3230523277pL7,3.1072,MERCHANT_GATEWAY,UTXO Confirmed,Bitcoin Mainnet,0.0329,NORMAL,CONSOLIDATED_TX,Exchange Hot Wallet
94654271,1,BTC_TX_94654271,194654271x9Q,4.3971,DARKNET_MARKET,UTXO Mempool,Bitcoin Mainnet,0.8606,HIGH_CONFIDENCE,UNSPENT_OUTPUT,Cold Storage Address
3880653,2,BTC_TX_3880653,33880653pL7,11.734,EXCHANGE_DEPOSIT,UTXO Confirmed,Bitcoin Mainnet,0.066,NORMAL,CONSOLIDATED_TX,Exchange Hot Wallet
279004203,1,BTC_TX_279004203,1279004203x9Q,1.8898,CRYPTO_MIXER_HOP,UTXO Mempool,Bitcoin Mainnet,0.8854,HIGH_CONFIDENCE,UNSPENT_OUTPUT,Cold Storage Address
232472561,2,BTC_TX_232472561,3232472561pL7,12.8672,MERCHANT_GATEWAY,UTXO Confirmed,Bitcoin Mainnet,0.1997,NORMAL,CONSOLIDATED_TX,Exchange Hot Wallet
230540196,2,BTC_TX_230540196,3230540196pL7,3.8727,COMMERCIAL_SETTLEMENT,UTXO Confirmed,Bitcoin Mainnet,0.2815,NORMAL,CONSOLIDATED_TX,Exchange Hot Wallet
230623077,2,BTC_TX_230623077,3230623077pL7,1.7158,EXCHANGE_DEPOSIT,UTXO Confirmed,Bitcoin Mainnet,0.1954,NORMAL,CONSOLIDATED_TX,Exchange Hot Wallet
230653291,2,BTC_TX_230653291,3230653291pL7,1.3225,COMMERCIAL_SETTLEMENT,UTXO Confirmed,Bitcoin Mainnet,0.2419,NORMAL,CONSOLIDATED_TX,Exchange Hot Wallet
286784427,1,BTC_TX_286784427,1286784427x9Q,9.634,DARKNET_MARKET,UTXO Mempool,Bitcoin Mainnet,0.8831,HIGH_CONFIDENCE,UNSPENT_OUTPUT,Cold Storage Address
213736040,2,BTC_TX_213736040,3213736040pL7,6.4294,MERCHANT_GATEWAY,UTXO Confirmed,Bitcoin Mainnet,0.0477,NORMAL,CONSOLIDATED_TX,Exchange Hot Wallet
230556839,2,BTC_TX_230556839,3230556839pL7,1.069,EXCHANGE_DEPOSIT,UTXO Confirmed,Bitcoin Mainnet,0.2213,NORMAL,CONSOLIDATED_TX,Exchange Hot Wallet
230465374,2,BTC_TX_230465374,3230465374pL7,3.4588,COMMERCIAL_SETTLEMENT,UTXO Confirmed,Bitcoin Mainnet,0.3385,NORMAL,CONSOLIDATED_TX,Exchange Hot Wallet
230473480,2,BTC_TX_230473480,3230473480pL7,4.2982,COMMERCIAL_SETTLEMENT,UTXO Confirmed,Bitcoin Mainnet,0.2109,NORMAL,CONSOLIDATED_TX,Exchange Hot Wallet
230704774,2,BTC_TX_230704774,3230704774pL7,11.3152,COMMERCIAL_SETTLEMENT,UTXO Confirmed,Bitcoin Mainnet,0.1686,NORMAL,CONSOLIDATED_TX,Exchange Hot Wallet
2813778,2,BTC_TX_2813778,32813778pL7,6.6967,COMMERCIAL_SETTLEMENT,UTXO Confirmed,Bitcoin Mainnet,0.2554,NORMAL,CONSOLIDATED_TX,Exchange Hot Wallet
3878899,2,BTC_TX_3878899,33878899pL7,4.3066,COMMERCIAL_SETTLEMENT,UTXO Confirmed,Bitcoin Mainnet,0.2011,NORMAL,CONSOLIDATED_TX,Exchange Hot Wallet
93259603,1,BTC_TX_93259603,193259603x9Q,22.8837,CRYPTO_MIXER_HOP,UTXO Mempool,Bitcoin Mainnet,0.9278,HIGH_CONFIDENCE,UNSPENT_OUTPUT,Cold Storage Address
230465378,2,BTC_TX_230465378,3230465378pL7,6.0507,COMMERCIAL_SETTLEMENT,UTXO Confirmed,Bitcoin Mainnet,0.0333,NORMAL,CONSOLIDATED_TX,Exchange Hot Wallet
232903605,2,BTC_TX_232903605,3232903605pL7,8.6963,MERCHANT_GATEWAY,UTXO Confirmed,Bitcoin Mainnet,0.2313,NORMAL,CONSOLIDATED_TX,Exchange Hot Wallet
230550407,2,BTC_TX_230550407,3230550407pL7,9.2271,COMMERCIAL_SETTLEMENT,UTXO Confirmed,Bitcoin Mainnet,0.3217,NORMAL,CONSOLIDATED_TX,Exchange Hot Wallet
230579331,2,BTC_TX_230579331,3230579331pL7,0.3894,COMMERCIAL_SETTLEMENT,UTXO Confirmed,Bitcoin Mainnet,0.3499,NORMAL,CONSOLIDATED_TX,Exchange Hot Wallet
231179595,2,BTC_TX_231179595,3231179595pL7,6.3874,EXCHANGE_DEPOSIT,UTXO Confirmed,Bitcoin Mainnet,0.2264,NORMAL,CONSOLIDATED_TX,Exchange Hot Wallet
54734928,2,BTC_TX_54734928,354734928pL7,3.9679,MERCHANT_GATEWAY,UTXO Confirmed,Bitcoin Mainnet,0.2013,NORMAL,CONSOLIDATED_TX,Exchange Hot Wallet
232008172,2,BTC_TX_232008172,3232008172pL7,0.3001,MERCHANT_GATEWAY,UTXO Confirmed,Bitcoin Mainnet,0.3125,NORMAL,CONSOLIDATED_TX,Exchange Hot Wallet
230339756,2,BTC_TX_230339756,3230339756pL7,3.7018,MERCHANT_GATEWAY,UTXO Confirmed,Bitcoin Mainnet,0.1902,NORMAL,CONSOLIDATED_TX,Exchange Hot Wallet
14307861,2,BTC_TX_14307861,314307861pL7,4.6106,COMMERCIAL_SETTLEMENT,UTXO Confirmed,Bitcoin Mainnet,0.0111,NORMAL,CONSOLIDATED_TX,Exchange Hot Wallet
232008165,2,BTC_TX_232008165,3232008165pL7,8.4885,MERCHANT_GATEWAY,UTXO Confirmed,Bitcoin Mainnet,0.0101,NORMAL,CONSOLIDATED_TX,Exchange Hot Wallet
232431935,2,BTC_TX_232431935,3232431935pL7,2.0851,COMMERCIAL_SETTLEMENT,UTXO Confirmed,Bitcoin Mainnet,0.1187,NORMAL,CONSOLIDATED_TX,Exchange Hot Wallet
310048974,1,BTC_TX_310048974,1310048974x9Q,8.9831,RANSOMWARE_PAYOUT,UTXO Mempool,Bitcoin Mainnet,0.8705,HIGH_CONFIDENCE,UNSPENT_OUTPUT,Cold Storage Address
232919404,2,BTC_TX_232919404,3232919404pL7,23.874,EXCHANGE_DEPOSIT,UTXO Confirmed,Bitcoin Mainnet,0.1888,NORMAL,CONSOLIDATED_TX,Exchange Hot Wallet
230523203,2,BTC_TX_230523203,3230523203pL7,5.1991,MERCHANT_GATEWAY,UTXO Confirmed,Bitcoin Mainnet,0.2615,NORMAL,CONSOLIDATED_TX,Exchange Hot Wallet
232428618,2,BTC_TX_232428618,3232428618pL7,0.4449,COMMERCIAL_SETTLEMENT,UTXO Confirmed,Bitcoin Mainnet,0.101,NORMAL,CONSOLIDATED_TX,Exchange Hot Wallet
230354384,2,BTC_TX_230354384,3230354384pL7,2.1992,MERCHANT_GATEWAY,UTXO Confirmed,Bitcoin Mainnet,0.315,NORMAL,CONSOLIDATED_TX,Exchange Hot Wallet
232446225,2,BTC_TX_232446225,3232446225pL7,2.8047,MERCHANT_GATEWAY,UTXO Confirmed,Bitcoin Mainnet,0.1953,NORMAL,CONSOLIDATED_TX,Exchange Hot Wallet
226364300,1,BTC_TX_226364300,1226364300x9Q,1.485,RANSOMWARE_PAYOUT,UTXO Mempool,Bitcoin Mainnet,0.9344,HIGH_CONFIDENCE,UNSPENT_OUTPUT,Cold Storage Address
86704946,1,BTC_TX_86704946,186704946x9Q,5.2484,RANSOMWARE_PAYOUT,UTXO Mempool,Bitcoin Mainnet,0.8912,HIGH_CONFIDENCE,UNSPENT_OUTPUT,Cold Storage Address
71384764,2,BTC_TX_71384764,371384764pL7,3.3175,EXCHANGE_DEPOSIT,UTXO Confirmed,Bitcoin Mainnet,0.2396,NORMAL,CONSOLIDATED_TX,Exchange Hot Wallet
230528714,2,BTC_TX_230528714,3230528714pL7,6.7137,MERCHANT_GATEWAY,UTXO Confirmed,Bitcoin Mainnet,0.137,NORMAL,CONSOLIDATED_TX,Exchange Hot Wallet
152498092,2,BTC_TX_152498092,3152498092pL7,1.1765,MERCHANT_GATEWAY,UTXO Confirmed,Bitcoin Mainnet,0.0706,NORMAL,CONSOLIDATED_TX,Exchange Hot Wallet
230444451,2,BTC_TX_230444451,3230444451pL7,4.2179,EXCHANGE_DEPOSIT,UTXO Confirmed,Bitcoin Mainnet,0.3389,NORMAL,CONSOLIDATED_TX,Exchange Hot Wallet
230522934,2,BTC_TX_230522934,3230522934pL7,3.9311,MERCHANT_GATEWAY,UTXO Confirmed,Bitcoin Mainnet,0.0593,NORMAL,CONSOLIDATED_TX,Exchange Hot Wallet
3898382,2,BTC_TX_3898382,33898382pL7,10.1368,EXCHANGE_DEPOSIT,UTXO Confirmed,Bitcoin Mainnet,0.0541,NORMAL,CONSOLIDATED_TX,Exchange Hot Wallet
27553759,2,BTC_TX_27553759,327553759pL7,13.4923,COMMERCIAL_SETTLEMENT,UTXO Confirmed,Bitcoin Mainnet,0.2825,NORMAL,CONSOLIDATED_TX,Exchange Hot Wallet
17796937,1,BTC_TX_17796937,117796937x9Q,27.2964,CRYPTO_MIXER_HOP,UTXO Mempool,Bitcoin Mainnet,0.9714,HIGH_CONFIDENCE,UNSPENT_OUTPUT,Cold Storage Address
94118150,1,BTC_TX_94118150,194118150x9Q,39.2929,DARKNET_MARKET,UTXO Mempool,Bitcoin Mainnet,0.8545,HIGH_CONFIDENCE,UNSPENT_OUTPUT,Cold Storage Address
182442258,2,BTC_TX_182442258,3182442258pL7,1.7479,COMMERCIAL_SETTLEMENT,UTXO Confirmed,Bitcoin Mainnet,0.3434,NORMAL,CONSOLIDATED_TX,Exchange Hot Wallet
34984461,2,BTC_TX_34984461,334984461pL7,4.8434,COMMERCIAL_SETTLEMENT,UTXO Confirmed,Bitcoin Mainnet,0.0443,NORMAL,CONSOLIDATED_TX,Exchange Hot Wallet
230444846,2,BTC_TX_230444846,3230444846pL7,3.8279,COMMERCIAL_SETTLEMENT,UTXO Confirmed,Bitcoin Mainnet,0.1697,NORMAL,CONSOLIDATED_TX,Exchange Hot Wallet
190427652,1,BTC_TX_190427652,1190427652x9Q,7.3762,DARKNET_MARKET,UTXO Mempool,Bitcoin Mainnet,0.9249,HIGH_CONFIDENCE,UNSPENT_OUTPUT,Cold Storage Address
230451730,2,BTC_TX_230451730,3230451730pL7,0.0763,EXCHANGE_DEPOSIT,UTXO Confirmed,Bitcoin Mainnet,0.0958,NORMAL,CONSOLIDATED_TX,Exchange Hot Wallet
230464795,2,BTC_TX_230464795,3230464795pL7,10.8083,COMMERCIAL_SETTLEMENT,UTXO Confirmed,Bitcoin Mainnet,0.0456,NORMAL,CONSOLIDATED_TX,Exchange Hot Wallet
195233844,2,BTC_TX_195233844,3195233844pL7,12.1086,EXCHANGE_DEPOSIT,UTXO Confirmed,Bitcoin Mainnet,0.3034,NORMAL,CONSOLIDATED_TX,Exchange Hot Wallet
54492383,2,BTC_TX_54492383,354492383pL7,12.4058,COMMERCIAL_SETTLEMENT,UTXO Confirmed,Bitcoin Mainnet,0.0843,NORMAL,CONSOLIDATED_TX,Exchange Hot Wallet
14938386,2,BTC_TX_14938386,314938386pL7,7.1522,COMMERCIAL_SETTLEMENT,UTXO Confirmed,Bitcoin Mainnet,0.2461,NORMAL,CONSOLIDATED_TX,Exchange Hot Wallet
230529025,2,BTC_TX_230529025,3230529025pL7,0.413,MERCHANT_GATEWAY,UTXO Confirmed,Bitcoin Mainnet,0.2882,NORMAL,CONSOLIDATED_TX,Exchange Hot Wallet
94654160,1,BTC_TX_94654160,194654160x9Q,18.1132,RANSOMWARE_PAYOUT,UTXO Mempool,Bitcoin Mainnet,0.9862,HIGH_CONFIDENCE,UNSPENT_OUTPUT,Cold Storage Address
230436744,2,BTC_TX_230436744,3230436744pL7,11.7527,EXCHANGE_DEPOSIT,UTXO Confirmed,Bitcoin Mainnet,0.1969,NORMAL,CONSOLIDATED_TX,Exchange Hot Wallet
232453410,2,BTC_TX_232453410,3232453410pL7,0.6911,EXCHANGE_DEPOSIT,UTXO Confirmed,Bitcoin Mainnet,0.3119,NORMAL,CONSOLIDATED_TX,Exchange Hot Wallet
34300577,2,BTC_TX_34300577,334300577pL7,6.4886,COMMERCIAL_SETTLEMENT,UTXO Confirmed,Bitcoin Mainnet,0.1679,NORMAL,CONSOLIDATED_TX,Exchange Hot Wallet
230437634,2,BTC_TX_230437634,3230437634pL7,5.9577,MERCHANT_GATEWAY,UTXO Confirmed,Bitcoin Mainnet,0.2437,NORMAL,CONSOLIDATED_TX,Exchange Hot Wallet
230537141,2,BTC_TX_230537141,3230537141pL7,2.0684,MERCHANT_GATEWAY,UTXO Confirmed,Bitcoin Mainnet,0.3065,NORMAL,CONSOLIDATED_TX,Exchange Hot Wallet
94370493,1,BTC_TX_94370493,194370493x9Q,12.0108,DARKNET_MARKET,UTXO Mempool,Bitcoin Mainnet,0.8793,HIGH_CONFIDENCE,UNSPENT_OUTPUT,Cold Storage Address
22717810,1,BTC_TX_22717810,122717810x9Q,50.206,DARKNET_MARKET,UTXO Mempool,Bitcoin Mainnet,0.8623,HIGH_CONFIDENCE,UNSPENT_OUTPUT,Cold Storage Address
230968861,2,BTC_TX_230968861,3230968861pL7,0.0977,MERCHANT_GATEWAY,UTXO Confirmed,Bitcoin Mainnet,0.1907,NORMAL,CONSOLIDATED_TX,Exchange Hot Wallet
230516449,2,BTC_TX_230516449,3230516449pL7,14.7705,COMMERCIAL_SETTLEMENT,UTXO Confirmed,Bitcoin Mainnet,0.2963,NORMAL,CONSOLIDATED_TX,Exchange Hot Wallet
230529165,2,BTC_TX_230529165,3230529165pL7,2.6173,EXCHANGE_DEPOSIT,UTXO Confirmed,Bitcoin Mainnet,0.2649,NORMAL,CONSOLIDATED_TX,Exchange Hot Wallet
195237909,2,BTC_TX_195237909,3195237909pL7,4.5443,EXCHANGE_DEPOSIT,UTXO Confirmed,Bitcoin Mainnet,0.0869,NORMAL,CONSOLIDATED_TX,Exchange Hot Wallet
13285375,2,BTC_TX_13285375,313285375pL7,1.4766,COMMERCIAL_SETTLEMENT,UTXO Confirmed,Bitcoin Mainnet,0.1365,NORMAL,CONSOLIDATED_TX,Exchange Hot Wallet
87602051,1,BTC_TX_87602051,187602051x9Q,18.9064,RANSOMWARE_PAYOUT,UTXO Mempool,Bitcoin Mainnet,0.9044,HIGH_CONFIDENCE,UNSPENT_OUTPUT,Cold Storage Address
94654057,1,BTC_TX_94654057,194654057x9Q,25.2633,CRYPTO_MIXER_HOP,UTXO Mempool,Bitcoin Mainnet,0.9319,HIGH_CONFIDENCE,UNSPENT_OUTPUT,Cold Storage Address
37232699,2,BTC_TX_37232699,337232699pL7,1.926,COMMERCIAL_SETTLEMENT,UTXO Confirmed,Bitcoin Mainnet,0.3401,NORMAL,CONSOLIDATED_TX,Exchange Hot Wallet
232440024,2,BTC_TX_232440024,3232440024pL7,1.9209,EXCHANGE_DEPOSIT,UTXO Confirmed,Bitcoin Mainnet,0.0722,NORMAL,CONSOLIDATED_TX,Exchange Hot Wallet
230438479,2,BTC_TX_230438479,3230438479pL7,0.9547,COMMERCIAL_SETTLEMENT,UTXO Confirmed,Bitcoin Mainnet,0.28,NORMAL,CONSOLIDATED_TX,Exchange Hot Wallet
94653853,1,BTC_TX_94653853,194653853x9Q,36.219,RANSOMWARE_PAYOUT,UTXO Mempool,Bitcoin Mainnet,0.8589,HIGH_CONFIDENCE,UNSPENT_OUTPUT,Cold Storage Address
94189346,1,BTC_TX_94189346,194189346x9Q,15.5524,DARKNET_MARKET,UTXO Mempool,Bitcoin Mainnet,0.9517,HIGH_CONFIDENCE,UNSPENT_OUTPUT,Cold Storage Address
232448785,2,BTC_TX_232448785,3232448785pL7,7.6319,EXCHANGE_DEPOSIT,UTXO Confirmed,Bitcoin Mainnet,0.0765,NORMAL,CONSOLIDATED_TX,Exchange Hot Wallet
232448385,2,BTC_TX_232448385,3232448385pL7,0.8042,EXCHANGE_DEPOSIT,UTXO Confirmed,Bitcoin Mainnet,0.1503,NORMAL,CONSOLIDATED_TX,Exchange Hot Wallet
33453302,2,BTC_TX_33453302,333453302pL7,2.6711,COMMERCIAL_SETTLEMENT,UTXO Confirmed,Bitcoin Mainnet,0.2435,NORMAL,CONSOLIDATED_TX,Exchange Hot Wallet
232907894,2,BTC_TX_232907894,3232907894pL7,4.4724,COMMERCIAL_SETTLEMENT,UTXO Confirmed,Bitcoin Mainnet,0.106,NORMAL,CONSOLIDATED_TX,Exchange Hot Wallet
94167767,1,BTC_TX_94167767,194167767x9Q,21.9559,RANSOMWARE_PAYOUT,UTXO Mempool,Bitcoin Mainnet,0.9727,HIGH_CONFIDENCE,UNSPENT_OUTPUT,Cold Storage Address
230339468,2,BTC_TX_230339468,3230339468pL7,3.6577,EXCHANGE_DEPOSIT,UTXO Confirmed,Bitcoin Mainnet,0.0743,NORMAL,CONSOLIDATED_TX,Exchange Hot Wallet
94339214,1,BTC_TX_94339214,194339214x9Q,10.086,CRYPTO_MIXER_HOP,UTXO Mempool,Bitcoin Mainnet,0.9314,HIGH_CONFIDENCE,UNSPENT_OUTPUT,Cold Storage Address
232047899,2,BTC_TX_232047899,3232047899pL7,3.4702,COMMERCIAL_SETTLEMENT,UTXO Confirmed,Bitcoin Mainnet,0.0258,NORMAL,CONSOLIDATED_TX,Exchange Hot Wallet
226861434,2,BTC_TX_226861434,3226861434pL7,10.0335,MERCHANT_GATEWAY,UTXO Confirmed,Bitcoin Mainnet,0.2807,NORMAL,CONSOLIDATED_TX,Exchange Hot Wallet
230449516,2,BTC_TX_230449516,3230449516pL7,1.007,MERCHANT_GATEWAY,UTXO Confirmed,Bitcoin Mainnet,0.255,NORMAL,CONSOLIDATED_TX,Exchange Hot Wallet
232456357,2,BTC_TX_232456357,3232456357pL7,2.5669,COMMERCIAL_SETTLEMENT,UTXO Confirmed,Bitcoin Mainnet,0.2118,NORMAL,CONSOLIDATED_TX,Exchange Hot Wallet
230466907,2,BTC_TX_230466907,3230466907pL7,6.8837,EXCHANGE_DEPOSIT,UTXO Confirmed,Bitcoin Mainnet,0.3131,NORMAL,CONSOLIDATED_TX,Exchange Hot Wallet
230579563,2,BTC_TX_230579563,3230579563pL7,0.2759,COMMERCIAL_SETTLEMENT,UTXO Confirmed,Bitcoin Mainnet,0.2275,NORMAL,CONSOLIDATED_TX,Exchange Hot Wallet
232036658,2,BTC_TX_232036658,3232036658pL7,2.3183,COMMERCIAL_SETTLEMENT,UTXO Confirmed,Bitcoin Mainnet,0.1697,NORMAL,CONSOLIDATED_TX,Exchange Hot Wallet
94654139,1,BTC_TX_94654139,194654139x9Q,22.6083,RANSOMWARE_PAYOUT,UTXO Mempool,Bitcoin Mainnet,0.8731,HIGH_CONFIDENCE,UNSPENT_OUTPUT,Cold Storage Address
231990435,1,BTC_TX_231990435,1231990435x9Q,53.0534,RANSOMWARE_PAYOUT,UTXO Mempool,Bitcoin Mainnet,0.9672,HIGH_CONFIDENCE,UNSPENT_OUTPUT,Cold Storage Address
230331387,2,BTC_TX_230331387,3230331387pL7,4.7311,EXCHANGE_DEPOSIT,UTXO Confirmed,Bitcoin Mainnet,0.2664,NORMAL,CONSOLIDATED_TX,Exchange Hot Wallet
230404572,2,BTC_TX_230404572,3230404572pL7,9.1541,MERCHANT_GATEWAY,UTXO Confirmed,Bitcoin Mainnet,0.2506,NORMAL,CONSOLIDATED_TX,Exchange Hot Wallet
245712851,1,BTC_TX_245712851,1245712851x9Q,36.5063,RANSOMWARE_PAYOUT,UTXO Mempool,Bitcoin Mainnet,0.8833,HIGH_CONFIDENCE,UNSPENT_OUTPUT,Cold Storage Address
246036358,1,BTC_TX_246036358,1246036358x9Q,1.0249,DARKNET_MARKET,UTXO Mempool,Bitcoin Mainnet,0.9453,HIGH_CONFIDENCE,UNSPENT_OUTPUT,Cold Storage Address
232916687,2,BTC_TX_232916687,3232916687pL7,3.9637,MERCHANT_GATEWAY,UTXO Confirmed,Bitcoin Mainnet,0.3414,NORMAL,CONSOLIDATED_TX,Exchange Hot Wallet
94654156,1,BTC_TX_94654156,194654156x9Q,3.5965,CRYPTO_MIXER_HOP,UTXO Mempool,Bitcoin Mainnet,0.9144,HIGH_CONFIDENCE,UNSPENT_OUTPUT,Cold Storage Address
230530049,2,BTC_TX_230530049,3230530049pL7,18.4047,COMMERCIAL_SETTLEMENT,UTXO Confirmed,Bitcoin Mainnet,0.2418,NORMAL,CONSOLIDATED_TX,Exchange Hot Wallet
36419682,2,BTC_TX_36419682,336419682pL7,5.5992,MERCHANT_GATEWAY,UTXO Confirmed,Bitcoin Mainnet,0.1967,NORMAL,CONSOLIDATED_TX,Exchange Hot Wallet
36815216,2,BTC_TX_36815216,336815216pL7,3.2548,EXCHANGE_DEPOSIT,UTXO Confirmed,Bitcoin Mainnet,0.2775,NORMAL,CONSOLIDATED_TX,Exchange Hot Wallet
7550645,2,BTC_TX_7550645,37550645pL7,0.7374,EXCHANGE_DEPOSIT,UTXO Confirmed,Bitcoin Mainnet,0.3483,NORMAL,CONSOLIDATED_TX,Exchange Hot Wallet
94654155,1,BTC_TX_94654155,194654155x9Q,0.979,RANSOMWARE_PAYOUT,UTXO Mempool,Bitcoin Mainnet,0.9549,HIGH_CONFIDENCE,UNSPENT_OUTPUT,Cold Storage Address
232039888,2,BTC_TX_232039888,3232039888pL7,3.8793,COMMERCIAL_SETTLEMENT,UTXO Confirmed,Bitcoin Mainnet,0.315,NORMAL,CONSOLIDATED_TX,Exchange Hot Wallet
94653835,1,BTC_TX_94653835,194653835x9Q,41.9052,CRYPTO_MIXER_HOP,UTXO Mempool,Bitcoin Mainnet,0.8813,HIGH_CONFIDENCE,UNSPENT_OUTPUT,Cold Storage Address
3881827,2,BTC_TX_3881827,33881827pL7,3.4859,COMMERCIAL_SETTLEMENT,UTXO Confirmed,Bitcoin Mainnet,0.3013,NORMAL,CONSOLIDATED_TX,Exchange Hot Wallet
232457179,2,BTC_TX_232457179,3232457179pL7,1.916,MERCHANT_GATEWAY,UTXO Confirmed,Bitcoin Mainnet,0.16,NORMAL,CONSOLIDATED_TX,Exchange Hot Wallet
230438474,2,BTC_TX_230438474,3230438474pL7,1.9937,MERCHANT_GATEWAY,UTXO Confirmed,Bitcoin Mainnet,0.1457,NORMAL,CONSOLIDATED_TX,Exchange Hot Wallet
234075333,2,BTC_TX_234075333,3234075333pL7,4.7959,COMMERCIAL_SETTLEMENT,UTXO Confirmed,Bitcoin Mainnet,0.3054,NORMAL,CONSOLIDATED_TX,Exchange Hot Wallet
232034707,2,BTC_TX_232034707,3232034707pL7,5.0183,COMMERCIAL_SETTLEMENT,UTXO Confirmed,Bitcoin Mainnet,0.2269,NORMAL,CONSOLIDATED_TX,Exchange Hot Wallet
94654130,1,BTC_TX_94654130,194654130x9Q,7.8344,DARKNET_MARKET,UTXO Mempool,Bitcoin Mainnet,0.9343,HIGH_CONFIDENCE,UNSPENT_OUTPUT,Cold Storage Address
14713336,2,BTC_TX_14713336,314713336pL7,1.3399,EXCHANGE_DEPOSIT,UTXO Confirmed,Bitcoin Mainnet,0.2679,NORMAL,CONSOLIDATED_TX,Exchange Hot Wallet
195312780,2,BTC_TX_195312780,3195312780pL7,5.3459,COMMERCIAL_SETTLEMENT,UTXO Confirmed,Bitcoin Mainnet,0.1986,NORMAL,CONSOLIDATED_TX,Exchange Hot Wallet
230456718,2,BTC_TX_230456718,3230456718pL7,8.7912,COMMERCIAL_SETTLEMENT,UTXO Confirmed,Bitcoin Mainnet,0.2999,NORMAL,CONSOLIDATED_TX,Exchange Hot Wallet
231180588,2,BTC_TX_231180588,3231180588pL7,5.3295,COMMERCIAL_SETTLEMENT,UTXO Confirmed,Bitcoin Mainnet,0.3077,NORMAL,CONSOLIDATED_TX,Exchange Hot Wallet
230602597,2,BTC_TX_230602597,3230602597pL7,3.7725,COMMERCIAL_SETTLEMENT,UTXO Confirmed,Bitcoin Mainnet,0.347,NORMAL,CONSOLIDATED_TX,Exchange Hot Wallet
230464771,2,BTC_TX_230464771,3230464771pL7,0.4071,EXCHANGE_DEPOSIT,UTXO Confirmed,Bitcoin Mainnet,0.1665,NORMAL,CONSOLIDATED_TX,Exchange Hot Wallet
230464783,2,BTC_TX_230464783,3230464783pL7,4.5437,COMMERCIAL_SETTLEMENT,UTXO Confirmed,Bitcoin Mainnet,0.297,NORMAL,CONSOLIDATED_TX,Exchange Hot Wallet
230439442,2,BTC_TX_230439442,3230439442pL7,4.1531,EXCHANGE_DEPOSIT,UTXO Confirmed,Bitcoin Mainnet,0.2941,NORMAL,CONSOLIDATED_TX,Exchange Hot Wallet
232470342,2,BTC_TX_232470342,3232470342pL7,4.3401,MERCHANT_GATEWAY,UTXO Confirmed,Bitcoin Mainnet,0.249,NORMAL,CONSOLIDATED_TX,Exchange Hot Wallet
232014505,2,BTC_TX_232014505,3232014505pL7,15.9757,MERCHANT_GATEWAY,UTXO Confirmed,Bitcoin Mainnet,0.3438,NORMAL,CONSOLIDATED_TX,Exchange Hot Wallet
230521266,2,BTC_TX_230521266,3230521266pL7,10.5945,MERCHANT_GATEWAY,UTXO Confirmed,Bitcoin Mainnet,0.3001,NORMAL,CONSOLIDATED_TX,Exchange Hot Wallet
232345692,1,BTC_TX_232345692,1232345692x9Q,3.5392,CRYPTO_MIXER_HOP,UTXO Mempool,Bitcoin Mainnet,0.8812,HIGH_CONFIDENCE,UNSPENT_OUTPUT,Cold Storage Address
2880930,2,BTC_TX_2880930,32880930pL7,2.2453,EXCHANGE_DEPOSIT,UTXO Confirmed,Bitcoin Mainnet,0.0252,NORMAL,CONSOLIDATED_TX,Exchange Hot Wallet
232908843,2,BTC_TX_232908843,3232908843pL7,0.143,EXCHANGE_DEPOSIT,UTXO Confirmed,Bitcoin Mainnet,0.04,NORMAL,CONSOLIDATED_TX,Exchange Hot Wallet
189800868,1,BTC_TX_189800868,1189800868x9Q,1.9754,RANSOMWARE_PAYOUT,UTXO Mempool,Bitcoin Mainnet,0.8625,HIGH_CONFIDENCE,UNSPENT_OUTPUT,Cold Storage Address
94654257,1,BTC_TX_94654257,194654257x9Q,2.7192,RANSOMWARE_PAYOUT,UTXO Mempool,Bitcoin Mainnet,0.9651,HIGH_CONFIDENCE,UNSPENT_OUTPUT,Cold Storage Address
18224137,2,BTC_TX_18224137,318224137pL7,2.256,COMMERCIAL_SETTLEMENT,UTXO Confirmed,Bitcoin Mainnet,0.2547,NORMAL,CONSOLIDATED_TX,Exchange Hot Wallet
258624857,1,BTC_TX_258624857,1258624857x9Q,5.6827,RANSOMWARE_PAYOUT,UTXO Mempool,Bitcoin Mainnet,0.9708,HIGH_CONFIDENCE,UNSPENT_OUTPUT,Cold Storage Address
2920819,2,BTC_TX_2920819,32920819pL7,2.6793,EXCHANGE_DEPOSIT,UTXO Confirmed,Bitcoin Mainnet,0.075,NORMAL,CONSOLIDATED_TX,Exchange Hot Wallet
230649126,2,BTC_TX_230649126,3230649126pL7,22.6841,EXCHANGE_DEPOSIT,UTXO Confirmed,Bitcoin Mainnet,0.3161,NORMAL,CONSOLIDATED_TX,Exchange Hot Wallet
230552326,2,BTC_TX_230552326,3230552326pL7,2.1734,MERCHANT_GATEWAY,UTXO Confirmed,Bitcoin Mainnet,0.2252,NORMAL,CONSOLIDATED_TX,Exchange Hot Wallet
230649117,2,BTC_TX_230649117,3230649117pL7,7.0298,EXCHANGE_DEPOSIT,UTXO Confirmed,Bitcoin Mainnet,0.1172,NORMAL,CONSOLIDATED_TX,Exchange Hot Wallet
27279853,2,BTC_TX_27279853,327279853pL7,2.8325,MERCHANT_GATEWAY,UTXO Confirmed,Bitcoin Mainnet,0.2186,NORMAL,CONSOLIDATED_TX,Exchange Hot Wallet
3420754,2,BTC_TX_3420754,33420754pL7,0.7751,COMMERCIAL_SETTLEMENT,UTXO Confirmed,Bitcoin Mainnet,0.1065,NORMAL,CONSOLIDATED_TX,Exchange Hot Wallet
3276131,2,BTC_TX_3276131,33276131pL7,4.7236,EXCHANGE_DEPOSIT,UTXO Confirmed,Bitcoin Mainnet,0.2277,NORMAL,CONSOLIDATED_TX,Exchange Hot Wallet
190432998,1,BTC_TX_190432998,1190432998x9Q,34.8235,RANSOMWARE_PAYOUT,UTXO Mempool,Bitcoin Mainnet,0.8831,HIGH_CONFIDENCE,UNSPENT_OUTPUT,Cold Storage Address
3376469,2,BTC_TX_3376469,33376469pL7,1.0757,COMMERCIAL_SETTLEMENT,UTXO Confirmed,Bitcoin Mainnet,0.1045,NORMAL,CONSOLIDATED_TX,Exchange Hot Wallet
94324993,1,BTC_TX_94324993,194324993x9Q,12.8583,DARKNET_MARKET,UTXO Mempool,Bitcoin Mainnet,0.9272,HIGH_CONFIDENCE,UNSPENT_OUTPUT,Cold Storage Address
2717498,2,BTC_TX_2717498,32717498pL7,15.5818,COMMERCIAL_SETTLEMENT,UTXO Confirmed,Bitcoin Mainnet,0.3083,NORMAL,CONSOLIDATED_TX,Exchange Hot Wallet
86705550,1,BTC_TX_86705550,186705550x9Q,1.6621,CRYPTO_MIXER_HOP,UTXO Mempool,Bitcoin Mainnet,0.8581,HIGH_CONFIDENCE,UNSPENT_OUTPUT,Cold Storage Address
232895871,2,BTC_TX_232895871,3232895871pL7,6.7443,EXCHANGE_DEPOSIT,UTXO Confirmed,Bitcoin Mainnet,0.2933,NORMAL,CONSOLIDATED_TX,Exchange Hot Wallet
232392936,2,BTC_TX_232392936,3232392936pL7,4.0306,EXCHANGE_DEPOSIT,UTXO Confirmed,Bitcoin Mainnet,0.1787,NORMAL,CONSOLIDATED_TX,Exchange Hot Wallet
204257865,2,BTC_TX_204257865,3204257865pL7,3.1737,COMMERCIAL_SETTLEMENT,UTXO Confirmed,Bitcoin Mainnet,0.0204,NORMAL,CONSOLIDATED_TX,Exchange Hot Wallet
230473578,2,BTC_TX_230473578,3230473578pL7,3.2077,EXCHANGE_DEPOSIT,UTXO Confirmed,Bitcoin Mainnet,0.0674,NORMAL,CONSOLIDATED_TX,Exchange Hot Wallet
98623628,1,BTC_TX_98623628,198623628x9Q,10.5841,DARKNET_MARKET,UTXO Mempool,Bitcoin Mainnet,0.9233,HIGH_CONFIDENCE,UNSPENT_OUTPUT,Cold Storage Address
6436559,1,BTC_TX_6436559,16436559x9Q,20.0849,DARKNET_MARKET,UTXO Mempool,Bitcoin Mainnet,0.8821,HIGH_CONFIDENCE,UNSPENT_OUTPUT,Cold Storage Address
3880165,2,BTC_TX_3880165,33880165pL7,2.0824,COMMERCIAL_SETTLEMENT,UTXO Confirmed,Bitcoin Mainnet,0.298,NORMAL,CONSOLIDATED_TX,Exchange Hot Wallet
73191409,2,BTC_TX_73191409,373191409pL7,0.5934,EXCHANGE_DEPOSIT,UTXO Confirmed,Bitcoin Mainnet,0.2615,NORMAL,CONSOLIDATED_TX,Exchange Hot Wallet
115108562,1,BTC_TX_115108562,1115108562x9Q,11.8142,RANSOMWARE_PAYOUT,UTXO Mempool,Bitcoin Mainnet,0.8962,HIGH_CONFIDENCE,UNSPENT_OUTPUT,Cold Storage Address
43358239,2,BTC_TX_43358239,343358239pL7,1.1626,COMMERCIAL_SETTLEMENT,UTXO Confirmed,Bitcoin Mainnet,0.1869,NORMAL,CONSOLIDATED_TX,Exchange Hot Wallet
191632187,1,BTC_TX_191632187,1191632187x9Q,5.4437,CRYPTO_MIXER_HOP,UTXO Mempool,Bitcoin Mainnet,0.8972,HIGH_CONFIDENCE,UNSPENT_OUTPUT,Cold Storage Address
232433797,2,BTC_TX_232433797,3232433797pL7,2.0964,EXCHANGE_DEPOSIT,UTXO Confirmed,Bitcoin Mainnet,0.2063,NORMAL,CONSOLIDATED_TX,Exchange Hot Wallet
94654137,1,BTC_TX_94654137,194654137x9Q,3.5974,CRYPTO_MIXER_HOP,UTXO Mempool,Bitcoin Mainnet,0.8838,HIGH_CONFIDENCE,UNSPENT_OUTPUT,Cold Storage Address
232399133,2,BTC_TX_232399133,3232399133pL7,9.0894,COMMERCIAL_SETTLEMENT,UTXO Confirmed,Bitcoin Mainnet,0.2021,NORMAL,CONSOLIDATED_TX,Exchange Hot Wallet
230877155,2,BTC_TX_230877155,3230877155pL7,0.7594,MERCHANT_GATEWAY,UTXO Confirmed,Bitcoin Mainnet,0.0891,NORMAL,CONSOLIDATED_TX,Exchange Hot Wallet
230439297,2,BTC_TX_230439297,3230439297pL7,8.0178,MERCHANT_GATEWAY,UTXO Confirmed,Bitcoin Mainnet,0.1608,NORMAL,CONSOLIDATED_TX,Exchange Hot Wallet
7398153,2,BTC_TX_7398153,37398153pL7,0.3149,COMMERCIAL_SETTLEMENT,UTXO Confirmed,Bitcoin Mainnet,0.1614,NORMAL,CONSOLIDATED_TX,Exchange Hot Wallet
94184649,1,BTC_TX_94184649,194184649x9Q,26.0574,DARKNET_MARKET,UTXO Mempool,Bitcoin Mainnet,0.8531,HIGH_CONFIDENCE,UNSPENT_OUTPUT,Cold Storage Address
94371239,1,BTC_TX_94371239,194371239x9Q,24.9195,DARKNET_MARKET,UTXO Mempool,Bitcoin Mainnet,0.9029,HIGH_CONFIDENCE,UNSPENT_OUTPUT,Cold Storage Address
230354705,2,BTC_TX_230354705,3230354705pL7,14.4987,EXCHANGE_DEPOSIT,UTXO Confirmed,Bitcoin Mainnet,0.0965,NORMAL,CONSOLIDATED_TX,Exchange Hot Wallet
230523235,2,BTC_TX_230523235,3230523235pL7,0.2274,EXCHANGE_DEPOSIT,UTXO Confirmed,Bitcoin Mainnet,0.0835,NORMAL,CONSOLIDATED_TX,Exchange Hot Wallet
44066252,1,BTC_TX_44066252,144066252x9Q,3.772,RANSOMWARE_PAYOUT,UTXO Mempool,Bitcoin Mainnet,0.9474,HIGH_CONFIDENCE,UNSPENT_OUTPUT,Cold Storage Address
231034733,2,BTC_TX_231034733,3231034733pL7,14.2213,COMMERCIAL_SETTLEMENT,UTXO Confirmed,Bitcoin Mainnet,0.0119,NORMAL,CONSOLIDATED_TX,Exchange Hot Wallet
204236566,2,BTC_TX_204236566,3204236566pL7,2.0697,EXCHANGE_DEPOSIT,UTXO Confirmed,Bitcoin Mainnet,0.2266,NORMAL,CONSOLIDATED_TX,Exchange Hot Wallet
230681123,2,BTC_TX_230681123,3230681123pL7,4.8219,COMMERCIAL_SETTLEMENT,UTXO Confirmed,Bitcoin Mainnet,0.0873,NORMAL,CONSOLIDATED_TX,Exchange Hot Wallet
3878886,2,BTC_TX_3878886,33878886pL7,1.1976,MERCHANT_GATEWAY,UTXO Confirmed,Bitcoin Mainnet,0.3439,NORMAL,CONSOLIDATED_TX,Exchange Hot Wallet
86739424,1,BTC_TX_86739424,186739424x9Q,6.1032,CRYPTO_MIXER_HOP,UTXO Mempool,Bitcoin Mainnet,0.8616,HIGH_CONFIDENCE,UNSPENT_OUTPUT,Cold Storage Address
232035051,2,BTC_TX_232035051,3232035051pL7,3.8945,EXCHANGE_DEPOSIT,UTXO Confirmed,Bitcoin Mainnet,0.2915,NORMAL,CONSOLIDATED_TX,Exchange Hot Wallet
191107595,1,BTC_TX_191107595,1191107595x9Q,6.9435,RANSOMWARE_PAYOUT,UTXO Mempool,Bitcoin Mainnet,0.9028,HIGH_CONFIDENCE,UNSPENT_OUTPUT,Cold Storage Address
205866484,2,BTC_TX_205866484,3205866484pL7,0.5136,EXCHANGE_DEPOSIT,UTXO Confirmed,Bitcoin Mainnet,0.2069,NORMAL,CONSOLIDATED_TX,Exchange Hot Wallet
231995676,2,BTC_TX_231995676,3231995676pL7,1.472,EXCHANGE_DEPOSIT,UTXO Confirmed,Bitcoin Mainnet,0.1115,NORMAL,CONSOLIDATED_TX,Exchange Hot Wallet
232049567,2,BTC_TX_232049567,3232049567pL7,10.72,COMMERCIAL_SETTLEMENT,UTXO Confirmed,Bitcoin Mainnet,0.0669,NORMAL,CONSOLIDATED_TX,Exchange Hot Wallet
7089694,2,BTC_TX_7089694,37089694pL7,8.648,EXCHANGE_DEPOSIT,UTXO Confirmed,Bitcoin Mainnet,0.1195,NORMAL,CONSOLIDATED_TX,Exchange Hot Wallet
230338271,2,BTC_TX_230338271,3230338271pL7,3.3301,MERCHANT_GATEWAY,UTXO Confirmed,Bitcoin Mainnet,0.339,NORMAL,CONSOLIDATED_TX,Exchange Hot Wallet
75332827,2,BTC_TX_75332827,375332827pL7,2.4733,MERCHANT_GATEWAY,UTXO Confirmed,Bitcoin Mainnet,0.1807,NORMAL,CONSOLIDATED_TX,Exchange Hot Wallet
230512979,2,BTC_TX_230512979,3230512979pL7,0.2964,COMMERCIAL_SETTLEMENT,UTXO Confirmed,Bitcoin Mainnet,0.1382,NORMAL,CONSOLIDATED_TX,Exchange Hot Wallet
232353291,2,BTC_TX_232353291,3232353291pL7,6.1876,MERCHANT_GATEWAY,UTXO Confirmed,Bitcoin Mainnet,0.2724,NORMAL,CONSOLIDATED_TX,Exchange Hot Wallet
198640224,2,BTC_TX_198640224,3198640224pL7,4.6154,COMMERCIAL_SETTLEMENT,UTXO Confirmed,Bitcoin Mainnet,0.1014,NORMAL,CONSOLIDATED_TX,Exchange Hot Wallet
94370929,1,BTC_TX_94370929,194370929x9Q,5.3994,RANSOMWARE_PAYOUT,UTXO Mempool,Bitcoin Mainnet,0.9266,HIGH_CONFIDENCE,UNSPENT_OUTPUT,Cold Storage Address
96564456,1,BTC_TX_96564456,196564456x9Q,4.3803,DARKNET_MARKET,UTXO Mempool,Bitcoin Mainnet,0.8566,HIGH_CONFIDENCE,UNSPENT_OUTPUT,Cold Storage Address
3913226,2,BTC_TX_3913226,33913226pL7,0.0552,EXCHANGE_DEPOSIT,UTXO Confirmed,Bitcoin Mainnet,0.2598,NORMAL,CONSOLIDATED_TX,Exchange Hot Wallet
87626508,1,BTC_TX_87626508,187626508x9Q,52.8921,CRYPTO_MIXER_HOP,UTXO Mempool,Bitcoin Mainnet,0.9869,HIGH_CONFIDENCE,UNSPENT_OUTPUT,Cold Storage Address
5662056,2,BTC_TX_5662056,35662056pL7,3.5387,COMMERCIAL_SETTLEMENT,UTXO Confirmed,Bitcoin Mainnet,0.343,NORMAL,CONSOLIDATED_TX,Exchange Hot Wallet
87823623,2,BTC_TX_87823623,387823623pL7,7.3491,MERCHANT_GATEWAY,UTXO Confirmed,Bitcoin Mainnet,0.1023,NORMAL,CONSOLIDATED_TX,Exchange Hot Wallet
94184658,1,BTC_TX_94184658,194184658x9Q,10.8149,RANSOMWARE_PAYOUT,UTXO Mempool,Bitcoin Mainnet,0.9364,HIGH_CONFIDENCE,UNSPENT_OUTPUT,Cold Storage Address
3408161,2,BTC_TX_3408161,33408161pL7,4.6716,MERCHANT_GATEWAY,UTXO Confirmed,Bitcoin Mainnet,0.3164,NORMAL,CONSOLIDATED_TX,Exchange Hot Wallet
3891191,2,BTC_TX_3891191,33891191pL7,1.2007,MERCHANT_GATEWAY,UTXO Confirmed,Bitcoin Mainnet,0.2343,NORMAL,CONSOLIDATED_TX,Exchange Hot Wallet
230578992,2,BTC_TX_230578992,3230578992pL7,10.5143,COMMERCIAL_SETTLEMENT,UTXO Confirmed,Bitcoin Mainnet,0.1674,NORMAL,CONSOLIDATED_TX,Exchange Hot Wallet
232457903,2,BTC_TX_232457903,3232457903pL7,4.9422,EXCHANGE_DEPOSIT,UTXO Confirmed,Bitcoin Mainnet,0.3237,NORMAL,CONSOLIDATED_TX,Exchange Hot Wallet
310399847,1,BTC_TX_310399847,1310399847x9Q,5.6633,CRYPTO_MIXER_HOP,UTXO Mempool,Bitcoin Mainnet,0.9219,HIGH_CONFIDENCE,UNSPENT_OUTPUT,Cold Storage Address
230326431,2,BTC_TX_230326431,3230326431pL7,1.9838,MERCHANT_GATEWAY,UTXO Confirmed,Bitcoin Mainnet,0.3327,NORMAL,CONSOLIDATED_TX,Exchange Hot Wallet
232444878,2,BTC_TX_232444878,3232444878pL7,0.589,EXCHANGE_DEPOSIT,UTXO Confirmed,Bitcoin Mainnet,0.1669,NORMAL,CONSOLIDATED_TX,Exchange Hot Wallet
3407031,2,BTC_TX_3407031,33407031pL7,1.9195,EXCHANGE_DEPOSIT,UTXO Confirmed,Bitcoin Mainnet,0.3397,NORMAL,CONSOLIDATED_TX,Exchange Hot Wallet
107227719,2,BTC_TX_107227719,3107227719pL7,3.3277,EXCHANGE_DEPOSIT,UTXO Confirmed,Bitcoin Mainnet,0.042,NORMAL,CONSOLIDATED_TX,Exchange Hot Wallet
230339760,2,BTC_TX_230339760,3230339760pL7,2.2338,EXCHANGE_DEPOSIT,UTXO Confirmed,Bitcoin Mainnet,0.2954,NORMAL,CONSOLIDATED_TX,Exchange Hot Wallet
230438870,2,BTC_TX_230438870,3230438870pL7,3.9153,COMMERCIAL_SETTLEMENT,UTXO Confirmed,Bitcoin Mainnet,0.3004,NORMAL,CONSOLIDATED_TX,Exchange Hot Wallet
245420039,1,BTC_TX_245420039,1245420039x9Q,17.7913,RANSOMWARE_PAYOUT,UTXO Mempool,Bitcoin Mainnet,0.9537,HIGH_CONFIDENCE,UNSPENT_OUTPUT,Cold Storage Address
94682526,1,BTC_TX_94682526,194682526x9Q,3.3741,RANSOMWARE_PAYOUT,UTXO Mempool,Bitcoin Mainnet,0.9221,HIGH_CONFIDENCE,UNSPENT_OUTPUT,Cold Storage Address
191502437,1,BTC_TX_191502437,1191502437x9Q,40.0329,DARKNET_MARKET,UTXO Mempool,Bitcoin Mainnet,0.9011,HIGH_CONFIDENCE,UNSPENT_OUTPUT,Cold Storage Address
232440111,2,BTC_TX_232440111,3232440111pL7,17.1843,MERCHANT_GATEWAY,UTXO Confirmed,Bitcoin Mainnet,0.2842,NORMAL,CONSOLIDATED_TX,Exchange Hot Wallet
230649197,2,BTC_TX_230649197,3230649197pL7,6.8503,EXCHANGE_DEPOSIT,UTXO Confirmed,Bitcoin Mainnet,0.1474,NORMAL,CONSOLIDATED_TX,Exchange Hot Wallet
232061267,2,BTC_TX_232061267,3232061267pL7,0.0956,COMMERCIAL_SETTLEMENT,UTXO Confirmed,Bitcoin Mainnet,0.1712,NORMAL,CONSOLIDATED_TX,Exchange Hot Wallet
230531168,2,BTC_TX_230531168,3230531168pL7,0.1427,COMMERCIAL_SETTLEMENT,UTXO Confirmed,Bitcoin Mainnet,0.0108,NORMAL,CONSOLIDATED_TX,Exchange Hot Wallet
94299041,1,BTC_TX_94299041,194299041x9Q,64.1606,DARKNET_MARKET,UTXO Mempool,Bitcoin Mainnet,0.9477,HIGH_CONFIDENCE,UNSPENT_OUTPUT,Cold Storage Address
3906238,2,BTC_TX_3906238,33906238pL7,0.5099,MERCHANT_GATEWAY,UTXO Confirmed,Bitcoin Mainnet,0.347,NORMAL,CONSOLIDATED_TX,Exchange Hot Wallet
230438467,2,BTC_TX_230438467,3230438467pL7,0.6624,MERCHANT_GATEWAY,UTXO Confirmed,Bitcoin Mainnet,0.3445,NORMAL,CONSOLIDATED_TX,Exchange Hot Wallet
231502557,2,BTC_TX_231502557,3231502557pL7,0.4548,COMMERCIAL_SETTLEMENT,UTXO Confirmed,Bitcoin Mainnet,0.2783,NORMAL,CONSOLIDATED_TX,Exchange Hot Wallet
230528723,2,BTC_TX_230528723,3230528723pL7,12.0181,COMMERCIAL_SETTLEMENT,UTXO Confirmed,Bitcoin Mainnet,0.081,NORMAL,CONSOLIDATED_TX,Exchange Hot Wallet
115643001,1,BTC_TX_115643001,1115643001x9Q,11.6589,CRYPTO_MIXER_HOP,UTXO Mempool,Bitcoin Mainnet,0.9749,HIGH_CONFIDENCE,UNSPENT_OUTPUT,Cold Storage Address
94118195,1,BTC_TX_94118195,194118195x9Q,30.0702,CRYPTO_MIXER_HOP,UTXO Mempool,Bitcoin Mainnet,0.9197,HIGH_CONFIDENCE,UNSPENT_OUTPUT,Cold Storage Address
230391412,2,BTC_TX_230391412,3230391412pL7,2.9379,EXCHANGE_DEPOSIT,UTXO Confirmed,Bitcoin Mainnet,0.0146,NORMAL,CONSOLIDATED_TX,Exchange Hot Wallet
232457116,2,BTC_TX_232457116,3232457116pL7,29.5408,EXCHANGE_DEPOSIT,UTXO Confirmed,Bitcoin Mainnet,0.0454,NORMAL,CONSOLIDATED_TX,Exchange Hot Wallet
230601403,2,BTC_TX_230601403,3230601403pL7,0.7144,COMMERCIAL_SETTLEMENT,UTXO Confirmed,Bitcoin Mainnet,0.0238,NORMAL,CONSOLIDATED_TX,Exchange Hot Wallet
53678687,2,BTC_TX_53678687,353678687pL7,0.0954,COMMERCIAL_SETTLEMENT,UTXO Confirmed,Bitcoin Mainnet,0.2399,NORMAL,CONSOLIDATED_TX,Exchange Hot Wallet
94654129,1,BTC_TX_94654129,194654129x9Q,1.9659,CRYPTO_MIXER_HOP,UTXO Mempool,Bitcoin Mainnet,0.8629,HIGH_CONFIDENCE,UNSPENT_OUTPUT,Cold Storage Address
98734847,1,BTC_TX_98734847,198734847x9Q,31.2728,RANSOMWARE_PAYOUT,UTXO Mempool,Bitcoin Mainnet,0.956,HIGH_CONFIDENCE,UNSPENT_OUTPUT,Cold Storage Address
230602655,2,BTC_TX_230602655,3230602655pL7,2.9583,MERCHANT_GATEWAY,UTXO Confirmed,Bitcoin Mainnet,0.1621,NORMAL,CONSOLIDATED_TX,Exchange Hot Wallet
231169665,2,BTC_TX_231169665,3231169665pL7,0.3322,MERCHANT_GATEWAY,UTXO Confirmed,Bitcoin Mainnet,0.011,NORMAL,CONSOLIDATED_TX,Exchange Hot Wallet
94654259,1,BTC_TX_94654259,194654259x9Q,6.757,CRYPTO_MIXER_HOP,UTXO Mempool,Bitcoin Mainnet,0.8983,HIGH_CONFIDENCE,UNSPENT_OUTPUT,Cold Storage Address
200165930,2,BTC_TX_200165930,3200165930pL7,2.434,EXCHANGE_DEPOSIT,UTXO Confirmed,Bitcoin Mainnet,0.0291,NORMAL,CONSOLIDATED_TX,Exchange Hot Wallet
232001654,2,BTC_TX_232001654,3232001654pL7,2.8803,COMMERCIAL_SETTLEMENT,UTXO Confirmed,Bitcoin Mainnet,0.2163,NORMAL,CONSOLIDATED_TX,Exchange Hot Wallet
232031788,2,BTC_TX_232031788,3232031788pL7,16.4169,EXCHANGE_DEPOSIT,UTXO Confirmed,Bitcoin Mainnet,0.1358,NORMAL,CONSOLIDATED_TX,Exchange Hot Wallet
230579323,2,BTC_TX_230579323,3230579323pL7,10.0437,MERCHANT_GATEWAY,UTXO Confirmed,Bitcoin Mainnet,0.1859,NORMAL,CONSOLIDATED_TX,Exchange Hot Wallet
230473598,2,BTC_TX_230473598,3230473598pL7,1.5571,MERCHANT_GATEWAY,UTXO Confirmed,Bitcoin Mainnet,0.2888,NORMAL,CONSOLIDATED_TX,Exchange Hot Wallet
233229832,2,BTC_TX_233229832,3233229832pL7,1.5053,MERCHANT_GATEWAY,UTXO Confirmed,Bitcoin Mainnet,0.302,NORMAL,CONSOLIDATED_TX,Exchange Hot Wallet
230552340,2,BTC_TX_230552340,3230552340pL7,3.8215,COMMERCIAL_SETTLEMENT,UTXO Confirmed,Bitcoin Mainnet,0.3072,NORMAL,CONSOLIDATED_TX,Exchange Hot Wallet
10983754,2,BTC_TX_10983754,310983754pL7,3.8626,MERCHANT_GATEWAY,UTXO Confirmed,Bitcoin Mainnet,0.1362,NORMAL,CONSOLIDATED_TX,Exchange Hot Wallet
245231973,1,BTC_TX_245231973,1245231973x9Q,16.7938,CRYPTO_MIXER_HOP,UTXO Mempool,Bitcoin Mainnet,0.9169,HIGH_CONFIDENCE,UNSPENT_OUTPUT,Cold Storage Address
230457870,2,BTC_TX_230457870,3230457870pL7,0.9317,MERCHANT_GATEWAY,UTXO Confirmed,Bitcoin Mainnet,0.1643,NORMAL,CONSOLIDATED_TX,Exchange Hot Wallet
94654166,1,BTC_TX_94654166,194654166x9Q,22.0083,DARKNET_MARKET,UTXO Mempool,Bitcoin Mainnet,0.9679,HIGH_CONFIDENCE,UNSPENT_OUTPUT,Cold Storage Address
230901075,2,BTC_TX_230901075,3230901075pL7,15.3008,EXCHANGE_DEPOSIT,UTXO Confirmed,Bitcoin Mainnet,0.2592,NORMAL,CONSOLIDATED_TX,Exchange Hot Wallet
94682082,1,BTC_TX_94682082,194682082x9Q,0.7509,CRYPTO_MIXER_HOP,UTXO Mempool,Bitcoin Mainnet,0.8752,HIGH_CONFIDENCE,UNSPENT_OUTPUT,Cold Storage Address
3205536,1,BTC_TX_3205536,13205536x9Q,5.9413,RANSOMWARE_PAYOUT,UTXO Mempool,Bitcoin Mainnet,0.9055,HIGH_CONFIDENCE,UNSPENT_OUTPUT,Cold Storage Address
3912536,2,BTC_TX_3912536,33912536pL7,2.7883,EXCHANGE_DEPOSIT,UTXO Confirmed,Bitcoin Mainnet,0.3172,NORMAL,CONSOLIDATED_TX,Exchange Hot Wallet
45751341,1,BTC_TX_45751341,145751341x9Q,12.3684,RANSOMWARE_PAYOUT,UTXO Mempool,Bitcoin Mainnet,0.9111,HIGH_CONFIDENCE,UNSPENT_OUTPUT,Cold Storage Address
230658522,2,BTC_TX_230658522,3230658522pL7,2.9672,COMMERCIAL_SETTLEMENT,UTXO Confirmed,Bitcoin Mainnet,0.1795,NORMAL,CONSOLIDATED_TX,Exchange Hot Wallet
232036662,2,BTC_TX_232036662,3232036662pL7,2.2748,EXCHANGE_DEPOSIT,UTXO Confirmed,Bitcoin Mainnet,0.3265,NORMAL,CONSOLIDATED_TX,Exchange Hot Wallet
63006056,2,BTC_TX_63006056,363006056pL7,5.7972,MERCHANT_GATEWAY,UTXO Confirmed,Bitcoin Mainnet,0.3156,NORMAL,CONSOLIDATED_TX,Exchange Hot Wallet
230525697,2,BTC_TX_230525697,3230525697pL7,0.4082,MERCHANT_GATEWAY,UTXO Confirmed,Bitcoin Mainnet,0.0494,NORMAL,CONSOLIDATED_TX,Exchange Hot Wallet
232035280,2,BTC_TX_232035280,3232035280pL7,9.4736,EXCHANGE_DEPOSIT,UTXO Confirmed,Bitcoin Mainnet,0.2545,NORMAL,CONSOLIDATED_TX,Exchange Hot Wallet
230423018,2,BTC_TX_230423018,3230423018pL7,4.027,COMMERCIAL_SETTLEMENT,UTXO Confirmed,Bitcoin Mainnet,0.2268,NORMAL,CONSOLIDATED_TX,Exchange Hot Wallet
230340190,2,BTC_TX_230340190,3230340190pL7,3.6792,COMMERCIAL_SETTLEMENT,UTXO Confirmed,Bitcoin Mainnet,0.2296,NORMAL,CONSOLIDATED_TX,Exchange Hot Wallet
230529042,2,BTC_TX_230529042,3230529042pL7,15.1861,COMMERCIAL_SETTLEMENT,UTXO Confirmed,Bitcoin Mainnet,0.2249,NORMAL,CONSOLIDATED_TX,Exchange Hot Wallet
191110884,1,BTC_TX_191110884,1191110884x9Q,4.6955,RANSOMWARE_PAYOUT,UTXO Mempool,Bitcoin Mainnet,0.898,HIGH_CONFIDENCE,UNSPENT_OUTPUT,Cold Storage Address
312106094,1,BTC_TX_312106094,1312106094x9Q,3.841,DARKNET_MARKET,UTXO Mempool,Bitcoin Mainnet,0.9329,HIGH_CONFIDENCE,UNSPENT_OUTPUT,Cold Storage Address
232904744,2,BTC_TX_232904744,3232904744pL7,0.5623,COMMERCIAL_SETTLEMENT,UTXO Confirmed,Bitcoin Mainnet,0.202,NORMAL,CONSOLIDATED_TX,Exchange Hot Wallet
230456385,2,BTC_TX_230456385,3230456385pL7,9.1067,MERCHANT_GATEWAY,UTXO Confirmed,Bitcoin Mainnet,0.0214,NORMAL,CONSOLIDATED_TX,Exchange Hot Wallet
230651829,2,BTC_TX_230651829,3230651829pL7,2.7139,COMMERCIAL_SETTLEMENT,UTXO Confirmed,Bitcoin Mainnet,0.2395,NORMAL,CONSOLIDATED_TX,Exchange Hot Wallet
3875116,2,BTC_TX_3875116,33875116pL7,16.03,COMMERCIAL_SETTLEMENT,UTXO Confirmed,Bitcoin Mainnet,0.1521,NORMAL,CONSOLIDATED_TX,Exchange Hot Wallet
190432817,1,BTC_TX_190432817,1190432817x9Q,15.46,CRYPTO_MIXER_HOP,UTXO Mempool,Bitcoin Mainnet,0.9171,HIGH_CONFIDENCE,UNSPENT_OUTPUT,Cold Storage Address
245294955,1,BTC_TX_245294955,1245294955x9Q,2.0417,DARKNET_MARKET,UTXO Mempool,Bitcoin Mainnet,0.93,HIGH_CONFIDENCE,UNSPENT_OUTPUT,Cold Storage Address
5043402,2,BTC_TX_5043402,35043402pL7,4.4887,COMMERCIAL_SETTLEMENT,UTXO Confirmed,Bitcoin Mainnet,0.331,NORMAL,CONSOLIDATED_TX,Exchange Hot Wallet
14942862,2,BTC_TX_14942862,314942862pL7,6.5249,MERCHANT_GATEWAY,UTXO Confirmed,Bitcoin Mainnet,0.2184,NORMAL,CONSOLIDATED_TX,Exchange Hot Wallet
230621237,2,BTC_TX_230621237,3230621237pL7,22.4775,COMMERCIAL_SETTLEMENT,UTXO Confirmed,Bitcoin Mainnet,0.3459,NORMAL,CONSOLIDATED_TX,Exchange Hot Wallet
230537134,2,BTC_TX_230537134,3230537134pL7,2.5764,COMMERCIAL_SETTLEMENT,UTXO Confirmed,Bitcoin Mainnet,0.1716,NORMAL,CONSOLIDATED_TX,Exchange Hot Wallet
230389787,2,BTC_TX_230389787,3230389787pL7,7.1247,COMMERCIAL_SETTLEMENT,UTXO Confirmed,Bitcoin Mainnet,0.1234,NORMAL,CONSOLIDATED_TX,Exchange Hot Wallet
7757447,2,BTC_TX_7757447,37757447pL7,13.4611,EXCHANGE_DEPOSIT,UTXO Confirmed,Bitcoin Mainnet,0.0869,NORMAL,CONSOLIDATED_TX,Exchange Hot Wallet
230569377,2,BTC_TX_230569377,3230569377pL7,2.8892,MERCHANT_GATEWAY,UTXO Confirmed,Bitcoin Mainnet,0.2596,NORMAL,CONSOLIDATED_TX,Exchange Hot Wallet
191107780,1,BTC_TX_191107780,1191107780x9Q,6.7107,DARKNET_MARKET,UTXO Mempool,Bitcoin Mainnet,0.872,HIGH_CONFIDENCE,UNSPENT_OUTPUT,Cold Storage Address
19128841,2,BTC_TX_19128841,319128841pL7,6.9647,COMMERCIAL_SETTLEMENT,UTXO Confirmed,Bitcoin Mainnet,0.3468,NORMAL,CONSOLIDATED_TX,Exchange Hot Wallet
231177403,2,BTC_TX_231177403,3231177403pL7,0.4259,EXCHANGE_DEPOSIT,UTXO Confirmed,Bitcoin Mainnet,0.3286,NORMAL,CONSOLIDATED_TX,Exchange Hot Wallet
232034946,2,BTC_TX_232034946,3232034946pL7,1.0551,COMMERCIAL_SETTLEMENT,UTXO Confirmed,Bitcoin Mainnet,0.1257,NORMAL,CONSOLIDATED_TX,Exchange Hot Wallet
230464945,2,BTC_TX_230464945,3230464945pL7,1.3873,EXCHANGE_DEPOSIT,UTXO Confirmed,Bitcoin Mainnet,0.3498,NORMAL,CONSOLIDATED_TX,Exchange Hot Wallet
232959352,2,BTC_TX_232959352,3232959352pL7,3.1504,MERCHANT_GATEWAY,UTXO Confirmed,Bitcoin Mainnet,0.3487,NORMAL,CONSOLIDATED_TX,Exchange Hot Wallet
3880766,2,BTC_TX_3880766,33880766pL7,3.7334,EXCHANGE_DEPOSIT,UTXO Confirmed,Bitcoin Mainnet,0.032,NORMAL,CONSOLIDATED_TX,Exchange Hot Wallet
230670897,2,BTC_TX_230670897,3230670897pL7,1.4027,COMMERCIAL_SETTLEMENT,UTXO Confirmed,Bitcoin Mainnet,0.2257,NORMAL,CONSOLIDATED_TX,Exchange Hot Wallet
94653825,1,BTC_TX_94653825,194653825x9Q,15.5576,DARKNET_MARKET,UTXO Mempool,Bitcoin Mainnet,0.8986,HIGH_CONFIDENCE,UNSPENT_OUTPUT,Cold Storage Address
232457891,2,BTC_TX_232457891,3232457891pL7,0.2732,COMMERCIAL_SETTLEMENT,UTXO Confirmed,Bitcoin Mainnet,0.3048,NORMAL,CONSOLIDATED_TX,Exchange Hot Wallet
115107642,1,BTC_TX_115107642,1115107642x9Q,2.848,DARKNET_MARKET,UTXO Mempool,Bitcoin Mainnet,0.8917,HIGH_CONFIDENCE,UNSPENT_OUTPUT,Cold Storage Address
230526943,2,BTC_TX_230526943,3230526943pL7,0.209,EXCHANGE_DEPOSIT,UTXO Confirmed,Bitcoin Mainnet,0.0229,NORMAL,CONSOLIDATED_TX,Exchange Hot Wallet
230610774,2,BTC_TX_230610774,3230610774pL7,0.7061,COMMERCIAL_SETTLEMENT,UTXO Confirmed,Bitcoin Mainnet,0.0527,NORMAL,CONSOLIDATED_TX,Exchange Hot Wallet
32976149,2,BTC_TX_32976149,332976149pL7,8.5874,COMMERCIAL_SETTLEMENT,UTXO Confirmed,Bitcoin Mainnet,0.161,NORMAL,CONSOLIDATED_TX,Exchange Hot Wallet
94654134,1,BTC_TX_94654134,194654134x9Q,3.1371,DARKNET_MARKET,UTXO Mempool,Bitcoin Mainnet,0.955,HIGH_CONFIDENCE,UNSPENT_OUTPUT,Cold Storage Address
191631948,1,BTC_TX_191631948,1191631948x9Q,54.6846,DARKNET_MARKET,UTXO Mempool,Bitcoin Mainnet,0.9164,HIGH_CONFIDENCE,UNSPENT_OUTPUT,Cold Storage Address
232345690,2,BTC_TX_232345690,3232345690pL7,28.0957,MERCHANT_GATEWAY,UTXO Confirmed,Bitcoin Mainnet,0.1626,NORMAL,CONSOLIDATED_TX,Exchange Hot Wallet
94654161,1,BTC_TX_94654161,194654161x9Q,11.1566,CRYPTO_MIXER_HOP,UTXO Mempool,Bitcoin Mainnet,0.9297,HIGH_CONFIDENCE,UNSPENT_OUTPUT,Cold Storage Address
3877118,2,BTC_TX_3877118,33877118pL7,3.6698,COMMERCIAL_SETTLEMENT,UTXO Confirmed,Bitcoin Mainnet,0.2675,NORMAL,CONSOLIDATED_TX,Exchange Hot Wallet
156330450,2,BTC_TX_156330450,3156330450pL7,1.2929,MERCHANT_GATEWAY,UTXO Confirmed,Bitcoin Mainnet,0.042,NORMAL,CONSOLIDATED_TX,Exchange Hot Wallet
230436739,2,BTC_TX_230436739,3230436739pL7,2.0258,EXCHANGE_DEPOSIT,UTXO Confirmed,Bitcoin Mainnet,0.0542,NORMAL,CONSOLIDATED_TX,Exchange Hot Wallet
3880667,2,BTC_TX_3880667,33880667pL7,5.12,COMMERCIAL_SETTLEMENT,UTXO Confirmed,Bitcoin Mainnet,0.0568,NORMAL,CONSOLIDATED_TX,Exchange Hot Wallet
232959353,2,BTC_TX_232959353,3232959353pL7,2.4694,EXCHANGE_DEPOSIT,UTXO Confirmed,Bitcoin Mainnet,0.2082,NORMAL,CONSOLIDATED_TX,Exchange Hot Wallet
232914298,2,BTC_TX_232914298,3232914298pL7,8.9287,MERCHANT_GATEWAY,UTXO Confirmed,Bitcoin Mainnet,0.2298,NORMAL,CONSOLIDATED_TX,Exchange Hot Wallet
94654263,1,BTC_TX_94654263,194654263x9Q,12.1265,RANSOMWARE_PAYOUT,UTXO Mempool,Bitcoin Mainnet,0.8852,HIGH_CONFIDENCE,UNSPENT_OUTPUT,Cold Storage Address
279424082,1,BTC_TX_279424082,1279424082x9Q,34.2823,CRYPTO_MIXER_HOP,UTXO Mempool,Bitcoin Mainnet,0.8561,HIGH_CONFIDENCE,UNSPENT_OUTPUT,Cold Storage Address
94370918,1,BTC_TX_94370918,194370918x9Q,4.6079,RANSOMWARE_PAYOUT,UTXO Mempool,Bitcoin Mainnet,0.9775,HIGH_CONFIDENCE,UNSPENT_OUTPUT,Cold Storage Address
230686565,2,BTC_TX_230686565,3230686565pL7,2.7265,EXCHANGE_DEPOSIT,UTXO Confirmed,Bitcoin Mainnet,0.2005,NORMAL,CONSOLIDATED_TX,Exchange Hot Wallet
230594153,2,BTC_TX_230594153,3230594153pL7,7.5306,EXCHANGE_DEPOSIT,UTXO Confirmed,Bitcoin Mainnet,0.2044,NORMAL,CONSOLIDATED_TX,Exchange Hot Wallet
191108346,1,BTC_TX_191108346,1191108346x9Q,16.8374,DARKNET_MARKET,UTXO Mempool,Bitcoin Mainnet,0.8587,HIGH_CONFIDENCE,UNSPENT_OUTPUT,Cold Storage Address
232431904,2,BTC_TX_232431904,3232431904pL7,15.7153,COMMERCIAL_SETTLEMENT,UTXO Confirmed,Bitcoin Mainnet,0.3063,NORMAL,CONSOLIDATED_TX,Exchange Hot Wallet
3403094,2,BTC_TX_3403094,33403094pL7,0.8601,EXCHANGE_DEPOSIT,UTXO Confirmed,Bitcoin Mainnet,0.3259,NORMAL,CONSOLIDATED_TX,Exchange Hot Wallet
227338369,2,BTC_TX_227338369,3227338369pL7,1.0392,EXCHANGE_DEPOSIT,UTXO Confirmed,Bitcoin Mainnet,0.3401,NORMAL,CONSOLIDATED_TX,Exchange Hot Wallet
62195631,1,BTC_TX_62195631,162195631x9Q,14.2862,RANSOMWARE_PAYOUT,UTXO Mempool,Bitcoin Mainnet,0.9488,HIGH_CONFIDENCE,UNSPENT_OUTPUT,Cold Storage Address
3421848,2,BTC_TX_3421848,33421848pL7,2.9697,EXCHANGE_DEPOSIT,UTXO Confirmed,Bitcoin Mainnet,0.0217,NORMAL,CONSOLIDATED_TX,Exchange Hot Wallet
245140933,1,BTC_TX_245140933,1245140933x9Q,5.9493,DARKNET_MARKET,UTXO Mempool,Bitcoin Mainnet,0.9067,HIGH_CONFIDENCE,UNSPENT_OUTPUT,Cold Storage Address
232907868,2,BTC_TX_232907868,3232907868pL7,3.7888,COMMERCIAL_SETTLEMENT,UTXO Confirmed,Bitcoin Mainnet,0.1198,NORMAL,CONSOLIDATED_TX,Exchange Hot Wallet
230577432,2,BTC_TX_230577432,3230577432pL7,4.4971,EXCHANGE_DEPOSIT,UTXO Confirmed,Bitcoin Mainnet,0.3344,NORMAL,CONSOLIDATED_TX,Exchange Hot Wallet
27553029,2,BTC_TX_27553029,327553029pL7,0.1421,COMMERCIAL_SETTLEMENT,UTXO Confirmed,Bitcoin Mainnet,0.1834,NORMAL,CONSOLIDATED_TX,Exchange Hot Wallet
230966618,2,BTC_TX_230966618,3230966618pL7,6.4434,EXCHANGE_DEPOSIT,UTXO Confirmed,Bitcoin Mainnet,0.0867,NORMAL,CONSOLIDATED_TX,Exchange Hot Wallet
54735269,2,BTC_TX_54735269,354735269pL7,7.116,COMMERCIAL_SETTLEMENT,UTXO Confirmed,Bitcoin Mainnet,0.1444,NORMAL,CONSOLIDATED_TX,Exchange Hot Wallet
232906716,2,BTC_TX_232906716,3232906716pL7,17.2133,MERCHANT_GATEWAY,UTXO Confirmed,Bitcoin Mainnet,0.234,NORMAL,CONSOLIDATED_TX,Exchange Hot Wallet
230400498,2,BTC_TX_230400498,3230400498pL7,3.7216,COMMERCIAL_SETTLEMENT,UTXO Confirmed,Bitcoin Mainnet,0.2969,NORMAL,CONSOLIDATED_TX,Exchange Hot Wallet
3898178,2,BTC_TX_3898178,33898178pL7,13.3528,EXCHANGE_DEPOSIT,UTXO Confirmed,Bitcoin Mainnet,0.2962,NORMAL,CONSOLIDATED_TX,Exchange Hot Wallet
232456339,2,BTC_TX_232456339,3232456339pL7,4.076,MERCHANT_GATEWAY,UTXO Confirmed,Bitcoin Mainnet,0.0818,NORMAL,CONSOLIDATED_TX,Exchange Hot Wallet
230473487,2,BTC_TX_230473487,3230473487pL7,6.4668,COMMERCIAL_SETTLEMENT,UTXO Confirmed,Bitcoin Mainnet,0.0178,NORMAL,CONSOLIDATED_TX,Exchange Hot Wallet
232034945,2,BTC_TX_232034945,3232034945pL7,5.3015,COMMERCIAL_SETTLEMENT,UTXO Confirmed,Bitcoin Mainnet,0.0912,NORMAL,CONSOLIDATED_TX,Exchange Hot Wallet
232909272,2,BTC_TX_232909272,3232909272pL7,2.6756,COMMERCIAL_SETTLEMENT,UTXO Confirmed,Bitcoin Mainnet,0.2094,NORMAL,CONSOLIDATED_TX,Exchange Hot Wallet
230457090,2,BTC_TX_230457090,3230457090pL7,0.9547,EXCHANGE_DEPOSIT,UTXO Confirmed,Bitcoin Mainnet,0.1451,NORMAL,CONSOLIDATED_TX,Exchange Hot Wallet
98623027,1,BTC_TX_98623027,198623027x9Q,36.3329,CRYPTO_MIXER_HOP,UTXO Mempool,Bitcoin Mainnet,0.9131,HIGH_CONFIDENCE,UNSPENT_OUTPUT,Cold Storage Address
230469660,2,BTC_TX_230469660,3230469660pL7,3.2106,EXCHANGE_DEPOSIT,UTXO Confirmed,Bitcoin Mainnet,0.1208,NORMAL,CONSOLIDATED_TX,Exchange Hot Wallet
231178835,2,BTC_TX_231178835,3231178835pL7,1.6351,COMMERCIAL_SETTLEMENT,UTXO Confirmed,Bitcoin Mainnet,0.1632,NORMAL,CONSOLIDATED_TX,Exchange Hot Wallet
231028913,2,BTC_TX_231028913,3231028913pL7,3.3621,COMMERCIAL_SETTLEMENT,UTXO Confirmed,Bitcoin Mainnet,0.2514,NORMAL,CONSOLIDATED_TX,Exchange Hot Wallet
99600686,2,BTC_TX_99600686,399600686pL7,15.455,MERCHANT_GATEWAY,UTXO Confirmed,Bitcoin Mainnet,0.2028,NORMAL,CONSOLIDATED_TX,Exchange Hot Wallet
232431845,2,BTC_TX_232431845,3232431845pL7,4.9582,EXCHANGE_DEPOSIT,UTXO Confirmed,Bitcoin Mainnet,0.0924,NORMAL,CONSOLIDATED_TX,Exchange Hot Wallet
8390228,2,BTC_TX_8390228,38390228pL7,8.7679,EXCHANGE_DEPOSIT,UTXO Confirmed,Bitcoin Mainnet,0.2609,NORMAL,CONSOLIDATED_TX,Exchange Hot Wallet
94654122,1,BTC_TX_94654122,194654122x9Q,10.9778,CRYPTO_MIXER_HOP,UTXO Mempool,Bitcoin Mainnet,0.8627,HIGH_CONFIDENCE,UNSPENT_OUTPUT,Cold Storage Address
94654261,1,BTC_TX_94654261,194654261x9Q,14.6074,RANSOMWARE_PAYOUT,UTXO Mempool,Bitcoin Mainnet,0.9277,HIGH_CONFIDENCE,UNSPENT_OUTPUT,Cold Storage Address
230393704,2,BTC_TX_230393704,3230393704pL7,4.2852,COMMERCIAL_SETTLEMENT,UTXO Confirmed,Bitcoin Mainnet,0.269,NORMAL,CONSOLIDATED_TX,Exchange Hot Wallet
230557033,2,BTC_TX_230557033,3230557033pL7,4.4844,MERCHANT_GATEWAY,UTXO Confirmed,Bitcoin Mainnet,0.2762,NORMAL,CONSOLIDATED_TX,Exchange Hot Wallet
212689472,2,BTC_TX_212689472,3212689472pL7,10.6128,COMMERCIAL_SETTLEMENT,UTXO Confirmed,Bitcoin Mainnet,0.3423,NORMAL,CONSOLIDATED_TX,Exchange Hot Wallet
230511920,2,BTC_TX_230511920,3230511920pL7,8.0472,COMMERCIAL_SETTLEMENT,UTXO Confirmed,Bitcoin Mainnet,0.0973,NORMAL,CONSOLIDATED_TX,Exchange Hot Wallet
230523207,2,BTC_TX_230523207,3230523207pL7,0.593,MERCHANT_GATEWAY,UTXO Confirmed,Bitcoin Mainnet,0.1438,NORMAL,CONSOLIDATED_TX,Exchange Hot Wallet
231998448,2,BTC_TX_231998448,3231998448pL7,2.1221,EXCHANGE_DEPOSIT,UTXO Confirmed,Bitcoin Mainnet,0.341,NORMAL,CONSOLIDATED_TX,Exchange Hot Wallet
230452144,2,BTC_TX_230452144,3230452144pL7,2.5336,EXCHANGE_DEPOSIT,UTXO Confirmed,Bitcoin Mainnet,0.0223,NORMAL,CONSOLIDATED_TX,Exchange Hot Wallet
99222013,1,BTC_TX_99222013,199222013x9Q,25.9923,RANSOMWARE_PAYOUT,UTXO Mempool,Bitcoin Mainnet,0.9752,HIGH_CONFIDENCE,UNSPENT_OUTPUT,Cold Storage Address
94654136,1,BTC_TX_94654136,194654136x9Q,2.2489,DARKNET_MARKET,UTXO Mempool,Bitcoin Mainnet,0.956,HIGH_CONFIDENCE,UNSPENT_OUTPUT,Cold Storage Address
230557024,2,BTC_TX_230557024,3230557024pL7,6.4919,EXCHANGE_DEPOSIT,UTXO Confirmed,Bitcoin Mainnet,0.2798,NORMAL,CONSOLIDATED_TX,Exchange Hot Wallet
192393975,2,BTC_TX_192393975,3192393975pL7,3.7453,COMMERCIAL_SETTLEMENT,UTXO Confirmed,Bitcoin Mainnet,0.2154,NORMAL,CONSOLIDATED_TX,Exchange Hot Wallet
94299108,1,BTC_TX_94299108,194299108x9Q,5.869,RANSOMWARE_PAYOUT,UTXO Mempool,Bitcoin Mainnet,0.9873,HIGH_CONFIDENCE,UNSPENT_OUTPUT,Cold Storage Address
232037102,2,BTC_TX_232037102,3232037102pL7,5.4827,MERCHANT_GATEWAY,UTXO Confirmed,Bitcoin Mainnet,0.0573,NORMAL,CONSOLIDATED_TX,Exchange Hot Wallet
190006176,1,BTC_TX_190006176,1190006176x9Q,34.6115,CRYPTO_MIXER_HOP,UTXO Mempool,Bitcoin Mainnet,0.9716,HIGH_CONFIDENCE,UNSPENT_OUTPUT,Cold Storage Address
232036650,2,BTC_TX_232036650,3232036650pL7,5.2218,MERCHANT_GATEWAY,UTXO Confirmed,Bitcoin Mainnet,0.3185,NORMAL,CONSOLIDATED_TX,Exchange Hot Wallet
232467632,2,BTC_TX_232467632,3232467632pL7,1.983,EXCHANGE_DEPOSIT,UTXO Confirmed,Bitcoin Mainnet,0.2706,NORMAL,CONSOLIDATED_TX,Exchange Hot Wallet
232453630,2,BTC_TX_232453630,3232453630pL7,7.9564,MERCHANT_GATEWAY,UTXO Confirmed,Bitcoin Mainnet,0.3431,NORMAL,CONSOLIDATED_TX,Exchange Hot Wallet
3851887,2,BTC_TX_3851887,33851887pL7,7.8009,MERCHANT_GATEWAY,UTXO Confirmed,Bitcoin Mainnet,0.065,NORMAL,CONSOLIDATED_TX,Exchange Hot Wallet
94654120,1,BTC_TX_94654120,194654120x9Q,6.241,RANSOMWARE_PAYOUT,UTXO Mempool,Bitcoin Mainnet,0.973,HIGH_CONFIDENCE,UNSPENT_OUTPUT,Cold Storage Address
94654154,1,BTC_TX_94654154,194654154x9Q,31.975,RANSOMWARE_PAYOUT,UTXO Mempool,Bitcoin Mainnet,0.9268,HIGH_CONFIDENCE,UNSPENT_OUTPUT,Cold Storage Address
190427047,1,BTC_TX_190427047,1190427047x9Q,3.1444,DARKNET_MARKET,UTXO Mempool,Bitcoin Mainnet,0.9794,HIGH_CONFIDENCE,UNSPENT_OUTPUT,Cold Storage Address
230456384,2,BTC_TX_230456384,3230456384pL7,4.477,EXCHANGE_DEPOSIT,UTXO Confirmed,Bitcoin Mainnet,0.1337,NORMAL,CONSOLIDATED_TX,Exchange Hot Wallet
191518011,1,BTC_TX_191518011,1191518011x9Q,8.8841,CRYPTO_MIXER_HOP,UTXO Mempool,Bitcoin Mainnet,0.9183,HIGH_CONFIDENCE,UNSPENT_OUTPUT,Cold Storage Address
233842379,2,BTC_TX_233842379,3233842379pL7,0.2223,COMMERCIAL_SETTLEMENT,UTXO Confirmed,Bitcoin Mainnet,0.0418,NORMAL,CONSOLIDATED_TX,Exchange Hot Wallet
232349132,2,BTC_TX_232349132,3232349132pL7,0.1992,MERCHANT_GATEWAY,UTXO Confirmed,Bitcoin Mainnet,0.2531,NORMAL,CONSOLIDATED_TX,Exchange Hot Wallet
231028831,2,BTC_TX_231028831,3231028831pL7,1.0043,MERCHANT_GATEWAY,UTXO Confirmed,Bitcoin Mainnet,0.1725,NORMAL,CONSOLIDATED_TX,Exchange Hot Wallet
232034950,2,BTC_TX_232034950,3232034950pL7,10.3221,MERCHANT_GATEWAY,UTXO Confirmed,Bitcoin Mainnet,0.0739,NORMAL,CONSOLIDATED_TX,Exchange Hot Wallet
230473477,2,BTC_TX_230473477,3230473477pL7,4.1369,COMMERCIAL_SETTLEMENT,UTXO Confirmed,Bitcoin Mainnet,0.0917,NORMAL,CONSOLIDATED_TX,Exchange Hot Wallet
230969943,2,BTC_TX_230969943,3230969943pL7,7.699,EXCHANGE_DEPOSIT,UTXO Confirmed,Bitcoin Mainnet,0.1726,NORMAL,CONSOLIDATED_TX,Exchange Hot Wallet
94654272,1,BTC_TX_94654272,194654272x9Q,11.2231,RANSOMWARE_PAYOUT,UTXO Mempool,Bitcoin Mainnet,0.9664,HIGH_CONFIDENCE,UNSPENT_OUTPUT,Cold Storage Address
230440348,2,BTC_TX_230440348,3230440348pL7,0.2416,MERCHANT_GATEWAY,UTXO Confirmed,Bitcoin Mainnet,0.0201,NORMAL,CONSOLIDATED_TX,Exchange Hot Wallet
20299716,2,BTC_TX_20299716,320299716pL7,0.6567,MERCHANT_GATEWAY,UTXO Confirmed,Bitcoin Mainnet,0.3319,NORMAL,CONSOLIDATED_TX,Exchange Hot Wallet
233307261,2,BTC_TX_233307261,3233307261pL7,8.5904,EXCHANGE_DEPOSIT,UTXO Confirmed,Bitcoin Mainnet,0.0805,NORMAL,CONSOLIDATED_TX,Exchange Hot Wallet
3399363,2,BTC_TX_3399363,33399363pL7,6.2148,COMMERCIAL_SETTLEMENT,UTXO Confirmed,Bitcoin Mainnet,0.1311,NORMAL,CONSOLIDATED_TX,Exchange Hot Wallet
230459077,2,BTC_TX_230459077,3230459077pL7,1.0988,EXCHANGE_DEPOSIT,UTXO Confirmed,Bitcoin Mainnet,0.0458,NORMAL,CONSOLIDATED_TX,Exchange Hot Wallet
34300945,2,BTC_TX_34300945,334300945pL7,3.9597,EXCHANGE_DEPOSIT,UTXO Confirmed,Bitcoin Mainnet,0.1889,NORMAL,CONSOLIDATED_TX,Exchange Hot Wallet
189800499,1,BTC_TX_189800499,1189800499x9Q,28.8793,DARKNET_MARKET,UTXO Mempool,Bitcoin Mainnet,0.8755,HIGH_CONFIDENCE,UNSPENT_OUTPUT,Cold Storage Address
231179679,2,BTC_TX_231179679,3231179679pL7,2.5899,MERCHANT_GATEWAY,UTXO Confirmed,Bitcoin Mainnet,0.326,NORMAL,CONSOLIDATED_TX,Exchange Hot Wallet
230578985,2,BTC_TX_230578985,3230578985pL7,0.4752,COMMERCIAL_SETTLEMENT,UTXO Confirmed,Bitcoin Mainnet,0.0898,NORMAL,CONSOLIDATED_TX,Exchange Hot Wallet
232904028,2,BTC_TX_232904028,3232904028pL7,0.6656,EXCHANGE_DEPOSIT,UTXO Confirmed,Bitcoin Mainnet,0.1359,NORMAL,CONSOLIDATED_TX,Exchange Hot Wallet
3880576,2,BTC_TX_3880576,33880576pL7,7.1875,MERCHANT_GATEWAY,UTXO Confirmed,Bitcoin Mainnet,0.1687,NORMAL,CONSOLIDATED_TX,Exchange Hot Wallet
230649652,2,BTC_TX_230649652,3230649652pL7,1.1881,MERCHANT_GATEWAY,UTXO Confirmed,Bitcoin Mainnet,0.0508,NORMAL,CONSOLIDATED_TX,Exchange Hot Wallet
232892365,2,BTC_TX_232892365,3232892365pL7,2.8328,COMMERCIAL_SETTLEMENT,UTXO Confirmed,Bitcoin Mainnet,0.1069,NORMAL,CONSOLIDATED_TX,Exchange Hot Wallet
230331217,2,BTC_TX_230331217,3230331217pL7,8.6642,EXCHANGE_DEPOSIT,UTXO Confirmed,Bitcoin Mainnet,0.0183,NORMAL,CONSOLIDATED_TX,Exchange Hot Wallet
232958826,2,BTC_TX_232958826,3232958826pL7,9.2167,EXCHANGE_DEPOSIT,UTXO Confirmed,Bitcoin Mainnet,0.0615,NORMAL,CONSOLIDATED_TX,Exchange Hot Wallet
198358107,2,BTC_TX_198358107,3198358107pL7,9.2267,MERCHANT_GATEWAY,UTXO Confirmed,Bitcoin Mainnet,0.2776,NORMAL,CONSOLIDATED_TX,Exchange Hot Wallet
76172036,2,BTC_TX_76172036,376172036pL7,2.059,EXCHANGE_DEPOSIT,UTXO Confirmed,Bitcoin Mainnet,0.1409,NORMAL,CONSOLIDATED_TX,Exchange Hot Wallet
234075335,2,BTC_TX_234075335,3234075335pL7,1.2797,COMMERCIAL_SETTLEMENT,UTXO Confirmed,Bitcoin Mainnet,0.1488,NORMAL,CONSOLIDATED_TX,Exchange Hot Wallet
232437171,2,BTC_TX_232437171,3232437171pL7,9.1688,MERCHANT_GATEWAY,UTXO Confirmed,Bitcoin Mainnet,0.2636,NORMAL,CONSOLIDATED_TX,Exchange Hot Wallet
230531648,2,BTC_TX_230531648,3230531648pL7,1.1889,EXCHANGE_DEPOSIT,UTXO Confirmed,Bitcoin Mainnet,0.216,NORMAL,CONSOLIDATED_TX,Exchange Hot Wallet
195215469,2,BTC_TX_195215469,3195215469pL7,3.8002,COMMERCIAL_SETTLEMENT,UTXO Confirmed,Bitcoin Mainnet,0.1165,NORMAL,CONSOLIDATED_TX,Exchange Hot Wallet
230530058,2,BTC_TX_230530058,3230530058pL7,1.2892,EXCHANGE_DEPOSIT,UTXO Confirmed,Bitcoin Mainnet,0.0113,NORMAL,CONSOLIDATED_TX,Exchange Hot Wallet
94371544,1,BTC_TX_94371544,194371544x9Q,40.3243,CRYPTO_MIXER_HOP,UTXO Mempool,Bitcoin Mainnet,0.9778,HIGH_CONFIDENCE,UNSPENT_OUTPUT,Cold Storage Address
232686009,2,BTC_TX_232686009,3232686009pL7,4.9267,COMMERCIAL_SETTLEMENT,UTXO Confirmed,Bitcoin Mainnet,0.3194,NORMAL,CONSOLIDATED_TX,Exchange Hot Wallet
190426391,1,BTC_TX_190426391,1190426391x9Q,13.4023,DARKNET_MARKET,UTXO Mempool,Bitcoin Mainnet,0.9281,HIGH_CONFIDENCE,UNSPENT_OUTPUT,Cold Storage Address
230523204,2,BTC_TX_230523204,3230523204pL7,2.2643,COMMERCIAL_SETTLEMENT,UTXO Confirmed,Bitcoin Mainnet,0.0455,NORMAL,CONSOLIDATED_TX,Exchange Hot Wallet
232432895,2,BTC_TX_232432895,3232432895pL7,3.0862,MERCHANT_GATEWAY,UTXO Confirmed,Bitcoin Mainnet,0.0235,NORMAL,CONSOLIDATED_TX,Exchange Hot Wallet
3880150,2,BTC_TX_3880150,33880150pL7,1.3605,EXCHANGE_DEPOSIT,UTXO Confirmed,Bitcoin Mainnet,0.2297,NORMAL,CONSOLIDATED_TX,Exchange Hot Wallet
232354183,2,BTC_TX_232354183,3232354183pL7,1.5287,EXCHANGE_DEPOSIT,UTXO Confirmed,Bitcoin Mainnet,0.1966,NORMAL,CONSOLIDATED_TX,Exchange Hot Wallet
230457451,2,BTC_TX_230457451,3230457451pL7,2.435,MERCHANT_GATEWAY,UTXO Confirmed,Bitcoin Mainnet,0.1977,NORMAL,CONSOLIDATED_TX,Exchange Hot Wallet
230522178,2,BTC_TX_230522178,3230522178pL7,20.8369,EXCHANGE_DEPOSIT,UTXO Confirmed,Bitcoin Mainnet,0.2693,NORMAL,CONSOLIDATED_TX,Exchange Hot Wallet
54504625,1,BTC_TX_54504625,154504625x9Q,10.6744,DARKNET_MARKET,UTXO Mempool,Bitcoin Mainnet,0.9321,HIGH_CONFIDENCE,UNSPENT_OUTPUT,Cold Storage Address
230527319,2,BTC_TX_230527319,3230527319pL7,1.5052,EXCHANGE_DEPOSIT,UTXO Confirmed,Bitcoin Mainnet,0.276,NORMAL,CONSOLIDATED_TX,Exchange Hot Wallet
234461480,2,BTC_TX_234461480,3234461480pL7,0.2371,COMMERCIAL_SETTLEMENT,UTXO Confirmed,Bitcoin Mainnet,0.0572,NORMAL,CONSOLIDATED_TX,Exchange Hot Wallet
230470027,2,BTC_TX_230470027,3230470027pL7,3.0569,COMMERCIAL_SETTLEMENT,UTXO Confirmed,Bitcoin Mainnet,0.0866,NORMAL,CONSOLIDATED_TX,Exchange Hot Wallet
230659434,2,BTC_TX_230659434,3230659434pL7,1.812,EXCHANGE_DEPOSIT,UTXO Confirmed,Bitcoin Mainnet,0.2394,NORMAL,CONSOLIDATED_TX,Exchange Hot Wallet
232037090,2,BTC_TX_232037090,3232037090pL7,0.217,MERCHANT_GATEWAY,UTXO Confirmed,Bitcoin Mainnet,0.1428,NORMAL,CONSOLIDATED_TX,Exchange Hot Wallet
230468732,2,BTC_TX_230468732,3230468732pL7,6.5018,EXCHANGE_DEPOSIT,UTXO Confirmed,Bitcoin Mainnet,0.2083,NORMAL,CONSOLIDATED_TX,Exchange Hot Wallet
231995245,2,BTC_TX_231995245,3231995245pL7,5.9989,COMMERCIAL_SETTLEMENT,UTXO Confirmed,Bitcoin Mainnet,0.0436,NORMAL,CONSOLIDATED_TX,Exchange Hot Wallet
232470504,2,BTC_TX_232470504,3232470504pL7,0.1114,EXCHANGE_DEPOSIT,UTXO Confirmed,Bitcoin Mainnet,0.115,NORMAL,CONSOLIDATED_TX,Exchange Hot Wallet
230550393,2,BTC_TX_230550393,3230550393pL7,12.5185,MERCHANT_GATEWAY,UTXO Confirmed,Bitcoin Mainnet,0.028,NORMAL,CONSOLIDATED_TX,Exchange Hot Wallet
232346248,2,BTC_TX_232346248,3232346248pL7,0.0556,MERCHANT_GATEWAY,UTXO Confirmed,Bitcoin Mainnet,0.3247,NORMAL,CONSOLIDATED_TX,Exchange Hot Wallet
14847524,2,BTC_TX_14847524,314847524pL7,3.149,MERCHANT_GATEWAY,UTXO Confirmed,Bitcoin Mainnet,0.0843,NORMAL,CONSOLIDATED_TX,Exchange Hot Wallet
230531646,2,BTC_TX_230531646,3230531646pL7,13.5348,COMMERCIAL_SETTLEMENT,UTXO Confirmed,Bitcoin Mainnet,0.1068,NORMAL,CONSOLIDATED_TX,Exchange Hot Wallet
230447764,2,BTC_TX_230447764,3230447764pL7,3.0781,EXCHANGE_DEPOSIT,UTXO Confirmed,Bitcoin Mainnet,0.069,NORMAL,CONSOLIDATED_TX,Exchange Hot Wallet
230421654,2,BTC_TX_230421654,3230421654pL7,0.5891,COMMERCIAL_SETTLEMENT,UTXO Confirmed,Bitcoin Mainnet,0.298,NORMAL,CONSOLIDATED_TX,Exchange Hot Wallet
232431931,2,BTC_TX_232431931,3232431931pL7,0.4524,COMMERCIAL_SETTLEMENT,UTXO Confirmed,Bitcoin Mainnet,0.2648,NORMAL,CONSOLIDATED_TX,Exchange Hot Wallet
190005883,1,BTC_TX_190005883,1190005883x9Q,5.1224,DARKNET_MARKET,UTXO Mempool,Bitcoin Mainnet,0.8827,HIGH_CONFIDENCE,UNSPENT_OUTPUT,Cold Storage Address
230647313,2,BTC_TX_230647313,3230647313pL7,2.9238,EXCHANGE_DEPOSIT,UTXO Confirmed,Bitcoin Mainnet,0.0244,NORMAL,CONSOLIDATED_TX,Exchange Hot Wallet
7402053,2,BTC_TX_7402053,37402053pL7,6.325,MERCHANT_GATEWAY,UTXO Confirmed,Bitcoin Mainnet,0.1128,NORMAL,CONSOLIDATED_TX,Exchange Hot Wallet
232401224,2,BTC_TX_232401224,3232401224pL7,16.487,COMMERCIAL_SETTLEMENT,UTXO Confirmed,Bitcoin Mainnet,0.1168,NORMAL,CONSOLIDATED_TX,Exchange Hot Wallet
230523211,2,BTC_TX_230523211,3230523211pL7,7.075,COMMERCIAL_SETTLEMENT,UTXO Confirmed,Bitcoin Mainnet,0.3099,NORMAL,CONSOLIDATED_TX,Exchange Hot Wallet
230602580,2,BTC_TX_230602580,3230602580pL7,3.6419,MERCHANT_GATEWAY,UTXO Confirmed,Bitcoin Mainnet,0.0833,NORMAL,CONSOLIDATED_TX,Exchange Hot Wallet
232396277,2,BTC_TX_232396277,3232396277pL7,4.3965,MERCHANT_GATEWAY,UTXO Confirmed,Bitcoin Mainnet,0.0253,NORMAL,CONSOLIDATED_TX,Exchange Hot Wallet
232397581,2,BTC_TX_232397581,3232397581pL7,3.0063,COMMERCIAL_SETTLEMENT,UTXO Confirmed,Bitcoin Mainnet,0.2302,NORMAL,CONSOLIDATED_TX,Exchange Hot Wallet
232348828,2,BTC_TX_232348828,3232348828pL7,3.5644,EXCHANGE_DEPOSIT,UTXO Confirmed,Bitcoin Mainnet,0.1468,NORMAL,CONSOLIDATED_TX,Exchange Hot Wallet
28359967,2,BTC_TX_28359967,328359967pL7,6.8683,MERCHANT_GATEWAY,UTXO Confirmed,Bitcoin Mainnet,0.2683,NORMAL,CONSOLIDATED_TX,Exchange Hot Wallet
232377100,2,BTC_TX_232377100,3232377100pL7,8.1976,EXCHANGE_DEPOSIT,UTXO Confirmed,Bitcoin Mainnet,0.1926,NORMAL,CONSOLIDATED_TX,Exchange Hot Wallet
230406766,2,BTC_TX_230406766,3230406766pL7,0.8387,MERCHANT_GATEWAY,UTXO Confirmed,Bitcoin Mainnet,0.0782,NORMAL,CONSOLIDATED_TX,Exchange Hot Wallet
231179622,2,BTC_TX_231179622,3231179622pL7,12.0634,EXCHANGE_DEPOSIT,UTXO Confirmed,Bitcoin Mainnet,0.1968,NORMAL,CONSOLIDATED_TX,Exchange Hot Wallet
230946692,2,BTC_TX_230946692,3230946692pL7,6.6389,COMMERCIAL_SETTLEMENT,UTXO Confirmed,Bitcoin Mainnet,0.31,NORMAL,CONSOLIDATED_TX,Exchange Hot Wallet
231993125,2,BTC_TX_231993125,3231993125pL7,2.5671,COMMERCIAL_SETTLEMENT,UTXO Confirmed,Bitcoin Mainnet,0.1893,NORMAL,CONSOLIDATED_TX,Exchange Hot Wallet
232383230,2,BTC_TX_232383230,3232383230pL7,9.2609,MERCHANT_GATEWAY,UTXO Confirmed,Bitcoin Mainnet,0.2136,NORMAL,CONSOLIDATED_TX,Exchange Hot Wallet
231141205,2,BTC_TX_231141205,3231141205pL7,4.3805,MERCHANT_GATEWAY,UTXO Confirmed,Bitcoin Mainnet,0.2398,NORMAL,CONSOLIDATED_TX,Exchange Hot Wallet
232443612,2,BTC_TX_232443612,3232443612pL7,7.8536,MERCHANT_GATEWAY,UTXO Confirmed,Bitcoin Mainnet,0.0211,NORMAL,CONSOLIDATED_TX,Exchange Hot Wallet
231177078,2,BTC_TX_231177078,3231177078pL7,9.2113,EXCHANGE_DEPOSIT,UTXO Confirmed,Bitcoin Mainnet,0.3184,NORMAL,CONSOLIDATED_TX,Exchange Hot Wallet
8967439,1,BTC_TX_8967439,18967439x9Q,6.3997,DARKNET_MARKET,UTXO Mempool,Bitcoin Mainnet,0.8686,HIGH_CONFIDENCE,UNSPENT_OUTPUT,Cold Storage Address
191108914,1,BTC_TX_191108914,1191108914x9Q,37.4526,DARKNET_MARKET,UTXO Mempool,Bitcoin Mainnet,0.9807,HIGH_CONFIDENCE,UNSPENT_OUTPUT,Cold Storage Address
14713334,2,BTC_TX_14713334,314713334pL7,1.6439,EXCHANGE_DEPOSIT,UTXO Confirmed,Bitcoin Mainnet,0.2996,NORMAL,CONSOLIDATED_TX,Exchange Hot Wallet
94654171,1,BTC_TX_94654171,194654171x9Q,20.0412,RANSOMWARE_PAYOUT,UTXO Mempool,Bitcoin Mainnet,0.8593,HIGH_CONFIDENCE,UNSPENT_OUTPUT,Cold Storage Address
232443614,2,BTC_TX_232443614,3232443614pL7,0.6135,COMMERCIAL_SETTLEMENT,UTXO Confirmed,Bitcoin Mainnet,0.0538,NORMAL,CONSOLIDATED_TX,Exchange Hot Wallet
244662723,1,BTC_TX_244662723,1244662723x9Q,25.285,RANSOMWARE_PAYOUT,UTXO Mempool,Bitcoin Mainnet,0.8855,HIGH_CONFIDENCE,UNSPENT_OUTPUT,Cold Storage Address
3420566,2,BTC_TX_3420566,33420566pL7,0.5234,COMMERCIAL_SETTLEMENT,UTXO Confirmed,Bitcoin Mainnet,0.2001,NORMAL,CONSOLIDATED_TX,Exchange Hot Wallet
94371031,1,BTC_TX_94371031,194371031x9Q,17.4778,RANSOMWARE_PAYOUT,UTXO Mempool,Bitcoin Mainnet,0.9477,HIGH_CONFIDENCE,UNSPENT_OUTPUT,Cold Storage Address
3880017,2,BTC_TX_3880017,33880017pL7,0.2807,MERCHANT_GATEWAY,UTXO Confirmed,Bitcoin Mainnet,0.0107,NORMAL,CONSOLIDATED_TX,Exchange Hot Wallet
230465357,2,BTC_TX_230465357,3230465357pL7,5.4561,COMMERCIAL_SETTLEMENT,UTXO Confirmed,Bitcoin Mainnet,0.2367,NORMAL,CONSOLIDATED_TX,Exchange Hot Wallet
230331370,2,BTC_TX_230331370,3230331370pL7,4.2804,MERCHANT_GATEWAY,UTXO Confirmed,Bitcoin Mainnet,0.0405,NORMAL,CONSOLIDATED_TX,Exchange Hot Wallet
232644856,2,BTC_TX_232644856,3232644856pL7,18.4347,MERCHANT_GATEWAY,UTXO Confirmed,Bitcoin Mainnet,0.2251,NORMAL,CONSOLIDATED_TX,Exchange Hot Wallet
230456706,2,BTC_TX_230456706,3230456706pL7,1.3946,COMMERCIAL_SETTLEMENT,UTXO Confirmed,Bitcoin Mainnet,0.3046,NORMAL,CONSOLIDATED_TX,Exchange Hot Wallet
230438486,2,BTC_TX_230438486,3230438486pL7,0.6093,EXCHANGE_DEPOSIT,UTXO Confirmed,Bitcoin Mainnet,0.2073,NORMAL,CONSOLIDATED_TX,Exchange Hot Wallet
94299047,1,BTC_TX_94299047,194299047x9Q,10.7122,CRYPTO_MIXER_HOP,UTXO Mempool,Bitcoin Mainnet,0.9076,HIGH_CONFIDENCE,UNSPENT_OUTPUT,Cold Storage Address
230334819,2,BTC_TX_230334819,3230334819pL7,2.2158,MERCHANT_GATEWAY,UTXO Confirmed,Bitcoin Mainnet,0.2229,NORMAL,CONSOLIDATED_TX,Exchange Hot Wallet
191108949,1,BTC_TX_191108949,1191108949x9Q,42.8162,RANSOMWARE_PAYOUT,UTXO Mempool,Bitcoin Mainnet,0.9198,HIGH_CONFIDENCE,UNSPENT_OUTPUT,Cold Storage Address
52876520,2,BTC_TX_52876520,352876520pL7,1.3479,COMMERCIAL_SETTLEMENT,UTXO Confirmed,Bitcoin Mainnet,0.0438,NORMAL,CONSOLIDATED_TX,Exchange Hot Wallet
54732584,2,BTC_TX_54732584,354732584pL7,1.9387,COMMERCIAL_SETTLEMENT,UTXO Confirmed,Bitcoin Mainnet,0.176,NORMAL,CONSOLIDATED_TX,Exchange Hot Wallet
232009938,2,BTC_TX_232009938,3232009938pL7,3.1623,MERCHANT_GATEWAY,UTXO Confirmed,Bitcoin Mainnet,0.1458,NORMAL,CONSOLIDATED_TX,Exchange Hot Wallet
11343564,2,BTC_TX_11343564,311343564pL7,1.1415,COMMERCIAL_SETTLEMENT,UTXO Confirmed,Bitcoin Mainnet,0.2898,NORMAL,CONSOLIDATED_TX,Exchange Hot Wallet
232448383,2,BTC_TX_232448383,3232448383pL7,1.6229,EXCHANGE_DEPOSIT,UTXO Confirmed,Bitcoin Mainnet,0.0352,NORMAL,CONSOLIDATED_TX,Exchange Hot Wallet
231180580,2,BTC_TX_231180580,3231180580pL7,4.7871,MERCHANT_GATEWAY,UTXO Confirmed,Bitcoin Mainnet,0.0594,NORMAL,CONSOLIDATED_TX,Exchange Hot Wallet
191111249,1,BTC_TX_191111249,1191111249x9Q,2.105,CRYPTO_MIXER_HOP,UTXO Mempool,Bitcoin Mainnet,0.9509,HIGH_CONFIDENCE,UNSPENT_OUTPUT,Cold Storage Address
230411274,2,BTC_TX_230411274,3230411274pL7,9.1351,COMMERCIAL_SETTLEMENT,UTXO Confirmed,Bitcoin Mainnet,0.1255,NORMAL,CONSOLIDATED_TX,Exchange Hot Wallet
230456714,2,BTC_TX_230456714,3230456714pL7,1.8218,COMMERCIAL_SETTLEMENT,UTXO Confirmed,Bitcoin Mainnet,0.2517,NORMAL,CONSOLIDATED_TX,Exchange Hot Wallet
231993291,2,BTC_TX_231993291,3231993291pL7,2.4346,MERCHANT_GATEWAY,UTXO Confirmed,Bitcoin Mainnet,0.0161,NORMAL,CONSOLIDATED_TX,Exchange Hot Wallet
230403082,2,BTC_TX_230403082,3230403082pL7,7.417,MERCHANT_GATEWAY,UTXO Confirmed,Bitcoin Mainnet,0.191,NORMAL,CONSOLIDATED_TX,Exchange Hot Wallet
228711624,2,BTC_TX_228711624,3228711624pL7,6.4487,EXCHANGE_DEPOSIT,UTXO Confirmed,Bitcoin Mainnet,0.2291,NORMAL,CONSOLIDATED_TX,Exchange Hot Wallet
41520412,1,BTC_TX_41520412,141520412x9Q,21.0854,DARKNET_MARKET,UTXO Mempool,Bitcoin Mainnet,0.8647,HIGH_CONFIDENCE,UNSPENT_OUTPUT,Cold Storage Address
16754007,1,BTC_TX_16754007,116754007x9Q,3.0444,DARKNET_MARKET,UTXO Mempool,Bitcoin Mainnet,0.9894,HIGH_CONFIDENCE,UNSPENT_OUTPUT,Cold Storage Address
230436760,2,BTC_TX_230436760,3230436760pL7,0.9599,MERCHANT_GATEWAY,UTXO Confirmed,Bitcoin Mainnet,0.0939,NORMAL,CONSOLIDATED_TX,Exchange Hot Wallet
230970140,2,BTC_TX_230970140,3230970140pL7,0.5309,COMMERCIAL_SETTLEMENT,UTXO Confirmed,Bitcoin Mainnet,0.0662,NORMAL,CONSOLIDATED_TX,Exchange Hot Wallet
232037410,2,BTC_TX_232037410,3232037410pL7,3.9686,EXCHANGE_DEPOSIT,UTXO Confirmed,Bitcoin Mainnet,0.0449,NORMAL,CONSOLIDATED_TX,Exchange Hot Wallet
232448771,2,BTC_TX_232448771,3232448771pL7,4.1626,MERCHANT_GATEWAY,UTXO Confirmed,Bitcoin Mainnet,0.1632,NORMAL,CONSOLIDATED_TX,Exchange Hot Wallet
3789059,2,BTC_TX_3789059,33789059pL7,3.1818,COMMERCIAL_SETTLEMENT,UTXO Confirmed,Bitcoin Mainnet,0.0877,NORMAL,CONSOLIDATED_TX,Exchange Hot Wallet
232034651,2,BTC_TX_232034651,3232034651pL7,6.4423,MERCHANT_GATEWAY,UTXO Confirmed,Bitcoin Mainnet,0.0509,NORMAL,CONSOLIDATED_TX,Exchange Hot Wallet
230405614,2,BTC_TX_230405614,3230405614pL7,3.733,EXCHANGE_DEPOSIT,UTXO Confirmed,Bitcoin Mainnet,0.0123,NORMAL,CONSOLIDATED_TX,Exchange Hot Wallet
3408102,2,BTC_TX_3408102,33408102pL7,4.5975,COMMERCIAL_SETTLEMENT,UTXO Confirmed,Bitcoin Mainnet,0.2919,NORMAL,CONSOLIDATED_TX,Exchange Hot Wallet
94658603,1,BTC_TX_94658603,194658603x9Q,0.8862,DARKNET_MARKET,UTXO Mempool,Bitcoin Mainnet,0.9879,HIGH_CONFIDENCE,UNSPENT_OUTPUT,Cold Storage Address
232034942,2,BTC_TX_232034942,3232034942pL7,9.7872,MERCHANT_GATEWAY,UTXO Confirmed,Bitcoin Mainnet,0.0296,NORMAL,CONSOLIDATED_TX,Exchange Hot Wallet
232039876,2,BTC_TX_232039876,3232039876pL7,1.4571,MERCHANT_GATEWAY,UTXO Confirmed,Bitcoin Mainnet,0.2792,NORMAL,CONSOLIDATED_TX,Exchange Hot Wallet
232454798,2,BTC_TX_232454798,3232454798pL7,0.594,MERCHANT_GATEWAY,UTXO Confirmed,Bitcoin Mainnet,0.0849,NORMAL,CONSOLIDATED_TX,Exchange Hot Wallet
3114489,2,BTC_TX_3114489,33114489pL7,3.184,MERCHANT_GATEWAY,UTXO Confirmed,Bitcoin Mainnet,0.1979,NORMAL,CONSOLIDATED_TX,Exchange Hot Wallet
230434020,2,BTC_TX_230434020,3230434020pL7,3.2345,EXCHANGE_DEPOSIT,UTXO Confirmed,Bitcoin Mainnet,0.0362,NORMAL,CONSOLIDATED_TX,Exchange Hot Wallet
87690267,1,BTC_TX_87690267,187690267x9Q,11.5117,CRYPTO_MIXER_HOP,UTXO Mempool,Bitcoin Mainnet,0.924,HIGH_CONFIDENCE,UNSPENT_OUTPUT,Cold Storage Address
310043610,1,BTC_TX_310043610,1310043610x9Q,1.509,CRYPTO_MIXER_HOP,UTXO Mempool,Bitcoin Mainnet,0.8848,HIGH_CONFIDENCE,UNSPENT_OUTPUT,Cold Storage Address
230465660,2,BTC_TX_230465660,3230465660pL7,4.5619,COMMERCIAL_SETTLEMENT,UTXO Confirmed,Bitcoin Mainnet,0.0662,NORMAL,CONSOLIDATED_TX,Exchange Hot Wallet
232047924,2,BTC_TX_232047924,3232047924pL7,2.0221,MERCHANT_GATEWAY,UTXO Confirmed,Bitcoin Mainnet,0.3403,NORMAL,CONSOLIDATED_TX,Exchange Hot Wallet
190826195,1,BTC_TX_190826195,1190826195x9Q,15.9097,DARKNET_MARKET,UTXO Mempool,Bitcoin Mainnet,0.9881,HIGH_CONFIDENCE,UNSPENT_OUTPUT,Cold Storage Address
94003168,1,BTC_TX_94003168,194003168x9Q,43.4468,RANSOMWARE_PAYOUT,UTXO Mempool,Bitcoin Mainnet,0.9609,HIGH_CONFIDENCE,UNSPENT_OUTPUT,Cold Storage Address
312334552,1,BTC_TX_312334552,1312334552x9Q,11.3304,CRYPTO_MIXER_HOP,UTXO Mempool,Bitcoin Mainnet,0.899,HIGH_CONFIDENCE,UNSPENT_OUTPUT,Cold Storage Address
232351007,2,BTC_TX_232351007,3232351007pL7,4.5666,COMMERCIAL_SETTLEMENT,UTXO Confirmed,Bitcoin Mainnet,0.0121,NORMAL,CONSOLIDATED_TX,Exchange Hot Wallet
190005875,1,BTC_TX_190005875,1190005875x9Q,24.2574,CRYPTO_MIXER_HOP,UTXO Mempool,Bitcoin Mainnet,0.9318,HIGH_CONFIDENCE,UNSPENT_OUTPUT,Cold Storage Address
230516459,2,BTC_TX_230516459,3230516459pL7,2.3054,COMMERCIAL_SETTLEMENT,UTXO Confirmed,Bitcoin Mainnet,0.2841,NORMAL,CONSOLIDATED_TX,Exchange Hot Wallet
230599192,2,BTC_TX_230599192,3230599192pL7,0.3483,COMMERCIAL_SETTLEMENT,UTXO Confirmed,Bitcoin Mainnet,0.2511,NORMAL,CONSOLIDATED_TX,Exchange Hot Wallet
3876606,2,BTC_TX_3876606,33876606pL7,7.8553,COMMERCIAL_SETTLEMENT,UTXO Confirmed,Bitcoin Mainnet,0.0579,NORMAL,CONSOLIDATED_TX,Exchange Hot Wallet
230973596,2,BTC_TX_230973596,3230973596pL7,0.7973,COMMERCIAL_SETTLEMENT,UTXO Confirmed,Bitcoin Mainnet,0.2641,NORMAL,CONSOLIDATED_TX,Exchange Hot Wallet
232448783,2,BTC_TX_232448783,3232448783pL7,1.6758,MERCHANT_GATEWAY,UTXO Confirmed,Bitcoin Mainnet,0.0735,NORMAL,CONSOLIDATED_TX,Exchange Hot Wallet
209968186,2,BTC_TX_209968186,3209968186pL7,0.2904,EXCHANGE_DEPOSIT,UTXO Confirmed,Bitcoin Mainnet,0.2136,NORMAL,CONSOLIDATED_TX,Exchange Hot Wallet
5197391,2,BTC_TX_5197391,35197391pL7,1.0809,COMMERCIAL_SETTLEMENT,UTXO Confirmed,Bitcoin Mainnet,0.1791,NORMAL,CONSOLIDATED_TX,Exchange Hot Wallet
232013266,2,BTC_TX_232013266,3232013266pL7,5.5921,EXCHANGE_DEPOSIT,UTXO Confirmed,Bitcoin Mainnet,0.2782,NORMAL,CONSOLIDATED_TX,Exchange Hot Wallet
230523246,2,BTC_TX_230523246,3230523246pL7,7.6152,EXCHANGE_DEPOSIT,UTXO Confirmed,Bitcoin Mainnet,0.0668,NORMAL,CONSOLIDATED_TX,Exchange Hot Wallet
94653822,1,BTC_TX_94653822,194653822x9Q,7.2796,RANSOMWARE_PAYOUT,UTXO Mempool,Bitcoin Mainnet,0.9599,HIGH_CONFIDENCE,UNSPENT_OUTPUT,Cold Storage Address
212738074,1,BTC_TX_212738074,1212738074x9Q,26.9684,RANSOMWARE_PAYOUT,UTXO Mempool,Bitcoin Mainnet,0.9894,HIGH_CONFIDENCE,UNSPENT_OUTPUT,Cold Storage Address
3882798,2,BTC_TX_3882798,33882798pL7,8.2714,MERCHANT_GATEWAY,UTXO Confirmed,Bitcoin Mainnet,0.2316,NORMAL,CONSOLIDATED_TX,Exchange Hot Wallet
232351322,2,BTC_TX_232351322,3232351322pL7,3.1991,COMMERCIAL_SETTLEMENT,UTXO Confirmed,Bitcoin Mainnet,0.0978,NORMAL,CONSOLIDATED_TX,Exchange Hot Wallet
94654262,1,BTC_TX_94654262,194654262x9Q,0.6046,DARKNET_MARKET,UTXO Mempool,Bitcoin Mainnet,0.9167,HIGH_CONFIDENCE,UNSPENT_OUTPUT,Cold Storage Address
230458594,2,BTC_TX_230458594,3230458594pL7,3.034,MERCHANT_GATEWAY,UTXO Confirmed,Bitcoin Mainnet,0.2257,NORMAL,CONSOLIDATED_TX,Exchange Hot Wallet
230468041,2,BTC_TX_230468041,3230468041pL7,0.3977,COMMERCIAL_SETTLEMENT,UTXO Confirmed,Bitcoin Mainnet,0.1425,NORMAL,CONSOLIDATED_TX,Exchange Hot Wallet
230433276,2,BTC_TX_230433276,3230433276pL7,5.3209,COMMERCIAL_SETTLEMENT,UTXO Confirmed,Bitcoin Mainnet,0.0205,NORMAL,CONSOLIDATED_TX,Exchange Hot Wallet
232448418,2,BTC_TX_232448418,3232448418pL7,2.5962,EXCHANGE_DEPOSIT,UTXO Confirmed,Bitcoin Mainnet,0.1047,NORMAL,CONSOLIDATED_TX,Exchange Hot Wallet
279470784,1,BTC_TX_279470784,1279470784x9Q,5.447,RANSOMWARE_PAYOUT,UTXO Mempool,Bitcoin Mainnet,0.9038,HIGH_CONFIDENCE,UNSPENT_OUTPUT,Cold Storage Address
230814630,2,BTC_TX_230814630,3230814630pL7,1.168,EXCHANGE_DEPOSIT,UTXO Confirmed,Bitcoin Mainnet,0.2666,NORMAL,CONSOLIDATED_TX,Exchange Hot Wallet
16753577,1,BTC_TX_16753577,116753577x9Q,3.5102,RANSOMWARE_PAYOUT,UTXO Mempool,Bitcoin Mainnet,0.9097,HIGH_CONFIDENCE,UNSPENT_OUTPUT,Cold Storage Address
94654174,1,BTC_TX_94654174,194654174x9Q,17.2273,RANSOMWARE_PAYOUT,UTXO Mempool,Bitcoin Mainnet,0.9143,HIGH_CONFIDENCE,UNSPENT_OUTPUT,Cold Storage Address
27742555,1,BTC_TX_27742555,127742555x9Q,2.4523,DARKNET_MARKET,UTXO Mempool,Bitcoin Mainnet,0.9652,HIGH_CONFIDENCE,UNSPENT_OUTPUT,Cold Storage Address
13995945,2,BTC_TX_13995945,313995945pL7,2.1671,MERCHANT_GATEWAY,UTXO Confirmed,Bitcoin Mainnet,0.0206,NORMAL,CONSOLIDATED_TX,Exchange Hot Wallet
232460526,2,BTC_TX_232460526,3232460526pL7,0.1665,EXCHANGE_DEPOSIT,UTXO Confirmed,Bitcoin Mainnet,0.2358,NORMAL,CONSOLIDATED_TX,Exchange Hot Wallet
94654067,1,BTC_TX_94654067,194654067x9Q,12.652,RANSOMWARE_PAYOUT,UTXO Mempool,Bitcoin Mainnet,0.868,HIGH_CONFIDENCE,UNSPENT_OUTPUT,Cold Storage Address
230649815,2,BTC_TX_230649815,3230649815pL7,7.056,MERCHANT_GATEWAY,UTXO Confirmed,Bitcoin Mainnet,0.273,NORMAL,CONSOLIDATED_TX,Exchange Hot Wallet
191111259,1,BTC_TX_191111259,1191111259x9Q,6.4045,CRYPTO_MIXER_HOP,UTXO Mempool,Bitcoin Mainnet,0.9056,HIGH_CONFIDENCE,UNSPENT_OUTPUT,Cold Storage Address
3318945,2,BTC_TX_3318945,33318945pL7,9.6779,EXCHANGE_DEPOSIT,UTXO Confirmed,Bitcoin Mainnet,0.2585,NORMAL,CONSOLIDATED_TX,Exchange Hot Wallet
86739423,1,BTC_TX_86739423,186739423x9Q,42.5764,RANSOMWARE_PAYOUT,UTXO Mempool,Bitcoin Mainnet,0.8952,HIGH_CONFIDENCE,UNSPENT_OUTPUT,Cold Storage Address
230518022,2,BTC_TX_230518022,3230518022pL7,0.7132,COMMERCIAL_SETTLEMENT,UTXO Confirmed,Bitcoin Mainnet,0.2062,NORMAL,CONSOLIDATED_TX,Exchange Hot Wallet
230597986,2,BTC_TX_230597986,3230597986pL7,6.8135,COMMERCIAL_SETTLEMENT,UTXO Confirmed,Bitcoin Mainnet,0.2207,NORMAL,CONSOLIDATED_TX,Exchange Hot Wallet
230456624,2,BTC_TX_230456624,3230456624pL7,1.123,COMMERCIAL_SETTLEMENT,UTXO Confirmed,Bitcoin Mainnet,0.06,NORMAL,CONSOLIDATED_TX,Exchange Hot Wallet
230945818,2,BTC_TX_230945818,3230945818pL7,11.8997,MERCHANT_GATEWAY,UTXO Confirmed,Bitcoin Mainnet,0.0252,NORMAL,CONSOLIDATED_TX,Exchange Hot Wallet
232001679,2,BTC_TX_232001679,3232001679pL7,6.6696,COMMERCIAL_SETTLEMENT,UTXO Confirmed,Bitcoin Mainnet,0.1388,NORMAL,CONSOLIDATED_TX,Exchange Hot Wallet
230522097,2,BTC_TX_230522097,3230522097pL7,9.5599,COMMERCIAL_SETTLEMENT,UTXO Confirmed,Bitcoin Mainnet,0.2481,NORMAL,CONSOLIDATED_TX,Exchange Hot Wallet
196629648,2,BTC_TX_196629648,3196629648pL7,9.6093,EXCHANGE_DEPOSIT,UTXO Confirmed,Bitcoin Mainnet,0.1945,NORMAL,CONSOLIDATED_TX,Exchange Hot Wallet
232029206,2,BTC_TX_232029206,3232029206pL7,9.2857,EXCHANGE_DEPOSIT,UTXO Confirmed,Bitcoin Mainnet,0.1468,NORMAL,CONSOLIDATED_TX,Exchange Hot Wallet
230968952,2,BTC_TX_230968952,3230968952pL7,10.1809,MERCHANT_GATEWAY,UTXO Confirmed,Bitcoin Mainnet,0.1412,NORMAL,CONSOLIDATED_TX,Exchange Hot Wallet
230412060,2,BTC_TX_230412060,3230412060pL7,3.5711,COMMERCIAL_SETTLEMENT,UTXO Confirmed,Bitcoin Mainnet,0.0813,NORMAL,CONSOLIDATED_TX,Exchange Hot Wallet
232465409,2,BTC_TX_232465409,3232465409pL7,9.2063,COMMERCIAL_SETTLEMENT,UTXO Confirmed,Bitcoin Mainnet,0.2331,NORMAL,CONSOLIDATED_TX,Exchange Hot Wallet
230471896,2,BTC_TX_230471896,3230471896pL7,5.1583,COMMERCIAL_SETTLEMENT,UTXO Confirmed,Bitcoin Mainnet,0.0277,NORMAL,CONSOLIDATED_TX,Exchange Hot Wallet
7529721,2,BTC_TX_7529721,37529721pL7,4.1863,EXCHANGE_DEPOSIT,UTXO Confirmed,Bitcoin Mainnet,0.1771,NORMAL,CONSOLIDATED_TX,Exchange Hot Wallet
3402672,2,BTC_TX_3402672,33402672pL7,7.5262,COMMERCIAL_SETTLEMENT,UTXO Confirmed,Bitcoin Mainnet,0.0335,NORMAL,CONSOLIDATED_TX,Exchange Hot Wallet
231182296,2,BTC_TX_231182296,3231182296pL7,17.2592,COMMERCIAL_SETTLEMENT,UTXO Confirmed,Bitcoin Mainnet,0.0813,NORMAL,CONSOLIDATED_TX,Exchange Hot Wallet
191108335,1,BTC_TX_191108335,1191108335x9Q,1.8184,DARKNET_MARKET,UTXO Mempool,Bitcoin Mainnet,0.9251,HIGH_CONFIDENCE,UNSPENT_OUTPUT,Cold Storage Address
94654138,1,BTC_TX_94654138,194654138x9Q,15.5076,DARKNET_MARKET,UTXO Mempool,Bitcoin Mainnet,0.9369,HIGH_CONFIDENCE,UNSPENT_OUTPUT,Cold Storage Address
234024792,2,BTC_TX_234024792,3234024792pL7,0.9338,COMMERCIAL_SETTLEMENT,UTXO Confirmed,Bitcoin Mainnet,0.2583,NORMAL,CONSOLIDATED_TX,Exchange Hot Wallet
230473481,2,BTC_TX_230473481,3230473481pL7,0.9241,COMMERCIAL_SETTLEMENT,UTXO Confirmed,Bitcoin Mainnet,0.0444,NORMAL,CONSOLIDATED_TX,Exchange Hot Wallet
232349072,2,BTC_TX_232349072,3232349072pL7,4.6782,EXCHANGE_DEPOSIT,UTXO Confirmed,Bitcoin Mainnet,0.0969,NORMAL,CONSOLIDATED_TX,Exchange Hot Wallet
232913899,2,BTC_TX_232913899,3232913899pL7,0.2303,MERCHANT_GATEWAY,UTXO Confirmed,Bitcoin Mainnet,0.303,NORMAL,CONSOLIDATED_TX,Exchange Hot Wallet
232904582,2,BTC_TX_232904582,3232904582pL7,2.0077,COMMERCIAL_SETTLEMENT,UTXO Confirmed,Bitcoin Mainnet,0.1886,NORMAL,CONSOLIDATED_TX,Exchange Hot Wallet
230468707,2,BTC_TX_230468707,3230468707pL7,0.8842,EXCHANGE_DEPOSIT,UTXO Confirmed,Bitcoin Mainnet,0.1332,NORMAL,CONSOLIDATED_TX,Exchange Hot Wallet
3880228,2,BTC_TX_3880228,33880228pL7,3.2582,COMMERCIAL_SETTLEMENT,UTXO Confirmed,Bitcoin Mainnet,0.2911,NORMAL,CONSOLIDATED_TX,Exchange Hot Wallet
94371221,1,BTC_TX_94371221,194371221x9Q,4.8011,RANSOMWARE_PAYOUT,UTXO Mempool,Bitcoin Mainnet,0.8552,HIGH_CONFIDENCE,UNSPENT_OUTPUT,Cold Storage Address
230969365,2,BTC_TX_230969365,3230969365pL7,6.1526,EXCHANGE_DEPOSIT,UTXO Confirmed,Bitcoin Mainnet,0.295,NORMAL,CONSOLIDATED_TX,Exchange Hot Wallet
230438482,2,BTC_TX_230438482,3230438482pL7,1.3953,MERCHANT_GATEWAY,UTXO Confirmed,Bitcoin Mainnet,0.3425,NORMAL,CONSOLIDATED_TX,Exchange Hot Wallet
230389796,1,BTC_TX_230389796,1230389796x9Q,45.6518,DARKNET_MARKET,UTXO Mempool,Bitcoin Mainnet,0.8659,HIGH_CONFIDENCE,UNSPENT_OUTPUT,Cold Storage Address
230433803,2,BTC_TX_230433803,3230433803pL7,5.3712,COMMERCIAL_SETTLEMENT,UTXO Confirmed,Bitcoin Mainnet,0.1257,NORMAL,CONSOLIDATED_TX,Exchange Hot Wallet
230847079,2,BTC_TX_230847079,3230847079pL7,4.7012,EXCHANGE_DEPOSIT,UTXO Confirmed,Bitcoin Mainnet,0.1514,NORMAL,CONSOLIDATED_TX,Exchange Hot Wallet
232900729,2,BTC_TX_232900729,3232900729pL7,3.2645,EXCHANGE_DEPOSIT,UTXO Confirmed,Bitcoin Mainnet,0.1257,NORMAL,CONSOLIDATED_TX,Exchange Hot Wallet
24269083,1,BTC_TX_24269083,124269083x9Q,30.3279,DARKNET_MARKET,UTXO Mempool,Bitcoin Mainnet,0.8545,HIGH_CONFIDENCE,UNSPENT_OUTPUT,Cold Storage Address
190008850,1,BTC_TX_190008850,1190008850x9Q,0.6386,DARKNET_MARKET,UTXO Mempool,Bitcoin Mainnet,0.9244,HIGH_CONFIDENCE,UNSPENT_OUTPUT,Cold Storage Address
310524772,1,BTC_TX_310524772,1310524772x9Q,51.0595,CRYPTO_MIXER_HOP,UTXO Mempool,Bitcoin Mainnet,0.9108,HIGH_CONFIDENCE,UNSPENT_OUTPUT,Cold Storage Address
230646172,2,BTC_TX_230646172,3230646172pL7,23.1506,EXCHANGE_DEPOSIT,UTXO Confirmed,Bitcoin Mainnet,0.2403,NORMAL,CONSOLIDATED_TX,Exchange Hot Wallet
230465367,2,BTC_TX_230465367,3230465367pL7,2.6254,MERCHANT_GATEWAY,UTXO Confirmed,Bitcoin Mainnet,0.2695,NORMAL,CONSOLIDATED_TX,Exchange Hot Wallet
230411328,2,BTC_TX_230411328,3230411328pL7,1.0695,EXCHANGE_DEPOSIT,UTXO Confirmed,Bitcoin Mainnet,0.1869,NORMAL,CONSOLIDATED_TX,Exchange Hot Wallet
231179652,2,BTC_TX_231179652,3231179652pL7,19.3499,EXCHANGE_DEPOSIT,UTXO Confirmed,Bitcoin Mainnet,0.3431,NORMAL,CONSOLIDATED_TX,Exchange Hot Wallet
230531174,2,BTC_TX_230531174,3230531174pL7,1.3397,MERCHANT_GATEWAY,UTXO Confirmed,Bitcoin Mainnet,0.2425,NORMAL,CONSOLIDATED_TX,Exchange Hot Wallet
94371218,1,BTC_TX_94371218,194371218x9Q,19.2369,DARKNET_MARKET,UTXO Mempool,Bitcoin Mainnet,0.8616,HIGH_CONFIDENCE,UNSPENT_OUTPUT,Cold Storage Address
230437630,2,BTC_TX_230437630,3230437630pL7,30.4082,EXCHANGE_DEPOSIT,UTXO Confirmed,Bitcoin Mainnet,0.1276,NORMAL,CONSOLIDATED_TX,Exchange Hot Wallet
230469212,2,BTC_TX_230469212,3230469212pL7,2.9367,EXCHANGE_DEPOSIT,UTXO Confirmed,Bitcoin Mainnet,0.0175,NORMAL,CONSOLIDATED_TX,Exchange Hot Wallet
232346245,2,BTC_TX_232346245,3232346245pL7,2.7119,MERCHANT_GATEWAY,UTXO Confirmed,Bitcoin Mainnet,0.1906,NORMAL,CONSOLIDATED_TX,Exchange Hot Wallet
231996124,2,BTC_TX_231996124,3231996124pL7,6.3099,EXCHANGE_DEPOSIT,UTXO Confirmed,Bitcoin Mainnet,0.1964,NORMAL,CONSOLIDATED_TX,Exchange Hot Wallet
230438516,2,BTC_TX_230438516,3230438516pL7,5.6859,EXCHANGE_DEPOSIT,UTXO Confirmed,Bitcoin Mainnet,0.0899,NORMAL,CONSOLIDATED_TX,Exchange Hot Wallet
191108947,1,BTC_TX_191108947,1191108947x9Q,46.6634,CRYPTO_MIXER_HOP,UTXO Mempool,Bitcoin Mainnet,0.8962,HIGH_CONFIDENCE,UNSPENT_OUTPUT,Cold Storage Address
184703182,1,BTC_TX_184703182,1184703182x9Q,4.0803,RANSOMWARE_PAYOUT,UTXO Mempool,Bitcoin Mainnet,0.9674,HIGH_CONFIDENCE,UNSPENT_OUTPUT,Cold Storage Address
230537133,2,BTC_TX_230537133,3230537133pL7,4.4874,COMMERCIAL_SETTLEMENT,UTXO Confirmed,Bitcoin Mainnet,0.0124,NORMAL,CONSOLIDATED_TX,Exchange Hot Wallet
232346255,2,BTC_TX_232346255,3232346255pL7,6.6157,EXCHANGE_DEPOSIT,UTXO Confirmed,Bitcoin Mainnet,0.1023,NORMAL,CONSOLIDATED_TX,Exchange Hot Wallet
230456623,2,BTC_TX_230456623,3230456623pL7,12.128,MERCHANT_GATEWAY,UTXO Confirmed,Bitcoin Mainnet,0.0481,NORMAL,CONSOLIDATED_TX,Exchange Hot Wallet
230585122,2,BTC_TX_230585122,3230585122pL7,3.8234,COMMERCIAL_SETTLEMENT,UTXO Confirmed,Bitcoin Mainnet,0.0516,NORMAL,CONSOLIDATED_TX,Exchange Hot Wallet
94654124,1,BTC_TX_94654124,194654124x9Q,6.3022,DARKNET_MARKET,UTXO Mempool,Bitcoin Mainnet,0.9252,HIGH_CONFIDENCE,UNSPENT_OUTPUT,Cold Storage Address
230326754,2,BTC_TX_230326754,3230326754pL7,4.5112,EXCHANGE_DEPOSIT,UTXO Confirmed,Bitcoin Mainnet,0.0851,NORMAL,CONSOLIDATED_TX,Exchange Hot Wallet
232396270,2,BTC_TX_232396270,3232396270pL7,21.6473,EXCHANGE_DEPOSIT,UTXO Confirmed,Bitcoin Mainnet,0.3265,NORMAL,CONSOLIDATED_TX,Exchange Hot Wallet
230946408,2,BTC_TX_230946408,3230946408pL7,0.0668,COMMERCIAL_SETTLEMENT,UTXO Confirmed,Bitcoin Mainnet,0.2381,NORMAL,CONSOLIDATED_TX,Exchange Hot Wallet
230339481,2,BTC_TX_230339481,3230339481pL7,0.9173,MERCHANT_GATEWAY,UTXO Confirmed,Bitcoin Mainnet,0.16,NORMAL,CONSOLIDATED_TX,Exchange Hot Wallet
88055509,2,BTC_TX_88055509,388055509pL7,6.1361,COMMERCIAL_SETTLEMENT,UTXO Confirmed,Bitcoin Mainnet,0.075,NORMAL,CONSOLIDATED_TX,Exchange Hot Wallet
230457454,2,BTC_TX_230457454,3230457454pL7,2.2756,COMMERCIAL_SETTLEMENT,UTXO Confirmed,Bitcoin Mainnet,0.0732,NORMAL,CONSOLIDATED_TX,Exchange Hot Wallet
230438483,2,BTC_TX_230438483,3230438483pL7,3.3658,MERCHANT_GATEWAY,UTXO Confirmed,Bitcoin Mainnet,0.3046,NORMAL,CONSOLIDATED_TX,Exchange Hot Wallet
92491280,2,BTC_TX_92491280,392491280pL7,0.0562,MERCHANT_GATEWAY,UTXO Confirmed,Bitcoin Mainnet,0.0302,NORMAL,CONSOLIDATED_TX,Exchange Hot Wallet
190967639,1,BTC_TX_190967639,1190967639x9Q,7.4343,DARKNET_MARKET,UTXO Mempool,Bitcoin Mainnet,0.8511,HIGH_CONFIDENCE,UNSPENT_OUTPUT,Cold Storage Address
5119722,2,BTC_TX_5119722,35119722pL7,4.6101,MERCHANT_GATEWAY,UTXO Confirmed,Bitcoin Mainnet,0.107,NORMAL,CONSOLIDATED_TX,Exchange Hot Wallet
232339043,2,BTC_TX_232339043,3232339043pL7,0.2603,EXCHANGE_DEPOSIT,UTXO Confirmed,Bitcoin Mainnet,0.1141,NORMAL,CONSOLIDATED_TX,Exchange Hot Wallet
231995762,2,BTC_TX_231995762,3231995762pL7,2.1609,EXCHANGE_DEPOSIT,UTXO Confirmed,Bitcoin Mainnet,0.3463,NORMAL,CONSOLIDATED_TX,Exchange Hot Wallet
230438487,2,BTC_TX_230438487,3230438487pL7,3.6706,MERCHANT_GATEWAY,UTXO Confirmed,Bitcoin Mainnet,0.2463,NORMAL,CONSOLIDATED_TX,Exchange Hot Wallet
94654168,1,BTC_TX_94654168,194654168x9Q,4.6532,RANSOMWARE_PAYOUT,UTXO Mempool,Bitcoin Mainnet,0.895,HIGH_CONFIDENCE,UNSPENT_OUTPUT,Cold Storage Address
231994045,2,BTC_TX_231994045,3231994045pL7,8.6662,EXCHANGE_DEPOSIT,UTXO Confirmed,Bitcoin Mainnet,0.0612,NORMAL,CONSOLIDATED_TX,Exchange Hot Wallet
37786466,2,BTC_TX_37786466,337786466pL7,3.2878,MERCHANT_GATEWAY,UTXO Confirmed,Bitcoin Mainnet,0.1473,NORMAL,CONSOLIDATED_TX,Exchange Hot Wallet
86261919,2,BTC_TX_86261919,386261919pL7,2.6577,MERCHANT_GATEWAY,UTXO Confirmed,Bitcoin Mainnet,0.3091,NORMAL,CONSOLIDATED_TX,Exchange Hot Wallet
230526083,2,BTC_TX_230526083,3230526083pL7,1.2688,EXCHANGE_DEPOSIT,UTXO Confirmed,Bitcoin Mainnet,0.2619,NORMAL,CONSOLIDATED_TX,Exchange Hot Wallet
3874964,2,BTC_TX_3874964,33874964pL7,5.229,COMMERCIAL_SETTLEMENT,UTXO Confirmed,Bitcoin Mainnet,0.2681,NORMAL,CONSOLIDATED_TX,Exchange Hot Wallet
86710958,1,BTC_TX_86710958,186710958x9Q,1.1942,DARKNET_MARKET,UTXO Mempool,Bitcoin Mainnet,0.8606,HIGH_CONFIDENCE,UNSPENT_OUTPUT,Cold Storage Address
195237911,2,BTC_TX_195237911,3195237911pL7,0.8104,COMMERCIAL_SETTLEMENT,UTXO Confirmed,Bitcoin Mainnet,0.2885,NORMAL,CONSOLIDATED_TX,Exchange Hot Wallet
232906649,2,BTC_TX_232906649,3232906649pL7,4.932,EXCHANGE_DEPOSIT,UTXO Confirmed,Bitcoin Mainnet,0.1223,NORMAL,CONSOLIDATED_TX,Exchange Hot Wallet
232039878,2,BTC_TX_232039878,3232039878pL7,0.5923,COMMERCIAL_SETTLEMENT,UTXO Confirmed,Bitcoin Mainnet,0.3482,NORMAL,CONSOLIDATED_TX,Exchange Hot Wallet
230437640,2,BTC_TX_230437640,3230437640pL7,1.5467,MERCHANT_GATEWAY,UTXO Confirmed,Bitcoin Mainnet,0.1165,NORMAL,CONSOLIDATED_TX,Exchange Hot Wallet
232344069,2,BTC_TX_232344069,3232344069pL7,0.3151,MERCHANT_GATEWAY,UTXO Confirmed,Bitcoin Mainnet,0.3072,NORMAL,CONSOLIDATED_TX,Exchange Hot Wallet
289269312,1,BTC_TX_289269312,1289269312x9Q,2.7535,RANSOMWARE_PAYOUT,UTXO Mempool,Bitcoin Mainnet,0.9314,HIGH_CONFIDENCE,UNSPENT_OUTPUT,Cold Storage Address
232440027,2,BTC_TX_232440027,3232440027pL7,11.9726,COMMERCIAL_SETTLEMENT,UTXO Confirmed,Bitcoin Mainnet,0.3192,NORMAL,CONSOLIDATED_TX,Exchange Hot Wallet
3876998,2,BTC_TX_3876998,33876998pL7,1.5144,MERCHANT_GATEWAY,UTXO Confirmed,Bitcoin Mainnet,0.02,NORMAL,CONSOLIDATED_TX,Exchange Hot Wallet
94370482,1,BTC_TX_94370482,194370482x9Q,7.3778,CRYPTO_MIXER_HOP,UTXO Mempool,Bitcoin Mainnet,0.8564,HIGH_CONFIDENCE,UNSPENT_OUTPUT,Cold Storage Address
230516478,2,BTC_TX_230516478,3230516478pL7,0.5067,COMMERCIAL_SETTLEMENT,UTXO Confirmed,Bitcoin Mainnet,0.1363,NORMAL,CONSOLIDATED_TX,Exchange Hot Wallet
230438492,2,BTC_TX_230438492,3230438492pL7,2.6461,EXCHANGE_DEPOSIT,UTXO Confirmed,Bitcoin Mainnet,0.3263,NORMAL,CONSOLIDATED_TX,Exchange Hot Wallet
22717814,1,BTC_TX_22717814,122717814x9Q,34.6268,DARKNET_MARKET,UTXO Mempool,Bitcoin Mainnet,0.9174,HIGH_CONFIDENCE,UNSPENT_OUTPUT,Cold Storage Address
232034284,2,BTC_TX_232034284,3232034284pL7,0.6005,EXCHANGE_DEPOSIT,UTXO Confirmed,Bitcoin Mainnet,0.1088,NORMAL,CONSOLIDATED_TX,Exchange Hot Wallet
59397801,2,BTC_TX_59397801,359397801pL7,16.744,EXCHANGE_DEPOSIT,UTXO Confirmed,Bitcoin Mainnet,0.2415,NORMAL,CONSOLIDATED_TX,Exchange Hot Wallet
230457093,2,BTC_TX_230457093,3230457093pL7,4.3594,EXCHANGE_DEPOSIT,UTXO Confirmed,Bitcoin Mainnet,0.1636,NORMAL,CONSOLIDATED_TX,Exchange Hot Wallet
230465376,2,BTC_TX_230465376,3230465376pL7,8.9291,MERCHANT_GATEWAY,UTXO Confirmed,Bitcoin Mainnet,0.0964,NORMAL,CONSOLIDATED_TX,Exchange Hot Wallet
232361296,2,BTC_TX_232361296,3232361296pL7,0.8223,EXCHANGE_DEPOSIT,UTXO Confirmed,Bitcoin Mainnet,0.0905,NORMAL,CONSOLIDATED_TX,Exchange Hot Wallet
5051852,2,BTC_TX_5051852,35051852pL7,7.4198,EXCHANGE_DEPOSIT,UTXO Confirmed,Bitcoin Mainnet,0.2951,NORMAL,CONSOLIDATED_TX,Exchange Hot Wallet
230447404,2,BTC_TX_230447404,3230447404pL7,8.0856,MERCHANT_GATEWAY,UTXO Confirmed,Bitcoin Mainnet,0.3287,NORMAL,CONSOLIDATED_TX,Exchange Hot Wallet
230461032,2,BTC_TX_230461032,3230461032pL7,4.4904,MERCHANT_GATEWAY,UTXO Confirmed,Bitcoin Mainnet,0.2821,NORMAL,CONSOLIDATED_TX,Exchange Hot Wallet
98623109,1,BTC_TX_98623109,198623109x9Q,8.6041,RANSOMWARE_PAYOUT,UTXO Mempool,Bitcoin Mainnet,0.8931,HIGH_CONFIDENCE,UNSPENT_OUTPUT,Cold Storage Address
3880117,2,BTC_TX_3880117,33880117pL7,10.8294,EXCHANGE_DEPOSIT,UTXO Confirmed,Bitcoin Mainnet,0.0414,NORMAL,CONSOLIDATED_TX,Exchange Hot Wallet
232444501,2,BTC_TX_232444501,3232444501pL7,19.0137,EXCHANGE_DEPOSIT,UTXO Confirmed,Bitcoin Mainnet,0.2559,NORMAL,CONSOLIDATED_TX,Exchange Hot Wallet
84370891,1,BTC_TX_84370891,184370891x9Q,2.2125,DARKNET_MARKET,UTXO Mempool,Bitcoin Mainnet,0.9027,HIGH_CONFIDENCE,UNSPENT_OUTPUT,Cold Storage Address
3385562,2,BTC_TX_3385562,33385562pL7,0.5812,COMMERCIAL_SETTLEMENT,UTXO Confirmed,Bitcoin Mainnet,0.2792,NORMAL,CONSOLIDATED_TX,Exchange Hot Wallet
49767327,1,BTC_TX_49767327,149767327x9Q,15.7233,CRYPTO_MIXER_HOP,UTXO Mempool,Bitcoin Mainnet,0.9817,HIGH_CONFIDENCE,UNSPENT_OUTPUT,Cold Storage Address
3876980,2,BTC_TX_3876980,33876980pL7,4.0617,EXCHANGE_DEPOSIT,UTXO Confirmed,Bitcoin Mainnet,0.0416,NORMAL,CONSOLIDATED_TX,Exchange Hot Wallet
232440137,2,BTC_TX_232440137,3232440137pL7,2.874,COMMERCIAL_SETTLEMENT,UTXO Confirmed,Bitcoin Mainnet,0.1362,NORMAL,CONSOLIDATED_TX,Exchange Hot Wallet
191107599,1,BTC_TX_191107599,1191107599x9Q,19.1813,DARKNET_MARKET,UTXO Mempool,Bitcoin Mainnet,0.9714,HIGH_CONFIDENCE,UNSPENT_OUTPUT,Cold Storage Address
231253425,2,BTC_TX_231253425,3231253425pL7,4.1178,COMMERCIAL_SETTLEMENT,UTXO Confirmed,Bitcoin Mainnet,0.3222,NORMAL,CONSOLIDATED_TX,Exchange Hot Wallet
94783375,1,BTC_TX_94783375,194783375x9Q,34.4636,DARKNET_MARKET,UTXO Mempool,Bitcoin Mainnet,0.879,HIGH_CONFIDENCE,UNSPENT_OUTPUT,Cold Storage Address
37234018,2,BTC_TX_37234018,337234018pL7,10.864,MERCHANT_GATEWAY,UTXO Confirmed,Bitcoin Mainnet,0.2217,NORMAL,CONSOLIDATED_TX,Exchange Hot Wallet
286784958,1,BTC_TX_286784958,1286784958x9Q,14.6956,CRYPTO_MIXER_HOP,UTXO Mempool,Bitcoin Mainnet,0.8827,HIGH_CONFIDENCE,UNSPENT_OUTPUT,Cold Storage Address
231241751,2,BTC_TX_231241751,3231241751pL7,0.277,MERCHANT_GATEWAY,UTXO Confirmed,Bitcoin Mainnet,0.0364,NORMAL,CONSOLIDATED_TX,Exchange Hot Wallet
61711037,1,BTC_TX_61711037,161711037x9Q,3.8231,DARKNET_MARKET,UTXO Mempool,Bitcoin Mainnet,0.897,HIGH_CONFIDENCE,UNSPENT_OUTPUT,Cold Storage Address
94654140,1,BTC_TX_94654140,194654140x9Q,8.4242,RANSOMWARE_PAYOUT,UTXO Mempool,Bitcoin Mainnet,0.8687,HIGH_CONFIDENCE,UNSPENT_OUTPUT,Cold Storage Address
14660781,2,BTC_TX_14660781,314660781pL7,6.2558,MERCHANT_GATEWAY,UTXO Confirmed,Bitcoin Mainnet,0.2905,NORMAL,CONSOLIDATED_TX,Exchange Hot Wallet
230599592,2,BTC_TX_230599592,3230599592pL7,1.2308,EXCHANGE_DEPOSIT,UTXO Confirmed,Bitcoin Mainnet,0.1262,NORMAL,CONSOLIDATED_TX,Exchange Hot Wallet
232465856,2,BTC_TX_232465856,3232465856pL7,4.9538,MERCHANT_GATEWAY,UTXO Confirmed,Bitcoin Mainnet,0.1824,NORMAL,CONSOLIDATED_TX,Exchange Hot Wallet
94299574,1,BTC_TX_94299574,194299574x9Q,6.161,DARKNET_MARKET,UTXO Mempool,Bitcoin Mainnet,0.9661,HIGH_CONFIDENCE,UNSPENT_OUTPUT,Cold Storage Address
