complaint_id,incident_entity_id,graphsage_probability,predicted_risk_class,confidence_tier,top_terminal,top_terminal_city,terminal_score,explanation_reasons,explanation_count,investigator_summary,terminal_evidence_summary
C000001,ENT_000090,0.0008,0,NORMAL,NONE,NONE,0.0,"Model-derived risk probability is 0.0008, remaining well below the 0.50 suspicious triage threshold. ; Incident subgraph contains minimal structural connectivity (1 entity node(s), 0 directed edge(s)). ; Total transaction volume within the 72-hour incident window is ₹0.00 (average transfer: ₹0.00). ; No multi-hop fund routing or complex layering chains detected (max hop distance: 0). ; No illicit ATM cash-withdrawal terminal connections identified in the incident window.",5,No significant laundering pattern was detected at the configured risk threshold. Activity consistent with benign peer-to-peer transfers.,NONE
C000002,ENT_000451,0.0007,0,NORMAL,NONE,NONE,0.0,"Model-derived risk probability is 0.0007, remaining well below the 0.50 suspicious triage threshold. ; Incident subgraph contains minimal structural connectivity (1 entity node(s), 0 directed edge(s)). ; Total transaction volume within the 72-hour incident window is ₹0.00 (average transfer: ₹0.00). ; No multi-hop fund routing or complex layering chains detected (max hop distance: 0). ; No illicit ATM cash-withdrawal terminal connections identified in the incident window.",5,No significant laundering pattern was detected at the configured risk threshold. Activity consistent with benign peer-to-peer transfers.,NONE
C000003,ENT_000325,0.9994,1,HIGH_CONFIDENCE,NONE,NONE,0.0,"GraphSAGE GNN assessed an elevated risk probability of 0.9994 (Tier: HIGH_CONFIDENCE). ; Unusual concentration of transaction activity observed within the 72-hour incident window. ; The incident graph spans 3 transaction hops, indicating multi-stage fund routing away from the complaint account. ; Cumulative transaction volume reached ₹1,061,795.51 with a peak single transfer of ₹241,832.58. ; Subnetwork connects 12 entities across 13 directed transaction edges (average node degree: 2.17, incident in-degree: 1, out-degree: 1). ; Graph topology exhibits high structural similarity (1.00) to cataloged reference laundering patterns.",6,High-risk multi-hop transaction activity with strong graph evidence was detected. Priority investigation recommended for root entity ENT_000325 and connected intermediaries.,NONE
C000004,ENT_000493,0.0068,0,NORMAL,NONE,NONE,0.0,"Model-derived risk probability is 0.0068, remaining well below the 0.50 suspicious triage threshold. ; Incident subgraph contains minimal structural connectivity (4 entity node(s), 3 directed edge(s)). ; Total transaction volume within the 72-hour incident window is ₹12,669.47 (average transfer: ₹4,223.16). ; No multi-hop fund routing or complex layering chains detected (max hop distance: 2). ; No illicit ATM cash-withdrawal terminal connections identified in the incident window.",5,No significant laundering pattern was detected at the configured risk threshold. Activity consistent with benign peer-to-peer transfers.,NONE
C000005,ENT_000650,0.001,0,NORMAL,NONE,NONE,0.0,"Model-derived risk probability is 0.0010, remaining well below the 0.50 suspicious triage threshold. ; Incident subgraph contains minimal structural connectivity (1 entity node(s), 0 directed edge(s)). ; Total transaction volume within the 72-hour incident window is ₹0.00 (average transfer: ₹0.00). ; No multi-hop fund routing or complex layering chains detected (max hop distance: 0). ; No illicit ATM cash-withdrawal terminal connections identified in the incident window.",5,No significant laundering pattern was detected at the configured risk threshold. Activity consistent with benign peer-to-peer transfers.,NONE
C000006,ENT_000669,0.0025,0,NORMAL,NONE,NONE,0.0,"Model-derived risk probability is 0.0025, remaining well below the 0.50 suspicious triage threshold. ; Incident subgraph contains minimal structural connectivity (2 entity node(s), 1 directed edge(s)). ; Total transaction volume within the 72-hour incident window is ₹2,461.42 (average transfer: ₹2,461.42). ; No multi-hop fund routing or complex layering chains detected (max hop distance: 1). ; No illicit ATM cash-withdrawal terminal connections identified in the incident window.",5,No significant laundering pattern was detected at the configured risk threshold. Activity consistent with benign peer-to-peer transfers.,NONE
C000007,ENT_000487,0.0008,0,NORMAL,NONE,NONE,0.0,"Model-derived risk probability is 0.0008, remaining well below the 0.50 suspicious triage threshold. ; Incident subgraph contains minimal structural connectivity (1 entity node(s), 0 directed edge(s)). ; Total transaction volume within the 72-hour incident window is ₹0.00 (average transfer: ₹0.00). ; No multi-hop fund routing or complex layering chains detected (max hop distance: 0). ; No illicit ATM cash-withdrawal terminal connections identified in the incident window.",5,No significant laundering pattern was detected at the configured risk threshold. Activity consistent with benign peer-to-peer transfers.,NONE
C000008,ENT_000630,0.0022,0,NORMAL,NONE,NONE,0.0,"Model-derived risk probability is 0.0022, remaining well below the 0.50 suspicious triage threshold. ; Incident subgraph contains minimal structural connectivity (2 entity node(s), 1 directed edge(s)). ; Total transaction volume within the 72-hour incident window is ₹2,867.29 (average transfer: ₹2,867.29). ; No multi-hop fund routing or complex layering chains detected (max hop distance: 1). ; No illicit ATM cash-withdrawal terminal connections identified in the incident window.",5,No significant laundering pattern was detected at the configured risk threshold. Activity consistent with benign peer-to-peer transfers.,NONE
C000009,ENT_000659,0.0026,0,NORMAL,NONE,NONE,0.0,"Model-derived risk probability is 0.0026, remaining well below the 0.50 suspicious triage threshold. ; Incident subgraph contains minimal structural connectivity (3 entity node(s), 2 directed edge(s)). ; Total transaction volume within the 72-hour incident window is ₹3,452.92 (average transfer: ₹1,726.46). ; No multi-hop fund routing or complex layering chains detected (max hop distance: 1). ; No illicit ATM cash-withdrawal terminal connections identified in the incident window.",5,No significant laundering pattern was detected at the configured risk threshold. Activity consistent with benign peer-to-peer transfers.,NONE
C000010,ENT_000348,0.0007,0,NORMAL,NONE,NONE,0.0,"Model-derived risk probability is 0.0007, remaining well below the 0.50 suspicious triage threshold. ; Incident subgraph contains minimal structural connectivity (1 entity node(s), 0 directed edge(s)). ; Total transaction volume within the 72-hour incident window is ₹0.00 (average transfer: ₹0.00). ; No multi-hop fund routing or complex layering chains detected (max hop distance: 0). ; No illicit ATM cash-withdrawal terminal connections identified in the incident window.",5,No significant laundering pattern was detected at the configured risk threshold. Activity consistent with benign peer-to-peer transfers.,NONE
C000011,ENT_000467,0.0012,0,NORMAL,NONE,NONE,0.0,"Model-derived risk probability is 0.0012, remaining well below the 0.50 suspicious triage threshold. ; Incident subgraph contains minimal structural connectivity (2 entity node(s), 1 directed edge(s)). ; Total transaction volume within the 72-hour incident window is ₹3,368.11 (average transfer: ₹3,368.11). ; No multi-hop fund routing or complex layering chains detected (max hop distance: 1). ; No illicit ATM cash-withdrawal terminal connections identified in the incident window.",5,No significant laundering pattern was detected at the configured risk threshold. Activity consistent with benign peer-to-peer transfers.,NONE
C000012,ENT_000220,0.0006,0,NORMAL,NONE,NONE,0.0,"Model-derived risk probability is 0.0006, remaining well below the 0.50 suspicious triage threshold. ; Incident subgraph contains minimal structural connectivity (1 entity node(s), 0 directed edge(s)). ; Total transaction volume within the 72-hour incident window is ₹0.00 (average transfer: ₹0.00). ; No multi-hop fund routing or complex layering chains detected (max hop distance: 0). ; No illicit ATM cash-withdrawal terminal connections identified in the incident window.",5,No significant laundering pattern was detected at the configured risk threshold. Activity consistent with benign peer-to-peer transfers.,NONE
C000013,ENT_000461,0.0073,0,NORMAL,NONE,NONE,0.0,"Model-derived risk probability is 0.0073, remaining well below the 0.50 suspicious triage threshold. ; Incident subgraph contains minimal structural connectivity (3 entity node(s), 2 directed edge(s)). ; Total transaction volume within the 72-hour incident window is ₹47,600.70 (average transfer: ₹23,800.35). ; No multi-hop fund routing or complex layering chains detected (max hop distance: 2). ; No illicit ATM cash-withdrawal terminal connections identified in the incident window.",5,No significant laundering pattern was detected at the configured risk threshold. Activity consistent with benign peer-to-peer transfers.,NONE
C000014,ENT_000292,0.9999,1,HIGH_CONFIDENCE,ATM_018,Bengaluru,0.8199,"GraphSAGE GNN assessed an elevated risk probability of 0.9999 (Tier: HIGH_CONFIDENCE). ; Unusual concentration of transaction activity observed within the 72-hour incident window. ; The incident graph spans 3 transaction hops, indicating multi-stage fund routing away from the complaint account. ; Cumulative transaction volume reached ₹1,629,314.82 with a peak single transfer of ₹445,550.06. ; Subnetwork connects 18 entities across 19 directed transaction edges (average node degree: 2.11, incident in-degree: 1, out-degree: 1). ; Likely downstream cash exit identified at terminal ATM_018 in Bengaluru (terminal risk score: 0.82, ₹95,538.10 withdrawn across 1 transaction(s)). ; Graph topology exhibits high structural similarity (1.00) to cataloged reference laundering patterns.",7,High-risk multi-hop transaction activity with downstream cash-out behavior was detected. Priority investigation recommended for root entity ENT_000292 and exit terminal ATM_018 (Bengaluru).,"Terminal: ATM_018 (Bengaluru) | Risk Score: 0.82 | Distance: 1 hop(s) | Cash Volume: ₹95,538.10 (1 tx) | Timing Delta: 10.1h from incident"
C000015,ENT_000252,0.0008,0,NORMAL,NONE,NONE,0.0,"Model-derived risk probability is 0.0008, remaining well below the 0.50 suspicious triage threshold. ; Incident subgraph contains minimal structural connectivity (1 entity node(s), 0 directed edge(s)). ; Total transaction volume within the 72-hour incident window is ₹0.00 (average transfer: ₹0.00). ; No multi-hop fund routing or complex layering chains detected (max hop distance: 0). ; No illicit ATM cash-withdrawal terminal connections identified in the incident window.",5,No significant laundering pattern was detected at the configured risk threshold. Activity consistent with benign peer-to-peer transfers.,NONE
C000016,ENT_000598,1.0,1,HIGH_CONFIDENCE,NONE,NONE,0.0,"GraphSAGE GNN assessed an elevated risk probability of 1.0000 (Tier: HIGH_CONFIDENCE). ; Unusual concentration of transaction activity observed within the 72-hour incident window. ; The incident graph spans 3 transaction hops, indicating multi-stage fund routing away from the complaint account. ; Cumulative transaction volume reached ₹446,762.95 with a peak single transfer of ₹45,539.22. ; Subnetwork connects 20 entities across 24 directed transaction edges (average node degree: 2.40, incident in-degree: 1, out-degree: 1). ; Graph topology exhibits high structural similarity (1.00) to cataloged reference laundering patterns.",6,High-risk multi-hop transaction activity with strong graph evidence was detected. Priority investigation recommended for root entity ENT_000598 and connected intermediaries.,NONE
C000017,ENT_000676,0.0012,0,NORMAL,NONE,NONE,0.0,"Model-derived risk probability is 0.0012, remaining well below the 0.50 suspicious triage threshold. ; Incident subgraph contains minimal structural connectivity (2 entity node(s), 1 directed edge(s)). ; Total transaction volume within the 72-hour incident window is ₹2,827.43 (average transfer: ₹2,827.43). ; No multi-hop fund routing or complex layering chains detected (max hop distance: 1). ; No illicit ATM cash-withdrawal terminal connections identified in the incident window.",5,No significant laundering pattern was detected at the configured risk threshold. Activity consistent with benign peer-to-peer transfers.,NONE
C000018,ENT_000610,0.001,0,NORMAL,NONE,NONE,0.0,"Model-derived risk probability is 0.0010, remaining well below the 0.50 suspicious triage threshold. ; Incident subgraph contains minimal structural connectivity (1 entity node(s), 0 directed edge(s)). ; Total transaction volume within the 72-hour incident window is ₹0.00 (average transfer: ₹0.00). ; No multi-hop fund routing or complex layering chains detected (max hop distance: 0). ; No illicit ATM cash-withdrawal terminal connections identified in the incident window.",5,No significant laundering pattern was detected at the configured risk threshold. Activity consistent with benign peer-to-peer transfers.,NONE
C000019,ENT_000534,0.002,0,NORMAL,NONE,NONE,0.0,"Model-derived risk probability is 0.0020, remaining well below the 0.50 suspicious triage threshold. ; Incident subgraph contains minimal structural connectivity (2 entity node(s), 1 directed edge(s)). ; Total transaction volume within the 72-hour incident window is ₹2,776.33 (average transfer: ₹2,776.33). ; No multi-hop fund routing or complex layering chains detected (max hop distance: 1). ; No illicit ATM cash-withdrawal terminal connections identified in the incident window.",5,No significant laundering pattern was detected at the configured risk threshold. Activity consistent with benign peer-to-peer transfers.,NONE
C000020,ENT_000659,0.1619,0,NORMAL,NONE,NONE,0.0,"Model-derived risk probability is 0.1619, remaining well below the 0.50 suspicious triage threshold. ; Incident subgraph contains minimal structural connectivity (9 entity node(s), 8 directed edge(s)). ; Total transaction volume within the 72-hour incident window is ₹28,964.00 (average transfer: ₹3,620.50). ; No multi-hop fund routing or complex layering chains detected (max hop distance: 3). ; No illicit ATM cash-withdrawal terminal connections identified in the incident window.",5,No significant laundering pattern was detected at the configured risk threshold. Activity consistent with benign peer-to-peer transfers.,NONE
C000021,ENT_000201,0.0012,0,NORMAL,NONE,NONE,0.0,"Model-derived risk probability is 0.0012, remaining well below the 0.50 suspicious triage threshold. ; Incident subgraph contains minimal structural connectivity (1 entity node(s), 0 directed edge(s)). ; Total transaction volume within the 72-hour incident window is ₹0.00 (average transfer: ₹0.00). ; No multi-hop fund routing or complex layering chains detected (max hop distance: 0). ; No illicit ATM cash-withdrawal terminal connections identified in the incident window.",5,No significant laundering pattern was detected at the configured risk threshold. Activity consistent with benign peer-to-peer transfers.,NONE
C000022,ENT_000458,0.0023,0,NORMAL,NONE,NONE,0.0,"Model-derived risk probability is 0.0023, remaining well below the 0.50 suspicious triage threshold. ; Incident subgraph contains minimal structural connectivity (2 entity node(s), 1 directed edge(s)). ; Total transaction volume within the 72-hour incident window is ₹1,004.91 (average transfer: ₹1,004.91). ; No multi-hop fund routing or complex layering chains detected (max hop distance: 1). ; No illicit ATM cash-withdrawal terminal connections identified in the incident window.",5,No significant laundering pattern was detected at the configured risk threshold. Activity consistent with benign peer-to-peer transfers.,NONE
C000023,ENT_000658,0.0091,0,NORMAL,NONE,NONE,0.0,"Model-derived risk probability is 0.0091, remaining well below the 0.50 suspicious triage threshold. ; Incident subgraph contains minimal structural connectivity (3 entity node(s), 2 directed edge(s)). ; Total transaction volume within the 72-hour incident window is ₹8,836.74 (average transfer: ₹4,418.37). ; No multi-hop fund routing or complex layering chains detected (max hop distance: 2). ; No illicit ATM cash-withdrawal terminal connections identified in the incident window.",5,No significant laundering pattern was detected at the configured risk threshold. Activity consistent with benign peer-to-peer transfers.,NONE
C000024,ENT_000425,0.9498,1,HIGH_CONFIDENCE,ATM_015,Chandigarh,0.8302,"GraphSAGE GNN assessed an elevated risk probability of 0.9498 (Tier: HIGH_CONFIDENCE). ; Unusual concentration of transaction activity observed within the 72-hour incident window. ; The incident graph spans 3 transaction hops, indicating multi-stage fund routing away from the complaint account. ; Cumulative transaction volume reached ₹1,231,957.14 with a peak single transfer of ₹403,355.82. ; Subnetwork connects 19 entities across 18 directed transaction edges (average node degree: 1.89, incident in-degree: 0, out-degree: 3). ; Likely downstream cash exit identified at terminal ATM_015 in Chandigarh (terminal risk score: 0.83, ₹403,355.82 withdrawn across 1 transaction(s)). ; Graph topology exhibits high structural similarity (1.00) to cataloged reference laundering patterns.",7,High-risk multi-hop transaction activity with downstream cash-out behavior was detected. Priority investigation recommended for root entity ENT_000425 and exit terminal ATM_015 (Chandigarh).,"Terminal: ATM_015 (Chandigarh) | Risk Score: 0.83 | Distance: 2 hop(s) | Cash Volume: ₹403,355.82 (1 tx) | Timing Delta: 22.8h from incident"
C000025,ENT_000072,0.0013,0,NORMAL,NONE,NONE,0.0,"Model-derived risk probability is 0.0013, remaining well below the 0.50 suspicious triage threshold. ; Incident subgraph contains minimal structural connectivity (1 entity node(s), 0 directed edge(s)). ; Total transaction volume within the 72-hour incident window is ₹0.00 (average transfer: ₹0.00). ; No multi-hop fund routing or complex layering chains detected (max hop distance: 0). ; No illicit ATM cash-withdrawal terminal connections identified in the incident window.",5,No significant laundering pattern was detected at the configured risk threshold. Activity consistent with benign peer-to-peer transfers.,NONE
C000026,ENT_000371,0.0006,0,NORMAL,NONE,NONE,0.0,"Model-derived risk probability is 0.0006, remaining well below the 0.50 suspicious triage threshold. ; Incident subgraph contains minimal structural connectivity (1 entity node(s), 0 directed edge(s)). ; Total transaction volume within the 72-hour incident window is ₹0.00 (average transfer: ₹0.00). ; No multi-hop fund routing or complex layering chains detected (max hop distance: 0). ; No illicit ATM cash-withdrawal terminal connections identified in the incident window.",5,No significant laundering pattern was detected at the configured risk threshold. Activity consistent with benign peer-to-peer transfers.,NONE
C000027,ENT_000548,0.021,0,NORMAL,NONE,NONE,0.0,"Model-derived risk probability is 0.0210, remaining well below the 0.50 suspicious triage threshold. ; Incident subgraph contains minimal structural connectivity (4 entity node(s), 3 directed edge(s)). ; Total transaction volume within the 72-hour incident window is ₹10,106.03 (average transfer: ₹3,368.68). ; No multi-hop fund routing or complex layering chains detected (max hop distance: 3). ; No illicit ATM cash-withdrawal terminal connections identified in the incident window.",5,No significant laundering pattern was detected at the configured risk threshold. Activity consistent with benign peer-to-peer transfers.,NONE
C000028,ENT_000640,0.0008,0,NORMAL,NONE,NONE,0.0,"Model-derived risk probability is 0.0008, remaining well below the 0.50 suspicious triage threshold. ; Incident subgraph contains minimal structural connectivity (1 entity node(s), 0 directed edge(s)). ; Total transaction volume within the 72-hour incident window is ₹0.00 (average transfer: ₹0.00). ; No multi-hop fund routing or complex layering chains detected (max hop distance: 0). ; No illicit ATM cash-withdrawal terminal connections identified in the incident window.",5,No significant laundering pattern was detected at the configured risk threshold. Activity consistent with benign peer-to-peer transfers.,NONE
C000029,ENT_000665,0.0006,0,NORMAL,NONE,NONE,0.0,"Model-derived risk probability is 0.0006, remaining well below the 0.50 suspicious triage threshold. ; Incident subgraph contains minimal structural connectivity (1 entity node(s), 0 directed edge(s)). ; Total transaction volume within the 72-hour incident window is ₹0.00 (average transfer: ₹0.00). ; No multi-hop fund routing or complex layering chains detected (max hop distance: 0). ; No illicit ATM cash-withdrawal terminal connections identified in the incident window.",5,No significant laundering pattern was detected at the configured risk threshold. Activity consistent with benign peer-to-peer transfers.,NONE
C000030,ENT_000063,1.0,1,HIGH_CONFIDENCE,NONE,NONE,0.0,"GraphSAGE GNN assessed an elevated risk probability of 1.0000 (Tier: HIGH_CONFIDENCE). ; Unusual concentration of transaction activity observed within the 72-hour incident window. ; The incident graph spans 3 transaction hops, indicating multi-stage fund routing away from the complaint account. ; Cumulative transaction volume reached ₹403,200.67 with a peak single transfer of ₹38,411.45. ; Subnetwork connects 18 entities across 22 directed transaction edges (average node degree: 2.44, incident in-degree: 1, out-degree: 1). ; Graph topology exhibits high structural similarity (1.00) to cataloged reference laundering patterns.",6,High-risk multi-hop transaction activity with strong graph evidence was detected. Priority investigation recommended for root entity ENT_000063 and connected intermediaries.,NONE
C000031,ENT_000593,0.8655,1,HIGH_CONFIDENCE,NONE,NONE,0.0,"GraphSAGE GNN assessed an elevated risk probability of 0.8655 (Tier: HIGH_CONFIDENCE). ; Unusual concentration of transaction activity observed within the 72-hour incident window. ; The incident graph spans 3 transaction hops, indicating multi-stage fund routing away from the complaint account. ; Cumulative transaction volume reached ₹561,119.30 with a peak single transfer of ₹494,545.31. ; Subnetwork connects 8 entities across 7 directed transaction edges (average node degree: 1.75, incident in-degree: 3, out-degree: 0). ; Graph topology exhibits high structural similarity (0.99) to cataloged reference laundering patterns.",6,High-risk multi-hop transaction activity with strong graph evidence was detected. Priority investigation recommended for root entity ENT_000593 and connected intermediaries.,NONE
C000032,ENT_000378,0.001,0,NORMAL,NONE,NONE,0.0,"Model-derived risk probability is 0.0010, remaining well below the 0.50 suspicious triage threshold. ; Incident subgraph contains minimal structural connectivity (1 entity node(s), 0 directed edge(s)). ; Total transaction volume within the 72-hour incident window is ₹0.00 (average transfer: ₹0.00). ; No multi-hop fund routing or complex layering chains detected (max hop distance: 0). ; No illicit ATM cash-withdrawal terminal connections identified in the incident window.",5,No significant laundering pattern was detected at the configured risk threshold. Activity consistent with benign peer-to-peer transfers.,NONE
C000033,ENT_000242,0.0008,0,NORMAL,NONE,NONE,0.0,"Model-derived risk probability is 0.0008, remaining well below the 0.50 suspicious triage threshold. ; Incident subgraph contains minimal structural connectivity (1 entity node(s), 0 directed edge(s)). ; Total transaction volume within the 72-hour incident window is ₹0.00 (average transfer: ₹0.00). ; No multi-hop fund routing or complex layering chains detected (max hop distance: 0). ; No illicit ATM cash-withdrawal terminal connections identified in the incident window.",5,No significant laundering pattern was detected at the configured risk threshold. Activity consistent with benign peer-to-peer transfers.,NONE
C000034,ENT_000219,0.0006,0,NORMAL,NONE,NONE,0.0,"Model-derived risk probability is 0.0006, remaining well below the 0.50 suspicious triage threshold. ; Incident subgraph contains minimal structural connectivity (1 entity node(s), 0 directed edge(s)). ; Total transaction volume within the 72-hour incident window is ₹0.00 (average transfer: ₹0.00). ; No multi-hop fund routing or complex layering chains detected (max hop distance: 0). ; No illicit ATM cash-withdrawal terminal connections identified in the incident window.",5,No significant laundering pattern was detected at the configured risk threshold. Activity consistent with benign peer-to-peer transfers.,NONE
C000035,ENT_000387,0.996,1,HIGH_CONFIDENCE,NONE,NONE,0.0,"GraphSAGE GNN assessed an elevated risk probability of 0.9960 (Tier: HIGH_CONFIDENCE). ; Unusual concentration of transaction activity observed within the 72-hour incident window. ; The incident graph spans 3 transaction hops, indicating multi-stage fund routing away from the complaint account. ; Cumulative transaction volume reached ₹1,178,962.62 with a peak single transfer of ₹204,811.19. ; Subnetwork connects 12 entities across 11 directed transaction edges (average node degree: 1.83, incident in-degree: 2, out-degree: 1). ; Graph topology exhibits high structural similarity (1.00) to cataloged reference laundering patterns.",6,High-risk multi-hop transaction activity with strong graph evidence was detected. Priority investigation recommended for root entity ENT_000387 and connected intermediaries.,NONE
C000036,ENT_000532,0.0016,0,NORMAL,NONE,NONE,0.0,"Model-derived risk probability is 0.0016, remaining well below the 0.50 suspicious triage threshold. ; Incident subgraph contains minimal structural connectivity (2 entity node(s), 1 directed edge(s)). ; Total transaction volume within the 72-hour incident window is ₹4,767.70 (average transfer: ₹4,767.70). ; No multi-hop fund routing or complex layering chains detected (max hop distance: 1). ; No illicit ATM cash-withdrawal terminal connections identified in the incident window.",5,No significant laundering pattern was detected at the configured risk threshold. Activity consistent with benign peer-to-peer transfers.,NONE
C000037,ENT_000237,0.0011,0,NORMAL,NONE,NONE,0.0,"Model-derived risk probability is 0.0011, remaining well below the 0.50 suspicious triage threshold. ; Incident subgraph contains minimal structural connectivity (1 entity node(s), 0 directed edge(s)). ; Total transaction volume within the 72-hour incident window is ₹0.00 (average transfer: ₹0.00). ; No multi-hop fund routing or complex layering chains detected (max hop distance: 0). ; No illicit ATM cash-withdrawal terminal connections identified in the incident window.",5,No significant laundering pattern was detected at the configured risk threshold. Activity consistent with benign peer-to-peer transfers.,NONE
C000038,ENT_000483,0.0008,0,NORMAL,NONE,NONE,0.0,"Model-derived risk probability is 0.0008, remaining well below the 0.50 suspicious triage threshold. ; Incident subgraph contains minimal structural connectivity (1 entity node(s), 0 directed edge(s)). ; Total transaction volume within the 72-hour incident window is ₹0.00 (average transfer: ₹0.00). ; No multi-hop fund routing or complex layering chains detected (max hop distance: 0). ; No illicit ATM cash-withdrawal terminal connections identified in the incident window.",5,No significant laundering pattern was detected at the configured risk threshold. Activity consistent with benign peer-to-peer transfers.,NONE
C000039,ENT_000466,0.0052,0,NORMAL,NONE,NONE,0.0,"Model-derived risk probability is 0.0052, remaining well below the 0.50 suspicious triage threshold. ; Incident subgraph contains minimal structural connectivity (2 entity node(s), 1 directed edge(s)). ; Total transaction volume within the 72-hour incident window is ₹316,987.91 (average transfer: ₹316,987.91). ; No multi-hop fund routing or complex layering chains detected (max hop distance: 1). ; No illicit ATM cash-withdrawal terminal connections identified in the incident window.",5,No significant laundering pattern was detected at the configured risk threshold. Activity consistent with benign peer-to-peer transfers.,NONE
C000040,ENT_000453,0.0011,0,NORMAL,NONE,NONE,0.0,"Model-derived risk probability is 0.0011, remaining well below the 0.50 suspicious triage threshold. ; Incident subgraph contains minimal structural connectivity (2 entity node(s), 1 directed edge(s)). ; Total transaction volume within the 72-hour incident window is ₹1,244.96 (average transfer: ₹1,244.96). ; No multi-hop fund routing or complex layering chains detected (max hop distance: 1). ; No illicit ATM cash-withdrawal terminal connections identified in the incident window.",5,No significant laundering pattern was detected at the configured risk threshold. Activity consistent with benign peer-to-peer transfers.,NONE
C000041,ENT_000013,0.0006,0,NORMAL,NONE,NONE,0.0,"Model-derived risk probability is 0.0006, remaining well below the 0.50 suspicious triage threshold. ; Incident subgraph contains minimal structural connectivity (1 entity node(s), 0 directed edge(s)). ; Total transaction volume within the 72-hour incident window is ₹0.00 (average transfer: ₹0.00). ; No multi-hop fund routing or complex layering chains detected (max hop distance: 0). ; No illicit ATM cash-withdrawal terminal connections identified in the incident window.",5,No significant laundering pattern was detected at the configured risk threshold. Activity consistent with benign peer-to-peer transfers.,NONE
C000042,ENT_000406,0.0023,0,NORMAL,NONE,NONE,0.0,"Model-derived risk probability is 0.0023, remaining well below the 0.50 suspicious triage threshold. ; Incident subgraph contains minimal structural connectivity (2 entity node(s), 1 directed edge(s)). ; Total transaction volume within the 72-hour incident window is ₹31,941.64 (average transfer: ₹31,941.64). ; No multi-hop fund routing or complex layering chains detected (max hop distance: 1). ; No illicit ATM cash-withdrawal terminal connections identified in the incident window.",5,No significant laundering pattern was detected at the configured risk threshold. Activity consistent with benign peer-to-peer transfers.,NONE
C000043,ENT_000351,0.0634,0,NORMAL,NONE,NONE,0.0,"Model-derived risk probability is 0.0634, remaining well below the 0.50 suspicious triage threshold. ; Incident subgraph contains minimal structural connectivity (7 entity node(s), 6 directed edge(s)). ; Total transaction volume within the 72-hour incident window is ₹70,736.66 (average transfer: ₹11,789.44). ; No multi-hop fund routing or complex layering chains detected (max hop distance: 3). ; No illicit ATM cash-withdrawal terminal connections identified in the incident window.",5,No significant laundering pattern was detected at the configured risk threshold. Activity consistent with benign peer-to-peer transfers.,NONE
C000044,ENT_000677,0.9944,1,HIGH_CONFIDENCE,NONE,NONE,0.0,"GraphSAGE GNN assessed an elevated risk probability of 0.9944 (Tier: HIGH_CONFIDENCE). ; Unusual concentration of transaction activity observed within the 72-hour incident window. ; The incident graph spans 3 transaction hops, indicating multi-stage fund routing away from the complaint account. ; Cumulative transaction volume reached ₹655,267.94 with a peak single transfer of ₹208,247.92. ; Subnetwork connects 13 entities across 12 directed transaction edges (average node degree: 1.85, incident in-degree: 1, out-degree: 0). ; Graph topology exhibits high structural similarity (1.00) to cataloged reference laundering patterns.",6,High-risk multi-hop transaction activity with strong graph evidence was detected. Priority investigation recommended for root entity ENT_000677 and connected intermediaries.,NONE
C000045,ENT_000109,0.0011,0,NORMAL,NONE,NONE,0.0,"Model-derived risk probability is 0.0011, remaining well below the 0.50 suspicious triage threshold. ; Incident subgraph contains minimal structural connectivity (2 entity node(s), 1 directed edge(s)). ; Total transaction volume within the 72-hour incident window is ₹2,513.52 (average transfer: ₹2,513.52). ; No multi-hop fund routing or complex layering chains detected (max hop distance: 1). ; No illicit ATM cash-withdrawal terminal connections identified in the incident window.",5,No significant laundering pattern was detected at the configured risk threshold. Activity consistent with benign peer-to-peer transfers.,NONE
C000046,ENT_000108,0.0025,0,NORMAL,NONE,NONE,0.0,"Model-derived risk probability is 0.0025, remaining well below the 0.50 suspicious triage threshold. ; Incident subgraph contains minimal structural connectivity (2 entity node(s), 1 directed edge(s)). ; Total transaction volume within the 72-hour incident window is ₹4,952.17 (average transfer: ₹4,952.17). ; No multi-hop fund routing or complex layering chains detected (max hop distance: 1). ; No illicit ATM cash-withdrawal terminal connections identified in the incident window.",5,No significant laundering pattern was detected at the configured risk threshold. Activity consistent with benign peer-to-peer transfers.,NONE
C000047,ENT_000185,0.9971,1,HIGH_CONFIDENCE,NONE,NONE,0.0,"GraphSAGE GNN assessed an elevated risk probability of 0.9971 (Tier: HIGH_CONFIDENCE). ; Unusual concentration of transaction activity observed within the 72-hour incident window. ; The incident graph spans 3 transaction hops, indicating multi-stage fund routing away from the complaint account. ; Cumulative transaction volume reached ₹826,762.78 with a peak single transfer of ₹190,406.54. ; Subnetwork connects 10 entities across 9 directed transaction edges (average node degree: 1.80, incident in-degree: 2, out-degree: 0). ; Graph topology exhibits high structural similarity (1.00) to cataloged reference laundering patterns.",6,High-risk multi-hop transaction activity with strong graph evidence was detected. Priority investigation recommended for root entity ENT_000185 and connected intermediaries.,NONE
C000048,ENT_000047,0.9987,1,HIGH_CONFIDENCE,NONE,NONE,0.0,"GraphSAGE GNN assessed an elevated risk probability of 0.9987 (Tier: HIGH_CONFIDENCE). ; Unusual concentration of transaction activity observed within the 72-hour incident window. ; The incident graph spans 3 transaction hops, indicating multi-stage fund routing away from the complaint account. ; Cumulative transaction volume reached ₹914,442.79 with a peak single transfer of ₹309,967.24. ; Subnetwork connects 7 entities across 6 directed transaction edges (average node degree: 1.71, incident in-degree: 0, out-degree: 1). ; Graph topology exhibits high structural similarity (1.00) to cataloged reference laundering patterns.",6,High-risk multi-hop transaction activity with strong graph evidence was detected. Priority investigation recommended for root entity ENT_000047 and connected intermediaries.,NONE
C000049,ENT_000439,0.0008,0,NORMAL,NONE,NONE,0.0,"Model-derived risk probability is 0.0008, remaining well below the 0.50 suspicious triage threshold. ; Incident subgraph contains minimal structural connectivity (1 entity node(s), 0 directed edge(s)). ; Total transaction volume within the 72-hour incident window is ₹0.00 (average transfer: ₹0.00). ; No multi-hop fund routing or complex layering chains detected (max hop distance: 0). ; No illicit ATM cash-withdrawal terminal connections identified in the incident window.",5,No significant laundering pattern was detected at the configured risk threshold. Activity consistent with benign peer-to-peer transfers.,NONE
C000050,ENT_000080,0.0149,0,NORMAL,ATM_029,Mumbai,0.6264,"Model-derived risk probability is 0.0149, remaining well below the 0.50 suspicious triage threshold. ; Incident subgraph contains minimal structural connectivity (3 entity node(s), 2 directed edge(s)). ; Total transaction volume within the 72-hour incident window is ₹87,380.70 (average transfer: ₹43,690.35). ; No multi-hop fund routing or complex layering chains detected (max hop distance: 1). ; No illicit ATM cash-withdrawal terminal connections identified in the incident window.",5,No significant laundering pattern was detected at the configured risk threshold. Activity consistent with benign peer-to-peer transfers.,"Terminal: ATM_029 (Mumbai) | Risk Score: 0.63 | Distance: 1 hop(s) | Cash Volume: ₹49,904.90 (1 tx) | Timing Delta: 33.6h from incident"
C000051,ENT_000459,0.0009,0,NORMAL,NONE,NONE,0.0,"Model-derived risk probability is 0.0009, remaining well below the 0.50 suspicious triage threshold. ; Incident subgraph contains minimal structural connectivity (1 entity node(s), 0 directed edge(s)). ; Total transaction volume within the 72-hour incident window is ₹0.00 (average transfer: ₹0.00). ; No multi-hop fund routing or complex layering chains detected (max hop distance: 0). ; No illicit ATM cash-withdrawal terminal connections identified in the incident window.",5,No significant laundering pattern was detected at the configured risk threshold. Activity consistent with benign peer-to-peer transfers.,NONE
C000052,ENT_000520,0.0017,0,NORMAL,NONE,NONE,0.0,"Model-derived risk probability is 0.0017, remaining well below the 0.50 suspicious triage threshold. ; Incident subgraph contains minimal structural connectivity (2 entity node(s), 1 directed edge(s)). ; Total transaction volume within the 72-hour incident window is ₹171.05 (average transfer: ₹171.05). ; No multi-hop fund routing or complex layering chains detected (max hop distance: 1). ; No illicit ATM cash-withdrawal terminal connections identified in the incident window.",5,No significant laundering pattern was detected at the configured risk threshold. Activity consistent with benign peer-to-peer transfers.,NONE
C000053,ENT_000417,0.9992,1,HIGH_CONFIDENCE,NONE,NONE,0.0,"GraphSAGE GNN assessed an elevated risk probability of 0.9992 (Tier: HIGH_CONFIDENCE). ; Unusual concentration of transaction activity observed within the 72-hour incident window. ; The incident graph spans 3 transaction hops, indicating multi-stage fund routing away from the complaint account. ; Cumulative transaction volume reached ₹1,608,705.52 with a peak single transfer of ₹485,479.38. ; Subnetwork connects 17 entities across 17 directed transaction edges (average node degree: 2.00, incident in-degree: 2, out-degree: 0). ; Graph topology exhibits high structural similarity (1.00) to cataloged reference laundering patterns.",6,High-risk multi-hop transaction activity with strong graph evidence was detected. Priority investigation recommended for root entity ENT_000417 and connected intermediaries.,NONE
C000054,ENT_000165,0.0647,0,NORMAL,NONE,NONE,0.0,"Model-derived risk probability is 0.0647, remaining well below the 0.50 suspicious triage threshold. ; Incident subgraph contains minimal structural connectivity (4 entity node(s), 3 directed edge(s)). ; Total transaction volume within the 72-hour incident window is ₹16,638.70 (average transfer: ₹5,546.23). ; No multi-hop fund routing or complex layering chains detected (max hop distance: 3). ; No illicit ATM cash-withdrawal terminal connections identified in the incident window.",5,No significant laundering pattern was detected at the configured risk threshold. Activity consistent with benign peer-to-peer transfers.,NONE
C000055,ENT_000040,0.0006,0,NORMAL,NONE,NONE,0.0,"Model-derived risk probability is 0.0006, remaining well below the 0.50 suspicious triage threshold. ; Incident subgraph contains minimal structural connectivity (1 entity node(s), 0 directed edge(s)). ; Total transaction volume within the 72-hour incident window is ₹0.00 (average transfer: ₹0.00). ; No multi-hop fund routing or complex layering chains detected (max hop distance: 0). ; No illicit ATM cash-withdrawal terminal connections identified in the incident window.",5,No significant laundering pattern was detected at the configured risk threshold. Activity consistent with benign peer-to-peer transfers.,NONE
C000056,ENT_000513,1.0,1,HIGH_CONFIDENCE,NONE,NONE,0.0,"GraphSAGE GNN assessed an elevated risk probability of 1.0000 (Tier: HIGH_CONFIDENCE). ; Unusual concentration of transaction activity observed within the 72-hour incident window. ; The incident graph spans 3 transaction hops, indicating multi-stage fund routing away from the complaint account. ; Cumulative transaction volume reached ₹5,984,900.44 with a peak single transfer of ₹470,977.67. ; Subnetwork connects 28 entities across 36 directed transaction edges (average node degree: 2.57, incident in-degree: 2, out-degree: 2). ; Graph topology exhibits high structural similarity (1.00) to cataloged reference laundering patterns.",6,High-risk multi-hop transaction activity with strong graph evidence was detected. Priority investigation recommended for root entity ENT_000513 and connected intermediaries.,NONE
C000057,ENT_000547,0.9902,1,HIGH_CONFIDENCE,ATM_043,Chennai,0.8428,"GraphSAGE GNN assessed an elevated risk probability of 0.9902 (Tier: HIGH_CONFIDENCE). ; Unusual concentration of transaction activity observed within the 72-hour incident window. ; The incident graph spans 3 transaction hops, indicating multi-stage fund routing away from the complaint account. ; Cumulative transaction volume reached ₹751,410.02 with a peak single transfer of ₹340,898.49. ; Subnetwork connects 14 entities across 14 directed transaction edges (average node degree: 2.00, incident in-degree: 0, out-degree: 1). ; Likely downstream cash exit identified at terminal ATM_043 in Chennai (terminal risk score: 0.84, ₹340,898.49 withdrawn across 1 transaction(s)). ; Graph topology exhibits high structural similarity (1.00) to cataloged reference laundering patterns.",7,High-risk multi-hop transaction activity with downstream cash-out behavior was detected. Priority investigation recommended for root entity ENT_000547 and exit terminal ATM_043 (Chennai).,"Terminal: ATM_043 (Chennai) | Risk Score: 0.84 | Distance: 2 hop(s) | Cash Volume: ₹340,898.49 (1 tx) | Timing Delta: 36.0h from incident"
C000058,ENT_000574,0.0006,0,NORMAL,NONE,NONE,0.0,"Model-derived risk probability is 0.0006, remaining well below the 0.50 suspicious triage threshold. ; Incident subgraph contains minimal structural connectivity (1 entity node(s), 0 directed edge(s)). ; Total transaction volume within the 72-hour incident window is ₹0.00 (average transfer: ₹0.00). ; No multi-hop fund routing or complex layering chains detected (max hop distance: 0). ; No illicit ATM cash-withdrawal terminal connections identified in the incident window.",5,No significant laundering pattern was detected at the configured risk threshold. Activity consistent with benign peer-to-peer transfers.,NONE
C000059,ENT_000102,0.0012,0,NORMAL,NONE,NONE,0.0,"Model-derived risk probability is 0.0012, remaining well below the 0.50 suspicious triage threshold. ; Incident subgraph contains minimal structural connectivity (1 entity node(s), 0 directed edge(s)). ; Total transaction volume within the 72-hour incident window is ₹0.00 (average transfer: ₹0.00). ; No multi-hop fund routing or complex layering chains detected (max hop distance: 0). ; No illicit ATM cash-withdrawal terminal connections identified in the incident window.",5,No significant laundering pattern was detected at the configured risk threshold. Activity consistent with benign peer-to-peer transfers.,NONE
C000060,ENT_000070,0.0023,0,NORMAL,NONE,NONE,0.0,"Model-derived risk probability is 0.0023, remaining well below the 0.50 suspicious triage threshold. ; Incident subgraph contains minimal structural connectivity (2 entity node(s), 1 directed edge(s)). ; Total transaction volume within the 72-hour incident window is ₹2,114.48 (average transfer: ₹2,114.48). ; No multi-hop fund routing or complex layering chains detected (max hop distance: 1). ; No illicit ATM cash-withdrawal terminal connections identified in the incident window.",5,No significant laundering pattern was detected at the configured risk threshold. Activity consistent with benign peer-to-peer transfers.,NONE
C000061,ENT_000009,0.0006,0,NORMAL,NONE,NONE,0.0,"Model-derived risk probability is 0.0006, remaining well below the 0.50 suspicious triage threshold. ; Incident subgraph contains minimal structural connectivity (1 entity node(s), 0 directed edge(s)). ; Total transaction volume within the 72-hour incident window is ₹0.00 (average transfer: ₹0.00). ; No multi-hop fund routing or complex layering chains detected (max hop distance: 0). ; No illicit ATM cash-withdrawal terminal connections identified in the incident window.",5,No significant laundering pattern was detected at the configured risk threshold. Activity consistent with benign peer-to-peer transfers.,NONE
C000062,ENT_000118,0.5021,1,MEDIUM_CONFIDENCE,NONE,NONE,0.0,"GraphSAGE GNN assessed an elevated risk probability of 0.5021 (Tier: MEDIUM_CONFIDENCE). ; Unusual concentration of transaction activity observed within the 72-hour incident window. ; The incident graph spans 3 transaction hops, indicating multi-stage fund routing away from the complaint account. ; Cumulative transaction volume reached ₹201,471.90 with a peak single transfer of ₹89,869.32. ; Subnetwork connects 11 entities across 10 directed transaction edges (average node degree: 1.82, incident in-degree: 2, out-degree: 0). ; Graph topology exhibits high structural similarity (0.99) to cataloged reference laundering patterns.",6,"Elevated transaction risk detected around entity ENT_000118. Multi-hop activity observed, but supporting terminal or structural reference evidence remains partial.",NONE
C000063,ENT_000153,0.0022,0,NORMAL,NONE,NONE,0.0,"Model-derived risk probability is 0.0022, remaining well below the 0.50 suspicious triage threshold. ; Incident subgraph contains minimal structural connectivity (2 entity node(s), 1 directed edge(s)). ; Total transaction volume within the 72-hour incident window is ₹1,978.92 (average transfer: ₹1,978.92). ; No multi-hop fund routing or complex layering chains detected (max hop distance: 1). ; No illicit ATM cash-withdrawal terminal connections identified in the incident window.",5,No significant laundering pattern was detected at the configured risk threshold. Activity consistent with benign peer-to-peer transfers.,NONE
C000064,ENT_000410,0.001,0,NORMAL,NONE,NONE,0.0,"Model-derived risk probability is 0.0010, remaining well below the 0.50 suspicious triage threshold. ; Incident subgraph contains minimal structural connectivity (1 entity node(s), 0 directed edge(s)). ; Total transaction volume within the 72-hour incident window is ₹0.00 (average transfer: ₹0.00). ; No multi-hop fund routing or complex layering chains detected (max hop distance: 0). ; No illicit ATM cash-withdrawal terminal connections identified in the incident window.",5,No significant laundering pattern was detected at the configured risk threshold. Activity consistent with benign peer-to-peer transfers.,NONE
C000065,ENT_000507,0.9998,1,HIGH_CONFIDENCE,NONE,NONE,0.0,"GraphSAGE GNN assessed an elevated risk probability of 0.9998 (Tier: HIGH_CONFIDENCE). ; Unusual concentration of transaction activity observed within the 72-hour incident window. ; The incident graph spans 3 transaction hops, indicating multi-stage fund routing away from the complaint account. ; Cumulative transaction volume reached ₹1,717,859.54 with a peak single transfer of ₹299,910.27. ; Subnetwork connects 11 entities across 10 directed transaction edges (average node degree: 1.82, incident in-degree: 2, out-degree: 1). ; Graph topology exhibits high structural similarity (1.00) to cataloged reference laundering patterns.",6,High-risk multi-hop transaction activity with strong graph evidence was detected. Priority investigation recommended for root entity ENT_000507 and connected intermediaries.,NONE
C000066,ENT_000080,0.9953,1,HIGH_CONFIDENCE,NONE,NONE,0.0,"GraphSAGE GNN assessed an elevated risk probability of 0.9953 (Tier: HIGH_CONFIDENCE). ; Unusual concentration of transaction activity observed within the 72-hour incident window. ; The incident graph spans 3 transaction hops, indicating multi-stage fund routing away from the complaint account. ; Cumulative transaction volume reached ₹1,039,928.71 with a peak single transfer of ₹304,493.40. ; Subnetwork connects 10 entities across 9 directed transaction edges (average node degree: 1.80, incident in-degree: 1, out-degree: 2). ; Graph topology exhibits high structural similarity (1.00) to cataloged reference laundering patterns.",6,High-risk multi-hop transaction activity with strong graph evidence was detected. Priority investigation recommended for root entity ENT_000080 and connected intermediaries.,NONE
C000067,ENT_000067,0.0013,0,NORMAL,NONE,NONE,0.0,"Model-derived risk probability is 0.0013, remaining well below the 0.50 suspicious triage threshold. ; Incident subgraph contains minimal structural connectivity (2 entity node(s), 1 directed edge(s)). ; Total transaction volume within the 72-hour incident window is ₹880.80 (average transfer: ₹880.80). ; No multi-hop fund routing or complex layering chains detected (max hop distance: 1). ; No illicit ATM cash-withdrawal terminal connections identified in the incident window.",5,No significant laundering pattern was detected at the configured risk threshold. Activity consistent with benign peer-to-peer transfers.,NONE
C000068,ENT_000019,0.9888,1,HIGH_CONFIDENCE,NONE,NONE,0.0,"GraphSAGE GNN assessed an elevated risk probability of 0.9888 (Tier: HIGH_CONFIDENCE). ; Unusual concentration of transaction activity observed within the 72-hour incident window. ; The incident graph spans 3 transaction hops, indicating multi-stage fund routing away from the complaint account. ; Cumulative transaction volume reached ₹819,951.42 with a peak single transfer of ₹398,601.77. ; Subnetwork connects 10 entities across 9 directed transaction edges (average node degree: 1.80, incident in-degree: 1, out-degree: 0). ; Graph topology exhibits high structural similarity (1.00) to cataloged reference laundering patterns.",6,High-risk multi-hop transaction activity with strong graph evidence was detected. Priority investigation recommended for root entity ENT_000019 and connected intermediaries.,NONE
C000069,ENT_000420,0.9998,1,HIGH_CONFIDENCE,NONE,NONE,0.0,"GraphSAGE GNN assessed an elevated risk probability of 0.9998 (Tier: HIGH_CONFIDENCE). ; Unusual concentration of transaction activity observed within the 72-hour incident window. ; The incident graph spans 3 transaction hops, indicating multi-stage fund routing away from the complaint account. ; Cumulative transaction volume reached ₹877,863.45 with a peak single transfer of ₹214,069.97. ; Subnetwork connects 9 entities across 9 directed transaction edges (average node degree: 2.00, incident in-degree: 1, out-degree: 1). ; Graph topology exhibits high structural similarity (1.00) to cataloged reference laundering patterns.",6,High-risk multi-hop transaction activity with strong graph evidence was detected. Priority investigation recommended for root entity ENT_000420 and connected intermediaries.,NONE
C000070,ENT_000165,0.0009,0,NORMAL,NONE,NONE,0.0,"Model-derived risk probability is 0.0009, remaining well below the 0.50 suspicious triage threshold. ; Incident subgraph contains minimal structural connectivity (1 entity node(s), 0 directed edge(s)). ; Total transaction volume within the 72-hour incident window is ₹0.00 (average transfer: ₹0.00). ; No multi-hop fund routing or complex layering chains detected (max hop distance: 0). ; No illicit ATM cash-withdrawal terminal connections identified in the incident window.",5,No significant laundering pattern was detected at the configured risk threshold. Activity consistent with benign peer-to-peer transfers.,NONE
C000071,ENT_000084,0.0006,0,NORMAL,NONE,NONE,0.0,"Model-derived risk probability is 0.0006, remaining well below the 0.50 suspicious triage threshold. ; Incident subgraph contains minimal structural connectivity (1 entity node(s), 0 directed edge(s)). ; Total transaction volume within the 72-hour incident window is ₹0.00 (average transfer: ₹0.00). ; No multi-hop fund routing or complex layering chains detected (max hop distance: 0). ; No illicit ATM cash-withdrawal terminal connections identified in the incident window.",5,No significant laundering pattern was detected at the configured risk threshold. Activity consistent with benign peer-to-peer transfers.,NONE
C000072,ENT_000405,0.0006,0,NORMAL,NONE,NONE,0.0,"Model-derived risk probability is 0.0006, remaining well below the 0.50 suspicious triage threshold. ; Incident subgraph contains minimal structural connectivity (1 entity node(s), 0 directed edge(s)). ; Total transaction volume within the 72-hour incident window is ₹0.00 (average transfer: ₹0.00). ; No multi-hop fund routing or complex layering chains detected (max hop distance: 0). ; No illicit ATM cash-withdrawal terminal connections identified in the incident window.",5,No significant laundering pattern was detected at the configured risk threshold. Activity consistent with benign peer-to-peer transfers.,NONE
C000073,ENT_000156,0.0075,0,NORMAL,NONE,NONE,0.0,"Model-derived risk probability is 0.0075, remaining well below the 0.50 suspicious triage threshold. ; Incident subgraph contains minimal structural connectivity (3 entity node(s), 2 directed edge(s)). ; Total transaction volume within the 72-hour incident window is ₹40,501.87 (average transfer: ₹20,250.94). ; No multi-hop fund routing or complex layering chains detected (max hop distance: 1). ; No illicit ATM cash-withdrawal terminal connections identified in the incident window.",5,No significant laundering pattern was detected at the configured risk threshold. Activity consistent with benign peer-to-peer transfers.,NONE
C000074,ENT_000553,0.0009,0,NORMAL,NONE,NONE,0.0,"Model-derived risk probability is 0.0009, remaining well below the 0.50 suspicious triage threshold. ; Incident subgraph contains minimal structural connectivity (1 entity node(s), 0 directed edge(s)). ; Total transaction volume within the 72-hour incident window is ₹0.00 (average transfer: ₹0.00). ; No multi-hop fund routing or complex layering chains detected (max hop distance: 0). ; No illicit ATM cash-withdrawal terminal connections identified in the incident window.",5,No significant laundering pattern was detected at the configured risk threshold. Activity consistent with benign peer-to-peer transfers.,NONE
C000075,ENT_000139,0.0007,0,NORMAL,NONE,NONE,0.0,"Model-derived risk probability is 0.0007, remaining well below the 0.50 suspicious triage threshold. ; Incident subgraph contains minimal structural connectivity (1 entity node(s), 0 directed edge(s)). ; Total transaction volume within the 72-hour incident window is ₹0.00 (average transfer: ₹0.00). ; No multi-hop fund routing or complex layering chains detected (max hop distance: 0). ; No illicit ATM cash-withdrawal terminal connections identified in the incident window.",5,No significant laundering pattern was detected at the configured risk threshold. Activity consistent with benign peer-to-peer transfers.,NONE
C000076,ENT_000173,0.9308,1,HIGH_CONFIDENCE,ATM_029,Mumbai,0.5459,"GraphSAGE GNN assessed an elevated risk probability of 0.9308 (Tier: HIGH_CONFIDENCE). ; Unusual concentration of transaction activity observed within the 72-hour incident window. ; The incident graph spans 3 transaction hops, indicating multi-stage fund routing away from the complaint account. ; Cumulative transaction volume reached ₹224,431.99 with a peak single transfer of ₹28,783.60. ; Subnetwork connects 11 entities across 12 directed transaction edges (average node degree: 2.18, incident in-degree: 1, out-degree: 1). ; Likely downstream cash exit identified at terminal ATM_029 in Mumbai (terminal risk score: 0.55, ₹26,009.64 withdrawn across 1 transaction(s)). ; Graph topology exhibits high structural similarity (1.00) to cataloged reference laundering patterns.",7,High-risk multi-hop transaction activity with downstream cash-out behavior was detected. Priority investigation recommended for root entity ENT_000173 and exit terminal ATM_029 (Mumbai).,"Terminal: ATM_029 (Mumbai) | Risk Score: 0.55 | Distance: 1 hop(s) | Cash Volume: ₹26,009.64 (1 tx) | Timing Delta: 67.2h from incident"
C000077,ENT_000239,0.9747,1,HIGH_CONFIDENCE,NONE,NONE,0.0,"GraphSAGE GNN assessed an elevated risk probability of 0.9747 (Tier: HIGH_CONFIDENCE). ; Unusual concentration of transaction activity observed within the 72-hour incident window. ; The incident graph spans 3 transaction hops, indicating multi-stage fund routing away from the complaint account. ; Cumulative transaction volume reached ₹970,987.95 with a peak single transfer of ₹302,847.54. ; Subnetwork connects 12 entities across 12 directed transaction edges (average node degree: 2.00, incident in-degree: 0, out-degree: 2). ; Graph topology exhibits high structural similarity (1.00) to cataloged reference laundering patterns.",6,High-risk multi-hop transaction activity with strong graph evidence was detected. Priority investigation recommended for root entity ENT_000239 and connected intermediaries.,NONE
C000078,ENT_000405,0.0006,0,NORMAL,NONE,NONE,0.0,"Model-derived risk probability is 0.0006, remaining well below the 0.50 suspicious triage threshold. ; Incident subgraph contains minimal structural connectivity (1 entity node(s), 0 directed edge(s)). ; Total transaction volume within the 72-hour incident window is ₹0.00 (average transfer: ₹0.00). ; No multi-hop fund routing or complex layering chains detected (max hop distance: 0). ; No illicit ATM cash-withdrawal terminal connections identified in the incident window.",5,No significant laundering pattern was detected at the configured risk threshold. Activity consistent with benign peer-to-peer transfers.,NONE
C000079,ENT_000631,0.001,0,NORMAL,NONE,NONE,0.0,"Model-derived risk probability is 0.0010, remaining well below the 0.50 suspicious triage threshold. ; Incident subgraph contains minimal structural connectivity (1 entity node(s), 0 directed edge(s)). ; Total transaction volume within the 72-hour incident window is ₹0.00 (average transfer: ₹0.00). ; No multi-hop fund routing or complex layering chains detected (max hop distance: 0). ; No illicit ATM cash-withdrawal terminal connections identified in the incident window.",5,No significant laundering pattern was detected at the configured risk threshold. Activity consistent with benign peer-to-peer transfers.,NONE
C000080,ENT_000449,0.0036,0,NORMAL,NONE,NONE,0.0,"Model-derived risk probability is 0.0036, remaining well below the 0.50 suspicious triage threshold. ; Incident subgraph contains minimal structural connectivity (3 entity node(s), 2 directed edge(s)). ; Total transaction volume within the 72-hour incident window is ₹7,338.69 (average transfer: ₹3,669.35). ; No multi-hop fund routing or complex layering chains detected (max hop distance: 2). ; No illicit ATM cash-withdrawal terminal connections identified in the incident window.",5,No significant laundering pattern was detected at the configured risk threshold. Activity consistent with benign peer-to-peer transfers.,NONE
C000081,ENT_000154,0.9898,1,HIGH_CONFIDENCE,NONE,NONE,0.0,"GraphSAGE GNN assessed an elevated risk probability of 0.9898 (Tier: HIGH_CONFIDENCE). ; Unusual concentration of transaction activity observed within the 72-hour incident window. ; The incident graph spans 3 transaction hops, indicating multi-stage fund routing away from the complaint account. ; Cumulative transaction volume reached ₹1,162,698.82 with a peak single transfer of ₹365,295.63. ; Subnetwork connects 8 entities across 7 directed transaction edges (average node degree: 1.75, incident in-degree: 2, out-degree: 0). ; Graph topology exhibits high structural similarity (1.00) to cataloged reference laundering patterns.",6,High-risk multi-hop transaction activity with strong graph evidence was detected. Priority investigation recommended for root entity ENT_000154 and connected intermediaries.,NONE
C000082,ENT_000662,0.1098,0,NORMAL,NONE,NONE,0.0,"Model-derived risk probability is 0.1098, remaining well below the 0.50 suspicious triage threshold. ; Incident subgraph contains minimal structural connectivity (3 entity node(s), 2 directed edge(s)). ; Total transaction volume within the 72-hour incident window is ₹207,735.96 (average transfer: ₹103,867.98). ; No multi-hop fund routing or complex layering chains detected (max hop distance: 2). ; No illicit ATM cash-withdrawal terminal connections identified in the incident window.",5,No significant laundering pattern was detected at the configured risk threshold. Activity consistent with benign peer-to-peer transfers.,NONE
C000083,ENT_000392,0.0006,0,NORMAL,NONE,NONE,0.0,"Model-derived risk probability is 0.0006, remaining well below the 0.50 suspicious triage threshold. ; Incident subgraph contains minimal structural connectivity (1 entity node(s), 0 directed edge(s)). ; Total transaction volume within the 72-hour incident window is ₹0.00 (average transfer: ₹0.00). ; No multi-hop fund routing or complex layering chains detected (max hop distance: 0). ; No illicit ATM cash-withdrawal terminal connections identified in the incident window.",5,No significant laundering pattern was detected at the configured risk threshold. Activity consistent with benign peer-to-peer transfers.,NONE
C000084,ENT_000685,0.9964,1,HIGH_CONFIDENCE,NONE,NONE,0.0,"GraphSAGE GNN assessed an elevated risk probability of 0.9964 (Tier: HIGH_CONFIDENCE). ; Unusual concentration of transaction activity observed within the 72-hour incident window. ; The incident graph spans 3 transaction hops, indicating multi-stage fund routing away from the complaint account. ; Cumulative transaction volume reached ₹944,194.47 with a peak single transfer of ₹356,146.14. ; Subnetwork connects 8 entities across 7 directed transaction edges (average node degree: 1.75, incident in-degree: 1, out-degree: 0). ; Graph topology exhibits high structural similarity (1.00) to cataloged reference laundering patterns.",6,High-risk multi-hop transaction activity with strong graph evidence was detected. Priority investigation recommended for root entity ENT_000685 and connected intermediaries.,NONE
C000085,ENT_000342,0.001,0,NORMAL,NONE,NONE,0.0,"Model-derived risk probability is 0.0010, remaining well below the 0.50 suspicious triage threshold. ; Incident subgraph contains minimal structural connectivity (1 entity node(s), 0 directed edge(s)). ; Total transaction volume within the 72-hour incident window is ₹0.00 (average transfer: ₹0.00). ; No multi-hop fund routing or complex layering chains detected (max hop distance: 0). ; No illicit ATM cash-withdrawal terminal connections identified in the incident window.",5,No significant laundering pattern was detected at the configured risk threshold. Activity consistent with benign peer-to-peer transfers.,NONE
C000086,ENT_000214,0.0014,0,NORMAL,NONE,NONE,0.0,"Model-derived risk probability is 0.0014, remaining well below the 0.50 suspicious triage threshold. ; Incident subgraph contains minimal structural connectivity (2 entity node(s), 1 directed edge(s)). ; Total transaction volume within the 72-hour incident window is ₹367.34 (average transfer: ₹367.34). ; No multi-hop fund routing or complex layering chains detected (max hop distance: 1). ; No illicit ATM cash-withdrawal terminal connections identified in the incident window.",5,No significant laundering pattern was detected at the configured risk threshold. Activity consistent with benign peer-to-peer transfers.,NONE
C000087,ENT_000345,0.9854,1,HIGH_CONFIDENCE,NONE,NONE,0.0,"GraphSAGE GNN assessed an elevated risk probability of 0.9854 (Tier: HIGH_CONFIDENCE). ; Unusual concentration of transaction activity observed within the 72-hour incident window. ; The incident graph spans 3 transaction hops, indicating multi-stage fund routing away from the complaint account. ; Cumulative transaction volume reached ₹270,246.96 with a peak single transfer of ₹73,637.98. ; Subnetwork connects 13 entities across 15 directed transaction edges (average node degree: 2.31, incident in-degree: 1, out-degree: 1). ; Graph topology exhibits high structural similarity (1.00) to cataloged reference laundering patterns.",6,High-risk multi-hop transaction activity with strong graph evidence was detected. Priority investigation recommended for root entity ENT_000345 and connected intermediaries.,NONE
C000088,ENT_000128,0.0673,0,NORMAL,NONE,NONE,0.0,"Model-derived risk probability is 0.0673, remaining well below the 0.50 suspicious triage threshold. ; Incident subgraph contains minimal structural connectivity (6 entity node(s), 5 directed edge(s)). ; Total transaction volume within the 72-hour incident window is ₹89,996.23 (average transfer: ₹17,999.25). ; No multi-hop fund routing or complex layering chains detected (max hop distance: 3). ; No illicit ATM cash-withdrawal terminal connections identified in the incident window.",5,No significant laundering pattern was detected at the configured risk threshold. Activity consistent with benign peer-to-peer transfers.,NONE
C000089,ENT_000217,0.1052,0,NORMAL,NONE,NONE,0.0,"Model-derived risk probability is 0.1052, remaining well below the 0.50 suspicious triage threshold. ; Incident subgraph contains minimal structural connectivity (6 entity node(s), 5 directed edge(s)). ; Total transaction volume within the 72-hour incident window is ₹47,109.67 (average transfer: ₹9,421.93). ; No multi-hop fund routing or complex layering chains detected (max hop distance: 3). ; No illicit ATM cash-withdrawal terminal connections identified in the incident window.",5,No significant laundering pattern was detected at the configured risk threshold. Activity consistent with benign peer-to-peer transfers.,NONE
C000090,ENT_000479,0.0016,0,NORMAL,NONE,NONE,0.0,"Model-derived risk probability is 0.0016, remaining well below the 0.50 suspicious triage threshold. ; Incident subgraph contains minimal structural connectivity (2 entity node(s), 1 directed edge(s)). ; Total transaction volume within the 72-hour incident window is ₹2,628.62 (average transfer: ₹2,628.62). ; No multi-hop fund routing or complex layering chains detected (max hop distance: 1). ; No illicit ATM cash-withdrawal terminal connections identified in the incident window.",5,No significant laundering pattern was detected at the configured risk threshold. Activity consistent with benign peer-to-peer transfers.,NONE
C000091,ENT_000692,0.0455,0,NORMAL,NONE,NONE,0.0,"Model-derived risk probability is 0.0455, remaining well below the 0.50 suspicious triage threshold. ; Incident subgraph contains minimal structural connectivity (4 entity node(s), 3 directed edge(s)). ; Total transaction volume within the 72-hour incident window is ₹34,884.68 (average transfer: ₹11,628.23). ; No multi-hop fund routing or complex layering chains detected (max hop distance: 3). ; No illicit ATM cash-withdrawal terminal connections identified in the incident window.",5,No significant laundering pattern was detected at the configured risk threshold. Activity consistent with benign peer-to-peer transfers.,NONE
C000092,ENT_000480,0.0006,0,NORMAL,NONE,NONE,0.0,"Model-derived risk probability is 0.0006, remaining well below the 0.50 suspicious triage threshold. ; Incident subgraph contains minimal structural connectivity (1 entity node(s), 0 directed edge(s)). ; Total transaction volume within the 72-hour incident window is ₹0.00 (average transfer: ₹0.00). ; No multi-hop fund routing or complex layering chains detected (max hop distance: 0). ; No illicit ATM cash-withdrawal terminal connections identified in the incident window.",5,No significant laundering pattern was detected at the configured risk threshold. Activity consistent with benign peer-to-peer transfers.,NONE
C000093,ENT_000207,0.0007,0,NORMAL,NONE,NONE,0.0,"Model-derived risk probability is 0.0007, remaining well below the 0.50 suspicious triage threshold. ; Incident subgraph contains minimal structural connectivity (1 entity node(s), 0 directed edge(s)). ; Total transaction volume within the 72-hour incident window is ₹0.00 (average transfer: ₹0.00). ; No multi-hop fund routing or complex layering chains detected (max hop distance: 0). ; No illicit ATM cash-withdrawal terminal connections identified in the incident window.",5,No significant laundering pattern was detected at the configured risk threshold. Activity consistent with benign peer-to-peer transfers.,NONE
C000094,ENT_000020,1.0,1,HIGH_CONFIDENCE,ATM_019,Mumbai,0.7554,"GraphSAGE GNN assessed an elevated risk probability of 1.0000 (Tier: HIGH_CONFIDENCE). ; Unusual concentration of transaction activity observed within the 72-hour incident window. ; The incident graph spans 3 transaction hops, indicating multi-stage fund routing away from the complaint account. ; Cumulative transaction volume reached ₹3,609,712.18 with a peak single transfer of ₹352,433.50. ; Subnetwork connects 22 entities across 23 directed transaction edges (average node degree: 2.09, incident in-degree: 2, out-degree: 2). ; Likely downstream cash exit identified at terminal ATM_019 in Mumbai (terminal risk score: 0.76, ₹127,421.74 withdrawn across 1 transaction(s)). ; Graph topology exhibits high structural similarity (1.00) to cataloged reference laundering patterns.",7,High-risk multi-hop transaction activity with downstream cash-out behavior was detected. Priority investigation recommended for root entity ENT_000020 and exit terminal ATM_019 (Mumbai).,"Terminal: ATM_019 (Mumbai) | Risk Score: 0.76 | Distance: 3 hop(s) | Cash Volume: ₹127,421.74 (1 tx) | Timing Delta: 13.3h from incident"
C000095,ENT_000062,0.0015,0,NORMAL,NONE,NONE,0.0,"Model-derived risk probability is 0.0015, remaining well below the 0.50 suspicious triage threshold. ; Incident subgraph contains minimal structural connectivity (2 entity node(s), 1 directed edge(s)). ; Total transaction volume within the 72-hour incident window is ₹1,194.36 (average transfer: ₹1,194.36). ; No multi-hop fund routing or complex layering chains detected (max hop distance: 1). ; No illicit ATM cash-withdrawal terminal connections identified in the incident window.",5,No significant laundering pattern was detected at the configured risk threshold. Activity consistent with benign peer-to-peer transfers.,NONE
C000096,ENT_000143,0.0007,0,NORMAL,NONE,NONE,0.0,"Model-derived risk probability is 0.0007, remaining well below the 0.50 suspicious triage threshold. ; Incident subgraph contains minimal structural connectivity (1 entity node(s), 0 directed edge(s)). ; Total transaction volume within the 72-hour incident window is ₹0.00 (average transfer: ₹0.00). ; No multi-hop fund routing or complex layering chains detected (max hop distance: 0). ; No illicit ATM cash-withdrawal terminal connections identified in the incident window.",5,No significant laundering pattern was detected at the configured risk threshold. Activity consistent with benign peer-to-peer transfers.,NONE
C000097,ENT_000136,0.9874,1,HIGH_CONFIDENCE,NONE,NONE,0.0,"GraphSAGE GNN assessed an elevated risk probability of 0.9874 (Tier: HIGH_CONFIDENCE). ; Unusual concentration of transaction activity observed within the 72-hour incident window. ; The incident graph spans 3 transaction hops, indicating multi-stage fund routing away from the complaint account. ; Cumulative transaction volume reached ₹414,461.82 with a peak single transfer of ₹183,255.21. ; Subnetwork connects 6 entities across 5 directed transaction edges (average node degree: 1.67, incident in-degree: 1, out-degree: 0). ; Graph topology exhibits high structural similarity (1.00) to cataloged reference laundering patterns.",6,High-risk multi-hop transaction activity with strong graph evidence was detected. Priority investigation recommended for root entity ENT_000136 and connected intermediaries.,NONE
C000098,ENT_000354,0.0009,0,NORMAL,NONE,NONE,0.0,"Model-derived risk probability is 0.0009, remaining well below the 0.50 suspicious triage threshold. ; Incident subgraph contains minimal structural connectivity (1 entity node(s), 0 directed edge(s)). ; Total transaction volume within the 72-hour incident window is ₹0.00 (average transfer: ₹0.00). ; No multi-hop fund routing or complex layering chains detected (max hop distance: 0). ; No illicit ATM cash-withdrawal terminal connections identified in the incident window.",5,No significant laundering pattern was detected at the configured risk threshold. Activity consistent with benign peer-to-peer transfers.,NONE
C000099,ENT_000116,0.9998,1,HIGH_CONFIDENCE,NONE,NONE,0.0,"GraphSAGE GNN assessed an elevated risk probability of 0.9998 (Tier: HIGH_CONFIDENCE). ; Unusual concentration of transaction activity observed within the 72-hour incident window. ; The incident graph spans 3 transaction hops, indicating multi-stage fund routing away from the complaint account. ; Cumulative transaction volume reached ₹1,546,667.11 with a peak single transfer of ₹352,112.08. ; Subnetwork connects 15 entities across 14 directed transaction edges (average node degree: 1.87, incident in-degree: 1, out-degree: 1). ; Graph topology exhibits high structural similarity (1.00) to cataloged reference laundering patterns.",6,High-risk multi-hop transaction activity with strong graph evidence was detected. Priority investigation recommended for root entity ENT_000116 and connected intermediaries.,NONE
C000100,ENT_000542,0.9996,1,HIGH_CONFIDENCE,NONE,NONE,0.0,"GraphSAGE GNN assessed an elevated risk probability of 0.9996 (Tier: HIGH_CONFIDENCE). ; Unusual concentration of transaction activity observed within the 72-hour incident window. ; The incident graph spans 3 transaction hops, indicating multi-stage fund routing away from the complaint account. ; Cumulative transaction volume reached ₹919,605.91 with a peak single transfer of ₹237,352.96. ; Subnetwork connects 8 entities across 7 directed transaction edges (average node degree: 1.75, incident in-degree: 1, out-degree: 0). ; Graph topology exhibits high structural similarity (1.00) to cataloged reference laundering patterns.",6,High-risk multi-hop transaction activity with strong graph evidence was detected. Priority investigation recommended for root entity ENT_000542 and connected intermediaries.,NONE
C000101,ENT_000017,0.0416,0,NORMAL,NONE,NONE,0.0,"Model-derived risk probability is 0.0416, remaining well below the 0.50 suspicious triage threshold. ; Incident subgraph contains minimal structural connectivity (4 entity node(s), 3 directed edge(s)). ; Total transaction volume within the 72-hour incident window is ₹37,691.46 (average transfer: ₹12,563.82). ; No multi-hop fund routing or complex layering chains detected (max hop distance: 3). ; No illicit ATM cash-withdrawal terminal connections identified in the incident window.",5,No significant laundering pattern was detected at the configured risk threshold. Activity consistent with benign peer-to-peer transfers.,NONE
C000102,ENT_000183,0.0255,0,NORMAL,NONE,NONE,0.0,"Model-derived risk probability is 0.0255, remaining well below the 0.50 suspicious triage threshold. ; Incident subgraph contains minimal structural connectivity (5 entity node(s), 4 directed edge(s)). ; Total transaction volume within the 72-hour incident window is ₹9,625.61 (average transfer: ₹2,406.40). ; No multi-hop fund routing or complex layering chains detected (max hop distance: 2). ; No illicit ATM cash-withdrawal terminal connections identified in the incident window.",5,No significant laundering pattern was detected at the configured risk threshold. Activity consistent with benign peer-to-peer transfers.,NONE
C000103,ENT_000093,0.9889,1,HIGH_CONFIDENCE,NONE,NONE,0.0,"GraphSAGE GNN assessed an elevated risk probability of 0.9889 (Tier: HIGH_CONFIDENCE). ; Unusual concentration of transaction activity observed within the 72-hour incident window. ; The incident graph spans 3 transaction hops, indicating multi-stage fund routing away from the complaint account. ; Cumulative transaction volume reached ₹484,561.56 with a peak single transfer of ₹62,166.21. ; Subnetwork connects 12 entities across 13 directed transaction edges (average node degree: 2.17, incident in-degree: 0, out-degree: 5). ; Graph topology exhibits high structural similarity (1.00) to cataloged reference laundering patterns.",6,High-risk multi-hop transaction activity with strong graph evidence was detected. Priority investigation recommended for root entity ENT_000093 and connected intermediaries.,NONE
C000104,ENT_000471,0.0007,0,NORMAL,NONE,NONE,0.0,"Model-derived risk probability is 0.0007, remaining well below the 0.50 suspicious triage threshold. ; Incident subgraph contains minimal structural connectivity (1 entity node(s), 0 directed edge(s)). ; Total transaction volume within the 72-hour incident window is ₹0.00 (average transfer: ₹0.00). ; No multi-hop fund routing or complex layering chains detected (max hop distance: 0). ; No illicit ATM cash-withdrawal terminal connections identified in the incident window.",5,No significant laundering pattern was detected at the configured risk threshold. Activity consistent with benign peer-to-peer transfers.,NONE
C000105,ENT_000568,0.9664,1,HIGH_CONFIDENCE,NONE,NONE,0.0,"GraphSAGE GNN assessed an elevated risk probability of 0.9664 (Tier: HIGH_CONFIDENCE). ; Unusual concentration of transaction activity observed within the 72-hour incident window. ; The incident graph spans 3 transaction hops, indicating multi-stage fund routing away from the complaint account. ; Cumulative transaction volume reached ₹198,837.76 with a peak single transfer of ₹58,498.57. ; Subnetwork connects 16 entities across 15 directed transaction edges (average node degree: 1.88, incident in-degree: 1, out-degree: 1). ; Graph topology exhibits high structural similarity (0.99) to cataloged reference laundering patterns.",6,High-risk multi-hop transaction activity with strong graph evidence was detected. Priority investigation recommended for root entity ENT_000568 and connected intermediaries.,NONE
C000106,ENT_000138,0.001,0,NORMAL,NONE,NONE,0.0,"Model-derived risk probability is 0.0010, remaining well below the 0.50 suspicious triage threshold. ; Incident subgraph contains minimal structural connectivity (1 entity node(s), 0 directed edge(s)). ; Total transaction volume within the 72-hour incident window is ₹0.00 (average transfer: ₹0.00). ; No multi-hop fund routing or complex layering chains detected (max hop distance: 0). ; No illicit ATM cash-withdrawal terminal connections identified in the incident window.",5,No significant laundering pattern was detected at the configured risk threshold. Activity consistent with benign peer-to-peer transfers.,NONE
C000107,ENT_000591,0.0026,0,NORMAL,NONE,NONE,0.0,"Model-derived risk probability is 0.0026, remaining well below the 0.50 suspicious triage threshold. ; Incident subgraph contains minimal structural connectivity (2 entity node(s), 1 directed edge(s)). ; Total transaction volume within the 72-hour incident window is ₹3,378.14 (average transfer: ₹3,378.14). ; No multi-hop fund routing or complex layering chains detected (max hop distance: 1). ; No illicit ATM cash-withdrawal terminal connections identified in the incident window.",5,No significant laundering pattern was detected at the configured risk threshold. Activity consistent with benign peer-to-peer transfers.,NONE
C000108,ENT_000059,0.0007,0,NORMAL,NONE,NONE,0.0,"Model-derived risk probability is 0.0007, remaining well below the 0.50 suspicious triage threshold. ; Incident subgraph contains minimal structural connectivity (1 entity node(s), 0 directed edge(s)). ; Total transaction volume within the 72-hour incident window is ₹0.00 (average transfer: ₹0.00). ; No multi-hop fund routing or complex layering chains detected (max hop distance: 0). ; No illicit ATM cash-withdrawal terminal connections identified in the incident window.",5,No significant laundering pattern was detected at the configured risk threshold. Activity consistent with benign peer-to-peer transfers.,NONE
C000109,ENT_000433,0.9992,1,HIGH_CONFIDENCE,NONE,NONE,0.0,"GraphSAGE GNN assessed an elevated risk probability of 0.9992 (Tier: HIGH_CONFIDENCE). ; Unusual concentration of transaction activity observed within the 72-hour incident window. ; The incident graph spans 3 transaction hops, indicating multi-stage fund routing away from the complaint account. ; Cumulative transaction volume reached ₹1,036,088.86 with a peak single transfer of ₹222,075.71. ; Subnetwork connects 20 entities across 25 directed transaction edges (average node degree: 2.50, incident in-degree: 2, out-degree: 0). ; Graph topology exhibits high structural similarity (1.00) to cataloged reference laundering patterns.",6,High-risk multi-hop transaction activity with strong graph evidence was detected. Priority investigation recommended for root entity ENT_000433 and connected intermediaries.,NONE
C000110,ENT_000285,0.0007,0,NORMAL,NONE,NONE,0.0,"Model-derived risk probability is 0.0007, remaining well below the 0.50 suspicious triage threshold. ; Incident subgraph contains minimal structural connectivity (1 entity node(s), 0 directed edge(s)). ; Total transaction volume within the 72-hour incident window is ₹0.00 (average transfer: ₹0.00). ; No multi-hop fund routing or complex layering chains detected (max hop distance: 0). ; No illicit ATM cash-withdrawal terminal connections identified in the incident window.",5,No significant laundering pattern was detected at the configured risk threshold. Activity consistent with benign peer-to-peer transfers.,NONE
C000111,ENT_000278,0.0013,0,NORMAL,NONE,NONE,0.0,"Model-derived risk probability is 0.0013, remaining well below the 0.50 suspicious triage threshold. ; Incident subgraph contains minimal structural connectivity (1 entity node(s), 0 directed edge(s)). ; Total transaction volume within the 72-hour incident window is ₹0.00 (average transfer: ₹0.00). ; No multi-hop fund routing or complex layering chains detected (max hop distance: 0). ; No illicit ATM cash-withdrawal terminal connections identified in the incident window.",5,No significant laundering pattern was detected at the configured risk threshold. Activity consistent with benign peer-to-peer transfers.,NONE
C000112,ENT_000420,0.0012,0,NORMAL,NONE,NONE,0.0,"Model-derived risk probability is 0.0012, remaining well below the 0.50 suspicious triage threshold. ; Incident subgraph contains minimal structural connectivity (1 entity node(s), 0 directed edge(s)). ; Total transaction volume within the 72-hour incident window is ₹0.00 (average transfer: ₹0.00). ; No multi-hop fund routing or complex layering chains detected (max hop distance: 0). ; No illicit ATM cash-withdrawal terminal connections identified in the incident window.",5,No significant laundering pattern was detected at the configured risk threshold. Activity consistent with benign peer-to-peer transfers.,NONE
C000113,ENT_000450,0.0037,0,NORMAL,NONE,NONE,0.0,"Model-derived risk probability is 0.0037, remaining well below the 0.50 suspicious triage threshold. ; Incident subgraph contains minimal structural connectivity (2 entity node(s), 1 directed edge(s)). ; Total transaction volume within the 72-hour incident window is ₹92,156.37 (average transfer: ₹92,156.37). ; No multi-hop fund routing or complex layering chains detected (max hop distance: 1). ; No illicit ATM cash-withdrawal terminal connections identified in the incident window.",5,No significant laundering pattern was detected at the configured risk threshold. Activity consistent with benign peer-to-peer transfers.,NONE
C000114,ENT_000042,0.9685,1,HIGH_CONFIDENCE,NONE,NONE,0.0,"GraphSAGE GNN assessed an elevated risk probability of 0.9685 (Tier: HIGH_CONFIDENCE). ; Unusual concentration of transaction activity observed within the 72-hour incident window. ; The incident graph spans 3 transaction hops, indicating multi-stage fund routing away from the complaint account. ; Cumulative transaction volume reached ₹87,157.19 with a peak single transfer of ₹26,197.44. ; Subnetwork connects 8 entities across 8 directed transaction edges (average node degree: 2.00, incident in-degree: 1, out-degree: 0). ; Graph topology exhibits high structural similarity (1.00) to cataloged reference laundering patterns.",6,High-risk multi-hop transaction activity with strong graph evidence was detected. Priority investigation recommended for root entity ENT_000042 and connected intermediaries.,NONE
C000115,ENT_000584,0.9999,1,HIGH_CONFIDENCE,NONE,NONE,0.0,"GraphSAGE GNN assessed an elevated risk probability of 0.9999 (Tier: HIGH_CONFIDENCE). ; Unusual concentration of transaction activity observed within the 72-hour incident window. ; The incident graph spans 3 transaction hops, indicating multi-stage fund routing away from the complaint account. ; Cumulative transaction volume reached ₹1,146,455.07 with a peak single transfer of ₹485,479.38. ; Subnetwork connects 16 entities across 16 directed transaction edges (average node degree: 2.00, incident in-degree: 1, out-degree: 0). ; Graph topology exhibits high structural similarity (1.00) to cataloged reference laundering patterns.",6,High-risk multi-hop transaction activity with strong graph evidence was detected. Priority investigation recommended for root entity ENT_000584 and connected intermediaries.,NONE
C000116,ENT_000238,0.7184,1,HIGH_CONFIDENCE,NONE,NONE,0.0,"GraphSAGE GNN assessed an elevated risk probability of 0.7184 (Tier: HIGH_CONFIDENCE). ; Unusual concentration of transaction activity observed within the 72-hour incident window. ; The incident graph spans 3 transaction hops, indicating multi-stage fund routing away from the complaint account. ; Cumulative transaction volume reached ₹221,025.33 with a peak single transfer of ₹49,007.99. ; Subnetwork connects 20 entities across 19 directed transaction edges (average node degree: 1.90, incident in-degree: 3, out-degree: 1). ; Graph topology exhibits high structural similarity (0.99) to cataloged reference laundering patterns.",6,High-risk multi-hop transaction activity with strong graph evidence was detected. Priority investigation recommended for root entity ENT_000238 and connected intermediaries.,NONE
C000117,ENT_000651,0.9278,1,HIGH_CONFIDENCE,NONE,NONE,0.0,"GraphSAGE GNN assessed an elevated risk probability of 0.9278 (Tier: HIGH_CONFIDENCE). ; Unusual concentration of transaction activity observed within the 72-hour incident window. ; The incident graph spans 3 transaction hops, indicating multi-stage fund routing away from the complaint account. ; Cumulative transaction volume reached ₹663,846.18 with a peak single transfer of ₹255,213.70. ; Subnetwork connects 22 entities across 22 directed transaction edges (average node degree: 2.00, incident in-degree: 1, out-degree: 1). ; Graph topology exhibits high structural similarity (1.00) to cataloged reference laundering patterns.",6,High-risk multi-hop transaction activity with strong graph evidence was detected. Priority investigation recommended for root entity ENT_000651 and connected intermediaries.,NONE
C000118,ENT_000320,0.0009,0,NORMAL,NONE,NONE,0.0,"Model-derived risk probability is 0.0009, remaining well below the 0.50 suspicious triage threshold. ; Incident subgraph contains minimal structural connectivity (1 entity node(s), 0 directed edge(s)). ; Total transaction volume within the 72-hour incident window is ₹0.00 (average transfer: ₹0.00). ; No multi-hop fund routing or complex layering chains detected (max hop distance: 0). ; No illicit ATM cash-withdrawal terminal connections identified in the incident window.",5,No significant laundering pattern was detected at the configured risk threshold. Activity consistent with benign peer-to-peer transfers.,NONE
C000119,ENT_000667,0.0012,0,NORMAL,NONE,NONE,0.0,"Model-derived risk probability is 0.0012, remaining well below the 0.50 suspicious triage threshold. ; Incident subgraph contains minimal structural connectivity (1 entity node(s), 0 directed edge(s)). ; Total transaction volume within the 72-hour incident window is ₹0.00 (average transfer: ₹0.00). ; No multi-hop fund routing or complex layering chains detected (max hop distance: 0). ; No illicit ATM cash-withdrawal terminal connections identified in the incident window.",5,No significant laundering pattern was detected at the configured risk threshold. Activity consistent with benign peer-to-peer transfers.,NONE
C000120,ENT_000132,0.0006,0,NORMAL,NONE,NONE,0.0,"Model-derived risk probability is 0.0006, remaining well below the 0.50 suspicious triage threshold. ; Incident subgraph contains minimal structural connectivity (1 entity node(s), 0 directed edge(s)). ; Total transaction volume within the 72-hour incident window is ₹0.00 (average transfer: ₹0.00). ; No multi-hop fund routing or complex layering chains detected (max hop distance: 0). ; No illicit ATM cash-withdrawal terminal connections identified in the incident window.",5,No significant laundering pattern was detected at the configured risk threshold. Activity consistent with benign peer-to-peer transfers.,NONE
C000121,ENT_000411,0.0012,0,NORMAL,NONE,NONE,0.0,"Model-derived risk probability is 0.0012, remaining well below the 0.50 suspicious triage threshold. ; Incident subgraph contains minimal structural connectivity (1 entity node(s), 0 directed edge(s)). ; Total transaction volume within the 72-hour incident window is ₹0.00 (average transfer: ₹0.00). ; No multi-hop fund routing or complex layering chains detected (max hop distance: 0). ; No illicit ATM cash-withdrawal terminal connections identified in the incident window.",5,No significant laundering pattern was detected at the configured risk threshold. Activity consistent with benign peer-to-peer transfers.,NONE
C000122,ENT_000576,0.0076,0,NORMAL,NONE,NONE,0.0,"Model-derived risk probability is 0.0076, remaining well below the 0.50 suspicious triage threshold. ; Incident subgraph contains minimal structural connectivity (4 entity node(s), 3 directed edge(s)). ; Total transaction volume within the 72-hour incident window is ₹20,339.26 (average transfer: ₹6,779.75). ; No multi-hop fund routing or complex layering chains detected (max hop distance: 2). ; No illicit ATM cash-withdrawal terminal connections identified in the incident window.",5,No significant laundering pattern was detected at the configured risk threshold. Activity consistent with benign peer-to-peer transfers.,NONE
C000123,ENT_000153,0.0012,0,NORMAL,NONE,NONE,0.0,"Model-derived risk probability is 0.0012, remaining well below the 0.50 suspicious triage threshold. ; Incident subgraph contains minimal structural connectivity (1 entity node(s), 0 directed edge(s)). ; Total transaction volume within the 72-hour incident window is ₹0.00 (average transfer: ₹0.00). ; No multi-hop fund routing or complex layering chains detected (max hop distance: 0). ; No illicit ATM cash-withdrawal terminal connections identified in the incident window.",5,No significant laundering pattern was detected at the configured risk threshold. Activity consistent with benign peer-to-peer transfers.,NONE
C000124,ENT_000626,0.9981,1,HIGH_CONFIDENCE,ATM_009,Jaipur,0.7377,"GraphSAGE GNN assessed an elevated risk probability of 0.9981 (Tier: HIGH_CONFIDENCE). ; Unusual concentration of transaction activity observed within the 72-hour incident window. ; The incident graph spans 3 transaction hops, indicating multi-stage fund routing away from the complaint account. ; Cumulative transaction volume reached ₹1,595,899.62 with a peak single transfer of ₹322,804.63. ; Subnetwork connects 29 entities across 35 directed transaction edges (average node degree: 2.41, incident in-degree: 0, out-degree: 7). ; Likely downstream cash exit identified at terminal ATM_009 in Jaipur (terminal risk score: 0.74, ₹52,414.37 withdrawn across 2 transaction(s)). ; Graph topology exhibits high structural similarity (1.00) to cataloged reference laundering patterns.",7,High-risk multi-hop transaction activity with downstream cash-out behavior was detected. Priority investigation recommended for root entity ENT_000626 and exit terminal ATM_009 (Jaipur).,"Terminal: ATM_009 (Jaipur) | Risk Score: 0.74 | Distance: 2 hop(s) | Cash Volume: ₹52,414.37 (2 tx) | Timing Delta: 38.4h from incident"
C000125,ENT_000397,0.9925,1,HIGH_CONFIDENCE,NONE,NONE,0.0,"GraphSAGE GNN assessed an elevated risk probability of 0.9925 (Tier: HIGH_CONFIDENCE). ; Unusual concentration of transaction activity observed within the 72-hour incident window. ; The incident graph spans 3 transaction hops, indicating multi-stage fund routing away from the complaint account. ; Cumulative transaction volume reached ₹711,400.53 with a peak single transfer of ₹418,294.06. ; Subnetwork connects 15 entities across 17 directed transaction edges (average node degree: 2.27, incident in-degree: 2, out-degree: 3). ; Graph topology exhibits high structural similarity (1.00) to cataloged reference laundering patterns.",6,High-risk multi-hop transaction activity with strong graph evidence was detected. Priority investigation recommended for root entity ENT_000397 and connected intermediaries.,NONE
C000126,ENT_000143,0.8328,1,HIGH_CONFIDENCE,NONE,NONE,0.0,"GraphSAGE GNN assessed an elevated risk probability of 0.8328 (Tier: HIGH_CONFIDENCE). ; Unusual concentration of transaction activity observed within the 72-hour incident window. ; The incident graph spans 3 transaction hops, indicating multi-stage fund routing away from the complaint account. ; Cumulative transaction volume reached ₹115,441.54 with a peak single transfer of ₹43,244.76. ; Subnetwork connects 12 entities across 11 directed transaction edges (average node degree: 1.83, incident in-degree: 2, out-degree: 1). ; Graph topology exhibits high structural similarity (1.00) to cataloged reference laundering patterns.",6,High-risk multi-hop transaction activity with strong graph evidence was detected. Priority investigation recommended for root entity ENT_000143 and connected intermediaries.,NONE
C000127,ENT_000463,0.0127,0,NORMAL,NONE,NONE,0.0,"Model-derived risk probability is 0.0127, remaining well below the 0.50 suspicious triage threshold. ; Incident subgraph contains minimal structural connectivity (3 entity node(s), 2 directed edge(s)). ; Total transaction volume within the 72-hour incident window is ₹26,905.18 (average transfer: ₹13,452.59). ; No multi-hop fund routing or complex layering chains detected (max hop distance: 2). ; No illicit ATM cash-withdrawal terminal connections identified in the incident window.",5,No significant laundering pattern was detected at the configured risk threshold. Activity consistent with benign peer-to-peer transfers.,NONE
C000128,ENT_000186,0.0112,0,NORMAL,NONE,NONE,0.0,"Model-derived risk probability is 0.0112, remaining well below the 0.50 suspicious triage threshold. ; Incident subgraph contains minimal structural connectivity (3 entity node(s), 2 directed edge(s)). ; Total transaction volume within the 72-hour incident window is ₹29,203.38 (average transfer: ₹14,601.69). ; No multi-hop fund routing or complex layering chains detected (max hop distance: 2). ; No illicit ATM cash-withdrawal terminal connections identified in the incident window.",5,No significant laundering pattern was detected at the configured risk threshold. Activity consistent with benign peer-to-peer transfers.,NONE
C000129,ENT_000164,0.0025,0,NORMAL,NONE,NONE,0.0,"Model-derived risk probability is 0.0025, remaining well below the 0.50 suspicious triage threshold. ; Incident subgraph contains minimal structural connectivity (2 entity node(s), 1 directed edge(s)). ; Total transaction volume within the 72-hour incident window is ₹26,751.77 (average transfer: ₹26,751.77). ; No multi-hop fund routing or complex layering chains detected (max hop distance: 1). ; No illicit ATM cash-withdrawal terminal connections identified in the incident window.",5,No significant laundering pattern was detected at the configured risk threshold. Activity consistent with benign peer-to-peer transfers.,NONE
C000130,ENT_000446,0.0007,0,NORMAL,NONE,NONE,0.0,"Model-derived risk probability is 0.0007, remaining well below the 0.50 suspicious triage threshold. ; Incident subgraph contains minimal structural connectivity (1 entity node(s), 0 directed edge(s)). ; Total transaction volume within the 72-hour incident window is ₹0.00 (average transfer: ₹0.00). ; No multi-hop fund routing or complex layering chains detected (max hop distance: 0). ; No illicit ATM cash-withdrawal terminal connections identified in the incident window.",5,No significant laundering pattern was detected at the configured risk threshold. Activity consistent with benign peer-to-peer transfers.,NONE
C000131,ENT_000339,0.002,0,NORMAL,NONE,NONE,0.0,"Model-derived risk probability is 0.0020, remaining well below the 0.50 suspicious triage threshold. ; Incident subgraph contains minimal structural connectivity (2 entity node(s), 1 directed edge(s)). ; Total transaction volume within the 72-hour incident window is ₹581.04 (average transfer: ₹581.04). ; No multi-hop fund routing or complex layering chains detected (max hop distance: 1). ; No illicit ATM cash-withdrawal terminal connections identified in the incident window.",5,No significant laundering pattern was detected at the configured risk threshold. Activity consistent with benign peer-to-peer transfers.,NONE
C000132,ENT_000168,0.0009,0,NORMAL,NONE,NONE,0.0,"Model-derived risk probability is 0.0009, remaining well below the 0.50 suspicious triage threshold. ; Incident subgraph contains minimal structural connectivity (1 entity node(s), 0 directed edge(s)). ; Total transaction volume within the 72-hour incident window is ₹0.00 (average transfer: ₹0.00). ; No multi-hop fund routing or complex layering chains detected (max hop distance: 0). ; No illicit ATM cash-withdrawal terminal connections identified in the incident window.",5,No significant laundering pattern was detected at the configured risk threshold. Activity consistent with benign peer-to-peer transfers.,NONE
C000133,ENT_000658,0.001,0,NORMAL,NONE,NONE,0.0,"Model-derived risk probability is 0.0010, remaining well below the 0.50 suspicious triage threshold. ; Incident subgraph contains minimal structural connectivity (1 entity node(s), 0 directed edge(s)). ; Total transaction volume within the 72-hour incident window is ₹0.00 (average transfer: ₹0.00). ; No multi-hop fund routing or complex layering chains detected (max hop distance: 0). ; No illicit ATM cash-withdrawal terminal connections identified in the incident window.",5,No significant laundering pattern was detected at the configured risk threshold. Activity consistent with benign peer-to-peer transfers.,NONE
C000134,ENT_000193,0.0007,0,NORMAL,NONE,NONE,0.0,"Model-derived risk probability is 0.0007, remaining well below the 0.50 suspicious triage threshold. ; Incident subgraph contains minimal structural connectivity (1 entity node(s), 0 directed edge(s)). ; Total transaction volume within the 72-hour incident window is ₹0.00 (average transfer: ₹0.00). ; No multi-hop fund routing or complex layering chains detected (max hop distance: 0). ; No illicit ATM cash-withdrawal terminal connections identified in the incident window.",5,No significant laundering pattern was detected at the configured risk threshold. Activity consistent with benign peer-to-peer transfers.,NONE
C000135,ENT_000007,0.0501,0,NORMAL,NONE,NONE,0.0,"Model-derived risk probability is 0.0501, remaining well below the 0.50 suspicious triage threshold. ; Incident subgraph contains minimal structural connectivity (4 entity node(s), 3 directed edge(s)). ; Total transaction volume within the 72-hour incident window is ₹47,508.20 (average transfer: ₹15,836.07). ; No multi-hop fund routing or complex layering chains detected (max hop distance: 3). ; No illicit ATM cash-withdrawal terminal connections identified in the incident window.",5,No significant laundering pattern was detected at the configured risk threshold. Activity consistent with benign peer-to-peer transfers.,NONE
C000136,ENT_000281,0.8365,1,HIGH_CONFIDENCE,NONE,NONE,0.0,"GraphSAGE GNN assessed an elevated risk probability of 0.8365 (Tier: HIGH_CONFIDENCE). ; Unusual concentration of transaction activity observed within the 72-hour incident window. ; The incident graph spans 3 transaction hops, indicating multi-stage fund routing away from the complaint account. ; Cumulative transaction volume reached ₹570,076.39 with a peak single transfer of ₹347,849.96. ; Subnetwork connects 13 entities across 12 directed transaction edges (average node degree: 1.85, incident in-degree: 0, out-degree: 2). ; Graph topology exhibits high structural similarity (0.99) to cataloged reference laundering patterns.",6,High-risk multi-hop transaction activity with strong graph evidence was detected. Priority investigation recommended for root entity ENT_000281 and connected intermediaries.,NONE
C000137,ENT_000275,0.0007,0,NORMAL,NONE,NONE,0.0,"Model-derived risk probability is 0.0007, remaining well below the 0.50 suspicious triage threshold. ; Incident subgraph contains minimal structural connectivity (1 entity node(s), 0 directed edge(s)). ; Total transaction volume within the 72-hour incident window is ₹0.00 (average transfer: ₹0.00). ; No multi-hop fund routing or complex layering chains detected (max hop distance: 0). ; No illicit ATM cash-withdrawal terminal connections identified in the incident window.",5,No significant laundering pattern was detected at the configured risk threshold. Activity consistent with benign peer-to-peer transfers.,NONE
C000138,ENT_000300,0.0029,0,NORMAL,NONE,NONE,0.0,"Model-derived risk probability is 0.0029, remaining well below the 0.50 suspicious triage threshold. ; Incident subgraph contains minimal structural connectivity (3 entity node(s), 2 directed edge(s)). ; Total transaction volume within the 72-hour incident window is ₹5,534.77 (average transfer: ₹2,767.38). ; No multi-hop fund routing or complex layering chains detected (max hop distance: 1). ; No illicit ATM cash-withdrawal terminal connections identified in the incident window.",5,No significant laundering pattern was detected at the configured risk threshold. Activity consistent with benign peer-to-peer transfers.,NONE
C000139,ENT_000524,0.0006,0,NORMAL,NONE,NONE,0.0,"Model-derived risk probability is 0.0006, remaining well below the 0.50 suspicious triage threshold. ; Incident subgraph contains minimal structural connectivity (1 entity node(s), 0 directed edge(s)). ; Total transaction volume within the 72-hour incident window is ₹0.00 (average transfer: ₹0.00). ; No multi-hop fund routing or complex layering chains detected (max hop distance: 0). ; No illicit ATM cash-withdrawal terminal connections identified in the incident window.",5,No significant laundering pattern was detected at the configured risk threshold. Activity consistent with benign peer-to-peer transfers.,NONE
C000140,ENT_000455,0.1831,0,NORMAL,NONE,NONE,0.0,"Model-derived risk probability is 0.1831, remaining well below the 0.50 suspicious triage threshold. ; Incident subgraph contains minimal structural connectivity (7 entity node(s), 6 directed edge(s)). ; Total transaction volume within the 72-hour incident window is ₹54,497.62 (average transfer: ₹9,082.94). ; No multi-hop fund routing or complex layering chains detected (max hop distance: 3). ; No illicit ATM cash-withdrawal terminal connections identified in the incident window.",5,No significant laundering pattern was detected at the configured risk threshold. Activity consistent with benign peer-to-peer transfers.,NONE
C000141,ENT_000674,0.0728,0,NORMAL,NONE,NONE,0.0,"Model-derived risk probability is 0.0728, remaining well below the 0.50 suspicious triage threshold. ; Incident subgraph contains minimal structural connectivity (6 entity node(s), 5 directed edge(s)). ; Total transaction volume within the 72-hour incident window is ₹80,132.27 (average transfer: ₹16,026.45). ; No multi-hop fund routing or complex layering chains detected (max hop distance: 3). ; No illicit ATM cash-withdrawal terminal connections identified in the incident window.",5,No significant laundering pattern was detected at the configured risk threshold. Activity consistent with benign peer-to-peer transfers.,NONE
C000142,ENT_000289,0.0006,0,NORMAL,NONE,NONE,0.0,"Model-derived risk probability is 0.0006, remaining well below the 0.50 suspicious triage threshold. ; Incident subgraph contains minimal structural connectivity (1 entity node(s), 0 directed edge(s)). ; Total transaction volume within the 72-hour incident window is ₹0.00 (average transfer: ₹0.00). ; No multi-hop fund routing or complex layering chains detected (max hop distance: 0). ; No illicit ATM cash-withdrawal terminal connections identified in the incident window.",5,No significant laundering pattern was detected at the configured risk threshold. Activity consistent with benign peer-to-peer transfers.,NONE
C000143,ENT_000248,0.0301,0,NORMAL,NONE,NONE,0.0,"Model-derived risk probability is 0.0301, remaining well below the 0.50 suspicious triage threshold. ; Incident subgraph contains minimal structural connectivity (4 entity node(s), 3 directed edge(s)). ; Total transaction volume within the 72-hour incident window is ₹6,755.61 (average transfer: ₹2,251.87). ; No multi-hop fund routing or complex layering chains detected (max hop distance: 3). ; No illicit ATM cash-withdrawal terminal connections identified in the incident window.",5,No significant laundering pattern was detected at the configured risk threshold. Activity consistent with benign peer-to-peer transfers.,NONE
C000144,ENT_000561,0.0014,0,NORMAL,NONE,NONE,0.0,"Model-derived risk probability is 0.0014, remaining well below the 0.50 suspicious triage threshold. ; Incident subgraph contains minimal structural connectivity (2 entity node(s), 1 directed edge(s)). ; Total transaction volume within the 72-hour incident window is ₹830.35 (average transfer: ₹830.35). ; No multi-hop fund routing or complex layering chains detected (max hop distance: 1). ; No illicit ATM cash-withdrawal terminal connections identified in the incident window.",5,No significant laundering pattern was detected at the configured risk threshold. Activity consistent with benign peer-to-peer transfers.,NONE
C000145,ENT_000315,0.0006,0,NORMAL,NONE,NONE,0.0,"Model-derived risk probability is 0.0006, remaining well below the 0.50 suspicious triage threshold. ; Incident subgraph contains minimal structural connectivity (1 entity node(s), 0 directed edge(s)). ; Total transaction volume within the 72-hour incident window is ₹0.00 (average transfer: ₹0.00). ; No multi-hop fund routing or complex layering chains detected (max hop distance: 0). ; No illicit ATM cash-withdrawal terminal connections identified in the incident window.",5,No significant laundering pattern was detected at the configured risk threshold. Activity consistent with benign peer-to-peer transfers.,NONE
C000146,ENT_000358,0.0012,0,NORMAL,NONE,NONE,0.0,"Model-derived risk probability is 0.0012, remaining well below the 0.50 suspicious triage threshold. ; Incident subgraph contains minimal structural connectivity (2 entity node(s), 1 directed edge(s)). ; Total transaction volume within the 72-hour incident window is ₹755.85 (average transfer: ₹755.85). ; No multi-hop fund routing or complex layering chains detected (max hop distance: 1). ; No illicit ATM cash-withdrawal terminal connections identified in the incident window.",5,No significant laundering pattern was detected at the configured risk threshold. Activity consistent with benign peer-to-peer transfers.,NONE
C000147,ENT_000458,0.9961,1,HIGH_CONFIDENCE,NONE,NONE,0.0,"GraphSAGE GNN assessed an elevated risk probability of 0.9961 (Tier: HIGH_CONFIDENCE). ; Unusual concentration of transaction activity observed within the 72-hour incident window. ; The incident graph spans 3 transaction hops, indicating multi-stage fund routing away from the complaint account. ; Cumulative transaction volume reached ₹1,777,756.01 with a peak single transfer of ₹373,394.46. ; Subnetwork connects 12 entities across 12 directed transaction edges (average node degree: 2.00, incident in-degree: 3, out-degree: 1). ; Graph topology exhibits high structural similarity (1.00) to cataloged reference laundering patterns.",6,High-risk multi-hop transaction activity with strong graph evidence was detected. Priority investigation recommended for root entity ENT_000458 and connected intermediaries.,NONE
C000148,ENT_000387,0.594,1,MEDIUM_CONFIDENCE,NONE,NONE,0.0,"GraphSAGE GNN assessed an elevated risk probability of 0.5940 (Tier: MEDIUM_CONFIDENCE). ; Unusual concentration of transaction activity observed within the 72-hour incident window. ; The incident graph spans 3 transaction hops, indicating multi-stage fund routing away from the complaint account. ; Cumulative transaction volume reached ₹227,113.23 with a peak single transfer of ₹165,676.39. ; Subnetwork connects 5 entities across 5 directed transaction edges (average node degree: 2.00, incident in-degree: 1, out-degree: 2). ; Graph topology exhibits high structural similarity (0.99) to cataloged reference laundering patterns.",6,"Elevated transaction risk detected around entity ENT_000387. Multi-hop activity observed, but supporting terminal or structural reference evidence remains partial.",NONE
C000149,ENT_000624,0.0018,0,NORMAL,NONE,NONE,0.0,"Model-derived risk probability is 0.0018, remaining well below the 0.50 suspicious triage threshold. ; Incident subgraph contains minimal structural connectivity (2 entity node(s), 1 directed edge(s)). ; Total transaction volume within the 72-hour incident window is ₹4,342.52 (average transfer: ₹4,342.52). ; No multi-hop fund routing or complex layering chains detected (max hop distance: 1). ; No illicit ATM cash-withdrawal terminal connections identified in the incident window.",5,No significant laundering pattern was detected at the configured risk threshold. Activity consistent with benign peer-to-peer transfers.,NONE
C000150,ENT_000485,0.0163,0,NORMAL,NONE,NONE,0.0,"Model-derived risk probability is 0.0163, remaining well below the 0.50 suspicious triage threshold. ; Incident subgraph contains minimal structural connectivity (4 entity node(s), 3 directed edge(s)). ; Total transaction volume within the 72-hour incident window is ₹62,997.28 (average transfer: ₹20,999.09). ; No multi-hop fund routing or complex layering chains detected (max hop distance: 2). ; No illicit ATM cash-withdrawal terminal connections identified in the incident window.",5,No significant laundering pattern was detected at the configured risk threshold. Activity consistent with benign peer-to-peer transfers.,NONE
C000151,ENT_000488,0.001,0,NORMAL,NONE,NONE,0.0,"Model-derived risk probability is 0.0010, remaining well below the 0.50 suspicious triage threshold. ; Incident subgraph contains minimal structural connectivity (1 entity node(s), 0 directed edge(s)). ; Total transaction volume within the 72-hour incident window is ₹0.00 (average transfer: ₹0.00). ; No multi-hop fund routing or complex layering chains detected (max hop distance: 0). ; No illicit ATM cash-withdrawal terminal connections identified in the incident window.",5,No significant laundering pattern was detected at the configured risk threshold. Activity consistent with benign peer-to-peer transfers.,NONE
C000152,ENT_000101,0.0235,0,NORMAL,NONE,NONE,0.0,"Model-derived risk probability is 0.0235, remaining well below the 0.50 suspicious triage threshold. ; Incident subgraph contains minimal structural connectivity (3 entity node(s), 2 directed edge(s)). ; Total transaction volume within the 72-hour incident window is ₹391,586.08 (average transfer: ₹195,793.04). ; No multi-hop fund routing or complex layering chains detected (max hop distance: 1). ; No illicit ATM cash-withdrawal terminal connections identified in the incident window.",5,No significant laundering pattern was detected at the configured risk threshold. Activity consistent with benign peer-to-peer transfers.,NONE
C000153,ENT_000003,0.0007,0,NORMAL,NONE,NONE,0.0,"Model-derived risk probability is 0.0007, remaining well below the 0.50 suspicious triage threshold. ; Incident subgraph contains minimal structural connectivity (1 entity node(s), 0 directed edge(s)). ; Total transaction volume within the 72-hour incident window is ₹0.00 (average transfer: ₹0.00). ; No multi-hop fund routing or complex layering chains detected (max hop distance: 0). ; No illicit ATM cash-withdrawal terminal connections identified in the incident window.",5,No significant laundering pattern was detected at the configured risk threshold. Activity consistent with benign peer-to-peer transfers.,NONE
C000154,ENT_000637,0.0007,0,NORMAL,NONE,NONE,0.0,"Model-derived risk probability is 0.0007, remaining well below the 0.50 suspicious triage threshold. ; Incident subgraph contains minimal structural connectivity (1 entity node(s), 0 directed edge(s)). ; Total transaction volume within the 72-hour incident window is ₹0.00 (average transfer: ₹0.00). ; No multi-hop fund routing or complex layering chains detected (max hop distance: 0). ; No illicit ATM cash-withdrawal terminal connections identified in the incident window.",5,No significant laundering pattern was detected at the configured risk threshold. Activity consistent with benign peer-to-peer transfers.,NONE
C000155,ENT_000099,0.9998,1,HIGH_CONFIDENCE,NONE,NONE,0.0,"GraphSAGE GNN assessed an elevated risk probability of 0.9998 (Tier: HIGH_CONFIDENCE). ; Unusual concentration of transaction activity observed within the 72-hour incident window. ; The incident graph spans 3 transaction hops, indicating multi-stage fund routing away from the complaint account. ; Cumulative transaction volume reached ₹1,878,640.62 with a peak single transfer of ₹390,845.37. ; Subnetwork connects 13 entities across 13 directed transaction edges (average node degree: 2.00, incident in-degree: 1, out-degree: 1). ; Graph topology exhibits high structural similarity (1.00) to cataloged reference laundering patterns.",6,High-risk multi-hop transaction activity with strong graph evidence was detected. Priority investigation recommended for root entity ENT_000099 and connected intermediaries.,NONE
C000156,ENT_000146,0.9853,1,HIGH_CONFIDENCE,ATM_009,Jaipur,0.6953,"GraphSAGE GNN assessed an elevated risk probability of 0.9853 (Tier: HIGH_CONFIDENCE). ; Unusual concentration of transaction activity observed within the 72-hour incident window. ; The incident graph spans 3 transaction hops, indicating multi-stage fund routing away from the complaint account. ; Cumulative transaction volume reached ₹762,183.24 with a peak single transfer of ₹218,620.66. ; Subnetwork connects 9 entities across 8 directed transaction edges (average node degree: 1.78, incident in-degree: 1, out-degree: 2). ; Likely downstream cash exit identified at terminal ATM_009 in Jaipur (terminal risk score: 0.70, ₹98,082.16 withdrawn across 1 transaction(s)). ; Graph topology exhibits high structural similarity (0.99) to cataloged reference laundering patterns.",7,High-risk multi-hop transaction activity with downstream cash-out behavior was detected. Priority investigation recommended for root entity ENT_000146 and exit terminal ATM_009 (Jaipur).,"Terminal: ATM_009 (Jaipur) | Risk Score: 0.70 | Distance: 2 hop(s) | Cash Volume: ₹98,082.16 (1 tx) | Timing Delta: 57.6h from incident"
C000157,ENT_000499,0.9718,1,HIGH_CONFIDENCE,NONE,NONE,0.0,"GraphSAGE GNN assessed an elevated risk probability of 0.9718 (Tier: HIGH_CONFIDENCE). ; Unusual concentration of transaction activity observed within the 72-hour incident window. ; The incident graph spans 3 transaction hops, indicating multi-stage fund routing away from the complaint account. ; Cumulative transaction volume reached ₹92,750.69 with a peak single transfer of ₹29,055.81. ; Subnetwork connects 13 entities across 12 directed transaction edges (average node degree: 1.85, incident in-degree: 0, out-degree: 1). ; Graph topology exhibits high structural similarity (1.00) to cataloged reference laundering patterns.",6,High-risk multi-hop transaction activity with strong graph evidence was detected. Priority investigation recommended for root entity ENT_000499 and connected intermediaries.,NONE
C000158,ENT_000580,0.3685,0,NORMAL,NONE,NONE,0.0,"Model-derived risk probability is 0.3685, remaining well below the 0.50 suspicious triage threshold. ; Incident subgraph contains minimal structural connectivity (5 entity node(s), 4 directed edge(s)). ; Total transaction volume within the 72-hour incident window is ₹56,276.63 (average transfer: ₹14,069.16). ; No multi-hop fund routing or complex layering chains detected (max hop distance: 3). ; No illicit ATM cash-withdrawal terminal connections identified in the incident window.",5,No significant laundering pattern was detected at the configured risk threshold. Activity consistent with benign peer-to-peer transfers.,NONE
C000159,ENT_000286,1.0,1,HIGH_CONFIDENCE,NONE,NONE,0.0,"GraphSAGE GNN assessed an elevated risk probability of 1.0000 (Tier: HIGH_CONFIDENCE). ; Unusual concentration of transaction activity observed within the 72-hour incident window. ; The incident graph spans 3 transaction hops, indicating multi-stage fund routing away from the complaint account. ; Cumulative transaction volume reached ₹1,674,560.01 with a peak single transfer of ₹339,302.49. ; Subnetwork connects 8 entities across 9 directed transaction edges (average node degree: 2.25, incident in-degree: 2, out-degree: 0). ; Graph topology exhibits high structural similarity (1.00) to cataloged reference laundering patterns.",6,High-risk multi-hop transaction activity with strong graph evidence was detected. Priority investigation recommended for root entity ENT_000286 and connected intermediaries.,NONE
C000160,ENT_000277,0.0044,0,NORMAL,NONE,NONE,0.0,"Model-derived risk probability is 0.0044, remaining well below the 0.50 suspicious triage threshold. ; Incident subgraph contains minimal structural connectivity (2 entity node(s), 1 directed edge(s)). ; Total transaction volume within the 72-hour incident window is ₹182,179.41 (average transfer: ₹182,179.41). ; No multi-hop fund routing or complex layering chains detected (max hop distance: 1). ; No illicit ATM cash-withdrawal terminal connections identified in the incident window.",5,No significant laundering pattern was detected at the configured risk threshold. Activity consistent with benign peer-to-peer transfers.,NONE
C000161,ENT_000504,0.0006,0,NORMAL,NONE,NONE,0.0,"Model-derived risk probability is 0.0006, remaining well below the 0.50 suspicious triage threshold. ; Incident subgraph contains minimal structural connectivity (1 entity node(s), 0 directed edge(s)). ; Total transaction volume within the 72-hour incident window is ₹0.00 (average transfer: ₹0.00). ; No multi-hop fund routing or complex layering chains detected (max hop distance: 0). ; No illicit ATM cash-withdrawal terminal connections identified in the incident window.",5,No significant laundering pattern was detected at the configured risk threshold. Activity consistent with benign peer-to-peer transfers.,NONE
C000162,ENT_000599,0.6295,1,HIGH_CONFIDENCE,NONE,NONE,0.0,"GraphSAGE GNN assessed an elevated risk probability of 0.6295 (Tier: HIGH_CONFIDENCE). ; Unusual concentration of transaction activity observed within the 72-hour incident window. ; The incident graph spans 3 transaction hops, indicating multi-stage fund routing away from the complaint account. ; Cumulative transaction volume reached ₹244,735.09 with a peak single transfer of ₹123,241.29. ; Subnetwork connects 7 entities across 6 directed transaction edges (average node degree: 1.71, incident in-degree: 1, out-degree: 1). ; Graph topology exhibits high structural similarity (0.99) to cataloged reference laundering patterns.",6,High-risk multi-hop transaction activity with strong graph evidence was detected. Priority investigation recommended for root entity ENT_000599 and connected intermediaries.,NONE
C000163,ENT_000426,0.0022,0,NORMAL,NONE,NONE,0.0,"Model-derived risk probability is 0.0022, remaining well below the 0.50 suspicious triage threshold. ; Incident subgraph contains minimal structural connectivity (2 entity node(s), 1 directed edge(s)). ; Total transaction volume within the 72-hour incident window is ₹44,927.96 (average transfer: ₹44,927.96). ; No multi-hop fund routing or complex layering chains detected (max hop distance: 1). ; No illicit ATM cash-withdrawal terminal connections identified in the incident window.",5,No significant laundering pattern was detected at the configured risk threshold. Activity consistent with benign peer-to-peer transfers.,NONE
C000164,ENT_000516,0.0007,0,NORMAL,NONE,NONE,0.0,"Model-derived risk probability is 0.0007, remaining well below the 0.50 suspicious triage threshold. ; Incident subgraph contains minimal structural connectivity (1 entity node(s), 0 directed edge(s)). ; Total transaction volume within the 72-hour incident window is ₹0.00 (average transfer: ₹0.00). ; No multi-hop fund routing or complex layering chains detected (max hop distance: 0). ; No illicit ATM cash-withdrawal terminal connections identified in the incident window.",5,No significant laundering pattern was detected at the configured risk threshold. Activity consistent with benign peer-to-peer transfers.,NONE
C000165,ENT_000058,0.9964,1,HIGH_CONFIDENCE,NONE,NONE,0.0,"GraphSAGE GNN assessed an elevated risk probability of 0.9964 (Tier: HIGH_CONFIDENCE). ; Unusual concentration of transaction activity observed within the 72-hour incident window. ; The incident graph spans 3 transaction hops, indicating multi-stage fund routing away from the complaint account. ; Cumulative transaction volume reached ₹872,194.83 with a peak single transfer of ₹299,910.27. ; Subnetwork connects 4 entities across 3 directed transaction edges (average node degree: 1.50, incident in-degree: 0, out-degree: 1). ; Graph topology exhibits high structural similarity (1.00) to cataloged reference laundering patterns.",6,High-risk multi-hop transaction activity with strong graph evidence was detected. Priority investigation recommended for root entity ENT_000058 and connected intermediaries.,NONE
C000166,ENT_000126,0.0008,0,NORMAL,NONE,NONE,0.0,"Model-derived risk probability is 0.0008, remaining well below the 0.50 suspicious triage threshold. ; Incident subgraph contains minimal structural connectivity (1 entity node(s), 0 directed edge(s)). ; Total transaction volume within the 72-hour incident window is ₹0.00 (average transfer: ₹0.00). ; No multi-hop fund routing or complex layering chains detected (max hop distance: 0). ; No illicit ATM cash-withdrawal terminal connections identified in the incident window.",5,No significant laundering pattern was detected at the configured risk threshold. Activity consistent with benign peer-to-peer transfers.,NONE
C000167,ENT_000592,0.0403,0,NORMAL,NONE,NONE,0.0,"Model-derived risk probability is 0.0403, remaining well below the 0.50 suspicious triage threshold. ; Incident subgraph contains minimal structural connectivity (6 entity node(s), 5 directed edge(s)). ; Total transaction volume within the 72-hour incident window is ₹68,991.04 (average transfer: ₹13,798.21). ; No multi-hop fund routing or complex layering chains detected (max hop distance: 3). ; No illicit ATM cash-withdrawal terminal connections identified in the incident window.",5,No significant laundering pattern was detected at the configured risk threshold. Activity consistent with benign peer-to-peer transfers.,NONE
C000168,ENT_000299,0.0338,0,NORMAL,NONE,NONE,0.0,"Model-derived risk probability is 0.0338, remaining well below the 0.50 suspicious triage threshold. ; Incident subgraph contains minimal structural connectivity (5 entity node(s), 4 directed edge(s)). ; Total transaction volume within the 72-hour incident window is ₹40,260.75 (average transfer: ₹10,065.19). ; No multi-hop fund routing or complex layering chains detected (max hop distance: 2). ; No illicit ATM cash-withdrawal terminal connections identified in the incident window.",5,No significant laundering pattern was detected at the configured risk threshold. Activity consistent with benign peer-to-peer transfers.,NONE
C000169,ENT_000490,0.134,0,NORMAL,NONE,NONE,0.0,"Model-derived risk probability is 0.1340, remaining well below the 0.50 suspicious triage threshold. ; Incident subgraph contains minimal structural connectivity (7 entity node(s), 6 directed edge(s)). ; Total transaction volume within the 72-hour incident window is ₹112,094.45 (average transfer: ₹18,682.41). ; No multi-hop fund routing or complex layering chains detected (max hop distance: 3). ; No illicit ATM cash-withdrawal terminal connections identified in the incident window.",5,No significant laundering pattern was detected at the configured risk threshold. Activity consistent with benign peer-to-peer transfers.,NONE
C000170,ENT_000006,0.002,0,NORMAL,NONE,NONE,0.0,"Model-derived risk probability is 0.0020, remaining well below the 0.50 suspicious triage threshold. ; Incident subgraph contains minimal structural connectivity (2 entity node(s), 1 directed edge(s)). ; Total transaction volume within the 72-hour incident window is ₹4,884.12 (average transfer: ₹4,884.12). ; No multi-hop fund routing or complex layering chains detected (max hop distance: 1). ; No illicit ATM cash-withdrawal terminal connections identified in the incident window.",5,No significant laundering pattern was detected at the configured risk threshold. Activity consistent with benign peer-to-peer transfers.,NONE
C000171,ENT_000099,0.029,0,NORMAL,NONE,NONE,0.0,"Model-derived risk probability is 0.0290, remaining well below the 0.50 suspicious triage threshold. ; Incident subgraph contains minimal structural connectivity (4 entity node(s), 3 directed edge(s)). ; Total transaction volume within the 72-hour incident window is ₹40,938.37 (average transfer: ₹13,646.12). ; No multi-hop fund routing or complex layering chains detected (max hop distance: 2). ; No illicit ATM cash-withdrawal terminal connections identified in the incident window.",5,No significant laundering pattern was detected at the configured risk threshold. Activity consistent with benign peer-to-peer transfers.,NONE
C000172,ENT_000129,0.0012,0,NORMAL,NONE,NONE,0.0,"Model-derived risk probability is 0.0012, remaining well below the 0.50 suspicious triage threshold. ; Incident subgraph contains minimal structural connectivity (1 entity node(s), 0 directed edge(s)). ; Total transaction volume within the 72-hour incident window is ₹0.00 (average transfer: ₹0.00). ; No multi-hop fund routing or complex layering chains detected (max hop distance: 0). ; No illicit ATM cash-withdrawal terminal connections identified in the incident window.",5,No significant laundering pattern was detected at the configured risk threshold. Activity consistent with benign peer-to-peer transfers.,NONE
C000173,ENT_000055,0.0694,0,NORMAL,NONE,NONE,0.0,"Model-derived risk probability is 0.0694, remaining well below the 0.50 suspicious triage threshold. ; Incident subgraph contains minimal structural connectivity (5 entity node(s), 4 directed edge(s)). ; Total transaction volume within the 72-hour incident window is ₹156,974.20 (average transfer: ₹39,243.55). ; No multi-hop fund routing or complex layering chains detected (max hop distance: 2). ; No illicit ATM cash-withdrawal terminal connections identified in the incident window.",5,No significant laundering pattern was detected at the configured risk threshold. Activity consistent with benign peer-to-peer transfers.,NONE
C000174,ENT_000647,0.0857,0,NORMAL,NONE,NONE,0.0,"Model-derived risk probability is 0.0857, remaining well below the 0.50 suspicious triage threshold. ; Incident subgraph contains minimal structural connectivity (4 entity node(s), 3 directed edge(s)). ; Total transaction volume within the 72-hour incident window is ₹314,324.39 (average transfer: ₹104,774.80). ; No multi-hop fund routing or complex layering chains detected (max hop distance: 2). ; No illicit ATM cash-withdrawal terminal connections identified in the incident window.",5,No significant laundering pattern was detected at the configured risk threshold. Activity consistent with benign peer-to-peer transfers.,NONE
C000175,ENT_000434,0.2876,0,NORMAL,NONE,NONE,0.0,"Model-derived risk probability is 0.2876, remaining well below the 0.50 suspicious triage threshold. ; Incident subgraph contains minimal structural connectivity (5 entity node(s), 4 directed edge(s)). ; Total transaction volume within the 72-hour incident window is ₹44,942.12 (average transfer: ₹11,235.53). ; No multi-hop fund routing or complex layering chains detected (max hop distance: 3). ; No illicit ATM cash-withdrawal terminal connections identified in the incident window.",5,No significant laundering pattern was detected at the configured risk threshold. Activity consistent with benign peer-to-peer transfers.,NONE
C000176,ENT_000657,0.0011,0,NORMAL,NONE,NONE,0.0,"Model-derived risk probability is 0.0011, remaining well below the 0.50 suspicious triage threshold. ; Incident subgraph contains minimal structural connectivity (1 entity node(s), 0 directed edge(s)). ; Total transaction volume within the 72-hour incident window is ₹0.00 (average transfer: ₹0.00). ; No multi-hop fund routing or complex layering chains detected (max hop distance: 0). ; No illicit ATM cash-withdrawal terminal connections identified in the incident window.",5,No significant laundering pattern was detected at the configured risk threshold. Activity consistent with benign peer-to-peer transfers.,NONE
C000177,ENT_000648,0.98,1,HIGH_CONFIDENCE,NONE,NONE,0.0,"GraphSAGE GNN assessed an elevated risk probability of 0.9800 (Tier: HIGH_CONFIDENCE). ; Unusual concentration of transaction activity observed within the 72-hour incident window. ; The incident graph spans 3 transaction hops, indicating multi-stage fund routing away from the complaint account. ; Cumulative transaction volume reached ₹681,889.52 with a peak single transfer of ₹230,384.27. ; Subnetwork connects 16 entities across 15 directed transaction edges (average node degree: 1.88, incident in-degree: 1, out-degree: 1). ; Graph topology exhibits high structural similarity (1.00) to cataloged reference laundering patterns.",6,High-risk multi-hop transaction activity with strong graph evidence was detected. Priority investigation recommended for root entity ENT_000648 and connected intermediaries.,NONE
C000178,ENT_000537,1.0,1,HIGH_CONFIDENCE,ATM_012,Patna,0.9128,"GraphSAGE GNN assessed an elevated risk probability of 1.0000 (Tier: HIGH_CONFIDENCE). ; Unusual concentration of transaction activity observed within the 72-hour incident window. ; The incident graph spans 3 transaction hops, indicating multi-stage fund routing away from the complaint account. ; Cumulative transaction volume reached ₹3,739,116.47 with a peak single transfer of ₹402,581.55. ; Subnetwork connects 10 entities across 22 directed transaction edges (average node degree: 4.40, incident in-degree: 3, out-degree: 3). ; Likely downstream cash exit identified at terminal ATM_012 in Patna (terminal risk score: 0.91, ₹878,525.99 withdrawn across 3 transaction(s)). ; Graph topology exhibits high structural similarity (1.00) to cataloged reference laundering patterns.",7,High-risk multi-hop transaction activity with downstream cash-out behavior was detected. Priority investigation recommended for root entity ENT_000537 and exit terminal ATM_012 (Patna).,"Terminal: ATM_012 (Patna) | Risk Score: 0.91 | Distance: 1 hop(s) | Cash Volume: ₹878,525.99 (3 tx) | Timing Delta: 4.5h from incident"
C000179,ENT_000137,0.001,0,NORMAL,NONE,NONE,0.0,"Model-derived risk probability is 0.0010, remaining well below the 0.50 suspicious triage threshold. ; Incident subgraph contains minimal structural connectivity (1 entity node(s), 0 directed edge(s)). ; Total transaction volume within the 72-hour incident window is ₹0.00 (average transfer: ₹0.00). ; No multi-hop fund routing or complex layering chains detected (max hop distance: 0). ; No illicit ATM cash-withdrawal terminal connections identified in the incident window.",5,No significant laundering pattern was detected at the configured risk threshold. Activity consistent with benign peer-to-peer transfers.,NONE
C000180,ENT_000113,0.0093,0,NORMAL,NONE,NONE,0.0,"Model-derived risk probability is 0.0093, remaining well below the 0.50 suspicious triage threshold. ; Incident subgraph contains minimal structural connectivity (4 entity node(s), 3 directed edge(s)). ; Total transaction volume within the 72-hour incident window is ₹8,114.18 (average transfer: ₹2,704.73). ; No multi-hop fund routing or complex layering chains detected (max hop distance: 2). ; No illicit ATM cash-withdrawal terminal connections identified in the incident window.",5,No significant laundering pattern was detected at the configured risk threshold. Activity consistent with benign peer-to-peer transfers.,NONE
C000181,ENT_000586,0.1666,0,NORMAL,NONE,NONE,0.0,"Model-derived risk probability is 0.1666, remaining well below the 0.50 suspicious triage threshold. ; Incident subgraph contains minimal structural connectivity (6 entity node(s), 5 directed edge(s)). ; Total transaction volume within the 72-hour incident window is ₹40,584.03 (average transfer: ₹8,116.81). ; No multi-hop fund routing or complex layering chains detected (max hop distance: 3). ; No illicit ATM cash-withdrawal terminal connections identified in the incident window.",5,No significant laundering pattern was detected at the configured risk threshold. Activity consistent with benign peer-to-peer transfers.,NONE
C000182,ENT_000384,0.0052,0,NORMAL,NONE,NONE,0.0,"Model-derived risk probability is 0.0052, remaining well below the 0.50 suspicious triage threshold. ; Incident subgraph contains minimal structural connectivity (3 entity node(s), 2 directed edge(s)). ; Total transaction volume within the 72-hour incident window is ₹27,111.54 (average transfer: ₹13,555.77). ; No multi-hop fund routing or complex layering chains detected (max hop distance: 2). ; No illicit ATM cash-withdrawal terminal connections identified in the incident window.",5,No significant laundering pattern was detected at the configured risk threshold. Activity consistent with benign peer-to-peer transfers.,NONE
C000183,ENT_000144,0.0008,0,NORMAL,NONE,NONE,0.0,"Model-derived risk probability is 0.0008, remaining well below the 0.50 suspicious triage threshold. ; Incident subgraph contains minimal structural connectivity (1 entity node(s), 0 directed edge(s)). ; Total transaction volume within the 72-hour incident window is ₹0.00 (average transfer: ₹0.00). ; No multi-hop fund routing or complex layering chains detected (max hop distance: 0). ; No illicit ATM cash-withdrawal terminal connections identified in the incident window.",5,No significant laundering pattern was detected at the configured risk threshold. Activity consistent with benign peer-to-peer transfers.,NONE
C000184,ENT_000558,0.3416,0,NORMAL,NONE,NONE,0.0,"Model-derived risk probability is 0.3416, remaining well below the 0.50 suspicious triage threshold. ; Incident subgraph contains minimal structural connectivity (5 entity node(s), 4 directed edge(s)). ; Total transaction volume within the 72-hour incident window is ₹41,874.33 (average transfer: ₹10,468.58). ; No multi-hop fund routing or complex layering chains detected (max hop distance: 3). ; No illicit ATM cash-withdrawal terminal connections identified in the incident window.",5,No significant laundering pattern was detected at the configured risk threshold. Activity consistent with benign peer-to-peer transfers.,NONE
C000185,ENT_000643,0.0339,0,NORMAL,NONE,NONE,0.0,"Model-derived risk probability is 0.0339, remaining well below the 0.50 suspicious triage threshold. ; Incident subgraph contains minimal structural connectivity (4 entity node(s), 3 directed edge(s)). ; Total transaction volume within the 72-hour incident window is ₹14,331.68 (average transfer: ₹4,777.23). ; No multi-hop fund routing or complex layering chains detected (max hop distance: 3). ; No illicit ATM cash-withdrawal terminal connections identified in the incident window.",5,No significant laundering pattern was detected at the configured risk threshold. Activity consistent with benign peer-to-peer transfers.,NONE
C000186,ENT_000591,0.1007,0,NORMAL,NONE,NONE,0.0,"Model-derived risk probability is 0.1007, remaining well below the 0.50 suspicious triage threshold. ; Incident subgraph contains minimal structural connectivity (8 entity node(s), 7 directed edge(s)). ; Total transaction volume within the 72-hour incident window is ₹39,745.44 (average transfer: ₹5,677.92). ; No multi-hop fund routing or complex layering chains detected (max hop distance: 3). ; No illicit ATM cash-withdrawal terminal connections identified in the incident window.",5,No significant laundering pattern was detected at the configured risk threshold. Activity consistent with benign peer-to-peer transfers.,NONE
C000187,ENT_000394,0.7066,1,HIGH_CONFIDENCE,NONE,NONE,0.0,"GraphSAGE GNN assessed an elevated risk probability of 0.7066 (Tier: HIGH_CONFIDENCE). ; Unusual concentration of transaction activity observed within the 72-hour incident window. ; The incident graph spans 3 transaction hops, indicating multi-stage fund routing away from the complaint account. ; Cumulative transaction volume reached ₹165,985.76 with a peak single transfer of ₹80,514.30. ; Subnetwork connects 7 entities across 6 directed transaction edges (average node degree: 1.71, incident in-degree: 1, out-degree: 1). ; Graph topology exhibits high structural similarity (0.99) to cataloged reference laundering patterns.",6,High-risk multi-hop transaction activity with strong graph evidence was detected. Priority investigation recommended for root entity ENT_000394 and connected intermediaries.,NONE
C000188,ENT_000271,0.0008,0,NORMAL,NONE,NONE,0.0,"Model-derived risk probability is 0.0008, remaining well below the 0.50 suspicious triage threshold. ; Incident subgraph contains minimal structural connectivity (1 entity node(s), 0 directed edge(s)). ; Total transaction volume within the 72-hour incident window is ₹0.00 (average transfer: ₹0.00). ; No multi-hop fund routing or complex layering chains detected (max hop distance: 0). ; No illicit ATM cash-withdrawal terminal connections identified in the incident window.",5,No significant laundering pattern was detected at the configured risk threshold. Activity consistent with benign peer-to-peer transfers.,NONE
C000189,ENT_000430,0.992,1,HIGH_CONFIDENCE,NONE,NONE,0.0,"GraphSAGE GNN assessed an elevated risk probability of 0.9920 (Tier: HIGH_CONFIDENCE). ; Unusual concentration of transaction activity observed within the 72-hour incident window. ; The incident graph spans 3 transaction hops, indicating multi-stage fund routing away from the complaint account. ; Cumulative transaction volume reached ₹995,746.31 with a peak single transfer of ₹347,074.07. ; Subnetwork connects 6 entities across 5 directed transaction edges (average node degree: 1.67, incident in-degree: 0, out-degree: 1). ; Graph topology exhibits high structural similarity (1.00) to cataloged reference laundering patterns.",6,High-risk multi-hop transaction activity with strong graph evidence was detected. Priority investigation recommended for root entity ENT_000430 and connected intermediaries.,NONE
C000190,ENT_000323,0.026,0,NORMAL,NONE,NONE,0.0,"Model-derived risk probability is 0.0260, remaining well below the 0.50 suspicious triage threshold. ; Incident subgraph contains minimal structural connectivity (4 entity node(s), 3 directed edge(s)). ; Total transaction volume within the 72-hour incident window is ₹9,913.35 (average transfer: ₹3,304.45). ; No multi-hop fund routing or complex layering chains detected (max hop distance: 3). ; No illicit ATM cash-withdrawal terminal connections identified in the incident window.",5,No significant laundering pattern was detected at the configured risk threshold. Activity consistent with benign peer-to-peer transfers.,NONE
C000191,ENT_000270,0.9989,1,HIGH_CONFIDENCE,NONE,NONE,0.0,"GraphSAGE GNN assessed an elevated risk probability of 0.9989 (Tier: HIGH_CONFIDENCE). ; Unusual concentration of transaction activity observed within the 72-hour incident window. ; The incident graph spans 3 transaction hops, indicating multi-stage fund routing away from the complaint account. ; Cumulative transaction volume reached ₹1,705,153.75 with a peak single transfer of ₹364,317.92. ; Subnetwork connects 12 entities across 11 directed transaction edges (average node degree: 1.83, incident in-degree: 1, out-degree: 1). ; Graph topology exhibits high structural similarity (1.00) to cataloged reference laundering patterns.",6,High-risk multi-hop transaction activity with strong graph evidence was detected. Priority investigation recommended for root entity ENT_000270 and connected intermediaries.,NONE
C000192,ENT_000620,0.065,0,NORMAL,NONE,NONE,0.0,"Model-derived risk probability is 0.0650, remaining well below the 0.50 suspicious triage threshold. ; Incident subgraph contains minimal structural connectivity (7 entity node(s), 6 directed edge(s)). ; Total transaction volume within the 72-hour incident window is ₹39,470.89 (average transfer: ₹6,578.48). ; No multi-hop fund routing or complex layering chains detected (max hop distance: 3). ; No illicit ATM cash-withdrawal terminal connections identified in the incident window.",5,No significant laundering pattern was detected at the configured risk threshold. Activity consistent with benign peer-to-peer transfers.,NONE
C000193,ENT_000276,0.0012,0,NORMAL,NONE,NONE,0.0,"Model-derived risk probability is 0.0012, remaining well below the 0.50 suspicious triage threshold. ; Incident subgraph contains minimal structural connectivity (1 entity node(s), 0 directed edge(s)). ; Total transaction volume within the 72-hour incident window is ₹0.00 (average transfer: ₹0.00). ; No multi-hop fund routing or complex layering chains detected (max hop distance: 0). ; No illicit ATM cash-withdrawal terminal connections identified in the incident window.",5,No significant laundering pattern was detected at the configured risk threshold. Activity consistent with benign peer-to-peer transfers.,NONE
C000194,ENT_000250,0.0056,0,NORMAL,NONE,NONE,0.0,"Model-derived risk probability is 0.0056, remaining well below the 0.50 suspicious triage threshold. ; Incident subgraph contains minimal structural connectivity (2 entity node(s), 1 directed edge(s)). ; Total transaction volume within the 72-hour incident window is ₹109,583.82 (average transfer: ₹109,583.82). ; No multi-hop fund routing or complex layering chains detected (max hop distance: 1). ; No illicit ATM cash-withdrawal terminal connections identified in the incident window.",5,No significant laundering pattern was detected at the configured risk threshold. Activity consistent with benign peer-to-peer transfers.,NONE
C000195,ENT_000405,0.0261,0,NORMAL,NONE,NONE,0.0,"Model-derived risk probability is 0.0261, remaining well below the 0.50 suspicious triage threshold. ; Incident subgraph contains minimal structural connectivity (4 entity node(s), 3 directed edge(s)). ; Total transaction volume within the 72-hour incident window is ₹36,790.97 (average transfer: ₹12,263.66). ; No multi-hop fund routing or complex layering chains detected (max hop distance: 3). ; No illicit ATM cash-withdrawal terminal connections identified in the incident window.",5,No significant laundering pattern was detected at the configured risk threshold. Activity consistent with benign peer-to-peer transfers.,NONE
C000196,ENT_000103,0.9969,1,HIGH_CONFIDENCE,ATM_037,Mumbai,0.8759,"GraphSAGE GNN assessed an elevated risk probability of 0.9969 (Tier: HIGH_CONFIDENCE). ; Unusual concentration of transaction activity observed within the 72-hour incident window. ; The incident graph spans 3 transaction hops, indicating multi-stage fund routing away from the complaint account. ; Cumulative transaction volume reached ₹1,781,921.52 with a peak single transfer of ₹302,161.52. ; Subnetwork connects 38 entities across 43 directed transaction edges (average node degree: 2.26, incident in-degree: 3, out-degree: 3). ; Likely downstream cash exit identified at terminal ATM_037 in Mumbai (terminal risk score: 0.88, ₹266,777.91 withdrawn across 1 transaction(s)). ; Graph topology exhibits high structural similarity (1.00) to cataloged reference laundering patterns.",7,High-risk multi-hop transaction activity with downstream cash-out behavior was detected. Priority investigation recommended for root entity ENT_000103 and exit terminal ATM_037 (Mumbai).,"Terminal: ATM_037 (Mumbai) | Risk Score: 0.88 | Distance: 1 hop(s) | Cash Volume: ₹266,777.91 (1 tx) | Timing Delta: 56.8h from incident"
C000197,ENT_000199,0.1473,0,NORMAL,NONE,NONE,0.0,"Model-derived risk probability is 0.1473, remaining well below the 0.50 suspicious triage threshold. ; Incident subgraph contains minimal structural connectivity (5 entity node(s), 4 directed edge(s)). ; Total transaction volume within the 72-hour incident window is ₹9,197.19 (average transfer: ₹2,299.30). ; No multi-hop fund routing or complex layering chains detected (max hop distance: 3). ; No illicit ATM cash-withdrawal terminal connections identified in the incident window.",5,No significant laundering pattern was detected at the configured risk threshold. Activity consistent with benign peer-to-peer transfers.,NONE
C000198,ENT_000158,0.9158,1,HIGH_CONFIDENCE,NONE,NONE,0.0,"GraphSAGE GNN assessed an elevated risk probability of 0.9158 (Tier: HIGH_CONFIDENCE). ; Unusual concentration of transaction activity observed within the 72-hour incident window. ; The incident graph spans 3 transaction hops, indicating multi-stage fund routing away from the complaint account. ; Cumulative transaction volume reached ₹160,645.35 with a peak single transfer of ₹48,048.51. ; Subnetwork connects 14 entities across 15 directed transaction edges (average node degree: 2.14, incident in-degree: 2, out-degree: 0). ; Graph topology exhibits high structural similarity (1.00) to cataloged reference laundering patterns.",6,High-risk multi-hop transaction activity with strong graph evidence was detected. Priority investigation recommended for root entity ENT_000158 and connected intermediaries.,NONE
C000199,ENT_000032,0.001,0,NORMAL,NONE,NONE,0.0,"Model-derived risk probability is 0.0010, remaining well below the 0.50 suspicious triage threshold. ; Incident subgraph contains minimal structural connectivity (1 entity node(s), 0 directed edge(s)). ; Total transaction volume within the 72-hour incident window is ₹0.00 (average transfer: ₹0.00). ; No multi-hop fund routing or complex layering chains detected (max hop distance: 0). ; No illicit ATM cash-withdrawal terminal connections identified in the incident window.",5,No significant laundering pattern was detected at the configured risk threshold. Activity consistent with benign peer-to-peer transfers.,NONE
C000200,ENT_000647,0.0024,0,NORMAL,NONE,NONE,0.0,"Model-derived risk probability is 0.0024, remaining well below the 0.50 suspicious triage threshold. ; Incident subgraph contains minimal structural connectivity (3 entity node(s), 2 directed edge(s)). ; Total transaction volume within the 72-hour incident window is ₹6,683.67 (average transfer: ₹3,341.84). ; No multi-hop fund routing or complex layering chains detected (max hop distance: 1). ; No illicit ATM cash-withdrawal terminal connections identified in the incident window.",5,No significant laundering pattern was detected at the configured risk threshold. Activity consistent with benign peer-to-peer transfers.,NONE
C000201,ENT_000555,0.0207,0,NORMAL,NONE,NONE,0.0,"Model-derived risk probability is 0.0207, remaining well below the 0.50 suspicious triage threshold. ; Incident subgraph contains minimal structural connectivity (4 entity node(s), 3 directed edge(s)). ; Total transaction volume within the 72-hour incident window is ₹25,778.80 (average transfer: ₹8,592.93). ; No multi-hop fund routing or complex layering chains detected (max hop distance: 3). ; No illicit ATM cash-withdrawal terminal connections identified in the incident window.",5,No significant laundering pattern was detected at the configured risk threshold. Activity consistent with benign peer-to-peer transfers.,NONE
C000202,ENT_000310,1.0,1,HIGH_CONFIDENCE,NONE,NONE,0.0,"GraphSAGE GNN assessed an elevated risk probability of 1.0000 (Tier: HIGH_CONFIDENCE). ; Unusual concentration of transaction activity observed within the 72-hour incident window. ; The incident graph spans 3 transaction hops, indicating multi-stage fund routing away from the complaint account. ; Cumulative transaction volume reached ₹2,325,598.73 with a peak single transfer of ₹465,914.23. ; Subnetwork connects 14 entities across 20 directed transaction edges (average node degree: 2.86, incident in-degree: 2, out-degree: 2). ; Graph topology exhibits high structural similarity (1.00) to cataloged reference laundering patterns.",6,High-risk multi-hop transaction activity with strong graph evidence was detected. Priority investigation recommended for root entity ENT_000310 and connected intermediaries.,NONE
C000203,ENT_000290,0.0009,0,NORMAL,NONE,NONE,0.0,"Model-derived risk probability is 0.0009, remaining well below the 0.50 suspicious triage threshold. ; Incident subgraph contains minimal structural connectivity (1 entity node(s), 0 directed edge(s)). ; Total transaction volume within the 72-hour incident window is ₹0.00 (average transfer: ₹0.00). ; No multi-hop fund routing or complex layering chains detected (max hop distance: 0). ; No illicit ATM cash-withdrawal terminal connections identified in the incident window.",5,No significant laundering pattern was detected at the configured risk threshold. Activity consistent with benign peer-to-peer transfers.,NONE
C000204,ENT_000227,0.001,0,NORMAL,NONE,NONE,0.0,"Model-derived risk probability is 0.0010, remaining well below the 0.50 suspicious triage threshold. ; Incident subgraph contains minimal structural connectivity (1 entity node(s), 0 directed edge(s)). ; Total transaction volume within the 72-hour incident window is ₹0.00 (average transfer: ₹0.00). ; No multi-hop fund routing or complex layering chains detected (max hop distance: 0). ; No illicit ATM cash-withdrawal terminal connections identified in the incident window.",5,No significant laundering pattern was detected at the configured risk threshold. Activity consistent with benign peer-to-peer transfers.,NONE
C000205,ENT_000404,0.0021,0,NORMAL,NONE,NONE,0.0,"Model-derived risk probability is 0.0021, remaining well below the 0.50 suspicious triage threshold. ; Incident subgraph contains minimal structural connectivity (2 entity node(s), 1 directed edge(s)). ; Total transaction volume within the 72-hour incident window is ₹9,423.47 (average transfer: ₹9,423.47). ; No multi-hop fund routing or complex layering chains detected (max hop distance: 1). ; No illicit ATM cash-withdrawal terminal connections identified in the incident window.",5,No significant laundering pattern was detected at the configured risk threshold. Activity consistent with benign peer-to-peer transfers.,NONE
C000206,ENT_000253,0.0481,0,NORMAL,NONE,NONE,0.0,"Model-derived risk probability is 0.0481, remaining well below the 0.50 suspicious triage threshold. ; Incident subgraph contains minimal structural connectivity (6 entity node(s), 5 directed edge(s)). ; Total transaction volume within the 72-hour incident window is ₹51,477.93 (average transfer: ₹10,295.59). ; No multi-hop fund routing or complex layering chains detected (max hop distance: 3). ; No illicit ATM cash-withdrawal terminal connections identified in the incident window.",5,No significant laundering pattern was detected at the configured risk threshold. Activity consistent with benign peer-to-peer transfers.,NONE
C000207,ENT_000506,0.0007,0,NORMAL,NONE,NONE,0.0,"Model-derived risk probability is 0.0007, remaining well below the 0.50 suspicious triage threshold. ; Incident subgraph contains minimal structural connectivity (1 entity node(s), 0 directed edge(s)). ; Total transaction volume within the 72-hour incident window is ₹0.00 (average transfer: ₹0.00). ; No multi-hop fund routing or complex layering chains detected (max hop distance: 0). ; No illicit ATM cash-withdrawal terminal connections identified in the incident window.",5,No significant laundering pattern was detected at the configured risk threshold. Activity consistent with benign peer-to-peer transfers.,NONE
C000208,ENT_000653,0.2647,0,NORMAL,NONE,NONE,0.0,"Model-derived risk probability is 0.2647, remaining well below the 0.50 suspicious triage threshold. ; Incident subgraph contains minimal structural connectivity (7 entity node(s), 6 directed edge(s)). ; Total transaction volume within the 72-hour incident window is ₹17,040.55 (average transfer: ₹2,840.09). ; No multi-hop fund routing or complex layering chains detected (max hop distance: 3). ; No illicit ATM cash-withdrawal terminal connections identified in the incident window.",5,No significant laundering pattern was detected at the configured risk threshold. Activity consistent with benign peer-to-peer transfers.,NONE
C000209,ENT_000432,0.0505,0,NORMAL,NONE,NONE,0.0,"Model-derived risk probability is 0.0505, remaining well below the 0.50 suspicious triage threshold. ; Incident subgraph contains minimal structural connectivity (4 entity node(s), 3 directed edge(s)). ; Total transaction volume within the 72-hour incident window is ₹7,807.86 (average transfer: ₹2,602.62). ; No multi-hop fund routing or complex layering chains detected (max hop distance: 3). ; No illicit ATM cash-withdrawal terminal connections identified in the incident window.",5,No significant laundering pattern was detected at the configured risk threshold. Activity consistent with benign peer-to-peer transfers.,NONE
C000210,ENT_000021,0.3296,0,NORMAL,NONE,NONE,0.0,"Model-derived risk probability is 0.3296, remaining well below the 0.50 suspicious triage threshold. ; Incident subgraph contains minimal structural connectivity (9 entity node(s), 8 directed edge(s)). ; Total transaction volume within the 72-hour incident window is ₹361,067.54 (average transfer: ₹45,133.44). ; No multi-hop fund routing or complex layering chains detected (max hop distance: 3). ; No illicit ATM cash-withdrawal terminal connections identified in the incident window.",5,No significant laundering pattern was detected at the configured risk threshold. Activity consistent with benign peer-to-peer transfers.,NONE
C000211,ENT_000481,0.0264,0,NORMAL,NONE,NONE,0.0,"Model-derived risk probability is 0.0264, remaining well below the 0.50 suspicious triage threshold. ; Incident subgraph contains minimal structural connectivity (2 entity node(s), 1 directed edge(s)). ; Total transaction volume within the 72-hour incident window is ₹432,813.83 (average transfer: ₹432,813.83). ; No multi-hop fund routing or complex layering chains detected (max hop distance: 1). ; No illicit ATM cash-withdrawal terminal connections identified in the incident window.",5,No significant laundering pattern was detected at the configured risk threshold. Activity consistent with benign peer-to-peer transfers.,NONE
C000212,ENT_000009,0.9999,1,HIGH_CONFIDENCE,NONE,NONE,0.0,"GraphSAGE GNN assessed an elevated risk probability of 0.9999 (Tier: HIGH_CONFIDENCE). ; Unusual concentration of transaction activity observed within the 72-hour incident window. ; The incident graph spans 3 transaction hops, indicating multi-stage fund routing away from the complaint account. ; Cumulative transaction volume reached ₹752,898.73 with a peak single transfer of ₹333,284.81. ; Subnetwork connects 10 entities across 10 directed transaction edges (average node degree: 2.00, incident in-degree: 1, out-degree: 1). ; Graph topology exhibits high structural similarity (1.00) to cataloged reference laundering patterns.",6,High-risk multi-hop transaction activity with strong graph evidence was detected. Priority investigation recommended for root entity ENT_000009 and connected intermediaries.,NONE
C000213,ENT_000549,0.0006,0,NORMAL,NONE,NONE,0.0,"Model-derived risk probability is 0.0006, remaining well below the 0.50 suspicious triage threshold. ; Incident subgraph contains minimal structural connectivity (1 entity node(s), 0 directed edge(s)). ; Total transaction volume within the 72-hour incident window is ₹0.00 (average transfer: ₹0.00). ; No multi-hop fund routing or complex layering chains detected (max hop distance: 0). ; No illicit ATM cash-withdrawal terminal connections identified in the incident window.",5,No significant laundering pattern was detected at the configured risk threshold. Activity consistent with benign peer-to-peer transfers.,NONE
C000214,ENT_000191,0.001,0,NORMAL,NONE,NONE,0.0,"Model-derived risk probability is 0.0010, remaining well below the 0.50 suspicious triage threshold. ; Incident subgraph contains minimal structural connectivity (1 entity node(s), 0 directed edge(s)). ; Total transaction volume within the 72-hour incident window is ₹0.00 (average transfer: ₹0.00). ; No multi-hop fund routing or complex layering chains detected (max hop distance: 0). ; No illicit ATM cash-withdrawal terminal connections identified in the incident window.",5,No significant laundering pattern was detected at the configured risk threshold. Activity consistent with benign peer-to-peer transfers.,NONE
C000215,ENT_000525,0.0012,0,NORMAL,NONE,NONE,0.0,"Model-derived risk probability is 0.0012, remaining well below the 0.50 suspicious triage threshold. ; Incident subgraph contains minimal structural connectivity (1 entity node(s), 0 directed edge(s)). ; Total transaction volume within the 72-hour incident window is ₹0.00 (average transfer: ₹0.00). ; No multi-hop fund routing or complex layering chains detected (max hop distance: 0). ; No illicit ATM cash-withdrawal terminal connections identified in the incident window.",5,No significant laundering pattern was detected at the configured risk threshold. Activity consistent with benign peer-to-peer transfers.,NONE
C000216,ENT_000641,0.0009,0,NORMAL,NONE,NONE,0.0,"Model-derived risk probability is 0.0009, remaining well below the 0.50 suspicious triage threshold. ; Incident subgraph contains minimal structural connectivity (1 entity node(s), 0 directed edge(s)). ; Total transaction volume within the 72-hour incident window is ₹0.00 (average transfer: ₹0.00). ; No multi-hop fund routing or complex layering chains detected (max hop distance: 0). ; No illicit ATM cash-withdrawal terminal connections identified in the incident window.",5,No significant laundering pattern was detected at the configured risk threshold. Activity consistent with benign peer-to-peer transfers.,NONE
C000217,ENT_000256,0.8525,1,HIGH_CONFIDENCE,NONE,NONE,0.0,"GraphSAGE GNN assessed an elevated risk probability of 0.8525 (Tier: HIGH_CONFIDENCE). ; Unusual concentration of transaction activity observed within the 72-hour incident window. ; The incident graph spans 3 transaction hops, indicating multi-stage fund routing away from the complaint account. ; Cumulative transaction volume reached ₹1,068,187.85 with a peak single transfer of ₹347,849.96. ; Subnetwork connects 11 entities across 10 directed transaction edges (average node degree: 1.82, incident in-degree: 1, out-degree: 1). ; Graph topology exhibits high structural similarity (1.00) to cataloged reference laundering patterns.",6,High-risk multi-hop transaction activity with strong graph evidence was detected. Priority investigation recommended for root entity ENT_000256 and connected intermediaries.,NONE
C000218,ENT_000536,0.9454,1,HIGH_CONFIDENCE,NONE,NONE,0.0,"GraphSAGE GNN assessed an elevated risk probability of 0.9454 (Tier: HIGH_CONFIDENCE). ; Unusual concentration of transaction activity observed within the 72-hour incident window. ; The incident graph spans 3 transaction hops, indicating multi-stage fund routing away from the complaint account. ; Cumulative transaction volume reached ₹132,133.51 with a peak single transfer of ₹42,939.54. ; Subnetwork connects 12 entities across 11 directed transaction edges (average node degree: 1.83, incident in-degree: 1, out-degree: 0). ; Graph topology exhibits high structural similarity (1.00) to cataloged reference laundering patterns.",6,High-risk multi-hop transaction activity with strong graph evidence was detected. Priority investigation recommended for root entity ENT_000536 and connected intermediaries.,NONE
C000219,ENT_000390,0.0962,0,NORMAL,NONE,NONE,0.0,"Model-derived risk probability is 0.0962, remaining well below the 0.50 suspicious triage threshold. ; Incident subgraph contains minimal structural connectivity (7 entity node(s), 6 directed edge(s)). ; Total transaction volume within the 72-hour incident window is ₹57,213.65 (average transfer: ₹9,535.61). ; No multi-hop fund routing or complex layering chains detected (max hop distance: 3). ; No illicit ATM cash-withdrawal terminal connections identified in the incident window.",5,No significant laundering pattern was detected at the configured risk threshold. Activity consistent with benign peer-to-peer transfers.,NONE
C000220,ENT_000319,0.9992,1,HIGH_CONFIDENCE,NONE,NONE,0.0,"GraphSAGE GNN assessed an elevated risk probability of 0.9992 (Tier: HIGH_CONFIDENCE). ; Unusual concentration of transaction activity observed within the 72-hour incident window. ; The incident graph spans 3 transaction hops, indicating multi-stage fund routing away from the complaint account. ; Cumulative transaction volume reached ₹761,071.33 with a peak single transfer of ₹194,660.38. ; Subnetwork connects 9 entities across 8 directed transaction edges (average node degree: 1.78, incident in-degree: 1, out-degree: 1). ; Graph topology exhibits high structural similarity (1.00) to cataloged reference laundering patterns.",6,High-risk multi-hop transaction activity with strong graph evidence was detected. Priority investigation recommended for root entity ENT_000319 and connected intermediaries.,NONE
C000221,ENT_000255,0.0571,0,NORMAL,NONE,NONE,0.0,"Model-derived risk probability is 0.0571, remaining well below the 0.50 suspicious triage threshold. ; Incident subgraph contains minimal structural connectivity (4 entity node(s), 3 directed edge(s)). ; Total transaction volume within the 72-hour incident window is ₹41,905.55 (average transfer: ₹13,968.52). ; No multi-hop fund routing or complex layering chains detected (max hop distance: 3). ; No illicit ATM cash-withdrawal terminal connections identified in the incident window.",5,No significant laundering pattern was detected at the configured risk threshold. Activity consistent with benign peer-to-peer transfers.,NONE
C000222,ENT_000570,0.9997,1,HIGH_CONFIDENCE,NONE,NONE,0.0,"GraphSAGE GNN assessed an elevated risk probability of 0.9997 (Tier: HIGH_CONFIDENCE). ; Unusual concentration of transaction activity observed within the 72-hour incident window. ; The incident graph spans 3 transaction hops, indicating multi-stage fund routing away from the complaint account. ; Cumulative transaction volume reached ₹895,423.56 with a peak single transfer of ₹280,638.41. ; Subnetwork connects 7 entities across 7 directed transaction edges (average node degree: 2.00, incident in-degree: 0, out-degree: 1). ; Graph topology exhibits high structural similarity (1.00) to cataloged reference laundering patterns.",6,High-risk multi-hop transaction activity with strong graph evidence was detected. Priority investigation recommended for root entity ENT_000570 and connected intermediaries.,NONE
C000223,ENT_000580,0.0192,0,NORMAL,NONE,NONE,0.0,"Model-derived risk probability is 0.0192, remaining well below the 0.50 suspicious triage threshold. ; Incident subgraph contains minimal structural connectivity (3 entity node(s), 2 directed edge(s)). ; Total transaction volume within the 72-hour incident window is ₹50,938.64 (average transfer: ₹25,469.32). ; No multi-hop fund routing or complex layering chains detected (max hop distance: 2). ; No illicit ATM cash-withdrawal terminal connections identified in the incident window.",5,No significant laundering pattern was detected at the configured risk threshold. Activity consistent with benign peer-to-peer transfers.,NONE
C000224,ENT_000337,0.0012,0,NORMAL,NONE,NONE,0.0,"Model-derived risk probability is 0.0012, remaining well below the 0.50 suspicious triage threshold. ; Incident subgraph contains minimal structural connectivity (1 entity node(s), 0 directed edge(s)). ; Total transaction volume within the 72-hour incident window is ₹0.00 (average transfer: ₹0.00). ; No multi-hop fund routing or complex layering chains detected (max hop distance: 0). ; No illicit ATM cash-withdrawal terminal connections identified in the incident window.",5,No significant laundering pattern was detected at the configured risk threshold. Activity consistent with benign peer-to-peer transfers.,NONE
C000225,ENT_000036,0.3734,0,NORMAL,NONE,NONE,0.0,"Model-derived risk probability is 0.3734, remaining well below the 0.50 suspicious triage threshold. ; Incident subgraph contains minimal structural connectivity (5 entity node(s), 4 directed edge(s)). ; Total transaction volume within the 72-hour incident window is ₹391,112.84 (average transfer: ₹97,778.21). ; No multi-hop fund routing or complex layering chains detected (max hop distance: 2). ; No illicit ATM cash-withdrawal terminal connections identified in the incident window.",5,No significant laundering pattern was detected at the configured risk threshold. Activity consistent with benign peer-to-peer transfers.,NONE
C000226,ENT_000316,0.0029,0,NORMAL,NONE,NONE,0.0,"Model-derived risk probability is 0.0029, remaining well below the 0.50 suspicious triage threshold. ; Incident subgraph contains minimal structural connectivity (2 entity node(s), 1 directed edge(s)). ; Total transaction volume within the 72-hour incident window is ₹40,200.37 (average transfer: ₹40,200.37). ; No multi-hop fund routing or complex layering chains detected (max hop distance: 1). ; No illicit ATM cash-withdrawal terminal connections identified in the incident window.",5,No significant laundering pattern was detected at the configured risk threshold. Activity consistent with benign peer-to-peer transfers.,NONE
C000227,ENT_000192,0.9707,1,HIGH_CONFIDENCE,NONE,NONE,0.0,"GraphSAGE GNN assessed an elevated risk probability of 0.9707 (Tier: HIGH_CONFIDENCE). ; Unusual concentration of transaction activity observed within the 72-hour incident window. ; The incident graph spans 3 transaction hops, indicating multi-stage fund routing away from the complaint account. ; Cumulative transaction volume reached ₹51,768.11 with a peak single transfer of ₹18,303.21. ; Subnetwork connects 8 entities across 8 directed transaction edges (average node degree: 2.00, incident in-degree: 1, out-degree: 0). ; Graph topology exhibits high structural similarity (0.99) to cataloged reference laundering patterns.",6,High-risk multi-hop transaction activity with strong graph evidence was detected. Priority investigation recommended for root entity ENT_000192 and connected intermediaries.,NONE
C000228,ENT_000037,0.0025,0,NORMAL,NONE,NONE,0.0,"Model-derived risk probability is 0.0025, remaining well below the 0.50 suspicious triage threshold. ; Incident subgraph contains minimal structural connectivity (2 entity node(s), 1 directed edge(s)). ; Total transaction volume within the 72-hour incident window is ₹4,615.08 (average transfer: ₹4,615.08). ; No multi-hop fund routing or complex layering chains detected (max hop distance: 1). ; No illicit ATM cash-withdrawal terminal connections identified in the incident window.",5,No significant laundering pattern was detected at the configured risk threshold. Activity consistent with benign peer-to-peer transfers.,NONE
C000229,ENT_000005,0.0057,0,NORMAL,NONE,NONE,0.0,"Model-derived risk probability is 0.0057, remaining well below the 0.50 suspicious triage threshold. ; Incident subgraph contains minimal structural connectivity (3 entity node(s), 2 directed edge(s)). ; Total transaction volume within the 72-hour incident window is ₹61,517.77 (average transfer: ₹30,758.89). ; No multi-hop fund routing or complex layering chains detected (max hop distance: 1). ; No illicit ATM cash-withdrawal terminal connections identified in the incident window.",5,No significant laundering pattern was detected at the configured risk threshold. Activity consistent with benign peer-to-peer transfers.,NONE
C000230,ENT_000380,0.0009,0,NORMAL,NONE,NONE,0.0,"Model-derived risk probability is 0.0009, remaining well below the 0.50 suspicious triage threshold. ; Incident subgraph contains minimal structural connectivity (1 entity node(s), 0 directed edge(s)). ; Total transaction volume within the 72-hour incident window is ₹0.00 (average transfer: ₹0.00). ; No multi-hop fund routing or complex layering chains detected (max hop distance: 0). ; No illicit ATM cash-withdrawal terminal connections identified in the incident window.",5,No significant laundering pattern was detected at the configured risk threshold. Activity consistent with benign peer-to-peer transfers.,NONE
C000231,ENT_000664,0.9684,1,HIGH_CONFIDENCE,NONE,NONE,0.0,"GraphSAGE GNN assessed an elevated risk probability of 0.9684 (Tier: HIGH_CONFIDENCE). ; Unusual concentration of transaction activity observed within the 72-hour incident window. ; The incident graph spans 3 transaction hops, indicating multi-stage fund routing away from the complaint account. ; Cumulative transaction volume reached ₹367,296.01 with a peak single transfer of ₹159,180.43. ; Subnetwork connects 9 entities across 8 directed transaction edges (average node degree: 1.78, incident in-degree: 0, out-degree: 2). ; Graph topology exhibits high structural similarity (1.00) to cataloged reference laundering patterns.",6,High-risk multi-hop transaction activity with strong graph evidence was detected. Priority investigation recommended for root entity ENT_000664 and connected intermediaries.,NONE
C000232,ENT_000358,0.0006,0,NORMAL,NONE,NONE,0.0,"Model-derived risk probability is 0.0006, remaining well below the 0.50 suspicious triage threshold. ; Incident subgraph contains minimal structural connectivity (1 entity node(s), 0 directed edge(s)). ; Total transaction volume within the 72-hour incident window is ₹0.00 (average transfer: ₹0.00). ; No multi-hop fund routing or complex layering chains detected (max hop distance: 0). ; No illicit ATM cash-withdrawal terminal connections identified in the incident window.",5,No significant laundering pattern was detected at the configured risk threshold. Activity consistent with benign peer-to-peer transfers.,NONE
C000233,ENT_000443,0.0006,0,NORMAL,NONE,NONE,0.0,"Model-derived risk probability is 0.0006, remaining well below the 0.50 suspicious triage threshold. ; Incident subgraph contains minimal structural connectivity (1 entity node(s), 0 directed edge(s)). ; Total transaction volume within the 72-hour incident window is ₹0.00 (average transfer: ₹0.00). ; No multi-hop fund routing or complex layering chains detected (max hop distance: 0). ; No illicit ATM cash-withdrawal terminal connections identified in the incident window.",5,No significant laundering pattern was detected at the configured risk threshold. Activity consistent with benign peer-to-peer transfers.,NONE
C000234,ENT_000581,1.0,1,HIGH_CONFIDENCE,ATM_018,Bengaluru,0.6187,"GraphSAGE GNN assessed an elevated risk probability of 1.0000 (Tier: HIGH_CONFIDENCE). ; Unusual concentration of transaction activity observed within the 72-hour incident window. ; The incident graph spans 3 transaction hops, indicating multi-stage fund routing away from the complaint account. ; Cumulative transaction volume reached ₹2,120,356.29 with a peak single transfer of ₹333,523.86. ; Subnetwork connects 16 entities across 16 directed transaction edges (average node degree: 2.00, incident in-degree: 1, out-degree: 2). ; Likely downstream cash exit identified at terminal ATM_018 in Bengaluru (terminal risk score: 0.62, ₹47,125.85 withdrawn across 1 transaction(s)). ; Graph topology exhibits high structural similarity (1.00) to cataloged reference laundering patterns.",7,High-risk multi-hop transaction activity with downstream cash-out behavior was detected. Priority investigation recommended for root entity ENT_000581 and exit terminal ATM_018 (Bengaluru).,"Terminal: ATM_018 (Bengaluru) | Risk Score: 0.62 | Distance: 3 hop(s) | Cash Volume: ₹47,125.85 (1 tx) | Timing Delta: 51.9h from incident"
C000235,ENT_000603,0.0458,0,NORMAL,NONE,NONE,0.0,"Model-derived risk probability is 0.0458, remaining well below the 0.50 suspicious triage threshold. ; Incident subgraph contains minimal structural connectivity (6 entity node(s), 5 directed edge(s)). ; Total transaction volume within the 72-hour incident window is ₹56,169.69 (average transfer: ₹11,233.94). ; No multi-hop fund routing or complex layering chains detected (max hop distance: 3). ; No illicit ATM cash-withdrawal terminal connections identified in the incident window.",5,No significant laundering pattern was detected at the configured risk threshold. Activity consistent with benign peer-to-peer transfers.,NONE
C000236,ENT_000516,0.0007,0,NORMAL,NONE,NONE,0.0,"Model-derived risk probability is 0.0007, remaining well below the 0.50 suspicious triage threshold. ; Incident subgraph contains minimal structural connectivity (1 entity node(s), 0 directed edge(s)). ; Total transaction volume within the 72-hour incident window is ₹0.00 (average transfer: ₹0.00). ; No multi-hop fund routing or complex layering chains detected (max hop distance: 0). ; No illicit ATM cash-withdrawal terminal connections identified in the incident window.",5,No significant laundering pattern was detected at the configured risk threshold. Activity consistent with benign peer-to-peer transfers.,NONE
C000237,ENT_000137,0.0016,0,NORMAL,NONE,NONE,0.0,"Model-derived risk probability is 0.0016, remaining well below the 0.50 suspicious triage threshold. ; Incident subgraph contains minimal structural connectivity (2 entity node(s), 1 directed edge(s)). ; Total transaction volume within the 72-hour incident window is ₹4,746.05 (average transfer: ₹4,746.05). ; No multi-hop fund routing or complex layering chains detected (max hop distance: 1). ; No illicit ATM cash-withdrawal terminal connections identified in the incident window.",5,No significant laundering pattern was detected at the configured risk threshold. Activity consistent with benign peer-to-peer transfers.,NONE
C000238,ENT_000271,0.0087,0,NORMAL,NONE,NONE,0.0,"Model-derived risk probability is 0.0087, remaining well below the 0.50 suspicious triage threshold. ; Incident subgraph contains minimal structural connectivity (3 entity node(s), 2 directed edge(s)). ; Total transaction volume within the 72-hour incident window is ₹37,657.19 (average transfer: ₹18,828.60). ; No multi-hop fund routing or complex layering chains detected (max hop distance: 1). ; No illicit ATM cash-withdrawal terminal connections identified in the incident window.",5,No significant laundering pattern was detected at the configured risk threshold. Activity consistent with benign peer-to-peer transfers.,NONE
C000239,ENT_000399,0.0028,0,NORMAL,NONE,NONE,0.0,"Model-derived risk probability is 0.0028, remaining well below the 0.50 suspicious triage threshold. ; Incident subgraph contains minimal structural connectivity (2 entity node(s), 1 directed edge(s)). ; Total transaction volume within the 72-hour incident window is ₹33,687.02 (average transfer: ₹33,687.02). ; No multi-hop fund routing or complex layering chains detected (max hop distance: 1). ; No illicit ATM cash-withdrawal terminal connections identified in the incident window.",5,No significant laundering pattern was detected at the configured risk threshold. Activity consistent with benign peer-to-peer transfers.,NONE
C000240,ENT_000117,0.0012,0,NORMAL,NONE,NONE,0.0,"Model-derived risk probability is 0.0012, remaining well below the 0.50 suspicious triage threshold. ; Incident subgraph contains minimal structural connectivity (1 entity node(s), 0 directed edge(s)). ; Total transaction volume within the 72-hour incident window is ₹0.00 (average transfer: ₹0.00). ; No multi-hop fund routing or complex layering chains detected (max hop distance: 0). ; No illicit ATM cash-withdrawal terminal connections identified in the incident window.",5,No significant laundering pattern was detected at the configured risk threshold. Activity consistent with benign peer-to-peer transfers.,NONE
C000241,ENT_000613,0.9996,1,HIGH_CONFIDENCE,NONE,NONE,0.0,"GraphSAGE GNN assessed an elevated risk probability of 0.9996 (Tier: HIGH_CONFIDENCE). ; Unusual concentration of transaction activity observed within the 72-hour incident window. ; The incident graph spans 3 transaction hops, indicating multi-stage fund routing away from the complaint account. ; Cumulative transaction volume reached ₹777,643.55 with a peak single transfer of ₹250,559.89. ; Subnetwork connects 8 entities across 7 directed transaction edges (average node degree: 1.75, incident in-degree: 1, out-degree: 0). ; Graph topology exhibits high structural similarity (1.00) to cataloged reference laundering patterns.",6,High-risk multi-hop transaction activity with strong graph evidence was detected. Priority investigation recommended for root entity ENT_000613 and connected intermediaries.,NONE
C000242,ENT_000526,0.0278,0,NORMAL,NONE,NONE,0.0,"Model-derived risk probability is 0.0278, remaining well below the 0.50 suspicious triage threshold. ; Incident subgraph contains minimal structural connectivity (5 entity node(s), 4 directed edge(s)). ; Total transaction volume within the 72-hour incident window is ₹10,180.69 (average transfer: ₹2,545.17). ; No multi-hop fund routing or complex layering chains detected (max hop distance: 3). ; No illicit ATM cash-withdrawal terminal connections identified in the incident window.",5,No significant laundering pattern was detected at the configured risk threshold. Activity consistent with benign peer-to-peer transfers.,NONE
C000243,ENT_000432,0.002,0,NORMAL,NONE,NONE,0.0,"Model-derived risk probability is 0.0020, remaining well below the 0.50 suspicious triage threshold. ; Incident subgraph contains minimal structural connectivity (2 entity node(s), 1 directed edge(s)). ; Total transaction volume within the 72-hour incident window is ₹784.59 (average transfer: ₹784.59). ; No multi-hop fund routing or complex layering chains detected (max hop distance: 1). ; No illicit ATM cash-withdrawal terminal connections identified in the incident window.",5,No significant laundering pattern was detected at the configured risk threshold. Activity consistent with benign peer-to-peer transfers.,NONE
C000244,ENT_000253,0.8874,1,HIGH_CONFIDENCE,NONE,NONE,0.0,"GraphSAGE GNN assessed an elevated risk probability of 0.8874 (Tier: HIGH_CONFIDENCE). ; Unusual concentration of transaction activity observed within the 72-hour incident window. ; The incident graph spans 3 transaction hops, indicating multi-stage fund routing away from the complaint account. ; Cumulative transaction volume reached ₹242,565.59 with a peak single transfer of ₹65,153.39. ; Subnetwork connects 6 entities across 5 directed transaction edges (average node degree: 1.67, incident in-degree: 1, out-degree: 0). ; Graph topology exhibits high structural similarity (0.99) to cataloged reference laundering patterns.",6,High-risk multi-hop transaction activity with strong graph evidence was detected. Priority investigation recommended for root entity ENT_000253 and connected intermediaries.,NONE
C000245,ENT_000045,0.0008,0,NORMAL,NONE,NONE,0.0,"Model-derived risk probability is 0.0008, remaining well below the 0.50 suspicious triage threshold. ; Incident subgraph contains minimal structural connectivity (1 entity node(s), 0 directed edge(s)). ; Total transaction volume within the 72-hour incident window is ₹0.00 (average transfer: ₹0.00). ; No multi-hop fund routing or complex layering chains detected (max hop distance: 0). ; No illicit ATM cash-withdrawal terminal connections identified in the incident window.",5,No significant laundering pattern was detected at the configured risk threshold. Activity consistent with benign peer-to-peer transfers.,NONE
C000246,ENT_000045,0.9076,1,HIGH_CONFIDENCE,NONE,NONE,0.0,"GraphSAGE GNN assessed an elevated risk probability of 0.9076 (Tier: HIGH_CONFIDENCE). ; Unusual concentration of transaction activity observed within the 72-hour incident window. ; The incident graph spans 3 transaction hops, indicating multi-stage fund routing away from the complaint account. ; Cumulative transaction volume reached ₹913,757.80 with a peak single transfer of ₹299,866.88. ; Subnetwork connects 10 entities across 9 directed transaction edges (average node degree: 1.80, incident in-degree: 0, out-degree: 1). ; Graph topology exhibits high structural similarity (1.00) to cataloged reference laundering patterns.",6,High-risk multi-hop transaction activity with strong graph evidence was detected. Priority investigation recommended for root entity ENT_000045 and connected intermediaries.,NONE
C000247,ENT_000618,0.0008,0,NORMAL,NONE,NONE,0.0,"Model-derived risk probability is 0.0008, remaining well below the 0.50 suspicious triage threshold. ; Incident subgraph contains minimal structural connectivity (1 entity node(s), 0 directed edge(s)). ; Total transaction volume within the 72-hour incident window is ₹0.00 (average transfer: ₹0.00). ; No multi-hop fund routing or complex layering chains detected (max hop distance: 0). ; No illicit ATM cash-withdrawal terminal connections identified in the incident window.",5,No significant laundering pattern was detected at the configured risk threshold. Activity consistent with benign peer-to-peer transfers.,NONE
C000248,ENT_000587,0.0021,0,NORMAL,NONE,NONE,0.0,"Model-derived risk probability is 0.0021, remaining well below the 0.50 suspicious triage threshold. ; Incident subgraph contains minimal structural connectivity (2 entity node(s), 1 directed edge(s)). ; Total transaction volume within the 72-hour incident window is ₹3,061.06 (average transfer: ₹3,061.06). ; No multi-hop fund routing or complex layering chains detected (max hop distance: 1). ; No illicit ATM cash-withdrawal terminal connections identified in the incident window.",5,No significant laundering pattern was detected at the configured risk threshold. Activity consistent with benign peer-to-peer transfers.,NONE
C000249,ENT_000393,0.0015,0,NORMAL,NONE,NONE,0.0,"Model-derived risk probability is 0.0015, remaining well below the 0.50 suspicious triage threshold. ; Incident subgraph contains minimal structural connectivity (2 entity node(s), 1 directed edge(s)). ; Total transaction volume within the 72-hour incident window is ₹2,628.18 (average transfer: ₹2,628.18). ; No multi-hop fund routing or complex layering chains detected (max hop distance: 1). ; No illicit ATM cash-withdrawal terminal connections identified in the incident window.",5,No significant laundering pattern was detected at the configured risk threshold. Activity consistent with benign peer-to-peer transfers.,NONE
C000250,ENT_000191,0.001,0,NORMAL,NONE,NONE,0.0,"Model-derived risk probability is 0.0010, remaining well below the 0.50 suspicious triage threshold. ; Incident subgraph contains minimal structural connectivity (1 entity node(s), 0 directed edge(s)). ; Total transaction volume within the 72-hour incident window is ₹0.00 (average transfer: ₹0.00). ; No multi-hop fund routing or complex layering chains detected (max hop distance: 0). ; No illicit ATM cash-withdrawal terminal connections identified in the incident window.",5,No significant laundering pattern was detected at the configured risk threshold. Activity consistent with benign peer-to-peer transfers.,NONE
C000251,ENT_000486,0.0008,0,NORMAL,NONE,NONE,0.0,"Model-derived risk probability is 0.0008, remaining well below the 0.50 suspicious triage threshold. ; Incident subgraph contains minimal structural connectivity (1 entity node(s), 0 directed edge(s)). ; Total transaction volume within the 72-hour incident window is ₹0.00 (average transfer: ₹0.00). ; No multi-hop fund routing or complex layering chains detected (max hop distance: 0). ; No illicit ATM cash-withdrawal terminal connections identified in the incident window.",5,No significant laundering pattern was detected at the configured risk threshold. Activity consistent with benign peer-to-peer transfers.,NONE
C000252,ENT_000078,0.0006,0,NORMAL,NONE,NONE,0.0,"Model-derived risk probability is 0.0006, remaining well below the 0.50 suspicious triage threshold. ; Incident subgraph contains minimal structural connectivity (1 entity node(s), 0 directed edge(s)). ; Total transaction volume within the 72-hour incident window is ₹0.00 (average transfer: ₹0.00). ; No multi-hop fund routing or complex layering chains detected (max hop distance: 0). ; No illicit ATM cash-withdrawal terminal connections identified in the incident window.",5,No significant laundering pattern was detected at the configured risk threshold. Activity consistent with benign peer-to-peer transfers.,NONE
C000253,ENT_000387,0.1628,0,NORMAL,NONE,NONE,0.0,"Model-derived risk probability is 0.1628, remaining well below the 0.50 suspicious triage threshold. ; Incident subgraph contains minimal structural connectivity (6 entity node(s), 6 directed edge(s)). ; Total transaction volume within the 72-hour incident window is ₹61,055.26 (average transfer: ₹10,175.88). ; No multi-hop fund routing or complex layering chains detected (max hop distance: 3). ; No illicit ATM cash-withdrawal terminal connections identified in the incident window.",5,No significant laundering pattern was detected at the configured risk threshold. Activity consistent with benign peer-to-peer transfers.,NONE
C000254,ENT_000270,0.0012,0,NORMAL,NONE,NONE,0.0,"Model-derived risk probability is 0.0012, remaining well below the 0.50 suspicious triage threshold. ; Incident subgraph contains minimal structural connectivity (1 entity node(s), 0 directed edge(s)). ; Total transaction volume within the 72-hour incident window is ₹0.00 (average transfer: ₹0.00). ; No multi-hop fund routing or complex layering chains detected (max hop distance: 0). ; No illicit ATM cash-withdrawal terminal connections identified in the incident window.",5,No significant laundering pattern was detected at the configured risk threshold. Activity consistent with benign peer-to-peer transfers.,NONE
C000255,ENT_000611,0.0013,0,NORMAL,NONE,NONE,0.0,"Model-derived risk probability is 0.0013, remaining well below the 0.50 suspicious triage threshold. ; Incident subgraph contains minimal structural connectivity (2 entity node(s), 1 directed edge(s)). ; Total transaction volume within the 72-hour incident window is ₹3,651.03 (average transfer: ₹3,651.03). ; No multi-hop fund routing or complex layering chains detected (max hop distance: 1). ; No illicit ATM cash-withdrawal terminal connections identified in the incident window.",5,No significant laundering pattern was detected at the configured risk threshold. Activity consistent with benign peer-to-peer transfers.,NONE
C000256,ENT_000695,0.6542,1,HIGH_CONFIDENCE,ATM_017,Delhi,0.5625,"GraphSAGE GNN assessed an elevated risk probability of 0.6542 (Tier: HIGH_CONFIDENCE). ; Unusual concentration of transaction activity observed within the 72-hour incident window. ; The incident graph spans 3 transaction hops, indicating multi-stage fund routing away from the complaint account. ; Cumulative transaction volume reached ₹32,999.22 with a peak single transfer of ₹7,066.37. ; Subnetwork connects 11 entities across 11 directed transaction edges (average node degree: 2.00, incident in-degree: 0, out-degree: 3). ; Likely downstream cash exit identified at terminal ATM_017 in Delhi (terminal risk score: 0.56, ₹3,231.15 withdrawn across 1 transaction(s)). ; Graph topology exhibits high structural similarity (0.99) to cataloged reference laundering patterns.",7,High-risk multi-hop transaction activity with downstream cash-out behavior was detected. Priority investigation recommended for root entity ENT_000695 and exit terminal ATM_017 (Delhi).,"Terminal: ATM_017 (Delhi) | Risk Score: 0.56 | Distance: 1 hop(s) | Cash Volume: ₹3,231.15 (1 tx) | Timing Delta: 8.4h from incident"
C000257,ENT_000212,0.0015,0,NORMAL,NONE,NONE,0.0,"Model-derived risk probability is 0.0015, remaining well below the 0.50 suspicious triage threshold. ; Incident subgraph contains minimal structural connectivity (2 entity node(s), 1 directed edge(s)). ; Total transaction volume within the 72-hour incident window is ₹3,767.88 (average transfer: ₹3,767.88). ; No multi-hop fund routing or complex layering chains detected (max hop distance: 1). ; No illicit ATM cash-withdrawal terminal connections identified in the incident window.",5,No significant laundering pattern was detected at the configured risk threshold. Activity consistent with benign peer-to-peer transfers.,NONE
C000258,ENT_000668,0.001,0,NORMAL,NONE,NONE,0.0,"Model-derived risk probability is 0.0010, remaining well below the 0.50 suspicious triage threshold. ; Incident subgraph contains minimal structural connectivity (1 entity node(s), 0 directed edge(s)). ; Total transaction volume within the 72-hour incident window is ₹0.00 (average transfer: ₹0.00). ; No multi-hop fund routing or complex layering chains detected (max hop distance: 0). ; No illicit ATM cash-withdrawal terminal connections identified in the incident window.",5,No significant laundering pattern was detected at the configured risk threshold. Activity consistent with benign peer-to-peer transfers.,NONE
C000259,ENT_000303,0.1833,0,NORMAL,NONE,NONE,0.0,"Model-derived risk probability is 0.1833, remaining well below the 0.50 suspicious triage threshold. ; Incident subgraph contains minimal structural connectivity (9 entity node(s), 8 directed edge(s)). ; Total transaction volume within the 72-hour incident window is ₹53,102.61 (average transfer: ₹6,637.83). ; No multi-hop fund routing or complex layering chains detected (max hop distance: 3). ; No illicit ATM cash-withdrawal terminal connections identified in the incident window.",5,No significant laundering pattern was detected at the configured risk threshold. Activity consistent with benign peer-to-peer transfers.,NONE
C000260,ENT_000458,0.0084,0,NORMAL,NONE,NONE,0.0,"Model-derived risk probability is 0.0084, remaining well below the 0.50 suspicious triage threshold. ; Incident subgraph contains minimal structural connectivity (3 entity node(s), 2 directed edge(s)). ; Total transaction volume within the 72-hour incident window is ₹7,108.17 (average transfer: ₹3,554.09). ; No multi-hop fund routing or complex layering chains detected (max hop distance: 2). ; No illicit ATM cash-withdrawal terminal connections identified in the incident window.",5,No significant laundering pattern was detected at the configured risk threshold. Activity consistent with benign peer-to-peer transfers.,NONE
C000261,ENT_000383,0.0018,0,NORMAL,NONE,NONE,0.0,"Model-derived risk probability is 0.0018, remaining well below the 0.50 suspicious triage threshold. ; Incident subgraph contains minimal structural connectivity (2 entity node(s), 1 directed edge(s)). ; Total transaction volume within the 72-hour incident window is ₹3,072.03 (average transfer: ₹3,072.03). ; No multi-hop fund routing or complex layering chains detected (max hop distance: 1). ; No illicit ATM cash-withdrawal terminal connections identified in the incident window.",5,No significant laundering pattern was detected at the configured risk threshold. Activity consistent with benign peer-to-peer transfers.,NONE
C000262,ENT_000679,0.0009,0,NORMAL,NONE,NONE,0.0,"Model-derived risk probability is 0.0009, remaining well below the 0.50 suspicious triage threshold. ; Incident subgraph contains minimal structural connectivity (1 entity node(s), 0 directed edge(s)). ; Total transaction volume within the 72-hour incident window is ₹0.00 (average transfer: ₹0.00). ; No multi-hop fund routing or complex layering chains detected (max hop distance: 0). ; No illicit ATM cash-withdrawal terminal connections identified in the incident window.",5,No significant laundering pattern was detected at the configured risk threshold. Activity consistent with benign peer-to-peer transfers.,NONE
C000263,ENT_000150,0.0007,0,NORMAL,NONE,NONE,0.0,"Model-derived risk probability is 0.0007, remaining well below the 0.50 suspicious triage threshold. ; Incident subgraph contains minimal structural connectivity (1 entity node(s), 0 directed edge(s)). ; Total transaction volume within the 72-hour incident window is ₹0.00 (average transfer: ₹0.00). ; No multi-hop fund routing or complex layering chains detected (max hop distance: 0). ; No illicit ATM cash-withdrawal terminal connections identified in the incident window.",5,No significant laundering pattern was detected at the configured risk threshold. Activity consistent with benign peer-to-peer transfers.,NONE
C000264,ENT_000640,0.0008,0,NORMAL,NONE,NONE,0.0,"Model-derived risk probability is 0.0008, remaining well below the 0.50 suspicious triage threshold. ; Incident subgraph contains minimal structural connectivity (1 entity node(s), 0 directed edge(s)). ; Total transaction volume within the 72-hour incident window is ₹0.00 (average transfer: ₹0.00). ; No multi-hop fund routing or complex layering chains detected (max hop distance: 0). ; No illicit ATM cash-withdrawal terminal connections identified in the incident window.",5,No significant laundering pattern was detected at the configured risk threshold. Activity consistent with benign peer-to-peer transfers.,NONE
C000265,ENT_000198,0.0008,0,NORMAL,NONE,NONE,0.0,"Model-derived risk probability is 0.0008, remaining well below the 0.50 suspicious triage threshold. ; Incident subgraph contains minimal structural connectivity (1 entity node(s), 0 directed edge(s)). ; Total transaction volume within the 72-hour incident window is ₹0.00 (average transfer: ₹0.00). ; No multi-hop fund routing or complex layering chains detected (max hop distance: 0). ; No illicit ATM cash-withdrawal terminal connections identified in the incident window.",5,No significant laundering pattern was detected at the configured risk threshold. Activity consistent with benign peer-to-peer transfers.,NONE
C000266,ENT_000697,0.9462,1,HIGH_CONFIDENCE,NONE,NONE,0.0,"GraphSAGE GNN assessed an elevated risk probability of 0.9462 (Tier: HIGH_CONFIDENCE). ; Unusual concentration of transaction activity observed within the 72-hour incident window. ; The incident graph spans 3 transaction hops, indicating multi-stage fund routing away from the complaint account. ; Cumulative transaction volume reached ₹429,442.08 with a peak single transfer of ₹307,982.37. ; Subnetwork connects 6 entities across 5 directed transaction edges (average node degree: 1.67, incident in-degree: 1, out-degree: 0). ; Graph topology exhibits high structural similarity (0.99) to cataloged reference laundering patterns.",6,High-risk multi-hop transaction activity with strong graph evidence was detected. Priority investigation recommended for root entity ENT_000697 and connected intermediaries.,NONE
C000267,ENT_000676,0.0006,0,NORMAL,NONE,NONE,0.0,"Model-derived risk probability is 0.0006, remaining well below the 0.50 suspicious triage threshold. ; Incident subgraph contains minimal structural connectivity (1 entity node(s), 0 directed edge(s)). ; Total transaction volume within the 72-hour incident window is ₹0.00 (average transfer: ₹0.00). ; No multi-hop fund routing or complex layering chains detected (max hop distance: 0). ; No illicit ATM cash-withdrawal terminal connections identified in the incident window.",5,No significant laundering pattern was detected at the configured risk threshold. Activity consistent with benign peer-to-peer transfers.,NONE
C000268,ENT_000064,0.8369,1,HIGH_CONFIDENCE,NONE,NONE,0.0,"GraphSAGE GNN assessed an elevated risk probability of 0.8369 (Tier: HIGH_CONFIDENCE). ; Unusual concentration of transaction activity observed within the 72-hour incident window. ; The incident graph spans 3 transaction hops, indicating multi-stage fund routing away from the complaint account. ; Cumulative transaction volume reached ₹272,781.83 with a peak single transfer of ₹261,509.57. ; Subnetwork connects 6 entities across 5 directed transaction edges (average node degree: 1.67, incident in-degree: 0, out-degree: 1). ; Graph topology exhibits high structural similarity (0.99) to cataloged reference laundering patterns.",6,High-risk multi-hop transaction activity with strong graph evidence was detected. Priority investigation recommended for root entity ENT_000064 and connected intermediaries.,NONE
C000269,ENT_000088,0.0015,0,NORMAL,NONE,NONE,0.0,"Model-derived risk probability is 0.0015, remaining well below the 0.50 suspicious triage threshold. ; Incident subgraph contains minimal structural connectivity (2 entity node(s), 1 directed edge(s)). ; Total transaction volume within the 72-hour incident window is ₹4,879.25 (average transfer: ₹4,879.25). ; No multi-hop fund routing or complex layering chains detected (max hop distance: 1). ; No illicit ATM cash-withdrawal terminal connections identified in the incident window.",5,No significant laundering pattern was detected at the configured risk threshold. Activity consistent with benign peer-to-peer transfers.,NONE
C000270,ENT_000104,0.1658,0,NORMAL,NONE,NONE,0.0,"Model-derived risk probability is 0.1658, remaining well below the 0.50 suspicious triage threshold. ; Incident subgraph contains minimal structural connectivity (8 entity node(s), 7 directed edge(s)). ; Total transaction volume within the 72-hour incident window is ₹101,625.47 (average transfer: ₹14,517.92). ; No multi-hop fund routing or complex layering chains detected (max hop distance: 3). ; No illicit ATM cash-withdrawal terminal connections identified in the incident window.",5,No significant laundering pattern was detected at the configured risk threshold. Activity consistent with benign peer-to-peer transfers.,NONE
C000271,ENT_000435,0.0314,0,NORMAL,NONE,NONE,0.0,"Model-derived risk probability is 0.0314, remaining well below the 0.50 suspicious triage threshold. ; Incident subgraph contains minimal structural connectivity (4 entity node(s), 3 directed edge(s)). ; Total transaction volume within the 72-hour incident window is ₹7,697.18 (average transfer: ₹2,565.73). ; No multi-hop fund routing or complex layering chains detected (max hop distance: 3). ; No illicit ATM cash-withdrawal terminal connections identified in the incident window.",5,No significant laundering pattern was detected at the configured risk threshold. Activity consistent with benign peer-to-peer transfers.,NONE
C000272,ENT_000001,0.0085,0,NORMAL,NONE,NONE,0.0,"Model-derived risk probability is 0.0085, remaining well below the 0.50 suspicious triage threshold. ; Incident subgraph contains minimal structural connectivity (3 entity node(s), 2 directed edge(s)). ; Total transaction volume within the 72-hour incident window is ₹4,512.27 (average transfer: ₹2,256.13). ; No multi-hop fund routing or complex layering chains detected (max hop distance: 2). ; No illicit ATM cash-withdrawal terminal connections identified in the incident window.",5,No significant laundering pattern was detected at the configured risk threshold. Activity consistent with benign peer-to-peer transfers.,NONE
C000273,ENT_000020,0.9989,1,HIGH_CONFIDENCE,NONE,NONE,0.0,"GraphSAGE GNN assessed an elevated risk probability of 0.9989 (Tier: HIGH_CONFIDENCE). ; Unusual concentration of transaction activity observed within the 72-hour incident window. ; The incident graph spans 3 transaction hops, indicating multi-stage fund routing away from the complaint account. ; Cumulative transaction volume reached ₹1,351,672.55 with a peak single transfer of ₹224,159.37. ; Subnetwork connects 13 entities across 13 directed transaction edges (average node degree: 2.00, incident in-degree: 1, out-degree: 1). ; Graph topology exhibits high structural similarity (1.00) to cataloged reference laundering patterns.",6,High-risk multi-hop transaction activity with strong graph evidence was detected. Priority investigation recommended for root entity ENT_000020 and connected intermediaries.,NONE
C000274,ENT_000081,0.0035,0,NORMAL,NONE,NONE,0.0,"Model-derived risk probability is 0.0035, remaining well below the 0.50 suspicious triage threshold. ; Incident subgraph contains minimal structural connectivity (2 entity node(s), 1 directed edge(s)). ; Total transaction volume within the 72-hour incident window is ₹44,467.26 (average transfer: ₹44,467.26). ; No multi-hop fund routing or complex layering chains detected (max hop distance: 1). ; No illicit ATM cash-withdrawal terminal connections identified in the incident window.",5,No significant laundering pattern was detected at the configured risk threshold. Activity consistent with benign peer-to-peer transfers.,NONE
C000275,ENT_000533,0.0481,0,NORMAL,NONE,NONE,0.0,"Model-derived risk probability is 0.0481, remaining well below the 0.50 suspicious triage threshold. ; Incident subgraph contains minimal structural connectivity (4 entity node(s), 3 directed edge(s)). ; Total transaction volume within the 72-hour incident window is ₹36,790.97 (average transfer: ₹12,263.66). ; No multi-hop fund routing or complex layering chains detected (max hop distance: 3). ; No illicit ATM cash-withdrawal terminal connections identified in the incident window.",5,No significant laundering pattern was detected at the configured risk threshold. Activity consistent with benign peer-to-peer transfers.,NONE
C000276,ENT_000511,0.001,0,NORMAL,NONE,NONE,0.0,"Model-derived risk probability is 0.0010, remaining well below the 0.50 suspicious triage threshold. ; Incident subgraph contains minimal structural connectivity (1 entity node(s), 0 directed edge(s)). ; Total transaction volume within the 72-hour incident window is ₹0.00 (average transfer: ₹0.00). ; No multi-hop fund routing or complex layering chains detected (max hop distance: 0). ; No illicit ATM cash-withdrawal terminal connections identified in the incident window.",5,No significant laundering pattern was detected at the configured risk threshold. Activity consistent with benign peer-to-peer transfers.,NONE
C000277,ENT_000012,0.001,0,NORMAL,NONE,NONE,0.0,"Model-derived risk probability is 0.0010, remaining well below the 0.50 suspicious triage threshold. ; Incident subgraph contains minimal structural connectivity (1 entity node(s), 0 directed edge(s)). ; Total transaction volume within the 72-hour incident window is ₹0.00 (average transfer: ₹0.00). ; No multi-hop fund routing or complex layering chains detected (max hop distance: 0). ; No illicit ATM cash-withdrawal terminal connections identified in the incident window.",5,No significant laundering pattern was detected at the configured risk threshold. Activity consistent with benign peer-to-peer transfers.,NONE
C000278,ENT_000195,0.0028,0,NORMAL,NONE,NONE,0.0,"Model-derived risk probability is 0.0028, remaining well below the 0.50 suspicious triage threshold. ; Incident subgraph contains minimal structural connectivity (2 entity node(s), 1 directed edge(s)). ; Total transaction volume within the 72-hour incident window is ₹23,853.14 (average transfer: ₹23,853.14). ; No multi-hop fund routing or complex layering chains detected (max hop distance: 1). ; No illicit ATM cash-withdrawal terminal connections identified in the incident window.",5,No significant laundering pattern was detected at the configured risk threshold. Activity consistent with benign peer-to-peer transfers.,NONE
C000279,ENT_000266,0.0008,0,NORMAL,NONE,NONE,0.0,"Model-derived risk probability is 0.0008, remaining well below the 0.50 suspicious triage threshold. ; Incident subgraph contains minimal structural connectivity (1 entity node(s), 0 directed edge(s)). ; Total transaction volume within the 72-hour incident window is ₹0.00 (average transfer: ₹0.00). ; No multi-hop fund routing or complex layering chains detected (max hop distance: 0). ; No illicit ATM cash-withdrawal terminal connections identified in the incident window.",5,No significant laundering pattern was detected at the configured risk threshold. Activity consistent with benign peer-to-peer transfers.,NONE
C000280,ENT_000409,0.5872,1,MEDIUM_CONFIDENCE,NONE,NONE,0.0,"GraphSAGE GNN assessed an elevated risk probability of 0.5872 (Tier: MEDIUM_CONFIDENCE). ; Unusual concentration of transaction activity observed within the 72-hour incident window. ; The incident graph spans 3 transaction hops, indicating multi-stage fund routing away from the complaint account. ; Cumulative transaction volume reached ₹525,690.91 with a peak single transfer of ₹394,687.75. ; Subnetwork connects 8 entities across 7 directed transaction edges (average node degree: 1.75, incident in-degree: 2, out-degree: 0). ; Graph topology exhibits high structural similarity (0.99) to cataloged reference laundering patterns.",6,"Elevated transaction risk detected around entity ENT_000409. Multi-hop activity observed, but supporting terminal or structural reference evidence remains partial.",NONE
C000281,ENT_000375,0.0048,0,NORMAL,NONE,NONE,0.0,"Model-derived risk probability is 0.0048, remaining well below the 0.50 suspicious triage threshold. ; Incident subgraph contains minimal structural connectivity (3 entity node(s), 2 directed edge(s)). ; Total transaction volume within the 72-hour incident window is ₹1,656.71 (average transfer: ₹828.36). ; No multi-hop fund routing or complex layering chains detected (max hop distance: 2). ; No illicit ATM cash-withdrawal terminal connections identified in the incident window.",5,No significant laundering pattern was detected at the configured risk threshold. Activity consistent with benign peer-to-peer transfers.,NONE
C000282,ENT_000263,0.1768,0,NORMAL,NONE,NONE,0.0,"Model-derived risk probability is 0.1768, remaining well below the 0.50 suspicious triage threshold. ; Incident subgraph contains minimal structural connectivity (5 entity node(s), 4 directed edge(s)). ; Total transaction volume within the 72-hour incident window is ₹17,687.65 (average transfer: ₹4,421.91). ; No multi-hop fund routing or complex layering chains detected (max hop distance: 3). ; No illicit ATM cash-withdrawal terminal connections identified in the incident window.",5,No significant laundering pattern was detected at the configured risk threshold. Activity consistent with benign peer-to-peer transfers.,NONE
C000283,ENT_000321,0.0022,0,NORMAL,NONE,NONE,0.0,"Model-derived risk probability is 0.0022, remaining well below the 0.50 suspicious triage threshold. ; Incident subgraph contains minimal structural connectivity (2 entity node(s), 1 directed edge(s)). ; Total transaction volume within the 72-hour incident window is ₹47,103.49 (average transfer: ₹47,103.49). ; No multi-hop fund routing or complex layering chains detected (max hop distance: 1). ; No illicit ATM cash-withdrawal terminal connections identified in the incident window.",5,No significant laundering pattern was detected at the configured risk threshold. Activity consistent with benign peer-to-peer transfers.,NONE
C000284,ENT_000049,0.0024,0,NORMAL,NONE,NONE,0.0,"Model-derived risk probability is 0.0024, remaining well below the 0.50 suspicious triage threshold. ; Incident subgraph contains minimal structural connectivity (2 entity node(s), 1 directed edge(s)). ; Total transaction volume within the 72-hour incident window is ₹30,846.57 (average transfer: ₹30,846.57). ; No multi-hop fund routing or complex layering chains detected (max hop distance: 1). ; No illicit ATM cash-withdrawal terminal connections identified in the incident window.",5,No significant laundering pattern was detected at the configured risk threshold. Activity consistent with benign peer-to-peer transfers.,NONE
C000285,ENT_000312,0.0042,0,NORMAL,NONE,NONE,0.0,"Model-derived risk probability is 0.0042, remaining well below the 0.50 suspicious triage threshold. ; Incident subgraph contains minimal structural connectivity (3 entity node(s), 2 directed edge(s)). ; Total transaction volume within the 72-hour incident window is ₹5,007.41 (average transfer: ₹2,503.70). ; No multi-hop fund routing or complex layering chains detected (max hop distance: 2). ; No illicit ATM cash-withdrawal terminal connections identified in the incident window.",5,No significant laundering pattern was detected at the configured risk threshold. Activity consistent with benign peer-to-peer transfers.,NONE
C000286,ENT_000029,0.0026,0,NORMAL,NONE,NONE,0.0,"Model-derived risk probability is 0.0026, remaining well below the 0.50 suspicious triage threshold. ; Incident subgraph contains minimal structural connectivity (3 entity node(s), 2 directed edge(s)). ; Total transaction volume within the 72-hour incident window is ₹10,621.17 (average transfer: ₹5,310.59). ; No multi-hop fund routing or complex layering chains detected (max hop distance: 1). ; No illicit ATM cash-withdrawal terminal connections identified in the incident window.",5,No significant laundering pattern was detected at the configured risk threshold. Activity consistent with benign peer-to-peer transfers.,NONE
C000287,ENT_000240,0.0006,0,NORMAL,NONE,NONE,0.0,"Model-derived risk probability is 0.0006, remaining well below the 0.50 suspicious triage threshold. ; Incident subgraph contains minimal structural connectivity (1 entity node(s), 0 directed edge(s)). ; Total transaction volume within the 72-hour incident window is ₹0.00 (average transfer: ₹0.00). ; No multi-hop fund routing or complex layering chains detected (max hop distance: 0). ; No illicit ATM cash-withdrawal terminal connections identified in the incident window.",5,No significant laundering pattern was detected at the configured risk threshold. Activity consistent with benign peer-to-peer transfers.,NONE
C000288,ENT_000241,0.0009,0,NORMAL,NONE,NONE,0.0,"Model-derived risk probability is 0.0009, remaining well below the 0.50 suspicious triage threshold. ; Incident subgraph contains minimal structural connectivity (1 entity node(s), 0 directed edge(s)). ; Total transaction volume within the 72-hour incident window is ₹0.00 (average transfer: ₹0.00). ; No multi-hop fund routing or complex layering chains detected (max hop distance: 0). ; No illicit ATM cash-withdrawal terminal connections identified in the incident window.",5,No significant laundering pattern was detected at the configured risk threshold. Activity consistent with benign peer-to-peer transfers.,NONE
C000289,ENT_000035,0.018,0,NORMAL,NONE,NONE,0.0,"Model-derived risk probability is 0.0180, remaining well below the 0.50 suspicious triage threshold. ; Incident subgraph contains minimal structural connectivity (4 entity node(s), 3 directed edge(s)). ; Total transaction volume within the 72-hour incident window is ₹5,819.79 (average transfer: ₹1,939.93). ; No multi-hop fund routing or complex layering chains detected (max hop distance: 1). ; No illicit ATM cash-withdrawal terminal connections identified in the incident window.",5,No significant laundering pattern was detected at the configured risk threshold. Activity consistent with benign peer-to-peer transfers.,NONE
C000290,ENT_000135,0.0006,0,NORMAL,NONE,NONE,0.0,"Model-derived risk probability is 0.0006, remaining well below the 0.50 suspicious triage threshold. ; Incident subgraph contains minimal structural connectivity (1 entity node(s), 0 directed edge(s)). ; Total transaction volume within the 72-hour incident window is ₹0.00 (average transfer: ₹0.00). ; No multi-hop fund routing or complex layering chains detected (max hop distance: 0). ; No illicit ATM cash-withdrawal terminal connections identified in the incident window.",5,No significant laundering pattern was detected at the configured risk threshold. Activity consistent with benign peer-to-peer transfers.,NONE
C000291,ENT_000306,0.0009,0,NORMAL,NONE,NONE,0.0,"Model-derived risk probability is 0.0009, remaining well below the 0.50 suspicious triage threshold. ; Incident subgraph contains minimal structural connectivity (1 entity node(s), 0 directed edge(s)). ; Total transaction volume within the 72-hour incident window is ₹0.00 (average transfer: ₹0.00). ; No multi-hop fund routing or complex layering chains detected (max hop distance: 0). ; No illicit ATM cash-withdrawal terminal connections identified in the incident window.",5,No significant laundering pattern was detected at the configured risk threshold. Activity consistent with benign peer-to-peer transfers.,NONE
C000292,ENT_000475,0.0006,0,NORMAL,NONE,NONE,0.0,"Model-derived risk probability is 0.0006, remaining well below the 0.50 suspicious triage threshold. ; Incident subgraph contains minimal structural connectivity (1 entity node(s), 0 directed edge(s)). ; Total transaction volume within the 72-hour incident window is ₹0.00 (average transfer: ₹0.00). ; No multi-hop fund routing or complex layering chains detected (max hop distance: 0). ; No illicit ATM cash-withdrawal terminal connections identified in the incident window.",5,No significant laundering pattern was detected at the configured risk threshold. Activity consistent with benign peer-to-peer transfers.,NONE
C000293,ENT_000663,0.2446,0,NORMAL,NONE,NONE,0.0,"Model-derived risk probability is 0.2446, remaining well below the 0.50 suspicious triage threshold. ; Incident subgraph contains minimal structural connectivity (4 entity node(s), 3 directed edge(s)). ; Total transaction volume within the 72-hour incident window is ₹414,001.01 (average transfer: ₹138,000.34). ; No multi-hop fund routing or complex layering chains detected (max hop distance: 2). ; No illicit ATM cash-withdrawal terminal connections identified in the incident window.",5,No significant laundering pattern was detected at the configured risk threshold. Activity consistent with benign peer-to-peer transfers.,NONE
C000294,ENT_000064,0.9709,1,HIGH_CONFIDENCE,ATM_033,Bengaluru,0.7079,"GraphSAGE GNN assessed an elevated risk probability of 0.9709 (Tier: HIGH_CONFIDENCE). ; Unusual concentration of transaction activity observed within the 72-hour incident window. ; The incident graph spans 3 transaction hops, indicating multi-stage fund routing away from the complaint account. ; Cumulative transaction volume reached ₹491,668.42 with a peak single transfer of ₹149,501.09. ; Subnetwork connects 9 entities across 8 directed transaction edges (average node degree: 1.78, incident in-degree: 1, out-degree: 1). ; Likely downstream cash exit identified at terminal ATM_033 in Bengaluru (terminal risk score: 0.71, ₹77,346.02 withdrawn across 1 transaction(s)). ; Graph topology exhibits high structural similarity (1.00) to cataloged reference laundering patterns.",7,High-risk multi-hop transaction activity with downstream cash-out behavior was detected. Priority investigation recommended for root entity ENT_000064 and exit terminal ATM_033 (Bengaluru).,"Terminal: ATM_033 (Bengaluru) | Risk Score: 0.71 | Distance: 1 hop(s) | Cash Volume: ₹77,346.02 (1 tx) | Timing Delta: 60.0h from incident"
C000295,ENT_000592,0.9146,1,HIGH_CONFIDENCE,NONE,NONE,0.0,"GraphSAGE GNN assessed an elevated risk probability of 0.9146 (Tier: HIGH_CONFIDENCE). ; Unusual concentration of transaction activity observed within the 72-hour incident window. ; The incident graph spans 3 transaction hops, indicating multi-stage fund routing away from the complaint account. ; Cumulative transaction volume reached ₹718,457.02 with a peak single transfer of ₹342,935.36. ; Subnetwork connects 14 entities across 13 directed transaction edges (average node degree: 1.86, incident in-degree: 0, out-degree: 2). ; Graph topology exhibits high structural similarity (1.00) to cataloged reference laundering patterns.",6,High-risk multi-hop transaction activity with strong graph evidence was detected. Priority investigation recommended for root entity ENT_000592 and connected intermediaries.,NONE
C000296,ENT_000347,0.0343,0,NORMAL,NONE,NONE,0.0,"Model-derived risk probability is 0.0343, remaining well below the 0.50 suspicious triage threshold. ; Incident subgraph contains minimal structural connectivity (6 entity node(s), 5 directed edge(s)). ; Total transaction volume within the 72-hour incident window is ₹11,973.28 (average transfer: ₹2,394.66). ; No multi-hop fund routing or complex layering chains detected (max hop distance: 3). ; No illicit ATM cash-withdrawal terminal connections identified in the incident window.",5,No significant laundering pattern was detected at the configured risk threshold. Activity consistent with benign peer-to-peer transfers.,NONE
C000297,ENT_000694,0.0012,0,NORMAL,NONE,NONE,0.0,"Model-derived risk probability is 0.0012, remaining well below the 0.50 suspicious triage threshold. ; Incident subgraph contains minimal structural connectivity (1 entity node(s), 0 directed edge(s)). ; Total transaction volume within the 72-hour incident window is ₹0.00 (average transfer: ₹0.00). ; No multi-hop fund routing or complex layering chains detected (max hop distance: 0). ; No illicit ATM cash-withdrawal terminal connections identified in the incident window.",5,No significant laundering pattern was detected at the configured risk threshold. Activity consistent with benign peer-to-peer transfers.,NONE
C000298,ENT_000249,0.0006,0,NORMAL,NONE,NONE,0.0,"Model-derived risk probability is 0.0006, remaining well below the 0.50 suspicious triage threshold. ; Incident subgraph contains minimal structural connectivity (1 entity node(s), 0 directed edge(s)). ; Total transaction volume within the 72-hour incident window is ₹0.00 (average transfer: ₹0.00). ; No multi-hop fund routing or complex layering chains detected (max hop distance: 0). ; No illicit ATM cash-withdrawal terminal connections identified in the incident window.",5,No significant laundering pattern was detected at the configured risk threshold. Activity consistent with benign peer-to-peer transfers.,NONE
C000299,ENT_000156,0.9998,1,HIGH_CONFIDENCE,NONE,NONE,0.0,"GraphSAGE GNN assessed an elevated risk probability of 0.9998 (Tier: HIGH_CONFIDENCE). ; Unusual concentration of transaction activity observed within the 72-hour incident window. ; The incident graph spans 3 transaction hops, indicating multi-stage fund routing away from the complaint account. ; Cumulative transaction volume reached ₹1,483,490.38 with a peak single transfer of ₹413,045.04. ; Subnetwork connects 12 entities across 11 directed transaction edges (average node degree: 1.83, incident in-degree: 2, out-degree: 0). ; Graph topology exhibits high structural similarity (1.00) to cataloged reference laundering patterns.",6,High-risk multi-hop transaction activity with strong graph evidence was detected. Priority investigation recommended for root entity ENT_000156 and connected intermediaries.,NONE
C000300,ENT_000347,0.0006,0,NORMAL,NONE,NONE,0.0,"Model-derived risk probability is 0.0006, remaining well below the 0.50 suspicious triage threshold. ; Incident subgraph contains minimal structural connectivity (1 entity node(s), 0 directed edge(s)). ; Total transaction volume within the 72-hour incident window is ₹0.00 (average transfer: ₹0.00). ; No multi-hop fund routing or complex layering chains detected (max hop distance: 0). ; No illicit ATM cash-withdrawal terminal connections identified in the incident window.",5,No significant laundering pattern was detected at the configured risk threshold. Activity consistent with benign peer-to-peer transfers.,NONE
C000301,ENT_000542,0.2088,0,NORMAL,NONE,NONE,0.0,"Model-derived risk probability is 0.2088, remaining well below the 0.50 suspicious triage threshold. ; Incident subgraph contains minimal structural connectivity (5 entity node(s), 4 directed edge(s)). ; Total transaction volume within the 72-hour incident window is ₹27,401.86 (average transfer: ₹6,850.46). ; No multi-hop fund routing or complex layering chains detected (max hop distance: 3). ; No illicit ATM cash-withdrawal terminal connections identified in the incident window.",5,No significant laundering pattern was detected at the configured risk threshold. Activity consistent with benign peer-to-peer transfers.,NONE
C000302,ENT_000528,0.0012,0,NORMAL,NONE,NONE,0.0,"Model-derived risk probability is 0.0012, remaining well below the 0.50 suspicious triage threshold. ; Incident subgraph contains minimal structural connectivity (2 entity node(s), 1 directed edge(s)). ; Total transaction volume within the 72-hour incident window is ₹4,499.01 (average transfer: ₹4,499.01). ; No multi-hop fund routing or complex layering chains detected (max hop distance: 1). ; No illicit ATM cash-withdrawal terminal connections identified in the incident window.",5,No significant laundering pattern was detected at the configured risk threshold. Activity consistent with benign peer-to-peer transfers.,NONE
C000303,ENT_000128,0.0096,0,NORMAL,NONE,NONE,0.0,"Model-derived risk probability is 0.0096, remaining well below the 0.50 suspicious triage threshold. ; Incident subgraph contains minimal structural connectivity (2 entity node(s), 2 directed edge(s)). ; Total transaction volume within the 72-hour incident window is ₹7,037.50 (average transfer: ₹3,518.75). ; No multi-hop fund routing or complex layering chains detected (max hop distance: 1). ; No illicit ATM cash-withdrawal terminal connections identified in the incident window.",5,No significant laundering pattern was detected at the configured risk threshold. Activity consistent with benign peer-to-peer transfers.,NONE
C000304,ENT_000455,0.3372,0,NORMAL,NONE,NONE,0.0,"Model-derived risk probability is 0.3372, remaining well below the 0.50 suspicious triage threshold. ; Incident subgraph contains minimal structural connectivity (5 entity node(s), 4 directed edge(s)). ; Total transaction volume within the 72-hour incident window is ₹56,655.84 (average transfer: ₹14,163.96). ; No multi-hop fund routing or complex layering chains detected (max hop distance: 3). ; No illicit ATM cash-withdrawal terminal connections identified in the incident window.",5,No significant laundering pattern was detected at the configured risk threshold. Activity consistent with benign peer-to-peer transfers.,NONE
C000305,ENT_000083,0.1414,0,NORMAL,NONE,NONE,0.0,"Model-derived risk probability is 0.1414, remaining well below the 0.50 suspicious triage threshold. ; Incident subgraph contains minimal structural connectivity (5 entity node(s), 4 directed edge(s)). ; Total transaction volume within the 72-hour incident window is ₹37,866.57 (average transfer: ₹9,466.64). ; No multi-hop fund routing or complex layering chains detected (max hop distance: 3). ; No illicit ATM cash-withdrawal terminal connections identified in the incident window.",5,No significant laundering pattern was detected at the configured risk threshold. Activity consistent with benign peer-to-peer transfers.,NONE
C000306,ENT_000359,0.0418,0,NORMAL,NONE,NONE,0.0,"Model-derived risk probability is 0.0418, remaining well below the 0.50 suspicious triage threshold. ; Incident subgraph contains minimal structural connectivity (4 entity node(s), 3 directed edge(s)). ; Total transaction volume within the 72-hour incident window is ₹42,590.15 (average transfer: ₹14,196.72). ; No multi-hop fund routing or complex layering chains detected (max hop distance: 3). ; No illicit ATM cash-withdrawal terminal connections identified in the incident window.",5,No significant laundering pattern was detected at the configured risk threshold. Activity consistent with benign peer-to-peer transfers.,NONE
C000307,ENT_000441,0.0006,0,NORMAL,NONE,NONE,0.0,"Model-derived risk probability is 0.0006, remaining well below the 0.50 suspicious triage threshold. ; Incident subgraph contains minimal structural connectivity (1 entity node(s), 0 directed edge(s)). ; Total transaction volume within the 72-hour incident window is ₹0.00 (average transfer: ₹0.00). ; No multi-hop fund routing or complex layering chains detected (max hop distance: 0). ; No illicit ATM cash-withdrawal terminal connections identified in the incident window.",5,No significant laundering pattern was detected at the configured risk threshold. Activity consistent with benign peer-to-peer transfers.,NONE
C000308,ENT_000691,0.0011,0,NORMAL,NONE,NONE,0.0,"Model-derived risk probability is 0.0011, remaining well below the 0.50 suspicious triage threshold. ; Incident subgraph contains minimal structural connectivity (2 entity node(s), 1 directed edge(s)). ; Total transaction volume within the 72-hour incident window is ₹3,284.29 (average transfer: ₹3,284.29). ; No multi-hop fund routing or complex layering chains detected (max hop distance: 1). ; No illicit ATM cash-withdrawal terminal connections identified in the incident window.",5,No significant laundering pattern was detected at the configured risk threshold. Activity consistent with benign peer-to-peer transfers.,NONE
C000309,ENT_000102,0.0654,0,NORMAL,NONE,NONE,0.0,"Model-derived risk probability is 0.0654, remaining well below the 0.50 suspicious triage threshold. ; Incident subgraph contains minimal structural connectivity (4 entity node(s), 3 directed edge(s)). ; Total transaction volume within the 72-hour incident window is ₹54,408.15 (average transfer: ₹18,136.05). ; No multi-hop fund routing or complex layering chains detected (max hop distance: 3). ; No illicit ATM cash-withdrawal terminal connections identified in the incident window.",5,No significant laundering pattern was detected at the configured risk threshold. Activity consistent with benign peer-to-peer transfers.,NONE
C000310,ENT_000264,0.0103,0,NORMAL,NONE,NONE,0.0,"Model-derived risk probability is 0.0103, remaining well below the 0.50 suspicious triage threshold. ; Incident subgraph contains minimal structural connectivity (3 entity node(s), 2 directed edge(s)). ; Total transaction volume within the 72-hour incident window is ₹41,755.71 (average transfer: ₹20,877.85). ; No multi-hop fund routing or complex layering chains detected (max hop distance: 1). ; No illicit ATM cash-withdrawal terminal connections identified in the incident window.",5,No significant laundering pattern was detected at the configured risk threshold. Activity consistent with benign peer-to-peer transfers.,NONE
C000311,ENT_000452,0.1136,0,NORMAL,NONE,NONE,0.0,"Model-derived risk probability is 0.1136, remaining well below the 0.50 suspicious triage threshold. ; Incident subgraph contains minimal structural connectivity (9 entity node(s), 8 directed edge(s)). ; Total transaction volume within the 72-hour incident window is ₹23,101.12 (average transfer: ₹2,887.64). ; No multi-hop fund routing or complex layering chains detected (max hop distance: 3). ; No illicit ATM cash-withdrawal terminal connections identified in the incident window.",5,No significant laundering pattern was detected at the configured risk threshold. Activity consistent with benign peer-to-peer transfers.,NONE
C000312,ENT_000311,0.0041,0,NORMAL,NONE,NONE,0.0,"Model-derived risk probability is 0.0041, remaining well below the 0.50 suspicious triage threshold. ; Incident subgraph contains minimal structural connectivity (2 entity node(s), 1 directed edge(s)). ; Total transaction volume within the 72-hour incident window is ₹247,247.25 (average transfer: ₹247,247.25). ; No multi-hop fund routing or complex layering chains detected (max hop distance: 1). ; No illicit ATM cash-withdrawal terminal connections identified in the incident window.",5,No significant laundering pattern was detected at the configured risk threshold. Activity consistent with benign peer-to-peer transfers.,NONE
C000313,ENT_000041,0.0021,0,NORMAL,NONE,NONE,0.0,"Model-derived risk probability is 0.0021, remaining well below the 0.50 suspicious triage threshold. ; Incident subgraph contains minimal structural connectivity (2 entity node(s), 1 directed edge(s)). ; Total transaction volume within the 72-hour incident window is ₹578.00 (average transfer: ₹578.00). ; No multi-hop fund routing or complex layering chains detected (max hop distance: 1). ; No illicit ATM cash-withdrawal terminal connections identified in the incident window.",5,No significant laundering pattern was detected at the configured risk threshold. Activity consistent with benign peer-to-peer transfers.,NONE
C000314,ENT_000229,0.0007,0,NORMAL,NONE,NONE,0.0,"Model-derived risk probability is 0.0007, remaining well below the 0.50 suspicious triage threshold. ; Incident subgraph contains minimal structural connectivity (1 entity node(s), 0 directed edge(s)). ; Total transaction volume within the 72-hour incident window is ₹0.00 (average transfer: ₹0.00). ; No multi-hop fund routing or complex layering chains detected (max hop distance: 0). ; No illicit ATM cash-withdrawal terminal connections identified in the incident window.",5,No significant laundering pattern was detected at the configured risk threshold. Activity consistent with benign peer-to-peer transfers.,NONE
C000315,ENT_000170,0.0006,0,NORMAL,NONE,NONE,0.0,"Model-derived risk probability is 0.0006, remaining well below the 0.50 suspicious triage threshold. ; Incident subgraph contains minimal structural connectivity (1 entity node(s), 0 directed edge(s)). ; Total transaction volume within the 72-hour incident window is ₹0.00 (average transfer: ₹0.00). ; No multi-hop fund routing or complex layering chains detected (max hop distance: 0). ; No illicit ATM cash-withdrawal terminal connections identified in the incident window.",5,No significant laundering pattern was detected at the configured risk threshold. Activity consistent with benign peer-to-peer transfers.,NONE
C000316,ENT_000120,0.0161,0,NORMAL,NONE,NONE,0.0,"Model-derived risk probability is 0.0161, remaining well below the 0.50 suspicious triage threshold. ; Incident subgraph contains minimal structural connectivity (2 entity node(s), 1 directed edge(s)). ; Total transaction volume within the 72-hour incident window is ₹255,908.44 (average transfer: ₹255,908.44). ; No multi-hop fund routing or complex layering chains detected (max hop distance: 1). ; No illicit ATM cash-withdrawal terminal connections identified in the incident window.",5,No significant laundering pattern was detected at the configured risk threshold. Activity consistent with benign peer-to-peer transfers.,NONE
C000317,ENT_000366,0.7716,1,HIGH_CONFIDENCE,NONE,NONE,0.0,"GraphSAGE GNN assessed an elevated risk probability of 0.7716 (Tier: HIGH_CONFIDENCE). ; Unusual concentration of transaction activity observed within the 72-hour incident window. ; The incident graph spans 3 transaction hops, indicating multi-stage fund routing away from the complaint account. ; Cumulative transaction volume reached ₹95,567.00 with a peak single transfer of ₹42,898.22. ; Subnetwork connects 8 entities across 7 directed transaction edges (average node degree: 1.75, incident in-degree: 2, out-degree: 0). ; Graph topology exhibits high structural similarity (0.99) to cataloged reference laundering patterns.",6,High-risk multi-hop transaction activity with strong graph evidence was detected. Priority investigation recommended for root entity ENT_000366 and connected intermediaries.,NONE
C000318,ENT_000498,0.001,0,NORMAL,NONE,NONE,0.0,"Model-derived risk probability is 0.0010, remaining well below the 0.50 suspicious triage threshold. ; Incident subgraph contains minimal structural connectivity (1 entity node(s), 0 directed edge(s)). ; Total transaction volume within the 72-hour incident window is ₹0.00 (average transfer: ₹0.00). ; No multi-hop fund routing or complex layering chains detected (max hop distance: 0). ; No illicit ATM cash-withdrawal terminal connections identified in the incident window.",5,No significant laundering pattern was detected at the configured risk threshold. Activity consistent with benign peer-to-peer transfers.,NONE
C000319,ENT_000395,0.0079,0,NORMAL,NONE,NONE,0.0,"Model-derived risk probability is 0.0079, remaining well below the 0.50 suspicious triage threshold. ; Incident subgraph contains minimal structural connectivity (3 entity node(s), 2 directed edge(s)). ; Total transaction volume within the 72-hour incident window is ₹6,059.94 (average transfer: ₹3,029.97). ; No multi-hop fund routing or complex layering chains detected (max hop distance: 1). ; No illicit ATM cash-withdrawal terminal connections identified in the incident window.",5,No significant laundering pattern was detected at the configured risk threshold. Activity consistent with benign peer-to-peer transfers.,NONE
C000320,ENT_000126,0.3034,0,NORMAL,NONE,NONE,0.0,"Model-derived risk probability is 0.3034, remaining well below the 0.50 suspicious triage threshold. ; Incident subgraph contains minimal structural connectivity (7 entity node(s), 6 directed edge(s)). ; Total transaction volume within the 72-hour incident window is ₹21,972.59 (average transfer: ₹3,662.10). ; No multi-hop fund routing or complex layering chains detected (max hop distance: 3). ; No illicit ATM cash-withdrawal terminal connections identified in the incident window.",5,No significant laundering pattern was detected at the configured risk threshold. Activity consistent with benign peer-to-peer transfers.,NONE
C000321,ENT_000218,0.8208,1,HIGH_CONFIDENCE,NONE,NONE,0.0,"GraphSAGE GNN assessed an elevated risk probability of 0.8208 (Tier: HIGH_CONFIDENCE). ; Unusual concentration of transaction activity observed within the 72-hour incident window. ; The incident graph spans 3 transaction hops, indicating multi-stage fund routing away from the complaint account. ; Cumulative transaction volume reached ₹258,996.68 with a peak single transfer of ₹61,912.60. ; Subnetwork connects 8 entities across 7 directed transaction edges (average node degree: 1.75, incident in-degree: 1, out-degree: 1). ; Graph topology exhibits high structural similarity (0.99) to cataloged reference laundering patterns.",6,High-risk multi-hop transaction activity with strong graph evidence was detected. Priority investigation recommended for root entity ENT_000218 and connected intermediaries.,NONE
C000322,ENT_000677,0.0037,0,NORMAL,NONE,NONE,0.0,"Model-derived risk probability is 0.0037, remaining well below the 0.50 suspicious triage threshold. ; Incident subgraph contains minimal structural connectivity (2 entity node(s), 1 directed edge(s)). ; Total transaction volume within the 72-hour incident window is ₹49,138.50 (average transfer: ₹49,138.50). ; No multi-hop fund routing or complex layering chains detected (max hop distance: 1). ; No illicit ATM cash-withdrawal terminal connections identified in the incident window.",5,No significant laundering pattern was detected at the configured risk threshold. Activity consistent with benign peer-to-peer transfers.,NONE
C000323,ENT_000091,0.0013,0,NORMAL,NONE,NONE,0.0,"Model-derived risk probability is 0.0013, remaining well below the 0.50 suspicious triage threshold. ; Incident subgraph contains minimal structural connectivity (1 entity node(s), 0 directed edge(s)). ; Total transaction volume within the 72-hour incident window is ₹0.00 (average transfer: ₹0.00). ; No multi-hop fund routing or complex layering chains detected (max hop distance: 0). ; No illicit ATM cash-withdrawal terminal connections identified in the incident window.",5,No significant laundering pattern was detected at the configured risk threshold. Activity consistent with benign peer-to-peer transfers.,NONE
C000324,ENT_000131,0.0007,0,NORMAL,NONE,NONE,0.0,"Model-derived risk probability is 0.0007, remaining well below the 0.50 suspicious triage threshold. ; Incident subgraph contains minimal structural connectivity (1 entity node(s), 0 directed edge(s)). ; Total transaction volume within the 72-hour incident window is ₹0.00 (average transfer: ₹0.00). ; No multi-hop fund routing or complex layering chains detected (max hop distance: 0). ; No illicit ATM cash-withdrawal terminal connections identified in the incident window.",5,No significant laundering pattern was detected at the configured risk threshold. Activity consistent with benign peer-to-peer transfers.,NONE
C000325,ENT_000008,0.7517,1,HIGH_CONFIDENCE,NONE,NONE,0.0,"GraphSAGE GNN assessed an elevated risk probability of 0.7517 (Tier: HIGH_CONFIDENCE). ; Unusual concentration of transaction activity observed within the 72-hour incident window. ; The incident graph spans 3 transaction hops, indicating multi-stage fund routing away from the complaint account. ; Cumulative transaction volume reached ₹78,776.56 with a peak single transfer of ₹65,451.11. ; Subnetwork connects 7 entities across 6 directed transaction edges (average node degree: 1.71, incident in-degree: 1, out-degree: 0). ; Graph topology exhibits high structural similarity (0.99) to cataloged reference laundering patterns.",6,High-risk multi-hop transaction activity with strong graph evidence was detected. Priority investigation recommended for root entity ENT_000008 and connected intermediaries.,NONE
C000326,ENT_000091,0.0013,0,NORMAL,NONE,NONE,0.0,"Model-derived risk probability is 0.0013, remaining well below the 0.50 suspicious triage threshold. ; Incident subgraph contains minimal structural connectivity (1 entity node(s), 0 directed edge(s)). ; Total transaction volume within the 72-hour incident window is ₹0.00 (average transfer: ₹0.00). ; No multi-hop fund routing or complex layering chains detected (max hop distance: 0). ; No illicit ATM cash-withdrawal terminal connections identified in the incident window.",5,No significant laundering pattern was detected at the configured risk threshold. Activity consistent with benign peer-to-peer transfers.,NONE
C000327,ENT_000418,0.9848,1,HIGH_CONFIDENCE,NONE,NONE,0.0,"GraphSAGE GNN assessed an elevated risk probability of 0.9848 (Tier: HIGH_CONFIDENCE). ; Unusual concentration of transaction activity observed within the 72-hour incident window. ; The incident graph spans 3 transaction hops, indicating multi-stage fund routing away from the complaint account. ; Cumulative transaction volume reached ₹943,129.64 with a peak single transfer of ₹443,027.23. ; Subnetwork connects 23 entities across 22 directed transaction edges (average node degree: 1.91, incident in-degree: 0, out-degree: 1). ; Graph topology exhibits high structural similarity (1.00) to cataloged reference laundering patterns.",6,High-risk multi-hop transaction activity with strong graph evidence was detected. Priority investigation recommended for root entity ENT_000418 and connected intermediaries.,NONE
C000328,ENT_000124,0.0377,0,NORMAL,NONE,NONE,0.0,"Model-derived risk probability is 0.0377, remaining well below the 0.50 suspicious triage threshold. ; Incident subgraph contains minimal structural connectivity (6 entity node(s), 5 directed edge(s)). ; Total transaction volume within the 72-hour incident window is ₹56,464.06 (average transfer: ₹11,292.81). ; No multi-hop fund routing or complex layering chains detected (max hop distance: 2). ; No illicit ATM cash-withdrawal terminal connections identified in the incident window.",5,No significant laundering pattern was detected at the configured risk threshold. Activity consistent with benign peer-to-peer transfers.,NONE
C000329,ENT_000172,0.9997,1,HIGH_CONFIDENCE,ATM_005,Kochi,0.8221,"GraphSAGE GNN assessed an elevated risk probability of 0.9997 (Tier: HIGH_CONFIDENCE). ; Unusual concentration of transaction activity observed within the 72-hour incident window. ; The incident graph spans 3 transaction hops, indicating multi-stage fund routing away from the complaint account. ; Cumulative transaction volume reached ₹794,535.77 with a peak single transfer of ₹328,567.97. ; Subnetwork connects 13 entities across 20 directed transaction edges (average node degree: 3.08, incident in-degree: 0, out-degree: 2). ; Likely downstream cash exit identified at terminal ATM_005 in Kochi (terminal risk score: 0.82, ₹197,341.80 withdrawn across 2 transaction(s)). ; Graph topology exhibits high structural similarity (1.00) to cataloged reference laundering patterns.",7,High-risk multi-hop transaction activity with downstream cash-out behavior was detected. Priority investigation recommended for root entity ENT_000172 and exit terminal ATM_005 (Kochi).,"Terminal: ATM_005 (Kochi) | Risk Score: 0.82 | Distance: 2 hop(s) | Cash Volume: ₹197,341.80 (2 tx) | Timing Delta: 6.3h from incident"
C000330,ENT_000583,0.3618,0,NORMAL,NONE,NONE,0.0,"Model-derived risk probability is 0.3618, remaining well below the 0.50 suspicious triage threshold. ; Incident subgraph contains minimal structural connectivity (11 entity node(s), 10 directed edge(s)). ; Total transaction volume within the 72-hour incident window is ₹49,437.70 (average transfer: ₹4,943.77). ; No multi-hop fund routing or complex layering chains detected (max hop distance: 3). ; No illicit ATM cash-withdrawal terminal connections identified in the incident window.",5,No significant laundering pattern was detected at the configured risk threshold. Activity consistent with benign peer-to-peer transfers.,NONE
C000331,ENT_000335,0.9998,1,HIGH_CONFIDENCE,NONE,NONE,0.0,"GraphSAGE GNN assessed an elevated risk probability of 0.9998 (Tier: HIGH_CONFIDENCE). ; Unusual concentration of transaction activity observed within the 72-hour incident window. ; The incident graph spans 3 transaction hops, indicating multi-stage fund routing away from the complaint account. ; Cumulative transaction volume reached ₹911,270.08 with a peak single transfer of ₹314,322.05. ; Subnetwork connects 7 entities across 6 directed transaction edges (average node degree: 1.71, incident in-degree: 2, out-degree: 0). ; Graph topology exhibits high structural similarity (1.00) to cataloged reference laundering patterns.",6,High-risk multi-hop transaction activity with strong graph evidence was detected. Priority investigation recommended for root entity ENT_000335 and connected intermediaries.,NONE
C000332,ENT_000442,0.0018,0,NORMAL,NONE,NONE,0.0,"Model-derived risk probability is 0.0018, remaining well below the 0.50 suspicious triage threshold. ; Incident subgraph contains minimal structural connectivity (2 entity node(s), 1 directed edge(s)). ; Total transaction volume within the 72-hour incident window is ₹1,799.12 (average transfer: ₹1,799.12). ; No multi-hop fund routing or complex layering chains detected (max hop distance: 1). ; No illicit ATM cash-withdrawal terminal connections identified in the incident window.",5,No significant laundering pattern was detected at the configured risk threshold. Activity consistent with benign peer-to-peer transfers.,NONE
C000333,ENT_000054,0.0958,0,NORMAL,NONE,NONE,0.0,"Model-derived risk probability is 0.0958, remaining well below the 0.50 suspicious triage threshold. ; Incident subgraph contains minimal structural connectivity (7 entity node(s), 6 directed edge(s)). ; Total transaction volume within the 72-hour incident window is ₹40,844.51 (average transfer: ₹6,807.42). ; No multi-hop fund routing or complex layering chains detected (max hop distance: 3). ; No illicit ATM cash-withdrawal terminal connections identified in the incident window.",5,No significant laundering pattern was detected at the configured risk threshold. Activity consistent with benign peer-to-peer transfers.,NONE
C000334,ENT_000151,0.0082,0,NORMAL,NONE,NONE,0.0,"Model-derived risk probability is 0.0082, remaining well below the 0.50 suspicious triage threshold. ; Incident subgraph contains minimal structural connectivity (3 entity node(s), 2 directed edge(s)). ; Total transaction volume within the 72-hour incident window is ₹968.97 (average transfer: ₹484.49). ; No multi-hop fund routing or complex layering chains detected (max hop distance: 2). ; No illicit ATM cash-withdrawal terminal connections identified in the incident window.",5,No significant laundering pattern was detected at the configured risk threshold. Activity consistent with benign peer-to-peer transfers.,NONE
C000335,ENT_000197,0.0016,0,NORMAL,NONE,NONE,0.0,"Model-derived risk probability is 0.0016, remaining well below the 0.50 suspicious triage threshold. ; Incident subgraph contains minimal structural connectivity (2 entity node(s), 1 directed edge(s)). ; Total transaction volume within the 72-hour incident window is ₹3,144.93 (average transfer: ₹3,144.93). ; No multi-hop fund routing or complex layering chains detected (max hop distance: 1). ; No illicit ATM cash-withdrawal terminal connections identified in the incident window.",5,No significant laundering pattern was detected at the configured risk threshold. Activity consistent with benign peer-to-peer transfers.,NONE
C000336,ENT_000085,0.2999,0,NORMAL,NONE,NONE,0.0,"Model-derived risk probability is 0.2999, remaining well below the 0.50 suspicious triage threshold. ; Incident subgraph contains minimal structural connectivity (6 entity node(s), 5 directed edge(s)). ; Total transaction volume within the 72-hour incident window is ₹73,938.15 (average transfer: ₹14,787.63). ; No multi-hop fund routing or complex layering chains detected (max hop distance: 3). ; No illicit ATM cash-withdrawal terminal connections identified in the incident window.",5,No significant laundering pattern was detected at the configured risk threshold. Activity consistent with benign peer-to-peer transfers.,NONE
C000337,ENT_000034,0.0006,0,NORMAL,NONE,NONE,0.0,"Model-derived risk probability is 0.0006, remaining well below the 0.50 suspicious triage threshold. ; Incident subgraph contains minimal structural connectivity (1 entity node(s), 0 directed edge(s)). ; Total transaction volume within the 72-hour incident window is ₹0.00 (average transfer: ₹0.00). ; No multi-hop fund routing or complex layering chains detected (max hop distance: 0). ; No illicit ATM cash-withdrawal terminal connections identified in the incident window.",5,No significant laundering pattern was detected at the configured risk threshold. Activity consistent with benign peer-to-peer transfers.,NONE
C000338,ENT_000675,0.0006,0,NORMAL,NONE,NONE,0.0,"Model-derived risk probability is 0.0006, remaining well below the 0.50 suspicious triage threshold. ; Incident subgraph contains minimal structural connectivity (1 entity node(s), 0 directed edge(s)). ; Total transaction volume within the 72-hour incident window is ₹0.00 (average transfer: ₹0.00). ; No multi-hop fund routing or complex layering chains detected (max hop distance: 0). ; No illicit ATM cash-withdrawal terminal connections identified in the incident window.",5,No significant laundering pattern was detected at the configured risk threshold. Activity consistent with benign peer-to-peer transfers.,NONE
C000339,ENT_000531,0.0006,0,NORMAL,NONE,NONE,0.0,"Model-derived risk probability is 0.0006, remaining well below the 0.50 suspicious triage threshold. ; Incident subgraph contains minimal structural connectivity (1 entity node(s), 0 directed edge(s)). ; Total transaction volume within the 72-hour incident window is ₹0.00 (average transfer: ₹0.00). ; No multi-hop fund routing or complex layering chains detected (max hop distance: 0). ; No illicit ATM cash-withdrawal terminal connections identified in the incident window.",5,No significant laundering pattern was detected at the configured risk threshold. Activity consistent with benign peer-to-peer transfers.,NONE
C000340,ENT_000133,0.6074,1,HIGH_CONFIDENCE,NONE,NONE,0.0,"GraphSAGE GNN assessed an elevated risk probability of 0.6074 (Tier: HIGH_CONFIDENCE). ; Unusual concentration of transaction activity observed within the 72-hour incident window. ; The incident graph spans 3 transaction hops, indicating multi-stage fund routing away from the complaint account. ; Cumulative transaction volume reached ₹39,280.97 with a peak single transfer of ₹29,036.31. ; Subnetwork connects 6 entities across 5 directed transaction edges (average node degree: 1.67, incident in-degree: 1, out-degree: 0). ; Graph topology exhibits high structural similarity (0.99) to cataloged reference laundering patterns.",6,High-risk multi-hop transaction activity with strong graph evidence was detected. Priority investigation recommended for root entity ENT_000133 and connected intermediaries.,NONE
C000341,ENT_000074,0.0006,0,NORMAL,NONE,NONE,0.0,"Model-derived risk probability is 0.0006, remaining well below the 0.50 suspicious triage threshold. ; Incident subgraph contains minimal structural connectivity (1 entity node(s), 0 directed edge(s)). ; Total transaction volume within the 72-hour incident window is ₹0.00 (average transfer: ₹0.00). ; No multi-hop fund routing or complex layering chains detected (max hop distance: 0). ; No illicit ATM cash-withdrawal terminal connections identified in the incident window.",5,No significant laundering pattern was detected at the configured risk threshold. Activity consistent with benign peer-to-peer transfers.,NONE
C000342,ENT_000207,0.0619,0,NORMAL,NONE,NONE,0.0,"Model-derived risk probability is 0.0619, remaining well below the 0.50 suspicious triage threshold. ; Incident subgraph contains minimal structural connectivity (7 entity node(s), 6 directed edge(s)). ; Total transaction volume within the 72-hour incident window is ₹88,364.20 (average transfer: ₹14,727.37). ; No multi-hop fund routing or complex layering chains detected (max hop distance: 3). ; No illicit ATM cash-withdrawal terminal connections identified in the incident window.",5,No significant laundering pattern was detected at the configured risk threshold. Activity consistent with benign peer-to-peer transfers.,NONE
C000343,ENT_000139,0.7535,1,HIGH_CONFIDENCE,NONE,NONE,0.0,"GraphSAGE GNN assessed an elevated risk probability of 0.7535 (Tier: HIGH_CONFIDENCE). ; Unusual concentration of transaction activity observed within the 72-hour incident window. ; The incident graph spans 3 transaction hops, indicating multi-stage fund routing away from the complaint account. ; Cumulative transaction volume reached ₹236,921.14 with a peak single transfer of ₹231,293.63. ; Subnetwork connects 4 entities across 4 directed transaction edges (average node degree: 2.00, incident in-degree: 0, out-degree: 1). ; Graph topology exhibits high structural similarity (0.99) to cataloged reference laundering patterns.",6,High-risk multi-hop transaction activity with strong graph evidence was detected. Priority investigation recommended for root entity ENT_000139 and connected intermediaries.,NONE
C000344,ENT_000546,0.079,0,NORMAL,NONE,NONE,0.0,"Model-derived risk probability is 0.0790, remaining well below the 0.50 suspicious triage threshold. ; Incident subgraph contains minimal structural connectivity (4 entity node(s), 3 directed edge(s)). ; Total transaction volume within the 72-hour incident window is ₹39,917.47 (average transfer: ₹13,305.82). ; No multi-hop fund routing or complex layering chains detected (max hop distance: 3). ; No illicit ATM cash-withdrawal terminal connections identified in the incident window.",5,No significant laundering pattern was detected at the configured risk threshold. Activity consistent with benign peer-to-peer transfers.,NONE
C000345,ENT_000543,0.0085,0,NORMAL,NONE,NONE,0.0,"Model-derived risk probability is 0.0085, remaining well below the 0.50 suspicious triage threshold. ; Incident subgraph contains minimal structural connectivity (2 entity node(s), 2 directed edge(s)). ; Total transaction volume within the 72-hour incident window is ₹6,374.06 (average transfer: ₹3,187.03). ; No multi-hop fund routing or complex layering chains detected (max hop distance: 1). ; No illicit ATM cash-withdrawal terminal connections identified in the incident window.",5,No significant laundering pattern was detected at the configured risk threshold. Activity consistent with benign peer-to-peer transfers.,NONE
C000346,ENT_000123,0.9984,1,HIGH_CONFIDENCE,NONE,NONE,0.0,"GraphSAGE GNN assessed an elevated risk probability of 0.9984 (Tier: HIGH_CONFIDENCE). ; Unusual concentration of transaction activity observed within the 72-hour incident window. ; The incident graph spans 3 transaction hops, indicating multi-stage fund routing away from the complaint account. ; Cumulative transaction volume reached ₹729,266.20 with a peak single transfer of ₹298,476.36. ; Subnetwork connects 10 entities across 9 directed transaction edges (average node degree: 1.80, incident in-degree: 0, out-degree: 1). ; Graph topology exhibits high structural similarity (1.00) to cataloged reference laundering patterns.",6,High-risk multi-hop transaction activity with strong graph evidence was detected. Priority investigation recommended for root entity ENT_000123 and connected intermediaries.,NONE
C000347,ENT_000033,0.6048,1,HIGH_CONFIDENCE,NONE,NONE,0.0,"GraphSAGE GNN assessed an elevated risk probability of 0.6048 (Tier: HIGH_CONFIDENCE). ; Unusual concentration of transaction activity observed within the 72-hour incident window. ; The incident graph spans 3 transaction hops, indicating multi-stage fund routing away from the complaint account. ; Cumulative transaction volume reached ₹125,120.69 with a peak single transfer of ₹37,208.02. ; Subnetwork connects 14 entities across 14 directed transaction edges (average node degree: 2.00, incident in-degree: 2, out-degree: 1). ; Graph topology exhibits high structural similarity (0.99) to cataloged reference laundering patterns.",6,High-risk multi-hop transaction activity with strong graph evidence was detected. Priority investigation recommended for root entity ENT_000033 and connected intermediaries.,NONE
C000348,ENT_000232,0.0008,0,NORMAL,NONE,NONE,0.0,"Model-derived risk probability is 0.0008, remaining well below the 0.50 suspicious triage threshold. ; Incident subgraph contains minimal structural connectivity (1 entity node(s), 0 directed edge(s)). ; Total transaction volume within the 72-hour incident window is ₹0.00 (average transfer: ₹0.00). ; No multi-hop fund routing or complex layering chains detected (max hop distance: 0). ; No illicit ATM cash-withdrawal terminal connections identified in the incident window.",5,No significant laundering pattern was detected at the configured risk threshold. Activity consistent with benign peer-to-peer transfers.,NONE
C000349,ENT_000097,0.0025,0,NORMAL,NONE,NONE,0.0,"Model-derived risk probability is 0.0025, remaining well below the 0.50 suspicious triage threshold. ; Incident subgraph contains minimal structural connectivity (2 entity node(s), 1 directed edge(s)). ; Total transaction volume within the 72-hour incident window is ₹285.63 (average transfer: ₹285.63). ; No multi-hop fund routing or complex layering chains detected (max hop distance: 1). ; No illicit ATM cash-withdrawal terminal connections identified in the incident window.",5,No significant laundering pattern was detected at the configured risk threshold. Activity consistent with benign peer-to-peer transfers.,NONE
C000350,ENT_000444,0.0008,0,NORMAL,NONE,NONE,0.0,"Model-derived risk probability is 0.0008, remaining well below the 0.50 suspicious triage threshold. ; Incident subgraph contains minimal structural connectivity (1 entity node(s), 0 directed edge(s)). ; Total transaction volume within the 72-hour incident window is ₹0.00 (average transfer: ₹0.00). ; No multi-hop fund routing or complex layering chains detected (max hop distance: 0). ; No illicit ATM cash-withdrawal terminal connections identified in the incident window.",5,No significant laundering pattern was detected at the configured risk threshold. Activity consistent with benign peer-to-peer transfers.,NONE
C000351,ENT_000208,0.0025,0,NORMAL,NONE,NONE,0.0,"Model-derived risk probability is 0.0025, remaining well below the 0.50 suspicious triage threshold. ; Incident subgraph contains minimal structural connectivity (2 entity node(s), 1 directed edge(s)). ; Total transaction volume within the 72-hour incident window is ₹25,036.88 (average transfer: ₹25,036.88). ; No multi-hop fund routing or complex layering chains detected (max hop distance: 1). ; No illicit ATM cash-withdrawal terminal connections identified in the incident window.",5,No significant laundering pattern was detected at the configured risk threshold. Activity consistent with benign peer-to-peer transfers.,NONE
C000352,ENT_000502,0.9999,1,HIGH_CONFIDENCE,ATM_045,Mumbai,0.7121,"GraphSAGE GNN assessed an elevated risk probability of 0.9999 (Tier: HIGH_CONFIDENCE). ; Unusual concentration of transaction activity observed within the 72-hour incident window. ; The incident graph spans 3 transaction hops, indicating multi-stage fund routing away from the complaint account. ; Cumulative transaction volume reached ₹1,859,175.83 with a peak single transfer of ₹314,322.05. ; Subnetwork connects 18 entities across 17 directed transaction edges (average node degree: 1.89, incident in-degree: 0, out-degree: 1). ; Likely downstream cash exit identified at terminal ATM_045 in Mumbai (terminal risk score: 0.71, ₹188,936.32 withdrawn across 1 transaction(s)). ; Graph topology exhibits high structural similarity (1.00) to cataloged reference laundering patterns.",7,High-risk multi-hop transaction activity with downstream cash-out behavior was detected. Priority investigation recommended for root entity ENT_000502 and exit terminal ATM_045 (Mumbai).,"Terminal: ATM_045 (Mumbai) | Risk Score: 0.71 | Distance: 3 hop(s) | Cash Volume: ₹188,936.32 (1 tx) | Timing Delta: 46.5h from incident"
C000353,ENT_000247,0.0006,0,NORMAL,NONE,NONE,0.0,"Model-derived risk probability is 0.0006, remaining well below the 0.50 suspicious triage threshold. ; Incident subgraph contains minimal structural connectivity (1 entity node(s), 0 directed edge(s)). ; Total transaction volume within the 72-hour incident window is ₹0.00 (average transfer: ₹0.00). ; No multi-hop fund routing or complex layering chains detected (max hop distance: 0). ; No illicit ATM cash-withdrawal terminal connections identified in the incident window.",5,No significant laundering pattern was detected at the configured risk threshold. Activity consistent with benign peer-to-peer transfers.,NONE
C000354,ENT_000190,0.025,0,NORMAL,NONE,NONE,0.0,"Model-derived risk probability is 0.0250, remaining well below the 0.50 suspicious triage threshold. ; Incident subgraph contains minimal structural connectivity (4 entity node(s), 3 directed edge(s)). ; Total transaction volume within the 72-hour incident window is ₹30,689.17 (average transfer: ₹10,229.72). ; No multi-hop fund routing or complex layering chains detected (max hop distance: 3). ; No illicit ATM cash-withdrawal terminal connections identified in the incident window.",5,No significant laundering pattern was detected at the configured risk threshold. Activity consistent with benign peer-to-peer transfers.,NONE
C000355,ENT_000138,0.001,0,NORMAL,NONE,NONE,0.0,"Model-derived risk probability is 0.0010, remaining well below the 0.50 suspicious triage threshold. ; Incident subgraph contains minimal structural connectivity (1 entity node(s), 0 directed edge(s)). ; Total transaction volume within the 72-hour incident window is ₹0.00 (average transfer: ₹0.00). ; No multi-hop fund routing or complex layering chains detected (max hop distance: 0). ; No illicit ATM cash-withdrawal terminal connections identified in the incident window.",5,No significant laundering pattern was detected at the configured risk threshold. Activity consistent with benign peer-to-peer transfers.,NONE
C000356,ENT_000469,0.0069,0,NORMAL,NONE,NONE,0.0,"Model-derived risk probability is 0.0069, remaining well below the 0.50 suspicious triage threshold. ; Incident subgraph contains minimal structural connectivity (3 entity node(s), 2 directed edge(s)). ; Total transaction volume within the 72-hour incident window is ₹38,351.32 (average transfer: ₹19,175.66). ; No multi-hop fund routing or complex layering chains detected (max hop distance: 2). ; No illicit ATM cash-withdrawal terminal connections identified in the incident window.",5,No significant laundering pattern was detected at the configured risk threshold. Activity consistent with benign peer-to-peer transfers.,NONE
C000357,ENT_000643,0.0096,0,NORMAL,NONE,NONE,0.0,"Model-derived risk probability is 0.0096, remaining well below the 0.50 suspicious triage threshold. ; Incident subgraph contains minimal structural connectivity (3 entity node(s), 2 directed edge(s)). ; Total transaction volume within the 72-hour incident window is ₹5,837.54 (average transfer: ₹2,918.77). ; No multi-hop fund routing or complex layering chains detected (max hop distance: 2). ; No illicit ATM cash-withdrawal terminal connections identified in the incident window.",5,No significant laundering pattern was detected at the configured risk threshold. Activity consistent with benign peer-to-peer transfers.,NONE
C000358,ENT_000023,0.0008,0,NORMAL,NONE,NONE,0.0,"Model-derived risk probability is 0.0008, remaining well below the 0.50 suspicious triage threshold. ; Incident subgraph contains minimal structural connectivity (1 entity node(s), 0 directed edge(s)). ; Total transaction volume within the 72-hour incident window is ₹0.00 (average transfer: ₹0.00). ; No multi-hop fund routing or complex layering chains detected (max hop distance: 0). ; No illicit ATM cash-withdrawal terminal connections identified in the incident window.",5,No significant laundering pattern was detected at the configured risk threshold. Activity consistent with benign peer-to-peer transfers.,NONE
C000359,ENT_000052,0.0275,0,NORMAL,NONE,NONE,0.0,"Model-derived risk probability is 0.0275, remaining well below the 0.50 suspicious triage threshold. ; Incident subgraph contains minimal structural connectivity (4 entity node(s), 3 directed edge(s)). ; Total transaction volume within the 72-hour incident window is ₹4,796.79 (average transfer: ₹1,598.93). ; No multi-hop fund routing or complex layering chains detected (max hop distance: 3). ; No illicit ATM cash-withdrawal terminal connections identified in the incident window.",5,No significant laundering pattern was detected at the configured risk threshold. Activity consistent with benign peer-to-peer transfers.,NONE
C000360,ENT_000011,0.0013,0,NORMAL,NONE,NONE,0.0,"Model-derived risk probability is 0.0013, remaining well below the 0.50 suspicious triage threshold. ; Incident subgraph contains minimal structural connectivity (2 entity node(s), 1 directed edge(s)). ; Total transaction volume within the 72-hour incident window is ₹4,334.29 (average transfer: ₹4,334.29). ; No multi-hop fund routing or complex layering chains detected (max hop distance: 1). ; No illicit ATM cash-withdrawal terminal connections identified in the incident window.",5,No significant laundering pattern was detected at the configured risk threshold. Activity consistent with benign peer-to-peer transfers.,NONE
C000361,ENT_000622,0.0007,0,NORMAL,NONE,NONE,0.0,"Model-derived risk probability is 0.0007, remaining well below the 0.50 suspicious triage threshold. ; Incident subgraph contains minimal structural connectivity (1 entity node(s), 0 directed edge(s)). ; Total transaction volume within the 72-hour incident window is ₹0.00 (average transfer: ₹0.00). ; No multi-hop fund routing or complex layering chains detected (max hop distance: 0). ; No illicit ATM cash-withdrawal terminal connections identified in the incident window.",5,No significant laundering pattern was detected at the configured risk threshold. Activity consistent with benign peer-to-peer transfers.,NONE
C000362,ENT_000360,0.0136,0,NORMAL,NONE,NONE,0.0,"Model-derived risk probability is 0.0136, remaining well below the 0.50 suspicious triage threshold. ; Incident subgraph contains minimal structural connectivity (4 entity node(s), 3 directed edge(s)). ; Total transaction volume within the 72-hour incident window is ₹6,422.73 (average transfer: ₹2,140.91). ; No multi-hop fund routing or complex layering chains detected (max hop distance: 2). ; No illicit ATM cash-withdrawal terminal connections identified in the incident window.",5,No significant laundering pattern was detected at the configured risk threshold. Activity consistent with benign peer-to-peer transfers.,NONE
C000363,ENT_000328,0.1769,0,NORMAL,NONE,NONE,0.0,"Model-derived risk probability is 0.1769, remaining well below the 0.50 suspicious triage threshold. ; Incident subgraph contains minimal structural connectivity (6 entity node(s), 5 directed edge(s)). ; Total transaction volume within the 72-hour incident window is ₹56,601.24 (average transfer: ₹11,320.25). ; No multi-hop fund routing or complex layering chains detected (max hop distance: 3). ; No illicit ATM cash-withdrawal terminal connections identified in the incident window.",5,No significant laundering pattern was detected at the configured risk threshold. Activity consistent with benign peer-to-peer transfers.,NONE
C000364,ENT_000343,0.3102,0,NORMAL,NONE,NONE,0.0,"Model-derived risk probability is 0.3102, remaining well below the 0.50 suspicious triage threshold. ; Incident subgraph contains minimal structural connectivity (7 entity node(s), 6 directed edge(s)). ; Total transaction volume within the 72-hour incident window is ₹306,728.19 (average transfer: ₹51,121.36). ; No multi-hop fund routing or complex layering chains detected (max hop distance: 3). ; No illicit ATM cash-withdrawal terminal connections identified in the incident window.",5,No significant laundering pattern was detected at the configured risk threshold. Activity consistent with benign peer-to-peer transfers.,NONE
C000365,ENT_000557,0.0132,0,NORMAL,NONE,NONE,0.0,"Model-derived risk probability is 0.0132, remaining well below the 0.50 suspicious triage threshold. ; Incident subgraph contains minimal structural connectivity (3 entity node(s), 2 directed edge(s)). ; Total transaction volume within the 72-hour incident window is ₹42,008.01 (average transfer: ₹21,004.01). ; No multi-hop fund routing or complex layering chains detected (max hop distance: 2). ; No illicit ATM cash-withdrawal terminal connections identified in the incident window.",5,No significant laundering pattern was detected at the configured risk threshold. Activity consistent with benign peer-to-peer transfers.,NONE
C000366,ENT_000505,0.9995,1,HIGH_CONFIDENCE,ATM_017,Delhi,0.7952,"GraphSAGE GNN assessed an elevated risk probability of 0.9995 (Tier: HIGH_CONFIDENCE). ; Unusual concentration of transaction activity observed within the 72-hour incident window. ; The incident graph spans 3 transaction hops, indicating multi-stage fund routing away from the complaint account. ; Cumulative transaction volume reached ₹1,601,422.50 with a peak single transfer of ₹309,967.24. ; Subnetwork connects 14 entities across 13 directed transaction edges (average node degree: 1.86, incident in-degree: 1, out-degree: 2). ; Likely downstream cash exit identified at terminal ATM_017 in Delhi (terminal risk score: 0.80, ₹277,718.37 withdrawn across 1 transaction(s)). ; Graph topology exhibits high structural similarity (1.00) to cataloged reference laundering patterns.",7,High-risk multi-hop transaction activity with downstream cash-out behavior was detected. Priority investigation recommended for root entity ENT_000505 and exit terminal ATM_017 (Delhi).,"Terminal: ATM_017 (Delhi) | Risk Score: 0.80 | Distance: 3 hop(s) | Cash Volume: ₹277,718.37 (1 tx) | Timing Delta: 18.3h from incident"
C000367,ENT_000522,0.0006,0,NORMAL,NONE,NONE,0.0,"Model-derived risk probability is 0.0006, remaining well below the 0.50 suspicious triage threshold. ; Incident subgraph contains minimal structural connectivity (1 entity node(s), 0 directed edge(s)). ; Total transaction volume within the 72-hour incident window is ₹0.00 (average transfer: ₹0.00). ; No multi-hop fund routing or complex layering chains detected (max hop distance: 0). ; No illicit ATM cash-withdrawal terminal connections identified in the incident window.",5,No significant laundering pattern was detected at the configured risk threshold. Activity consistent with benign peer-to-peer transfers.,NONE
C000368,ENT_000008,0.001,0,NORMAL,NONE,NONE,0.0,"Model-derived risk probability is 0.0010, remaining well below the 0.50 suspicious triage threshold. ; Incident subgraph contains minimal structural connectivity (1 entity node(s), 0 directed edge(s)). ; Total transaction volume within the 72-hour incident window is ₹0.00 (average transfer: ₹0.00). ; No multi-hop fund routing or complex layering chains detected (max hop distance: 0). ; No illicit ATM cash-withdrawal terminal connections identified in the incident window.",5,No significant laundering pattern was detected at the configured risk threshold. Activity consistent with benign peer-to-peer transfers.,NONE
C000369,ENT_000511,0.001,0,NORMAL,NONE,NONE,0.0,"Model-derived risk probability is 0.0010, remaining well below the 0.50 suspicious triage threshold. ; Incident subgraph contains minimal structural connectivity (1 entity node(s), 0 directed edge(s)). ; Total transaction volume within the 72-hour incident window is ₹0.00 (average transfer: ₹0.00). ; No multi-hop fund routing or complex layering chains detected (max hop distance: 0). ; No illicit ATM cash-withdrawal terminal connections identified in the incident window.",5,No significant laundering pattern was detected at the configured risk threshold. Activity consistent with benign peer-to-peer transfers.,NONE
C000370,ENT_000548,0.5445,1,MEDIUM_CONFIDENCE,NONE,NONE,0.0,"GraphSAGE GNN assessed an elevated risk probability of 0.5445 (Tier: MEDIUM_CONFIDENCE). ; Unusual concentration of transaction activity observed within the 72-hour incident window. ; The incident graph spans 3 transaction hops, indicating multi-stage fund routing away from the complaint account. ; Cumulative transaction volume reached ₹49,359.02 with a peak single transfer of ₹24,497.29. ; Subnetwork connects 8 entities across 7 directed transaction edges (average node degree: 1.75, incident in-degree: 0, out-degree: 1). ; Graph topology exhibits high structural similarity (0.99) to cataloged reference laundering patterns.",6,"Elevated transaction risk detected around entity ENT_000548. Multi-hop activity observed, but supporting terminal or structural reference evidence remains partial.",NONE
C000371,ENT_000022,0.6862,1,HIGH_CONFIDENCE,NONE,NONE,0.0,"GraphSAGE GNN assessed an elevated risk probability of 0.6862 (Tier: HIGH_CONFIDENCE). ; Unusual concentration of transaction activity observed within the 72-hour incident window. ; The incident graph spans 3 transaction hops, indicating multi-stage fund routing away from the complaint account. ; Cumulative transaction volume reached ₹784,917.81 with a peak single transfer of ₹361,046.88. ; Subnetwork connects 9 entities across 8 directed transaction edges (average node degree: 1.78, incident in-degree: 0, out-degree: 2). ; Graph topology exhibits high structural similarity (0.99) to cataloged reference laundering patterns.",6,High-risk multi-hop transaction activity with strong graph evidence was detected. Priority investigation recommended for root entity ENT_000022 and connected intermediaries.,NONE
C000372,ENT_000432,0.4252,0,NORMAL,NONE,NONE,0.0,"Model-derived risk probability is 0.4252, remaining well below the 0.50 suspicious triage threshold. ; Incident subgraph contains minimal structural connectivity (4 entity node(s), 3 directed edge(s)). ; Total transaction volume within the 72-hour incident window is ₹393,041.18 (average transfer: ₹131,013.73). ; No multi-hop fund routing or complex layering chains detected (max hop distance: 3). ; No illicit ATM cash-withdrawal terminal connections identified in the incident window.",5,No significant laundering pattern was detected at the configured risk threshold. Activity consistent with benign peer-to-peer transfers.,NONE
C000373,ENT_000098,0.0011,0,NORMAL,NONE,NONE,0.0,"Model-derived risk probability is 0.0011, remaining well below the 0.50 suspicious triage threshold. ; Incident subgraph contains minimal structural connectivity (1 entity node(s), 0 directed edge(s)). ; Total transaction volume within the 72-hour incident window is ₹0.00 (average transfer: ₹0.00). ; No multi-hop fund routing or complex layering chains detected (max hop distance: 0). ; No illicit ATM cash-withdrawal terminal connections identified in the incident window.",5,No significant laundering pattern was detected at the configured risk threshold. Activity consistent with benign peer-to-peer transfers.,NONE
C000374,ENT_000541,0.0006,0,NORMAL,NONE,NONE,0.0,"Model-derived risk probability is 0.0006, remaining well below the 0.50 suspicious triage threshold. ; Incident subgraph contains minimal structural connectivity (1 entity node(s), 0 directed edge(s)). ; Total transaction volume within the 72-hour incident window is ₹0.00 (average transfer: ₹0.00). ; No multi-hop fund routing or complex layering chains detected (max hop distance: 0). ; No illicit ATM cash-withdrawal terminal connections identified in the incident window.",5,No significant laundering pattern was detected at the configured risk threshold. Activity consistent with benign peer-to-peer transfers.,NONE
C000375,ENT_000656,0.0009,0,NORMAL,NONE,NONE,0.0,"Model-derived risk probability is 0.0009, remaining well below the 0.50 suspicious triage threshold. ; Incident subgraph contains minimal structural connectivity (1 entity node(s), 0 directed edge(s)). ; Total transaction volume within the 72-hour incident window is ₹0.00 (average transfer: ₹0.00). ; No multi-hop fund routing or complex layering chains detected (max hop distance: 0). ; No illicit ATM cash-withdrawal terminal connections identified in the incident window.",5,No significant laundering pattern was detected at the configured risk threshold. Activity consistent with benign peer-to-peer transfers.,NONE
C000376,ENT_000018,0.0006,0,NORMAL,NONE,NONE,0.0,"Model-derived risk probability is 0.0006, remaining well below the 0.50 suspicious triage threshold. ; Incident subgraph contains minimal structural connectivity (1 entity node(s), 0 directed edge(s)). ; Total transaction volume within the 72-hour incident window is ₹0.00 (average transfer: ₹0.00). ; No multi-hop fund routing or complex layering chains detected (max hop distance: 0). ; No illicit ATM cash-withdrawal terminal connections identified in the incident window.",5,No significant laundering pattern was detected at the configured risk threshold. Activity consistent with benign peer-to-peer transfers.,NONE
C000377,ENT_000527,0.0007,0,NORMAL,NONE,NONE,0.0,"Model-derived risk probability is 0.0007, remaining well below the 0.50 suspicious triage threshold. ; Incident subgraph contains minimal structural connectivity (1 entity node(s), 0 directed edge(s)). ; Total transaction volume within the 72-hour incident window is ₹0.00 (average transfer: ₹0.00). ; No multi-hop fund routing or complex layering chains detected (max hop distance: 0). ; No illicit ATM cash-withdrawal terminal connections identified in the incident window.",5,No significant laundering pattern was detected at the configured risk threshold. Activity consistent with benign peer-to-peer transfers.,NONE
C000378,ENT_000368,0.0161,0,NORMAL,NONE,NONE,0.0,"Model-derived risk probability is 0.0161, remaining well below the 0.50 suspicious triage threshold. ; Incident subgraph contains minimal structural connectivity (2 entity node(s), 1 directed edge(s)). ; Total transaction volume within the 72-hour incident window is ₹339,002.14 (average transfer: ₹339,002.14). ; No multi-hop fund routing or complex layering chains detected (max hop distance: 1). ; No illicit ATM cash-withdrawal terminal connections identified in the incident window.",5,No significant laundering pattern was detected at the configured risk threshold. Activity consistent with benign peer-to-peer transfers.,NONE
C000379,ENT_000144,0.1516,0,NORMAL,NONE,NONE,0.0,"Model-derived risk probability is 0.1516, remaining well below the 0.50 suspicious triage threshold. ; Incident subgraph contains minimal structural connectivity (5 entity node(s), 4 directed edge(s)). ; Total transaction volume within the 72-hour incident window is ₹7,396.87 (average transfer: ₹1,849.22). ; No multi-hop fund routing or complex layering chains detected (max hop distance: 3). ; No illicit ATM cash-withdrawal terminal connections identified in the incident window.",5,No significant laundering pattern was detected at the configured risk threshold. Activity consistent with benign peer-to-peer transfers.,NONE
C000380,ENT_000431,0.0891,0,NORMAL,NONE,NONE,0.0,"Model-derived risk probability is 0.0891, remaining well below the 0.50 suspicious triage threshold. ; Incident subgraph contains minimal structural connectivity (5 entity node(s), 4 directed edge(s)). ; Total transaction volume within the 72-hour incident window is ₹22,917.31 (average transfer: ₹5,729.33). ; No multi-hop fund routing or complex layering chains detected (max hop distance: 2). ; No illicit ATM cash-withdrawal terminal connections identified in the incident window.",5,No significant laundering pattern was detected at the configured risk threshold. Activity consistent with benign peer-to-peer transfers.,NONE
C000381,ENT_000061,0.9581,1,HIGH_CONFIDENCE,NONE,NONE,0.0,"GraphSAGE GNN assessed an elevated risk probability of 0.9581 (Tier: HIGH_CONFIDENCE). ; Unusual concentration of transaction activity observed within the 72-hour incident window. ; The incident graph spans 3 transaction hops, indicating multi-stage fund routing away from the complaint account. ; Cumulative transaction volume reached ₹516,217.57 with a peak single transfer of ₹199,053.09. ; Subnetwork connects 9 entities across 8 directed transaction edges (average node degree: 1.78, incident in-degree: 0, out-degree: 1). ; Graph topology exhibits high structural similarity (1.00) to cataloged reference laundering patterns.",6,High-risk multi-hop transaction activity with strong graph evidence was detected. Priority investigation recommended for root entity ENT_000061 and connected intermediaries.,NONE
C000382,ENT_000698,0.0011,0,NORMAL,NONE,NONE,0.0,"Model-derived risk probability is 0.0011, remaining well below the 0.50 suspicious triage threshold. ; Incident subgraph contains minimal structural connectivity (1 entity node(s), 0 directed edge(s)). ; Total transaction volume within the 72-hour incident window is ₹0.00 (average transfer: ₹0.00). ; No multi-hop fund routing or complex layering chains detected (max hop distance: 0). ; No illicit ATM cash-withdrawal terminal connections identified in the incident window.",5,No significant laundering pattern was detected at the configured risk threshold. Activity consistent with benign peer-to-peer transfers.,NONE
C000383,ENT_000247,0.0809,0,NORMAL,NONE,NONE,0.0,"Model-derived risk probability is 0.0809, remaining well below the 0.50 suspicious triage threshold. ; Incident subgraph contains minimal structural connectivity (5 entity node(s), 4 directed edge(s)). ; Total transaction volume within the 72-hour incident window is ₹55,006.16 (average transfer: ₹13,751.54). ; No multi-hop fund routing or complex layering chains detected (max hop distance: 3). ; No illicit ATM cash-withdrawal terminal connections identified in the incident window.",5,No significant laundering pattern was detected at the configured risk threshold. Activity consistent with benign peer-to-peer transfers.,NONE
C000384,ENT_000215,0.273,0,NORMAL,NONE,NONE,0.0,"Model-derived risk probability is 0.2730, remaining well below the 0.50 suspicious triage threshold. ; Incident subgraph contains minimal structural connectivity (3 entity node(s), 2 directed edge(s)). ; Total transaction volume within the 72-hour incident window is ₹435,362.16 (average transfer: ₹217,681.08). ; No multi-hop fund routing or complex layering chains detected (max hop distance: 2). ; No illicit ATM cash-withdrawal terminal connections identified in the incident window.",5,No significant laundering pattern was detected at the configured risk threshold. Activity consistent with benign peer-to-peer transfers.,NONE
C000385,ENT_000484,0.0186,0,NORMAL,NONE,NONE,0.0,"Model-derived risk probability is 0.0186, remaining well below the 0.50 suspicious triage threshold. ; Incident subgraph contains minimal structural connectivity (4 entity node(s), 3 directed edge(s)). ; Total transaction volume within the 72-hour incident window is ₹7,902.75 (average transfer: ₹2,634.25). ; No multi-hop fund routing or complex layering chains detected (max hop distance: 3). ; No illicit ATM cash-withdrawal terminal connections identified in the incident window.",5,No significant laundering pattern was detected at the configured risk threshold. Activity consistent with benign peer-to-peer transfers.,NONE
C000386,ENT_000359,0.9499,1,HIGH_CONFIDENCE,NONE,NONE,0.0,"GraphSAGE GNN assessed an elevated risk probability of 0.9499 (Tier: HIGH_CONFIDENCE). ; Unusual concentration of transaction activity observed within the 72-hour incident window. ; The incident graph spans 3 transaction hops, indicating multi-stage fund routing away from the complaint account. ; Cumulative transaction volume reached ₹798,741.51 with a peak single transfer of ₹497,990.60. ; Subnetwork connects 6 entities across 5 directed transaction edges (average node degree: 1.67, incident in-degree: 1, out-degree: 0). ; Graph topology exhibits high structural similarity (0.99) to cataloged reference laundering patterns.",6,High-risk multi-hop transaction activity with strong graph evidence was detected. Priority investigation recommended for root entity ENT_000359 and connected intermediaries.,NONE
C000387,ENT_000457,0.0423,0,NORMAL,NONE,NONE,0.0,"Model-derived risk probability is 0.0423, remaining well below the 0.50 suspicious triage threshold. ; Incident subgraph contains minimal structural connectivity (5 entity node(s), 4 directed edge(s)). ; Total transaction volume within the 72-hour incident window is ₹25,500.45 (average transfer: ₹6,375.11). ; No multi-hop fund routing or complex layering chains detected (max hop distance: 3). ; No illicit ATM cash-withdrawal terminal connections identified in the incident window.",5,No significant laundering pattern was detected at the configured risk threshold. Activity consistent with benign peer-to-peer transfers.,NONE
C000388,ENT_000590,0.0006,0,NORMAL,NONE,NONE,0.0,"Model-derived risk probability is 0.0006, remaining well below the 0.50 suspicious triage threshold. ; Incident subgraph contains minimal structural connectivity (1 entity node(s), 0 directed edge(s)). ; Total transaction volume within the 72-hour incident window is ₹0.00 (average transfer: ₹0.00). ; No multi-hop fund routing or complex layering chains detected (max hop distance: 0). ; No illicit ATM cash-withdrawal terminal connections identified in the incident window.",5,No significant laundering pattern was detected at the configured risk threshold. Activity consistent with benign peer-to-peer transfers.,NONE
C000389,ENT_000050,0.0008,0,NORMAL,NONE,NONE,0.0,"Model-derived risk probability is 0.0008, remaining well below the 0.50 suspicious triage threshold. ; Incident subgraph contains minimal structural connectivity (1 entity node(s), 0 directed edge(s)). ; Total transaction volume within the 72-hour incident window is ₹0.00 (average transfer: ₹0.00). ; No multi-hop fund routing or complex layering chains detected (max hop distance: 0). ; No illicit ATM cash-withdrawal terminal connections identified in the incident window.",5,No significant laundering pattern was detected at the configured risk threshold. Activity consistent with benign peer-to-peer transfers.,NONE
C000390,ENT_000627,0.9999,1,HIGH_CONFIDENCE,NONE,NONE,0.0,"GraphSAGE GNN assessed an elevated risk probability of 0.9999 (Tier: HIGH_CONFIDENCE). ; Unusual concentration of transaction activity observed within the 72-hour incident window. ; The incident graph spans 3 transaction hops, indicating multi-stage fund routing away from the complaint account. ; Cumulative transaction volume reached ₹447,964.65 with a peak single transfer of ₹142,285.52. ; Subnetwork connects 11 entities across 18 directed transaction edges (average node degree: 3.27, incident in-degree: 0, out-degree: 1). ; Graph topology exhibits high structural similarity (1.00) to cataloged reference laundering patterns.",6,High-risk multi-hop transaction activity with strong graph evidence was detected. Priority investigation recommended for root entity ENT_000627 and connected intermediaries.,NONE
C000391,ENT_000662,0.9201,1,HIGH_CONFIDENCE,NONE,NONE,0.0,"GraphSAGE GNN assessed an elevated risk probability of 0.9201 (Tier: HIGH_CONFIDENCE). ; Unusual concentration of transaction activity observed within the 72-hour incident window. ; The incident graph spans 3 transaction hops, indicating multi-stage fund routing away from the complaint account. ; Cumulative transaction volume reached ₹672,292.61 with a peak single transfer of ₹219,484.47. ; Subnetwork connects 11 entities across 10 directed transaction edges (average node degree: 1.82, incident in-degree: 2, out-degree: 1). ; Graph topology exhibits high structural similarity (0.99) to cataloged reference laundering patterns.",6,High-risk multi-hop transaction activity with strong graph evidence was detected. Priority investigation recommended for root entity ENT_000662 and connected intermediaries.,NONE
C000392,ENT_000108,0.0122,0,NORMAL,NONE,NONE,0.0,"Model-derived risk probability is 0.0122, remaining well below the 0.50 suspicious triage threshold. ; Incident subgraph contains minimal structural connectivity (3 entity node(s), 2 directed edge(s)). ; Total transaction volume within the 72-hour incident window is ₹75,183.51 (average transfer: ₹37,591.75). ; No multi-hop fund routing or complex layering chains detected (max hop distance: 2). ; No illicit ATM cash-withdrawal terminal connections identified in the incident window.",5,No significant laundering pattern was detected at the configured risk threshold. Activity consistent with benign peer-to-peer transfers.,NONE
C000393,ENT_000619,0.9988,1,HIGH_CONFIDENCE,ATM_004,Chennai,0.77,"GraphSAGE GNN assessed an elevated risk probability of 0.9988 (Tier: HIGH_CONFIDENCE). ; Unusual concentration of transaction activity observed within the 72-hour incident window. ; The incident graph spans 3 transaction hops, indicating multi-stage fund routing away from the complaint account. ; Cumulative transaction volume reached ₹1,530,614.82 with a peak single transfer of ₹278,245.95. ; Subnetwork connects 16 entities across 17 directed transaction edges (average node degree: 2.12, incident in-degree: 2, out-degree: 1). ; Likely downstream cash exit identified at terminal ATM_004 in Chennai (terminal risk score: 0.77, ₹104,992.03 withdrawn across 1 transaction(s)). ; Graph topology exhibits high structural similarity (1.00) to cataloged reference laundering patterns.",7,High-risk multi-hop transaction activity with downstream cash-out behavior was detected. Priority investigation recommended for root entity ENT_000619 and exit terminal ATM_004 (Chennai).,"Terminal: ATM_004 (Chennai) | Risk Score: 0.77 | Distance: 1 hop(s) | Cash Volume: ₹104,992.03 (1 tx) | Timing Delta: 63.3h from incident"
C000394,ENT_000684,0.0012,0,NORMAL,NONE,NONE,0.0,"Model-derived risk probability is 0.0012, remaining well below the 0.50 suspicious triage threshold. ; Incident subgraph contains minimal structural connectivity (1 entity node(s), 0 directed edge(s)). ; Total transaction volume within the 72-hour incident window is ₹0.00 (average transfer: ₹0.00). ; No multi-hop fund routing or complex layering chains detected (max hop distance: 0). ; No illicit ATM cash-withdrawal terminal connections identified in the incident window.",5,No significant laundering pattern was detected at the configured risk threshold. Activity consistent with benign peer-to-peer transfers.,NONE
C000395,ENT_000584,0.0012,0,NORMAL,NONE,NONE,0.0,"Model-derived risk probability is 0.0012, remaining well below the 0.50 suspicious triage threshold. ; Incident subgraph contains minimal structural connectivity (1 entity node(s), 0 directed edge(s)). ; Total transaction volume within the 72-hour incident window is ₹0.00 (average transfer: ₹0.00). ; No multi-hop fund routing or complex layering chains detected (max hop distance: 0). ; No illicit ATM cash-withdrawal terminal connections identified in the incident window.",5,No significant laundering pattern was detected at the configured risk threshold. Activity consistent with benign peer-to-peer transfers.,NONE
C000396,ENT_000620,0.0008,0,NORMAL,NONE,NONE,0.0,"Model-derived risk probability is 0.0008, remaining well below the 0.50 suspicious triage threshold. ; Incident subgraph contains minimal structural connectivity (1 entity node(s), 0 directed edge(s)). ; Total transaction volume within the 72-hour incident window is ₹0.00 (average transfer: ₹0.00). ; No multi-hop fund routing or complex layering chains detected (max hop distance: 0). ; No illicit ATM cash-withdrawal terminal connections identified in the incident window.",5,No significant laundering pattern was detected at the configured risk threshold. Activity consistent with benign peer-to-peer transfers.,NONE
C000397,ENT_000437,0.0009,0,NORMAL,NONE,NONE,0.0,"Model-derived risk probability is 0.0009, remaining well below the 0.50 suspicious triage threshold. ; Incident subgraph contains minimal structural connectivity (1 entity node(s), 0 directed edge(s)). ; Total transaction volume within the 72-hour incident window is ₹0.00 (average transfer: ₹0.00). ; No multi-hop fund routing or complex layering chains detected (max hop distance: 0). ; No illicit ATM cash-withdrawal terminal connections identified in the incident window.",5,No significant laundering pattern was detected at the configured risk threshold. Activity consistent with benign peer-to-peer transfers.,NONE
C000398,ENT_000559,0.0014,0,NORMAL,NONE,NONE,0.0,"Model-derived risk probability is 0.0014, remaining well below the 0.50 suspicious triage threshold. ; Incident subgraph contains minimal structural connectivity (2 entity node(s), 1 directed edge(s)). ; Total transaction volume within the 72-hour incident window is ₹4,725.08 (average transfer: ₹4,725.08). ; No multi-hop fund routing or complex layering chains detected (max hop distance: 1). ; No illicit ATM cash-withdrawal terminal connections identified in the incident window.",5,No significant laundering pattern was detected at the configured risk threshold. Activity consistent with benign peer-to-peer transfers.,NONE
C000399,ENT_000147,0.9937,1,HIGH_CONFIDENCE,NONE,NONE,0.0,"GraphSAGE GNN assessed an elevated risk probability of 0.9937 (Tier: HIGH_CONFIDENCE). ; Unusual concentration of transaction activity observed within the 72-hour incident window. ; The incident graph spans 3 transaction hops, indicating multi-stage fund routing away from the complaint account. ; Cumulative transaction volume reached ₹370,615.66 with a peak single transfer of ₹213,067.05. ; Subnetwork connects 9 entities across 9 directed transaction edges (average node degree: 2.00, incident in-degree: 1, out-degree: 0). ; Graph topology exhibits high structural similarity (1.00) to cataloged reference laundering patterns.",6,High-risk multi-hop transaction activity with strong graph evidence was detected. Priority investigation recommended for root entity ENT_000147 and connected intermediaries.,NONE
C000400,ENT_000447,0.2948,0,NORMAL,NONE,NONE,0.0,"Model-derived risk probability is 0.2948, remaining well below the 0.50 suspicious triage threshold. ; Incident subgraph contains minimal structural connectivity (7 entity node(s), 6 directed edge(s)). ; Total transaction volume within the 72-hour incident window is ₹16,297.10 (average transfer: ₹2,716.18). ; No multi-hop fund routing or complex layering chains detected (max hop distance: 3). ; No illicit ATM cash-withdrawal terminal connections identified in the incident window.",5,No significant laundering pattern was detected at the configured risk threshold. Activity consistent with benign peer-to-peer transfers.,NONE
C000401,ENT_000468,0.0009,0,NORMAL,NONE,NONE,0.0,"Model-derived risk probability is 0.0009, remaining well below the 0.50 suspicious triage threshold. ; Incident subgraph contains minimal structural connectivity (1 entity node(s), 0 directed edge(s)). ; Total transaction volume within the 72-hour incident window is ₹0.00 (average transfer: ₹0.00). ; No multi-hop fund routing or complex layering chains detected (max hop distance: 0). ; No illicit ATM cash-withdrawal terminal connections identified in the incident window.",5,No significant laundering pattern was detected at the configured risk threshold. Activity consistent with benign peer-to-peer transfers.,NONE
C000402,ENT_000678,0.0022,0,NORMAL,NONE,NONE,0.0,"Model-derived risk probability is 0.0022, remaining well below the 0.50 suspicious triage threshold. ; Incident subgraph contains minimal structural connectivity (2 entity node(s), 1 directed edge(s)). ; Total transaction volume within the 72-hour incident window is ₹739.49 (average transfer: ₹739.49). ; No multi-hop fund routing or complex layering chains detected (max hop distance: 1). ; No illicit ATM cash-withdrawal terminal connections identified in the incident window.",5,No significant laundering pattern was detected at the configured risk threshold. Activity consistent with benign peer-to-peer transfers.,NONE
C000403,ENT_000162,0.001,0,NORMAL,NONE,NONE,0.0,"Model-derived risk probability is 0.0010, remaining well below the 0.50 suspicious triage threshold. ; Incident subgraph contains minimal structural connectivity (1 entity node(s), 0 directed edge(s)). ; Total transaction volume within the 72-hour incident window is ₹0.00 (average transfer: ₹0.00). ; No multi-hop fund routing or complex layering chains detected (max hop distance: 0). ; No illicit ATM cash-withdrawal terminal connections identified in the incident window.",5,No significant laundering pattern was detected at the configured risk threshold. Activity consistent with benign peer-to-peer transfers.,NONE
C000404,ENT_000284,0.0023,0,NORMAL,NONE,NONE,0.0,"Model-derived risk probability is 0.0023, remaining well below the 0.50 suspicious triage threshold. ; Incident subgraph contains minimal structural connectivity (2 entity node(s), 1 directed edge(s)). ; Total transaction volume within the 72-hour incident window is ₹38,910.75 (average transfer: ₹38,910.75). ; No multi-hop fund routing or complex layering chains detected (max hop distance: 1). ; No illicit ATM cash-withdrawal terminal connections identified in the incident window.",5,No significant laundering pattern was detected at the configured risk threshold. Activity consistent with benign peer-to-peer transfers.,NONE
C000405,ENT_000403,0.0008,0,NORMAL,NONE,NONE,0.0,"Model-derived risk probability is 0.0008, remaining well below the 0.50 suspicious triage threshold. ; Incident subgraph contains minimal structural connectivity (1 entity node(s), 0 directed edge(s)). ; Total transaction volume within the 72-hour incident window is ₹0.00 (average transfer: ₹0.00). ; No multi-hop fund routing or complex layering chains detected (max hop distance: 0). ; No illicit ATM cash-withdrawal terminal connections identified in the incident window.",5,No significant laundering pattern was detected at the configured risk threshold. Activity consistent with benign peer-to-peer transfers.,NONE
C000406,ENT_000551,0.9685,1,HIGH_CONFIDENCE,NONE,NONE,0.0,"GraphSAGE GNN assessed an elevated risk probability of 0.9685 (Tier: HIGH_CONFIDENCE). ; Unusual concentration of transaction activity observed within the 72-hour incident window. ; The incident graph spans 3 transaction hops, indicating multi-stage fund routing away from the complaint account. ; Cumulative transaction volume reached ₹814,946.14 with a peak single transfer of ₹396,465.35. ; Subnetwork connects 9 entities across 8 directed transaction edges (average node degree: 1.78, incident in-degree: 0, out-degree: 1). ; Graph topology exhibits high structural similarity (0.99) to cataloged reference laundering patterns.",6,High-risk multi-hop transaction activity with strong graph evidence was detected. Priority investigation recommended for root entity ENT_000551 and connected intermediaries.,NONE
C000407,ENT_000230,1.0,1,HIGH_CONFIDENCE,NONE,NONE,0.0,"GraphSAGE GNN assessed an elevated risk probability of 1.0000 (Tier: HIGH_CONFIDENCE). ; Unusual concentration of transaction activity observed within the 72-hour incident window. ; The incident graph spans 3 transaction hops, indicating multi-stage fund routing away from the complaint account. ; Cumulative transaction volume reached ₹971,430.43 with a peak single transfer of ₹162,257.51. ; Subnetwork connects 20 entities across 21 directed transaction edges (average node degree: 2.10, incident in-degree: 0, out-degree: 1). ; Graph topology exhibits high structural similarity (1.00) to cataloged reference laundering patterns.",6,High-risk multi-hop transaction activity with strong graph evidence was detected. Priority investigation recommended for root entity ENT_000230 and connected intermediaries.,NONE
C000408,ENT_000699,0.9993,1,HIGH_CONFIDENCE,NONE,NONE,0.0,"GraphSAGE GNN assessed an elevated risk probability of 0.9993 (Tier: HIGH_CONFIDENCE). ; Unusual concentration of transaction activity observed within the 72-hour incident window. ; The incident graph spans 3 transaction hops, indicating multi-stage fund routing away from the complaint account. ; Cumulative transaction volume reached ₹1,085,576.07 with a peak single transfer of ₹210,497.34. ; Subnetwork connects 17 entities across 18 directed transaction edges (average node degree: 2.12, incident in-degree: 1, out-degree: 2). ; Graph topology exhibits high structural similarity (1.00) to cataloged reference laundering patterns.",6,High-risk multi-hop transaction activity with strong graph evidence was detected. Priority investigation recommended for root entity ENT_000699 and connected intermediaries.,NONE
C000409,ENT_000284,0.0008,0,NORMAL,NONE,NONE,0.0,"Model-derived risk probability is 0.0008, remaining well below the 0.50 suspicious triage threshold. ; Incident subgraph contains minimal structural connectivity (1 entity node(s), 0 directed edge(s)). ; Total transaction volume within the 72-hour incident window is ₹0.00 (average transfer: ₹0.00). ; No multi-hop fund routing or complex layering chains detected (max hop distance: 0). ; No illicit ATM cash-withdrawal terminal connections identified in the incident window.",5,No significant laundering pattern was detected at the configured risk threshold. Activity consistent with benign peer-to-peer transfers.,NONE
C000410,ENT_000025,0.0006,0,NORMAL,NONE,NONE,0.0,"Model-derived risk probability is 0.0006, remaining well below the 0.50 suspicious triage threshold. ; Incident subgraph contains minimal structural connectivity (1 entity node(s), 0 directed edge(s)). ; Total transaction volume within the 72-hour incident window is ₹0.00 (average transfer: ₹0.00). ; No multi-hop fund routing or complex layering chains detected (max hop distance: 0). ; No illicit ATM cash-withdrawal terminal connections identified in the incident window.",5,No significant laundering pattern was detected at the configured risk threshold. Activity consistent with benign peer-to-peer transfers.,NONE
C000411,ENT_000510,0.0012,0,NORMAL,NONE,NONE,0.0,"Model-derived risk probability is 0.0012, remaining well below the 0.50 suspicious triage threshold. ; Incident subgraph contains minimal structural connectivity (1 entity node(s), 0 directed edge(s)). ; Total transaction volume within the 72-hour incident window is ₹0.00 (average transfer: ₹0.00). ; No multi-hop fund routing or complex layering chains detected (max hop distance: 0). ; No illicit ATM cash-withdrawal terminal connections identified in the incident window.",5,No significant laundering pattern was detected at the configured risk threshold. Activity consistent with benign peer-to-peer transfers.,NONE
C000412,ENT_000470,0.4458,0,NORMAL,NONE,NONE,0.0,"Model-derived risk probability is 0.4458, remaining well below the 0.50 suspicious triage threshold. ; Incident subgraph contains minimal structural connectivity (8 entity node(s), 7 directed edge(s)). ; Total transaction volume within the 72-hour incident window is ₹676,635.70 (average transfer: ₹96,662.24). ; No multi-hop fund routing or complex layering chains detected (max hop distance: 3). ; No illicit ATM cash-withdrawal terminal connections identified in the incident window.",5,No significant laundering pattern was detected at the configured risk threshold. Activity consistent with benign peer-to-peer transfers.,NONE
C000413,ENT_000333,0.5478,1,MEDIUM_CONFIDENCE,NONE,NONE,0.0,"GraphSAGE GNN assessed an elevated risk probability of 0.5478 (Tier: MEDIUM_CONFIDENCE). ; Unusual concentration of transaction activity observed within the 72-hour incident window. ; The incident graph spans 3 transaction hops, indicating multi-stage fund routing away from the complaint account. ; Cumulative transaction volume reached ₹114,818.12 with a peak single transfer of ₹110,751.81. ; Subnetwork connects 5 entities across 4 directed transaction edges (average node degree: 1.60, incident in-degree: 0, out-degree: 1). ; Graph topology exhibits high structural similarity (0.99) to cataloged reference laundering patterns.",6,"Elevated transaction risk detected around entity ENT_000333. Multi-hop activity observed, but supporting terminal or structural reference evidence remains partial.",NONE
C000414,ENT_000364,0.0555,0,NORMAL,NONE,NONE,0.0,"Model-derived risk probability is 0.0555, remaining well below the 0.50 suspicious triage threshold. ; Incident subgraph contains minimal structural connectivity (4 entity node(s), 3 directed edge(s)). ; Total transaction volume within the 72-hour incident window is ₹43,312.82 (average transfer: ₹14,437.61). ; No multi-hop fund routing or complex layering chains detected (max hop distance: 3). ; No illicit ATM cash-withdrawal terminal connections identified in the incident window.",5,No significant laundering pattern was detected at the configured risk threshold. Activity consistent with benign peer-to-peer transfers.,NONE
C000415,ENT_000660,0.9862,1,HIGH_CONFIDENCE,NONE,NONE,0.0,"GraphSAGE GNN assessed an elevated risk probability of 0.9862 (Tier: HIGH_CONFIDENCE). ; Unusual concentration of transaction activity observed within the 72-hour incident window. ; The incident graph spans 3 transaction hops, indicating multi-stage fund routing away from the complaint account. ; Cumulative transaction volume reached ₹543,888.73 with a peak single transfer of ₹270,401.19. ; Subnetwork connects 9 entities across 8 directed transaction edges (average node degree: 1.78, incident in-degree: 0, out-degree: 1). ; Graph topology exhibits high structural similarity (1.00) to cataloged reference laundering patterns.",6,High-risk multi-hop transaction activity with strong graph evidence was detected. Priority investigation recommended for root entity ENT_000660 and connected intermediaries.,NONE
C000416,ENT_000020,0.0009,0,NORMAL,NONE,NONE,0.0,"Model-derived risk probability is 0.0009, remaining well below the 0.50 suspicious triage threshold. ; Incident subgraph contains minimal structural connectivity (1 entity node(s), 0 directed edge(s)). ; Total transaction volume within the 72-hour incident window is ₹0.00 (average transfer: ₹0.00). ; No multi-hop fund routing or complex layering chains detected (max hop distance: 0). ; No illicit ATM cash-withdrawal terminal connections identified in the incident window.",5,No significant laundering pattern was detected at the configured risk threshold. Activity consistent with benign peer-to-peer transfers.,NONE
C000417,ENT_000317,0.0012,0,NORMAL,NONE,NONE,0.0,"Model-derived risk probability is 0.0012, remaining well below the 0.50 suspicious triage threshold. ; Incident subgraph contains minimal structural connectivity (2 entity node(s), 1 directed edge(s)). ; Total transaction volume within the 72-hour incident window is ₹1,955.46 (average transfer: ₹1,955.46). ; No multi-hop fund routing or complex layering chains detected (max hop distance: 1). ; No illicit ATM cash-withdrawal terminal connections identified in the incident window.",5,No significant laundering pattern was detected at the configured risk threshold. Activity consistent with benign peer-to-peer transfers.,NONE
C000418,ENT_000048,0.001,0,NORMAL,NONE,NONE,0.0,"Model-derived risk probability is 0.0010, remaining well below the 0.50 suspicious triage threshold. ; Incident subgraph contains minimal structural connectivity (1 entity node(s), 0 directed edge(s)). ; Total transaction volume within the 72-hour incident window is ₹0.00 (average transfer: ₹0.00). ; No multi-hop fund routing or complex layering chains detected (max hop distance: 0). ; No illicit ATM cash-withdrawal terminal connections identified in the incident window.",5,No significant laundering pattern was detected at the configured risk threshold. Activity consistent with benign peer-to-peer transfers.,NONE
C000419,ENT_000440,0.0057,0,NORMAL,NONE,NONE,0.0,"Model-derived risk probability is 0.0057, remaining well below the 0.50 suspicious triage threshold. ; Incident subgraph contains minimal structural connectivity (3 entity node(s), 2 directed edge(s)). ; Total transaction volume within the 72-hour incident window is ₹6,141.12 (average transfer: ₹3,070.56). ; No multi-hop fund routing or complex layering chains detected (max hop distance: 2). ; No illicit ATM cash-withdrawal terminal connections identified in the incident window.",5,No significant laundering pattern was detected at the configured risk threshold. Activity consistent with benign peer-to-peer transfers.,NONE
C000420,ENT_000412,0.9999,1,HIGH_CONFIDENCE,NONE,NONE,0.0,"GraphSAGE GNN assessed an elevated risk probability of 0.9999 (Tier: HIGH_CONFIDENCE). ; Unusual concentration of transaction activity observed within the 72-hour incident window. ; The incident graph spans 3 transaction hops, indicating multi-stage fund routing away from the complaint account. ; Cumulative transaction volume reached ₹1,482,435.71 with a peak single transfer of ₹293,900.93. ; Subnetwork connects 23 entities across 26 directed transaction edges (average node degree: 2.26, incident in-degree: 1, out-degree: 2). ; Graph topology exhibits high structural similarity (1.00) to cataloged reference laundering patterns.",6,High-risk multi-hop transaction activity with strong graph evidence was detected. Priority investigation recommended for root entity ENT_000412 and connected intermediaries.,NONE
C000421,ENT_000244,0.001,0,NORMAL,NONE,NONE,0.0,"Model-derived risk probability is 0.0010, remaining well below the 0.50 suspicious triage threshold. ; Incident subgraph contains minimal structural connectivity (1 entity node(s), 0 directed edge(s)). ; Total transaction volume within the 72-hour incident window is ₹0.00 (average transfer: ₹0.00). ; No multi-hop fund routing or complex layering chains detected (max hop distance: 0). ; No illicit ATM cash-withdrawal terminal connections identified in the incident window.",5,No significant laundering pattern was detected at the configured risk threshold. Activity consistent with benign peer-to-peer transfers.,NONE
C000422,ENT_000291,0.0012,0,NORMAL,NONE,NONE,0.0,"Model-derived risk probability is 0.0012, remaining well below the 0.50 suspicious triage threshold. ; Incident subgraph contains minimal structural connectivity (1 entity node(s), 0 directed edge(s)). ; Total transaction volume within the 72-hour incident window is ₹0.00 (average transfer: ₹0.00). ; No multi-hop fund routing or complex layering chains detected (max hop distance: 0). ; No illicit ATM cash-withdrawal terminal connections identified in the incident window.",5,No significant laundering pattern was detected at the configured risk threshold. Activity consistent with benign peer-to-peer transfers.,NONE
C000423,ENT_000301,0.0006,0,NORMAL,NONE,NONE,0.0,"Model-derived risk probability is 0.0006, remaining well below the 0.50 suspicious triage threshold. ; Incident subgraph contains minimal structural connectivity (1 entity node(s), 0 directed edge(s)). ; Total transaction volume within the 72-hour incident window is ₹0.00 (average transfer: ₹0.00). ; No multi-hop fund routing or complex layering chains detected (max hop distance: 0). ; No illicit ATM cash-withdrawal terminal connections identified in the incident window.",5,No significant laundering pattern was detected at the configured risk threshold. Activity consistent with benign peer-to-peer transfers.,NONE
C000424,ENT_000189,0.002,0,NORMAL,ATM_042,Patna,0.541,"Model-derived risk probability is 0.0020, remaining well below the 0.50 suspicious triage threshold. ; Incident subgraph contains minimal structural connectivity (2 entity node(s), 1 directed edge(s)). ; Total transaction volume within the 72-hour incident window is ₹3,965.26 (average transfer: ₹3,965.26). ; No multi-hop fund routing or complex layering chains detected (max hop distance: 1). ; No illicit ATM cash-withdrawal terminal connections identified in the incident window.",5,No significant laundering pattern was detected at the configured risk threshold. Activity consistent with benign peer-to-peer transfers.,"Terminal: ATM_042 (Patna) | Risk Score: 0.54 | Distance: 1 hop(s) | Cash Volume: ₹3,965.26 (1 tx) | Timing Delta: 36.1h from incident"
C000425,ENT_000018,0.0006,0,NORMAL,NONE,NONE,0.0,"Model-derived risk probability is 0.0006, remaining well below the 0.50 suspicious triage threshold. ; Incident subgraph contains minimal structural connectivity (1 entity node(s), 0 directed edge(s)). ; Total transaction volume within the 72-hour incident window is ₹0.00 (average transfer: ₹0.00). ; No multi-hop fund routing or complex layering chains detected (max hop distance: 0). ; No illicit ATM cash-withdrawal terminal connections identified in the incident window.",5,No significant laundering pattern was detected at the configured risk threshold. Activity consistent with benign peer-to-peer transfers.,NONE
C000426,ENT_000261,0.0084,0,NORMAL,NONE,NONE,0.0,"Model-derived risk probability is 0.0084, remaining well below the 0.50 suspicious triage threshold. ; Incident subgraph contains minimal structural connectivity (3 entity node(s), 2 directed edge(s)). ; Total transaction volume within the 72-hour incident window is ₹6,493.34 (average transfer: ₹3,246.67). ; No multi-hop fund routing or complex layering chains detected (max hop distance: 2). ; No illicit ATM cash-withdrawal terminal connections identified in the incident window.",5,No significant laundering pattern was detected at the configured risk threshold. Activity consistent with benign peer-to-peer transfers.,NONE
C000427,ENT_000561,0.0008,0,NORMAL,NONE,NONE,0.0,"Model-derived risk probability is 0.0008, remaining well below the 0.50 suspicious triage threshold. ; Incident subgraph contains minimal structural connectivity (1 entity node(s), 0 directed edge(s)). ; Total transaction volume within the 72-hour incident window is ₹0.00 (average transfer: ₹0.00). ; No multi-hop fund routing or complex layering chains detected (max hop distance: 0). ; No illicit ATM cash-withdrawal terminal connections identified in the incident window.",5,No significant laundering pattern was detected at the configured risk threshold. Activity consistent with benign peer-to-peer transfers.,NONE
C000428,ENT_000263,0.0006,0,NORMAL,NONE,NONE,0.0,"Model-derived risk probability is 0.0006, remaining well below the 0.50 suspicious triage threshold. ; Incident subgraph contains minimal structural connectivity (1 entity node(s), 0 directed edge(s)). ; Total transaction volume within the 72-hour incident window is ₹0.00 (average transfer: ₹0.00). ; No multi-hop fund routing or complex layering chains detected (max hop distance: 0). ; No illicit ATM cash-withdrawal terminal connections identified in the incident window.",5,No significant laundering pattern was detected at the configured risk threshold. Activity consistent with benign peer-to-peer transfers.,NONE
C000429,ENT_000563,0.998,1,HIGH_CONFIDENCE,ATM_023,Bhopal,0.786,"GraphSAGE GNN assessed an elevated risk probability of 0.9980 (Tier: HIGH_CONFIDENCE). ; Unusual concentration of transaction activity observed within the 72-hour incident window. ; The incident graph spans 3 transaction hops, indicating multi-stage fund routing away from the complaint account. ; Cumulative transaction volume reached ₹998,061.88 with a peak single transfer of ₹281,092.73. ; Subnetwork connects 13 entities across 14 directed transaction edges (average node degree: 2.15, incident in-degree: 1, out-degree: 1). ; Likely downstream cash exit identified at terminal ATM_023 in Bhopal (terminal risk score: 0.79, ₹47,094.77 withdrawn across 1 transaction(s)). ; Graph topology exhibits high structural similarity (1.00) to cataloged reference laundering patterns.",7,High-risk multi-hop transaction activity with downstream cash-out behavior was detected. Priority investigation recommended for root entity ENT_000563 and exit terminal ATM_023 (Bhopal).,"Terminal: ATM_023 (Bhopal) | Risk Score: 0.79 | Distance: 1 hop(s) | Cash Volume: ₹47,094.77 (1 tx) | Timing Delta: 2.2h from incident"
C000430,ENT_000682,0.0028,0,NORMAL,NONE,NONE,0.0,"Model-derived risk probability is 0.0028, remaining well below the 0.50 suspicious triage threshold. ; Incident subgraph contains minimal structural connectivity (2 entity node(s), 1 directed edge(s)). ; Total transaction volume within the 72-hour incident window is ₹19,604.58 (average transfer: ₹19,604.58). ; No multi-hop fund routing or complex layering chains detected (max hop distance: 1). ; No illicit ATM cash-withdrawal terminal connections identified in the incident window.",5,No significant laundering pattern was detected at the configured risk threshold. Activity consistent with benign peer-to-peer transfers.,NONE
C000431,ENT_000562,0.124,0,NORMAL,NONE,NONE,0.0,"Model-derived risk probability is 0.1240, remaining well below the 0.50 suspicious triage threshold. ; Incident subgraph contains minimal structural connectivity (6 entity node(s), 5 directed edge(s)). ; Total transaction volume within the 72-hour incident window is ₹19,865.46 (average transfer: ₹3,973.09). ; No multi-hop fund routing or complex layering chains detected (max hop distance: 3). ; No illicit ATM cash-withdrawal terminal connections identified in the incident window.",5,No significant laundering pattern was detected at the configured risk threshold. Activity consistent with benign peer-to-peer transfers.,NONE
C000432,ENT_000179,0.037,0,NORMAL,NONE,NONE,0.0,"Model-derived risk probability is 0.0370, remaining well below the 0.50 suspicious triage threshold. ; Incident subgraph contains minimal structural connectivity (4 entity node(s), 3 directed edge(s)). ; Total transaction volume within the 72-hour incident window is ₹19,311.30 (average transfer: ₹6,437.10). ; No multi-hop fund routing or complex layering chains detected (max hop distance: 3). ; No illicit ATM cash-withdrawal terminal connections identified in the incident window.",5,No significant laundering pattern was detected at the configured risk threshold. Activity consistent with benign peer-to-peer transfers.,NONE
C000433,ENT_000096,0.7829,1,HIGH_CONFIDENCE,NONE,NONE,0.0,"GraphSAGE GNN assessed an elevated risk probability of 0.7829 (Tier: HIGH_CONFIDENCE). ; Unusual concentration of transaction activity observed within the 72-hour incident window. ; The incident graph spans 3 transaction hops, indicating multi-stage fund routing away from the complaint account. ; Cumulative transaction volume reached ₹880,411.13 with a peak single transfer of ₹355,546.60. ; Subnetwork connects 18 entities across 17 directed transaction edges (average node degree: 1.89, incident in-degree: 0, out-degree: 1). ; Graph topology exhibits high structural similarity (1.00) to cataloged reference laundering patterns.",6,High-risk multi-hop transaction activity with strong graph evidence was detected. Priority investigation recommended for root entity ENT_000096 and connected intermediaries.,NONE
C000434,ENT_000604,0.001,0,NORMAL,NONE,NONE,0.0,"Model-derived risk probability is 0.0010, remaining well below the 0.50 suspicious triage threshold. ; Incident subgraph contains minimal structural connectivity (1 entity node(s), 0 directed edge(s)). ; Total transaction volume within the 72-hour incident window is ₹0.00 (average transfer: ₹0.00). ; No multi-hop fund routing or complex layering chains detected (max hop distance: 0). ; No illicit ATM cash-withdrawal terminal connections identified in the incident window.",5,No significant laundering pattern was detected at the configured risk threshold. Activity consistent with benign peer-to-peer transfers.,NONE
C000435,ENT_000557,0.2682,0,NORMAL,NONE,NONE,0.0,"Model-derived risk probability is 0.2682, remaining well below the 0.50 suspicious triage threshold. ; Incident subgraph contains minimal structural connectivity (6 entity node(s), 5 directed edge(s)). ; Total transaction volume within the 72-hour incident window is ₹47,200.04 (average transfer: ₹9,440.01). ; No multi-hop fund routing or complex layering chains detected (max hop distance: 3). ; No illicit ATM cash-withdrawal terminal connections identified in the incident window.",5,No significant laundering pattern was detected at the configured risk threshold. Activity consistent with benign peer-to-peer transfers.,NONE
C000436,ENT_000028,0.001,0,NORMAL,NONE,NONE,0.0,"Model-derived risk probability is 0.0010, remaining well below the 0.50 suspicious triage threshold. ; Incident subgraph contains minimal structural connectivity (1 entity node(s), 0 directed edge(s)). ; Total transaction volume within the 72-hour incident window is ₹0.00 (average transfer: ₹0.00). ; No multi-hop fund routing or complex layering chains detected (max hop distance: 0). ; No illicit ATM cash-withdrawal terminal connections identified in the incident window.",5,No significant laundering pattern was detected at the configured risk threshold. Activity consistent with benign peer-to-peer transfers.,NONE
C000437,ENT_000174,0.0009,0,NORMAL,NONE,NONE,0.0,"Model-derived risk probability is 0.0009, remaining well below the 0.50 suspicious triage threshold. ; Incident subgraph contains minimal structural connectivity (1 entity node(s), 0 directed edge(s)). ; Total transaction volume within the 72-hour incident window is ₹0.00 (average transfer: ₹0.00). ; No multi-hop fund routing or complex layering chains detected (max hop distance: 0). ; No illicit ATM cash-withdrawal terminal connections identified in the incident window.",5,No significant laundering pattern was detected at the configured risk threshold. Activity consistent with benign peer-to-peer transfers.,NONE
C000438,ENT_000002,0.0011,0,NORMAL,NONE,NONE,0.0,"Model-derived risk probability is 0.0011, remaining well below the 0.50 suspicious triage threshold. ; Incident subgraph contains minimal structural connectivity (1 entity node(s), 0 directed edge(s)). ; Total transaction volume within the 72-hour incident window is ₹0.00 (average transfer: ₹0.00). ; No multi-hop fund routing or complex layering chains detected (max hop distance: 0). ; No illicit ATM cash-withdrawal terminal connections identified in the incident window.",5,No significant laundering pattern was detected at the configured risk threshold. Activity consistent with benign peer-to-peer transfers.,NONE
C000439,ENT_000181,0.8356,1,HIGH_CONFIDENCE,NONE,NONE,0.0,"GraphSAGE GNN assessed an elevated risk probability of 0.8356 (Tier: HIGH_CONFIDENCE). ; Unusual concentration of transaction activity observed within the 72-hour incident window. ; The incident graph spans 3 transaction hops, indicating multi-stage fund routing away from the complaint account. ; Cumulative transaction volume reached ₹181,127.97 with a peak single transfer of ₹47,286.33. ; Subnetwork connects 12 entities across 11 directed transaction edges (average node degree: 1.83, incident in-degree: 1, out-degree: 1). ; Graph topology exhibits high structural similarity (0.99) to cataloged reference laundering patterns.",6,High-risk multi-hop transaction activity with strong graph evidence was detected. Priority investigation recommended for root entity ENT_000181 and connected intermediaries.,NONE
C000440,ENT_000279,0.0479,0,NORMAL,NONE,NONE,0.0,"Model-derived risk probability is 0.0479, remaining well below the 0.50 suspicious triage threshold. ; Incident subgraph contains minimal structural connectivity (6 entity node(s), 5 directed edge(s)). ; Total transaction volume within the 72-hour incident window is ₹26,991.03 (average transfer: ₹5,398.21). ; No multi-hop fund routing or complex layering chains detected (max hop distance: 3). ; No illicit ATM cash-withdrawal terminal connections identified in the incident window.",5,No significant laundering pattern was detected at the configured risk threshold. Activity consistent with benign peer-to-peer transfers.,NONE
C000441,ENT_000496,0.1056,0,NORMAL,NONE,NONE,0.0,"Model-derived risk probability is 0.1056, remaining well below the 0.50 suspicious triage threshold. ; Incident subgraph contains minimal structural connectivity (6 entity node(s), 5 directed edge(s)). ; Total transaction volume within the 72-hour incident window is ₹251,822.45 (average transfer: ₹50,364.49). ; No multi-hop fund routing or complex layering chains detected (max hop distance: 3). ; No illicit ATM cash-withdrawal terminal connections identified in the incident window.",5,No significant laundering pattern was detected at the configured risk threshold. Activity consistent with benign peer-to-peer transfers.,NONE
C000442,ENT_000189,0.0083,0,NORMAL,NONE,NONE,0.0,"Model-derived risk probability is 0.0083, remaining well below the 0.50 suspicious triage threshold. ; Incident subgraph contains minimal structural connectivity (3 entity node(s), 2 directed edge(s)). ; Total transaction volume within the 72-hour incident window is ₹7,351.37 (average transfer: ₹3,675.68). ; No multi-hop fund routing or complex layering chains detected (max hop distance: 2). ; No illicit ATM cash-withdrawal terminal connections identified in the incident window.",5,No significant laundering pattern was detected at the configured risk threshold. Activity consistent with benign peer-to-peer transfers.,NONE
C000443,ENT_000114,0.0006,0,NORMAL,NONE,NONE,0.0,"Model-derived risk probability is 0.0006, remaining well below the 0.50 suspicious triage threshold. ; Incident subgraph contains minimal structural connectivity (1 entity node(s), 0 directed edge(s)). ; Total transaction volume within the 72-hour incident window is ₹0.00 (average transfer: ₹0.00). ; No multi-hop fund routing or complex layering chains detected (max hop distance: 0). ; No illicit ATM cash-withdrawal terminal connections identified in the incident window.",5,No significant laundering pattern was detected at the configured risk threshold. Activity consistent with benign peer-to-peer transfers.,NONE
C000444,ENT_000142,0.9611,1,HIGH_CONFIDENCE,NONE,NONE,0.0,"GraphSAGE GNN assessed an elevated risk probability of 0.9611 (Tier: HIGH_CONFIDENCE). ; Unusual concentration of transaction activity observed within the 72-hour incident window. ; The incident graph spans 3 transaction hops, indicating multi-stage fund routing away from the complaint account. ; Cumulative transaction volume reached ₹536,157.01 with a peak single transfer of ₹255,213.70. ; Subnetwork connects 14 entities across 13 directed transaction edges (average node degree: 1.86, incident in-degree: 1, out-degree: 0). ; Graph topology exhibits high structural similarity (1.00) to cataloged reference laundering patterns.",6,High-risk multi-hop transaction activity with strong graph evidence was detected. Priority investigation recommended for root entity ENT_000142 and connected intermediaries.,NONE
C000445,ENT_000585,0.0008,0,NORMAL,NONE,NONE,0.0,"Model-derived risk probability is 0.0008, remaining well below the 0.50 suspicious triage threshold. ; Incident subgraph contains minimal structural connectivity (1 entity node(s), 0 directed edge(s)). ; Total transaction volume within the 72-hour incident window is ₹0.00 (average transfer: ₹0.00). ; No multi-hop fund routing or complex layering chains detected (max hop distance: 0). ; No illicit ATM cash-withdrawal terminal connections identified in the incident window.",5,No significant laundering pattern was detected at the configured risk threshold. Activity consistent with benign peer-to-peer transfers.,NONE
C000446,ENT_000530,0.0009,0,NORMAL,NONE,NONE,0.0,"Model-derived risk probability is 0.0009, remaining well below the 0.50 suspicious triage threshold. ; Incident subgraph contains minimal structural connectivity (1 entity node(s), 0 directed edge(s)). ; Total transaction volume within the 72-hour incident window is ₹0.00 (average transfer: ₹0.00). ; No multi-hop fund routing or complex layering chains detected (max hop distance: 0). ; No illicit ATM cash-withdrawal terminal connections identified in the incident window.",5,No significant laundering pattern was detected at the configured risk threshold. Activity consistent with benign peer-to-peer transfers.,NONE
C000447,ENT_000054,1.0,1,HIGH_CONFIDENCE,NONE,NONE,0.0,"GraphSAGE GNN assessed an elevated risk probability of 1.0000 (Tier: HIGH_CONFIDENCE). ; Unusual concentration of transaction activity observed within the 72-hour incident window. ; The incident graph spans 3 transaction hops, indicating multi-stage fund routing away from the complaint account. ; Cumulative transaction volume reached ₹1,982,853.29 with a peak single transfer of ₹338,729.87. ; Subnetwork connects 15 entities across 14 directed transaction edges (average node degree: 1.87, incident in-degree: 2, out-degree: 1). ; Graph topology exhibits high structural similarity (1.00) to cataloged reference laundering patterns.",6,High-risk multi-hop transaction activity with strong graph evidence was detected. Priority investigation recommended for root entity ENT_000054 and connected intermediaries.,NONE
C000448,ENT_000228,0.0006,0,NORMAL,NONE,NONE,0.0,"Model-derived risk probability is 0.0006, remaining well below the 0.50 suspicious triage threshold. ; Incident subgraph contains minimal structural connectivity (1 entity node(s), 0 directed edge(s)). ; Total transaction volume within the 72-hour incident window is ₹0.00 (average transfer: ₹0.00). ; No multi-hop fund routing or complex layering chains detected (max hop distance: 0). ; No illicit ATM cash-withdrawal terminal connections identified in the incident window.",5,No significant laundering pattern was detected at the configured risk threshold. Activity consistent with benign peer-to-peer transfers.,NONE
C000449,ENT_000605,0.0015,0,NORMAL,NONE,NONE,0.0,"Model-derived risk probability is 0.0015, remaining well below the 0.50 suspicious triage threshold. ; Incident subgraph contains minimal structural connectivity (2 entity node(s), 1 directed edge(s)). ; Total transaction volume within the 72-hour incident window is ₹410.83 (average transfer: ₹410.83). ; No multi-hop fund routing or complex layering chains detected (max hop distance: 1). ; No illicit ATM cash-withdrawal terminal connections identified in the incident window.",5,No significant laundering pattern was detected at the configured risk threshold. Activity consistent with benign peer-to-peer transfers.,NONE
C000450,ENT_000548,0.0513,0,NORMAL,NONE,NONE,0.0,"Model-derived risk probability is 0.0513, remaining well below the 0.50 suspicious triage threshold. ; Incident subgraph contains minimal structural connectivity (4 entity node(s), 3 directed edge(s)). ; Total transaction volume within the 72-hour incident window is ₹42,499.83 (average transfer: ₹14,166.61). ; No multi-hop fund routing or complex layering chains detected (max hop distance: 3). ; No illicit ATM cash-withdrawal terminal connections identified in the incident window.",5,No significant laundering pattern was detected at the configured risk threshold. Activity consistent with benign peer-to-peer transfers.,NONE
C000451,ENT_000078,0.0006,0,NORMAL,NONE,NONE,0.0,"Model-derived risk probability is 0.0006, remaining well below the 0.50 suspicious triage threshold. ; Incident subgraph contains minimal structural connectivity (1 entity node(s), 0 directed edge(s)). ; Total transaction volume within the 72-hour incident window is ₹0.00 (average transfer: ₹0.00). ; No multi-hop fund routing or complex layering chains detected (max hop distance: 0). ; No illicit ATM cash-withdrawal terminal connections identified in the incident window.",5,No significant laundering pattern was detected at the configured risk threshold. Activity consistent with benign peer-to-peer transfers.,NONE
C000452,ENT_000438,0.001,0,NORMAL,NONE,NONE,0.0,"Model-derived risk probability is 0.0010, remaining well below the 0.50 suspicious triage threshold. ; Incident subgraph contains minimal structural connectivity (1 entity node(s), 0 directed edge(s)). ; Total transaction volume within the 72-hour incident window is ₹0.00 (average transfer: ₹0.00). ; No multi-hop fund routing or complex layering chains detected (max hop distance: 0). ; No illicit ATM cash-withdrawal terminal connections identified in the incident window.",5,No significant laundering pattern was detected at the configured risk threshold. Activity consistent with benign peer-to-peer transfers.,NONE
C000453,ENT_000655,0.0431,0,NORMAL,NONE,NONE,0.0,"Model-derived risk probability is 0.0431, remaining well below the 0.50 suspicious triage threshold. ; Incident subgraph contains minimal structural connectivity (4 entity node(s), 3 directed edge(s)). ; Total transaction volume within the 72-hour incident window is ₹42,014.81 (average transfer: ₹14,004.94). ; No multi-hop fund routing or complex layering chains detected (max hop distance: 3). ; No illicit ATM cash-withdrawal terminal connections identified in the incident window.",5,No significant laundering pattern was detected at the configured risk threshold. Activity consistent with benign peer-to-peer transfers.,NONE
C000454,ENT_000401,0.9996,1,HIGH_CONFIDENCE,NONE,NONE,0.0,"GraphSAGE GNN assessed an elevated risk probability of 0.9996 (Tier: HIGH_CONFIDENCE). ; Unusual concentration of transaction activity observed within the 72-hour incident window. ; The incident graph spans 3 transaction hops, indicating multi-stage fund routing away from the complaint account. ; Cumulative transaction volume reached ₹696,742.04 with a peak single transfer of ₹459,173.03. ; Subnetwork connects 12 entities across 12 directed transaction edges (average node degree: 2.00, incident in-degree: 0, out-degree: 2). ; Graph topology exhibits high structural similarity (1.00) to cataloged reference laundering patterns.",6,High-risk multi-hop transaction activity with strong graph evidence was detected. Priority investigation recommended for root entity ENT_000401 and connected intermediaries.,NONE
C000455,ENT_000577,0.0554,0,NORMAL,NONE,NONE,0.0,"Model-derived risk probability is 0.0554, remaining well below the 0.50 suspicious triage threshold. ; Incident subgraph contains minimal structural connectivity (4 entity node(s), 3 directed edge(s)). ; Total transaction volume within the 72-hour incident window is ₹75,568.72 (average transfer: ₹25,189.57). ; No multi-hop fund routing or complex layering chains detected (max hop distance: 3). ; No illicit ATM cash-withdrawal terminal connections identified in the incident window.",5,No significant laundering pattern was detected at the configured risk threshold. Activity consistent with benign peer-to-peer transfers.,NONE
C000456,ENT_000417,0.0013,0,NORMAL,NONE,NONE,0.0,"Model-derived risk probability is 0.0013, remaining well below the 0.50 suspicious triage threshold. ; Incident subgraph contains minimal structural connectivity (1 entity node(s), 0 directed edge(s)). ; Total transaction volume within the 72-hour incident window is ₹0.00 (average transfer: ₹0.00). ; No multi-hop fund routing or complex layering chains detected (max hop distance: 0). ; No illicit ATM cash-withdrawal terminal connections identified in the incident window.",5,No significant laundering pattern was detected at the configured risk threshold. Activity consistent with benign peer-to-peer transfers.,NONE
C000457,ENT_000107,0.0008,0,NORMAL,NONE,NONE,0.0,"Model-derived risk probability is 0.0008, remaining well below the 0.50 suspicious triage threshold. ; Incident subgraph contains minimal structural connectivity (1 entity node(s), 0 directed edge(s)). ; Total transaction volume within the 72-hour incident window is ₹0.00 (average transfer: ₹0.00). ; No multi-hop fund routing or complex layering chains detected (max hop distance: 0). ; No illicit ATM cash-withdrawal terminal connections identified in the incident window.",5,No significant laundering pattern was detected at the configured risk threshold. Activity consistent with benign peer-to-peer transfers.,NONE
C000458,ENT_000257,1.0,1,HIGH_CONFIDENCE,NONE,NONE,0.0,"GraphSAGE GNN assessed an elevated risk probability of 1.0000 (Tier: HIGH_CONFIDENCE). ; Unusual concentration of transaction activity observed within the 72-hour incident window. ; The incident graph spans 3 transaction hops, indicating multi-stage fund routing away from the complaint account. ; Cumulative transaction volume reached ₹2,284,184.56 with a peak single transfer of ₹465,914.23. ; Subnetwork connects 12 entities across 18 directed transaction edges (average node degree: 3.00, incident in-degree: 2, out-degree: 4). ; Graph topology exhibits high structural similarity (1.00) to cataloged reference laundering patterns.",6,High-risk multi-hop transaction activity with strong graph evidence was detected. Priority investigation recommended for root entity ENT_000257 and connected intermediaries.,NONE
C000459,ENT_000386,0.0013,0,NORMAL,NONE,NONE,0.0,"Model-derived risk probability is 0.0013, remaining well below the 0.50 suspicious triage threshold. ; Incident subgraph contains minimal structural connectivity (1 entity node(s), 0 directed edge(s)). ; Total transaction volume within the 72-hour incident window is ₹0.00 (average transfer: ₹0.00). ; No multi-hop fund routing or complex layering chains detected (max hop distance: 0). ; No illicit ATM cash-withdrawal terminal connections identified in the incident window.",5,No significant laundering pattern was detected at the configured risk threshold. Activity consistent with benign peer-to-peer transfers.,NONE
C000460,ENT_000379,0.0415,0,NORMAL,NONE,NONE,0.0,"Model-derived risk probability is 0.0415, remaining well below the 0.50 suspicious triage threshold. ; Incident subgraph contains minimal structural connectivity (5 entity node(s), 4 directed edge(s)). ; Total transaction volume within the 72-hour incident window is ₹86,036.46 (average transfer: ₹21,509.12). ; No multi-hop fund routing or complex layering chains detected (max hop distance: 3). ; No illicit ATM cash-withdrawal terminal connections identified in the incident window.",5,No significant laundering pattern was detected at the configured risk threshold. Activity consistent with benign peer-to-peer transfers.,NONE
C000461,ENT_000111,0.001,0,NORMAL,NONE,NONE,0.0,"Model-derived risk probability is 0.0010, remaining well below the 0.50 suspicious triage threshold. ; Incident subgraph contains minimal structural connectivity (1 entity node(s), 0 directed edge(s)). ; Total transaction volume within the 72-hour incident window is ₹0.00 (average transfer: ₹0.00). ; No multi-hop fund routing or complex layering chains detected (max hop distance: 0). ; No illicit ATM cash-withdrawal terminal connections identified in the incident window.",5,No significant laundering pattern was detected at the configured risk threshold. Activity consistent with benign peer-to-peer transfers.,NONE
C000462,ENT_000254,0.0015,0,NORMAL,NONE,NONE,0.0,"Model-derived risk probability is 0.0015, remaining well below the 0.50 suspicious triage threshold. ; Incident subgraph contains minimal structural connectivity (2 entity node(s), 1 directed edge(s)). ; Total transaction volume within the 72-hour incident window is ₹4,255.65 (average transfer: ₹4,255.65). ; No multi-hop fund routing or complex layering chains detected (max hop distance: 1). ; No illicit ATM cash-withdrawal terminal connections identified in the incident window.",5,No significant laundering pattern was detected at the configured risk threshold. Activity consistent with benign peer-to-peer transfers.,NONE
C000463,ENT_000367,0.1002,0,NORMAL,NONE,NONE,0.0,"Model-derived risk probability is 0.1002, remaining well below the 0.50 suspicious triage threshold. ; Incident subgraph contains minimal structural connectivity (6 entity node(s), 5 directed edge(s)). ; Total transaction volume within the 72-hour incident window is ₹106,044.69 (average transfer: ₹21,208.94). ; No multi-hop fund routing or complex layering chains detected (max hop distance: 3). ; No illicit ATM cash-withdrawal terminal connections identified in the incident window.",5,No significant laundering pattern was detected at the configured risk threshold. Activity consistent with benign peer-to-peer transfers.,NONE
C000464,ENT_000224,0.0009,0,NORMAL,NONE,NONE,0.0,"Model-derived risk probability is 0.0009, remaining well below the 0.50 suspicious triage threshold. ; Incident subgraph contains minimal structural connectivity (1 entity node(s), 0 directed edge(s)). ; Total transaction volume within the 72-hour incident window is ₹0.00 (average transfer: ₹0.00). ; No multi-hop fund routing or complex layering chains detected (max hop distance: 0). ; No illicit ATM cash-withdrawal terminal connections identified in the incident window.",5,No significant laundering pattern was detected at the configured risk threshold. Activity consistent with benign peer-to-peer transfers.,NONE
C000465,ENT_000408,0.0007,0,NORMAL,NONE,NONE,0.0,"Model-derived risk probability is 0.0007, remaining well below the 0.50 suspicious triage threshold. ; Incident subgraph contains minimal structural connectivity (1 entity node(s), 0 directed edge(s)). ; Total transaction volume within the 72-hour incident window is ₹0.00 (average transfer: ₹0.00). ; No multi-hop fund routing or complex layering chains detected (max hop distance: 0). ; No illicit ATM cash-withdrawal terminal connections identified in the incident window.",5,No significant laundering pattern was detected at the configured risk threshold. Activity consistent with benign peer-to-peer transfers.,NONE
C000466,ENT_000030,0.0094,0,NORMAL,NONE,NONE,0.0,"Model-derived risk probability is 0.0094, remaining well below the 0.50 suspicious triage threshold. ; Incident subgraph contains minimal structural connectivity (3 entity node(s), 2 directed edge(s)). ; Total transaction volume within the 72-hour incident window is ₹26,913.09 (average transfer: ₹13,456.55). ; No multi-hop fund routing or complex layering chains detected (max hop distance: 2). ; No illicit ATM cash-withdrawal terminal connections identified in the incident window.",5,No significant laundering pattern was detected at the configured risk threshold. Activity consistent with benign peer-to-peer transfers.,NONE
C000467,ENT_000612,0.0028,0,NORMAL,NONE,NONE,0.0,"Model-derived risk probability is 0.0028, remaining well below the 0.50 suspicious triage threshold. ; Incident subgraph contains minimal structural connectivity (2 entity node(s), 1 directed edge(s)). ; Total transaction volume within the 72-hour incident window is ₹42,205.71 (average transfer: ₹42,205.71). ; No multi-hop fund routing or complex layering chains detected (max hop distance: 1). ; No illicit ATM cash-withdrawal terminal connections identified in the incident window.",5,No significant laundering pattern was detected at the configured risk threshold. Activity consistent with benign peer-to-peer transfers.,NONE
C000468,ENT_000492,0.0009,0,NORMAL,NONE,NONE,0.0,"Model-derived risk probability is 0.0009, remaining well below the 0.50 suspicious triage threshold. ; Incident subgraph contains minimal structural connectivity (1 entity node(s), 0 directed edge(s)). ; Total transaction volume within the 72-hour incident window is ₹0.00 (average transfer: ₹0.00). ; No multi-hop fund routing or complex layering chains detected (max hop distance: 0). ; No illicit ATM cash-withdrawal terminal connections identified in the incident window.",5,No significant laundering pattern was detected at the configured risk threshold. Activity consistent with benign peer-to-peer transfers.,NONE
C000469,ENT_000491,1.0,1,HIGH_CONFIDENCE,NONE,NONE,0.0,"GraphSAGE GNN assessed an elevated risk probability of 1.0000 (Tier: HIGH_CONFIDENCE). ; Unusual concentration of transaction activity observed within the 72-hour incident window. ; The incident graph spans 3 transaction hops, indicating multi-stage fund routing away from the complaint account. ; Cumulative transaction volume reached ₹393,806.42 with a peak single transfer of ₹45,345.83. ; Subnetwork connects 11 entities across 12 directed transaction edges (average node degree: 2.18, incident in-degree: 1, out-degree: 0). ; Graph topology exhibits high structural similarity (0.99) to cataloged reference laundering patterns.",6,High-risk multi-hop transaction activity with strong graph evidence was detected. Priority investigation recommended for root entity ENT_000491 and connected intermediaries.,NONE
C000470,ENT_000225,0.0006,0,NORMAL,NONE,NONE,0.0,"Model-derived risk probability is 0.0006, remaining well below the 0.50 suspicious triage threshold. ; Incident subgraph contains minimal structural connectivity (1 entity node(s), 0 directed edge(s)). ; Total transaction volume within the 72-hour incident window is ₹0.00 (average transfer: ₹0.00). ; No multi-hop fund routing or complex layering chains detected (max hop distance: 0). ; No illicit ATM cash-withdrawal terminal connections identified in the incident window.",5,No significant laundering pattern was detected at the configured risk threshold. Activity consistent with benign peer-to-peer transfers.,NONE
C000471,ENT_000307,0.1694,0,NORMAL,NONE,NONE,0.0,"Model-derived risk probability is 0.1694, remaining well below the 0.50 suspicious triage threshold. ; Incident subgraph contains minimal structural connectivity (6 entity node(s), 5 directed edge(s)). ; Total transaction volume within the 72-hour incident window is ₹53,958.22 (average transfer: ₹10,791.64). ; No multi-hop fund routing or complex layering chains detected (max hop distance: 3). ; No illicit ATM cash-withdrawal terminal connections identified in the incident window.",5,No significant laundering pattern was detected at the configured risk threshold. Activity consistent with benign peer-to-peer transfers.,NONE
C000472,ENT_000442,0.001,0,NORMAL,NONE,NONE,0.0,"Model-derived risk probability is 0.0010, remaining well below the 0.50 suspicious triage threshold. ; Incident subgraph contains minimal structural connectivity (1 entity node(s), 0 directed edge(s)). ; Total transaction volume within the 72-hour incident window is ₹0.00 (average transfer: ₹0.00). ; No multi-hop fund routing or complex layering chains detected (max hop distance: 0). ; No illicit ATM cash-withdrawal terminal connections identified in the incident window.",5,No significant laundering pattern was detected at the configured risk threshold. Activity consistent with benign peer-to-peer transfers.,NONE
C000473,ENT_000052,0.0064,0,NORMAL,NONE,NONE,0.0,"Model-derived risk probability is 0.0064, remaining well below the 0.50 suspicious triage threshold. ; Incident subgraph contains minimal structural connectivity (3 entity node(s), 2 directed edge(s)). ; Total transaction volume within the 72-hour incident window is ₹31,311.17 (average transfer: ₹15,655.58). ; No multi-hop fund routing or complex layering chains detected (max hop distance: 1). ; No illicit ATM cash-withdrawal terminal connections identified in the incident window.",5,No significant laundering pattern was detected at the configured risk threshold. Activity consistent with benign peer-to-peer transfers.,NONE
C000474,ENT_000336,0.7256,1,HIGH_CONFIDENCE,NONE,NONE,0.0,"GraphSAGE GNN assessed an elevated risk probability of 0.7256 (Tier: HIGH_CONFIDENCE). ; Unusual concentration of transaction activity observed within the 72-hour incident window. ; The incident graph spans 3 transaction hops, indicating multi-stage fund routing away from the complaint account. ; Cumulative transaction volume reached ₹95,544.25 with a peak single transfer of ₹45,543.54. ; Subnetwork connects 9 entities across 8 directed transaction edges (average node degree: 1.78, incident in-degree: 1, out-degree: 0). ; Graph topology exhibits high structural similarity (0.99) to cataloged reference laundering patterns.",6,High-risk multi-hop transaction activity with strong graph evidence was detected. Priority investigation recommended for root entity ENT_000336 and connected intermediaries.,NONE
C000475,ENT_000398,0.0249,0,NORMAL,NONE,NONE,0.0,"Model-derived risk probability is 0.0249, remaining well below the 0.50 suspicious triage threshold. ; Incident subgraph contains minimal structural connectivity (4 entity node(s), 3 directed edge(s)). ; Total transaction volume within the 72-hour incident window is ₹79,081.76 (average transfer: ₹26,360.59). ; No multi-hop fund routing or complex layering chains detected (max hop distance: 1). ; No illicit ATM cash-withdrawal terminal connections identified in the incident window.",5,No significant laundering pattern was detected at the configured risk threshold. Activity consistent with benign peer-to-peer transfers.,NONE
C000476,ENT_000574,0.0006,0,NORMAL,NONE,NONE,0.0,"Model-derived risk probability is 0.0006, remaining well below the 0.50 suspicious triage threshold. ; Incident subgraph contains minimal structural connectivity (1 entity node(s), 0 directed edge(s)). ; Total transaction volume within the 72-hour incident window is ₹0.00 (average transfer: ₹0.00). ; No multi-hop fund routing or complex layering chains detected (max hop distance: 0). ; No illicit ATM cash-withdrawal terminal connections identified in the incident window.",5,No significant laundering pattern was detected at the configured risk threshold. Activity consistent with benign peer-to-peer transfers.,NONE
C000477,ENT_000143,0.1108,0,NORMAL,NONE,NONE,0.0,"Model-derived risk probability is 0.1108, remaining well below the 0.50 suspicious triage threshold. ; Incident subgraph contains minimal structural connectivity (6 entity node(s), 5 directed edge(s)). ; Total transaction volume within the 72-hour incident window is ₹29,549.83 (average transfer: ₹5,909.97). ; No multi-hop fund routing or complex layering chains detected (max hop distance: 3). ; No illicit ATM cash-withdrawal terminal connections identified in the incident window.",5,No significant laundering pattern was detected at the configured risk threshold. Activity consistent with benign peer-to-peer transfers.,NONE
C000478,ENT_000495,0.0009,0,NORMAL,NONE,NONE,0.0,"Model-derived risk probability is 0.0009, remaining well below the 0.50 suspicious triage threshold. ; Incident subgraph contains minimal structural connectivity (1 entity node(s), 0 directed edge(s)). ; Total transaction volume within the 72-hour incident window is ₹0.00 (average transfer: ₹0.00). ; No multi-hop fund routing or complex layering chains detected (max hop distance: 0). ; No illicit ATM cash-withdrawal terminal connections identified in the incident window.",5,No significant laundering pattern was detected at the configured risk threshold. Activity consistent with benign peer-to-peer transfers.,NONE
C000479,ENT_000541,0.0153,0,NORMAL,NONE,NONE,0.0,"Model-derived risk probability is 0.0153, remaining well below the 0.50 suspicious triage threshold. ; Incident subgraph contains minimal structural connectivity (5 entity node(s), 4 directed edge(s)). ; Total transaction volume within the 72-hour incident window is ₹54,695.07 (average transfer: ₹13,673.77). ; No multi-hop fund routing or complex layering chains detected (max hop distance: 2). ; No illicit ATM cash-withdrawal terminal connections identified in the incident window.",5,No significant laundering pattern was detected at the configured risk threshold. Activity consistent with benign peer-to-peer transfers.,NONE
C000480,ENT_000274,0.001,0,NORMAL,NONE,NONE,0.0,"Model-derived risk probability is 0.0010, remaining well below the 0.50 suspicious triage threshold. ; Incident subgraph contains minimal structural connectivity (1 entity node(s), 0 directed edge(s)). ; Total transaction volume within the 72-hour incident window is ₹0.00 (average transfer: ₹0.00). ; No multi-hop fund routing or complex layering chains detected (max hop distance: 0). ; No illicit ATM cash-withdrawal terminal connections identified in the incident window.",5,No significant laundering pattern was detected at the configured risk threshold. Activity consistent with benign peer-to-peer transfers.,NONE
C000481,ENT_000647,0.0161,0,NORMAL,NONE,NONE,0.0,"Model-derived risk probability is 0.0161, remaining well below the 0.50 suspicious triage threshold. ; Incident subgraph contains minimal structural connectivity (4 entity node(s), 3 directed edge(s)). ; Total transaction volume within the 72-hour incident window is ₹34,153.30 (average transfer: ₹11,384.43). ; No multi-hop fund routing or complex layering chains detected (max hop distance: 1). ; No illicit ATM cash-withdrawal terminal connections identified in the incident window.",5,No significant laundering pattern was detected at the configured risk threshold. Activity consistent with benign peer-to-peer transfers.,NONE
C000482,ENT_000480,0.0006,0,NORMAL,NONE,NONE,0.0,"Model-derived risk probability is 0.0006, remaining well below the 0.50 suspicious triage threshold. ; Incident subgraph contains minimal structural connectivity (1 entity node(s), 0 directed edge(s)). ; Total transaction volume within the 72-hour incident window is ₹0.00 (average transfer: ₹0.00). ; No multi-hop fund routing or complex layering chains detected (max hop distance: 0). ; No illicit ATM cash-withdrawal terminal connections identified in the incident window.",5,No significant laundering pattern was detected at the configured risk threshold. Activity consistent with benign peer-to-peer transfers.,NONE
C000483,ENT_000163,0.3862,0,NORMAL,NONE,NONE,0.0,"Model-derived risk probability is 0.3862, remaining well below the 0.50 suspicious triage threshold. ; Incident subgraph contains minimal structural connectivity (7 entity node(s), 6 directed edge(s)). ; Total transaction volume within the 72-hour incident window is ₹42,552.82 (average transfer: ₹7,092.14). ; No multi-hop fund routing or complex layering chains detected (max hop distance: 3). ; No illicit ATM cash-withdrawal terminal connections identified in the incident window.",5,No significant laundering pattern was detected at the configured risk threshold. Activity consistent with benign peer-to-peer transfers.,NONE
C000484,ENT_000087,0.9419,1,HIGH_CONFIDENCE,ATM_015,Chandigarh,0.8376,"GraphSAGE GNN assessed an elevated risk probability of 0.9419 (Tier: HIGH_CONFIDENCE). ; Unusual concentration of transaction activity observed within the 72-hour incident window. ; The incident graph spans 3 transaction hops, indicating multi-stage fund routing away from the complaint account. ; Cumulative transaction volume reached ₹892,516.21 with a peak single transfer of ₹403,355.82. ; Subnetwork connects 14 entities across 13 directed transaction edges (average node degree: 1.86, incident in-degree: 0, out-degree: 1). ; Likely downstream cash exit identified at terminal ATM_015 in Chandigarh (terminal risk score: 0.84, ₹403,355.82 withdrawn across 1 transaction(s)). ; Graph topology exhibits high structural similarity (1.00) to cataloged reference laundering patterns.",7,High-risk multi-hop transaction activity with downstream cash-out behavior was detected. Priority investigation recommended for root entity ENT_000087 and exit terminal ATM_015 (Chandigarh).,"Terminal: ATM_015 (Chandigarh) | Risk Score: 0.84 | Distance: 2 hop(s) | Cash Volume: ₹403,355.82 (1 tx) | Timing Delta: 46.8h from incident"
C000485,ENT_000329,0.9987,1,HIGH_CONFIDENCE,ATM_019,Mumbai,0.7739,"GraphSAGE GNN assessed an elevated risk probability of 0.9987 (Tier: HIGH_CONFIDENCE). ; Unusual concentration of transaction activity observed within the 72-hour incident window. ; The incident graph spans 3 transaction hops, indicating multi-stage fund routing away from the complaint account. ; Cumulative transaction volume reached ₹1,432,808.60 with a peak single transfer of ₹306,571.91. ; Subnetwork connects 12 entities across 12 directed transaction edges (average node degree: 2.00, incident in-degree: 2, out-degree: 2). ; Likely downstream cash exit identified at terminal ATM_019 in Mumbai (terminal risk score: 0.77, ₹297,374.75 withdrawn across 1 transaction(s)). ; Graph topology exhibits high structural similarity (1.00) to cataloged reference laundering patterns.",7,High-risk multi-hop transaction activity with downstream cash-out behavior was detected. Priority investigation recommended for root entity ENT_000329 and exit terminal ATM_019 (Mumbai).,"Terminal: ATM_019 (Mumbai) | Risk Score: 0.77 | Distance: 3 hop(s) | Cash Volume: ₹297,374.75 (1 tx) | Timing Delta: 41.6h from incident"
C000486,ENT_000350,0.0019,0,NORMAL,NONE,NONE,0.0,"Model-derived risk probability is 0.0019, remaining well below the 0.50 suspicious triage threshold. ; Incident subgraph contains minimal structural connectivity (2 entity node(s), 1 directed edge(s)). ; Total transaction volume within the 72-hour incident window is ₹3,043.72 (average transfer: ₹3,043.72). ; No multi-hop fund routing or complex layering chains detected (max hop distance: 1). ; No illicit ATM cash-withdrawal terminal connections identified in the incident window.",5,No significant laundering pattern was detected at the configured risk threshold. Activity consistent with benign peer-to-peer transfers.,NONE
C000487,ENT_000641,0.0009,0,NORMAL,NONE,NONE,0.0,"Model-derived risk probability is 0.0009, remaining well below the 0.50 suspicious triage threshold. ; Incident subgraph contains minimal structural connectivity (1 entity node(s), 0 directed edge(s)). ; Total transaction volume within the 72-hour incident window is ₹0.00 (average transfer: ₹0.00). ; No multi-hop fund routing or complex layering chains detected (max hop distance: 0). ; No illicit ATM cash-withdrawal terminal connections identified in the incident window.",5,No significant laundering pattern was detected at the configured risk threshold. Activity consistent with benign peer-to-peer transfers.,NONE
C000488,ENT_000582,0.514,1,MEDIUM_CONFIDENCE,NONE,NONE,0.0,"GraphSAGE GNN assessed an elevated risk probability of 0.5140 (Tier: MEDIUM_CONFIDENCE). ; Unusual concentration of transaction activity observed within the 72-hour incident window. ; The incident graph spans 3 transaction hops, indicating multi-stage fund routing away from the complaint account. ; Cumulative transaction volume reached ₹528,775.04 with a peak single transfer of ₹392,964.16. ; Subnetwork connects 14 entities across 13 directed transaction edges (average node degree: 1.86, incident in-degree: 2, out-degree: 2). ; Graph topology exhibits high structural similarity (0.99) to cataloged reference laundering patterns.",6,"Elevated transaction risk detected around entity ENT_000582. Multi-hop activity observed, but supporting terminal or structural reference evidence remains partial.",NONE
C000489,ENT_000225,0.0018,0,NORMAL,NONE,NONE,0.0,"Model-derived risk probability is 0.0018, remaining well below the 0.50 suspicious triage threshold. ; Incident subgraph contains minimal structural connectivity (2 entity node(s), 1 directed edge(s)). ; Total transaction volume within the 72-hour incident window is ₹31,746.54 (average transfer: ₹31,746.54). ; No multi-hop fund routing or complex layering chains detected (max hop distance: 1). ; No illicit ATM cash-withdrawal terminal connections identified in the incident window.",5,No significant laundering pattern was detected at the configured risk threshold. Activity consistent with benign peer-to-peer transfers.,NONE
C000490,ENT_000399,0.0012,0,NORMAL,NONE,NONE,0.0,"Model-derived risk probability is 0.0012, remaining well below the 0.50 suspicious triage threshold. ; Incident subgraph contains minimal structural connectivity (1 entity node(s), 0 directed edge(s)). ; Total transaction volume within the 72-hour incident window is ₹0.00 (average transfer: ₹0.00). ; No multi-hop fund routing or complex layering chains detected (max hop distance: 0). ; No illicit ATM cash-withdrawal terminal connections identified in the incident window.",5,No significant laundering pattern was detected at the configured risk threshold. Activity consistent with benign peer-to-peer transfers.,NONE
C000491,ENT_000013,0.9998,1,HIGH_CONFIDENCE,NONE,NONE,0.0,"GraphSAGE GNN assessed an elevated risk probability of 0.9998 (Tier: HIGH_CONFIDENCE). ; Unusual concentration of transaction activity observed within the 72-hour incident window. ; The incident graph spans 3 transaction hops, indicating multi-stage fund routing away from the complaint account. ; Cumulative transaction volume reached ₹875,522.59 with a peak single transfer of ₹229,705.14. ; Subnetwork connects 6 entities across 5 directed transaction edges (average node degree: 1.67, incident in-degree: 1, out-degree: 0). ; Graph topology exhibits high structural similarity (1.00) to cataloged reference laundering patterns.",6,High-risk multi-hop transaction activity with strong graph evidence was detected. Priority investigation recommended for root entity ENT_000013 and connected intermediaries.,NONE
C000492,ENT_000428,0.001,0,NORMAL,NONE,NONE,0.0,"Model-derived risk probability is 0.0010, remaining well below the 0.50 suspicious triage threshold. ; Incident subgraph contains minimal structural connectivity (1 entity node(s), 0 directed edge(s)). ; Total transaction volume within the 72-hour incident window is ₹0.00 (average transfer: ₹0.00). ; No multi-hop fund routing or complex layering chains detected (max hop distance: 0). ; No illicit ATM cash-withdrawal terminal connections identified in the incident window.",5,No significant laundering pattern was detected at the configured risk threshold. Activity consistent with benign peer-to-peer transfers.,NONE
C000493,ENT_000321,0.0017,0,NORMAL,NONE,NONE,0.0,"Model-derived risk probability is 0.0017, remaining well below the 0.50 suspicious triage threshold. ; Incident subgraph contains minimal structural connectivity (2 entity node(s), 1 directed edge(s)). ; Total transaction volume within the 72-hour incident window is ₹1,705.62 (average transfer: ₹1,705.62). ; No multi-hop fund routing or complex layering chains detected (max hop distance: 1). ; No illicit ATM cash-withdrawal terminal connections identified in the incident window.",5,No significant laundering pattern was detected at the configured risk threshold. Activity consistent with benign peer-to-peer transfers.,NONE
C000494,ENT_000282,0.0018,0,NORMAL,NONE,NONE,0.0,"Model-derived risk probability is 0.0018, remaining well below the 0.50 suspicious triage threshold. ; Incident subgraph contains minimal structural connectivity (2 entity node(s), 1 directed edge(s)). ; Total transaction volume within the 72-hour incident window is ₹4,841.41 (average transfer: ₹4,841.41). ; No multi-hop fund routing or complex layering chains detected (max hop distance: 1). ; No illicit ATM cash-withdrawal terminal connections identified in the incident window.",5,No significant laundering pattern was detected at the configured risk threshold. Activity consistent with benign peer-to-peer transfers.,NONE
C000495,ENT_000271,0.1842,0,NORMAL,NONE,NONE,0.0,"Model-derived risk probability is 0.1842, remaining well below the 0.50 suspicious triage threshold. ; Incident subgraph contains minimal structural connectivity (10 entity node(s), 9 directed edge(s)). ; Total transaction volume within the 72-hour incident window is ₹99,256.83 (average transfer: ₹11,028.54). ; No multi-hop fund routing or complex layering chains detected (max hop distance: 3). ; No illicit ATM cash-withdrawal terminal connections identified in the incident window.",5,No significant laundering pattern was detected at the configured risk threshold. Activity consistent with benign peer-to-peer transfers.,NONE
C000496,ENT_000140,0.0088,0,NORMAL,NONE,NONE,0.0,"Model-derived risk probability is 0.0088, remaining well below the 0.50 suspicious triage threshold. ; Incident subgraph contains minimal structural connectivity (3 entity node(s), 2 directed edge(s)). ; Total transaction volume within the 72-hour incident window is ₹4,328.56 (average transfer: ₹2,164.28). ; No multi-hop fund routing or complex layering chains detected (max hop distance: 2). ; No illicit ATM cash-withdrawal terminal connections identified in the incident window.",5,No significant laundering pattern was detected at the configured risk threshold. Activity consistent with benign peer-to-peer transfers.,NONE
C000497,ENT_000644,0.0009,0,NORMAL,NONE,NONE,0.0,"Model-derived risk probability is 0.0009, remaining well below the 0.50 suspicious triage threshold. ; Incident subgraph contains minimal structural connectivity (1 entity node(s), 0 directed edge(s)). ; Total transaction volume within the 72-hour incident window is ₹0.00 (average transfer: ₹0.00). ; No multi-hop fund routing or complex layering chains detected (max hop distance: 0). ; No illicit ATM cash-withdrawal terminal connections identified in the incident window.",5,No significant laundering pattern was detected at the configured risk threshold. Activity consistent with benign peer-to-peer transfers.,NONE
C000498,ENT_000040,0.0006,0,NORMAL,NONE,NONE,0.0,"Model-derived risk probability is 0.0006, remaining well below the 0.50 suspicious triage threshold. ; Incident subgraph contains minimal structural connectivity (1 entity node(s), 0 directed edge(s)). ; Total transaction volume within the 72-hour incident window is ₹0.00 (average transfer: ₹0.00). ; No multi-hop fund routing or complex layering chains detected (max hop distance: 0). ; No illicit ATM cash-withdrawal terminal connections identified in the incident window.",5,No significant laundering pattern was detected at the configured risk threshold. Activity consistent with benign peer-to-peer transfers.,NONE
C000499,ENT_000560,0.9992,1,HIGH_CONFIDENCE,ATM_026,Lucknow,0.7689,"GraphSAGE GNN assessed an elevated risk probability of 0.9992 (Tier: HIGH_CONFIDENCE). ; Unusual concentration of transaction activity observed within the 72-hour incident window. ; The incident graph spans 3 transaction hops, indicating multi-stage fund routing away from the complaint account. ; Cumulative transaction volume reached ₹1,266,574.67 with a peak single transfer of ₹380,462.32. ; Subnetwork connects 13 entities across 12 directed transaction edges (average node degree: 1.85, incident in-degree: 1, out-degree: 3). ; Likely downstream cash exit identified at terminal ATM_026 in Lucknow (terminal risk score: 0.77, ₹112,082.29 withdrawn across 1 transaction(s)). ; Graph topology exhibits high structural similarity (1.00) to cataloged reference laundering patterns.",7,High-risk multi-hop transaction activity with downstream cash-out behavior was detected. Priority investigation recommended for root entity ENT_000560 and exit terminal ATM_026 (Lucknow).,"Terminal: ATM_026 (Lucknow) | Risk Score: 0.77 | Distance: 1 hop(s) | Cash Volume: ₹112,082.29 (1 tx) | Timing Delta: 39.1h from incident"
C000500,ENT_000465,0.0007,0,NORMAL,NONE,NONE,0.0,"Model-derived risk probability is 0.0007, remaining well below the 0.50 suspicious triage threshold. ; Incident subgraph contains minimal structural connectivity (1 entity node(s), 0 directed edge(s)). ; Total transaction volume within the 72-hour incident window is ₹0.00 (average transfer: ₹0.00). ; No multi-hop fund routing or complex layering chains detected (max hop distance: 0). ; No illicit ATM cash-withdrawal terminal connections identified in the incident window.",5,No significant laundering pattern was detected at the configured risk threshold. Activity consistent with benign peer-to-peer transfers.,NONE
C000501,ENT_000219,0.0018,0,NORMAL,NONE,NONE,0.0,"Model-derived risk probability is 0.0018, remaining well below the 0.50 suspicious triage threshold. ; Incident subgraph contains minimal structural connectivity (2 entity node(s), 1 directed edge(s)). ; Total transaction volume within the 72-hour incident window is ₹3,442.54 (average transfer: ₹3,442.54). ; No multi-hop fund routing or complex layering chains detected (max hop distance: 1). ; No illicit ATM cash-withdrawal terminal connections identified in the incident window.",5,No significant laundering pattern was detected at the configured risk threshold. Activity consistent with benign peer-to-peer transfers.,NONE
C000502,ENT_000612,0.9997,1,HIGH_CONFIDENCE,ATM_001,Hyderabad,0.8352,"GraphSAGE GNN assessed an elevated risk probability of 0.9997 (Tier: HIGH_CONFIDENCE). ; Unusual concentration of transaction activity observed within the 72-hour incident window. ; The incident graph spans 3 transaction hops, indicating multi-stage fund routing away from the complaint account. ; Cumulative transaction volume reached ₹1,223,772.50 with a peak single transfer of ₹242,573.25. ; Subnetwork connects 20 entities across 27 directed transaction edges (average node degree: 2.70, incident in-degree: 0, out-degree: 3). ; Likely downstream cash exit identified at terminal ATM_001 in Hyderabad (terminal risk score: 0.84, ₹242,573.25 withdrawn across 1 transaction(s)). ; Graph topology exhibits high structural similarity (1.00) to cataloged reference laundering patterns.",7,High-risk multi-hop transaction activity with downstream cash-out behavior was detected. Priority investigation recommended for root entity ENT_000612 and exit terminal ATM_001 (Hyderabad).,"Terminal: ATM_001 (Hyderabad) | Risk Score: 0.84 | Distance: 2 hop(s) | Cash Volume: ₹242,573.25 (1 tx) | Timing Delta: 36.5h from incident"
C000503,ENT_000166,0.0009,0,NORMAL,NONE,NONE,0.0,"Model-derived risk probability is 0.0009, remaining well below the 0.50 suspicious triage threshold. ; Incident subgraph contains minimal structural connectivity (1 entity node(s), 0 directed edge(s)). ; Total transaction volume within the 72-hour incident window is ₹0.00 (average transfer: ₹0.00). ; No multi-hop fund routing or complex layering chains detected (max hop distance: 0). ; No illicit ATM cash-withdrawal terminal connections identified in the incident window.",5,No significant laundering pattern was detected at the configured risk threshold. Activity consistent with benign peer-to-peer transfers.,NONE
C000504,ENT_000373,0.9996,1,HIGH_CONFIDENCE,NONE,NONE,0.0,"GraphSAGE GNN assessed an elevated risk probability of 0.9996 (Tier: HIGH_CONFIDENCE). ; Unusual concentration of transaction activity observed within the 72-hour incident window. ; The incident graph spans 3 transaction hops, indicating multi-stage fund routing away from the complaint account. ; Cumulative transaction volume reached ₹2,950,723.91 with a peak single transfer of ₹351,994.26. ; Subnetwork connects 20 entities across 19 directed transaction edges (average node degree: 1.90, incident in-degree: 1, out-degree: 2). ; Graph topology exhibits high structural similarity (1.00) to cataloged reference laundering patterns.",6,High-risk multi-hop transaction activity with strong graph evidence was detected. Priority investigation recommended for root entity ENT_000373 and connected intermediaries.,NONE
C000505,ENT_000216,0.0009,0,NORMAL,NONE,NONE,0.0,"Model-derived risk probability is 0.0009, remaining well below the 0.50 suspicious triage threshold. ; Incident subgraph contains minimal structural connectivity (1 entity node(s), 0 directed edge(s)). ; Total transaction volume within the 72-hour incident window is ₹0.00 (average transfer: ₹0.00). ; No multi-hop fund routing or complex layering chains detected (max hop distance: 0). ; No illicit ATM cash-withdrawal terminal connections identified in the incident window.",5,No significant laundering pattern was detected at the configured risk threshold. Activity consistent with benign peer-to-peer transfers.,NONE
C000506,ENT_000621,0.2821,0,NORMAL,NONE,NONE,0.0,"Model-derived risk probability is 0.2821, remaining well below the 0.50 suspicious triage threshold. ; Incident subgraph contains minimal structural connectivity (6 entity node(s), 5 directed edge(s)). ; Total transaction volume within the 72-hour incident window is ₹326,862.18 (average transfer: ₹65,372.44). ; No multi-hop fund routing or complex layering chains detected (max hop distance: 3). ; No illicit ATM cash-withdrawal terminal connections identified in the incident window.",5,No significant laundering pattern was detected at the configured risk threshold. Activity consistent with benign peer-to-peer transfers.,NONE
C000507,ENT_000478,0.0006,0,NORMAL,NONE,NONE,0.0,"Model-derived risk probability is 0.0006, remaining well below the 0.50 suspicious triage threshold. ; Incident subgraph contains minimal structural connectivity (1 entity node(s), 0 directed edge(s)). ; Total transaction volume within the 72-hour incident window is ₹0.00 (average transfer: ₹0.00). ; No multi-hop fund routing or complex layering chains detected (max hop distance: 0). ; No illicit ATM cash-withdrawal terminal connections identified in the incident window.",5,No significant laundering pattern was detected at the configured risk threshold. Activity consistent with benign peer-to-peer transfers.,NONE
C000508,ENT_000652,0.375,0,NORMAL,NONE,NONE,0.0,"Model-derived risk probability is 0.3750, remaining well below the 0.50 suspicious triage threshold. ; Incident subgraph contains minimal structural connectivity (9 entity node(s), 8 directed edge(s)). ; Total transaction volume within the 72-hour incident window is ₹314,280.71 (average transfer: ₹39,285.09). ; No multi-hop fund routing or complex layering chains detected (max hop distance: 3). ; No illicit ATM cash-withdrawal terminal connections identified in the incident window.",5,No significant laundering pattern was detected at the configured risk threshold. Activity consistent with benign peer-to-peer transfers.,NONE
C000509,ENT_000313,0.9954,1,HIGH_CONFIDENCE,NONE,NONE,0.0,"GraphSAGE GNN assessed an elevated risk probability of 0.9954 (Tier: HIGH_CONFIDENCE). ; Unusual concentration of transaction activity observed within the 72-hour incident window. ; The incident graph spans 3 transaction hops, indicating multi-stage fund routing away from the complaint account. ; Cumulative transaction volume reached ₹450,095.84 with a peak single transfer of ₹117,678.77. ; Subnetwork connects 7 entities across 6 directed transaction edges (average node degree: 1.71, incident in-degree: 1, out-degree: 0). ; Graph topology exhibits high structural similarity (1.00) to cataloged reference laundering patterns.",6,High-risk multi-hop transaction activity with strong graph evidence was detected. Priority investigation recommended for root entity ENT_000313 and connected intermediaries.,NONE
C000510,ENT_000615,0.5572,1,MEDIUM_CONFIDENCE,NONE,NONE,0.0,"GraphSAGE GNN assessed an elevated risk probability of 0.5572 (Tier: MEDIUM_CONFIDENCE). ; Unusual concentration of transaction activity observed within the 72-hour incident window. ; The incident graph spans 3 transaction hops, indicating multi-stage fund routing away from the complaint account. ; Cumulative transaction volume reached ₹68,757.53 with a peak single transfer of ₹44,722.94. ; Subnetwork connects 12 entities across 11 directed transaction edges (average node degree: 1.83, incident in-degree: 2, out-degree: 1). ; Graph topology exhibits high structural similarity (0.99) to cataloged reference laundering patterns.",6,"Elevated transaction risk detected around entity ENT_000615. Multi-hop activity observed, but supporting terminal or structural reference evidence remains partial.",NONE
C000511,ENT_000410,0.004,0,NORMAL,ATM_040,Lucknow,0.7086,"Model-derived risk probability is 0.0040, remaining well below the 0.50 suspicious triage threshold. ; Incident subgraph contains minimal structural connectivity (2 entity node(s), 1 directed edge(s)). ; Total transaction volume within the 72-hour incident window is ₹44,774.34 (average transfer: ₹44,774.34). ; No multi-hop fund routing or complex layering chains detected (max hop distance: 1). ; No illicit ATM cash-withdrawal terminal connections identified in the incident window.",5,No significant laundering pattern was detected at the configured risk threshold. Activity consistent with benign peer-to-peer transfers.,"Terminal: ATM_040 (Lucknow) | Risk Score: 0.71 | Distance: 1 hop(s) | Cash Volume: ₹44,774.34 (1 tx) | Timing Delta: 34.1h from incident"
C000512,ENT_000451,0.0007,0,NORMAL,NONE,NONE,0.0,"Model-derived risk probability is 0.0007, remaining well below the 0.50 suspicious triage threshold. ; Incident subgraph contains minimal structural connectivity (1 entity node(s), 0 directed edge(s)). ; Total transaction volume within the 72-hour incident window is ₹0.00 (average transfer: ₹0.00). ; No multi-hop fund routing or complex layering chains detected (max hop distance: 0). ; No illicit ATM cash-withdrawal terminal connections identified in the incident window.",5,No significant laundering pattern was detected at the configured risk threshold. Activity consistent with benign peer-to-peer transfers.,NONE
C000513,ENT_000341,0.0013,0,NORMAL,NONE,NONE,0.0,"Model-derived risk probability is 0.0013, remaining well below the 0.50 suspicious triage threshold. ; Incident subgraph contains minimal structural connectivity (2 entity node(s), 1 directed edge(s)). ; Total transaction volume within the 72-hour incident window is ₹1,419.72 (average transfer: ₹1,419.72). ; No multi-hop fund routing or complex layering chains detected (max hop distance: 1). ; No illicit ATM cash-withdrawal terminal connections identified in the incident window.",5,No significant laundering pattern was detected at the configured risk threshold. Activity consistent with benign peer-to-peer transfers.,NONE
C000514,ENT_000375,0.0012,0,NORMAL,NONE,NONE,0.0,"Model-derived risk probability is 0.0012, remaining well below the 0.50 suspicious triage threshold. ; Incident subgraph contains minimal structural connectivity (2 entity node(s), 1 directed edge(s)). ; Total transaction volume within the 72-hour incident window is ₹2,353.31 (average transfer: ₹2,353.31). ; No multi-hop fund routing or complex layering chains detected (max hop distance: 1). ; No illicit ATM cash-withdrawal terminal connections identified in the incident window.",5,No significant laundering pattern was detected at the configured risk threshold. Activity consistent with benign peer-to-peer transfers.,NONE
C000515,ENT_000332,0.0031,0,NORMAL,NONE,NONE,0.0,"Model-derived risk probability is 0.0031, remaining well below the 0.50 suspicious triage threshold. ; Incident subgraph contains minimal structural connectivity (2 entity node(s), 1 directed edge(s)). ; Total transaction volume within the 72-hour incident window is ₹23,679.86 (average transfer: ₹23,679.86). ; No multi-hop fund routing or complex layering chains detected (max hop distance: 1). ; No illicit ATM cash-withdrawal terminal connections identified in the incident window.",5,No significant laundering pattern was detected at the configured risk threshold. Activity consistent with benign peer-to-peer transfers.,NONE
C000516,ENT_000338,0.9893,1,HIGH_CONFIDENCE,NONE,NONE,0.0,"GraphSAGE GNN assessed an elevated risk probability of 0.9893 (Tier: HIGH_CONFIDENCE). ; Unusual concentration of transaction activity observed within the 72-hour incident window. ; The incident graph spans 3 transaction hops, indicating multi-stage fund routing away from the complaint account. ; Cumulative transaction volume reached ₹1,203,981.43 with a peak single transfer of ₹229,705.14. ; Subnetwork connects 10 entities across 9 directed transaction edges (average node degree: 1.80, incident in-degree: 1, out-degree: 2). ; Graph topology exhibits high structural similarity (1.00) to cataloged reference laundering patterns.",6,High-risk multi-hop transaction activity with strong graph evidence was detected. Priority investigation recommended for root entity ENT_000338 and connected intermediaries.,NONE
C000517,ENT_000608,0.8809,1,HIGH_CONFIDENCE,NONE,NONE,0.0,"GraphSAGE GNN assessed an elevated risk probability of 0.8809 (Tier: HIGH_CONFIDENCE). ; Unusual concentration of transaction activity observed within the 72-hour incident window. ; The incident graph spans 3 transaction hops, indicating multi-stage fund routing away from the complaint account. ; Cumulative transaction volume reached ₹232,479.23 with a peak single transfer of ₹103,264.09. ; Subnetwork connects 14 entities across 13 directed transaction edges (average node degree: 1.86, incident in-degree: 0, out-degree: 1). ; Graph topology exhibits high structural similarity (1.00) to cataloged reference laundering patterns.",6,High-risk multi-hop transaction activity with strong graph evidence was detected. Priority investigation recommended for root entity ENT_000608 and connected intermediaries.,NONE
C000518,ENT_000268,0.9987,1,HIGH_CONFIDENCE,NONE,NONE,0.0,"GraphSAGE GNN assessed an elevated risk probability of 0.9987 (Tier: HIGH_CONFIDENCE). ; Unusual concentration of transaction activity observed within the 72-hour incident window. ; The incident graph spans 3 transaction hops, indicating multi-stage fund routing away from the complaint account. ; Cumulative transaction volume reached ₹1,405,342.11 with a peak single transfer of ₹351,425.58. ; Subnetwork connects 10 entities across 10 directed transaction edges (average node degree: 2.00, incident in-degree: 1, out-degree: 2). ; Graph topology exhibits high structural similarity (1.00) to cataloged reference laundering patterns.",6,High-risk multi-hop transaction activity with strong graph evidence was detected. Priority investigation recommended for root entity ENT_000268 and connected intermediaries.,NONE
C000519,ENT_000472,0.3956,0,NORMAL,NONE,NONE,0.0,"Model-derived risk probability is 0.3956, remaining well below the 0.50 suspicious triage threshold. ; Incident subgraph contains minimal structural connectivity (7 entity node(s), 6 directed edge(s)). ; Total transaction volume within the 72-hour incident window is ₹199,327.84 (average transfer: ₹33,221.31). ; No multi-hop fund routing or complex layering chains detected (max hop distance: 3). ; No illicit ATM cash-withdrawal terminal connections identified in the incident window.",5,No significant laundering pattern was detected at the configured risk threshold. Activity consistent with benign peer-to-peer transfers.,NONE
C000520,ENT_000606,1.0,1,HIGH_CONFIDENCE,NONE,NONE,0.0,"GraphSAGE GNN assessed an elevated risk probability of 1.0000 (Tier: HIGH_CONFIDENCE). ; Unusual concentration of transaction activity observed within the 72-hour incident window. ; The incident graph spans 3 transaction hops, indicating multi-stage fund routing away from the complaint account. ; Cumulative transaction volume reached ₹1,904,442.69 with a peak single transfer of ₹279,640.85. ; Subnetwork connects 14 entities across 13 directed transaction edges (average node degree: 1.86, incident in-degree: 1, out-degree: 2). ; Graph topology exhibits high structural similarity (1.00) to cataloged reference laundering patterns.",6,High-risk multi-hop transaction activity with strong graph evidence was detected. Priority investigation recommended for root entity ENT_000606 and connected intermediaries.,NONE
C000521,ENT_000152,0.9999,1,HIGH_CONFIDENCE,NONE,NONE,0.0,"GraphSAGE GNN assessed an elevated risk probability of 0.9999 (Tier: HIGH_CONFIDENCE). ; Unusual concentration of transaction activity observed within the 72-hour incident window. ; The incident graph spans 3 transaction hops, indicating multi-stage fund routing away from the complaint account. ; Cumulative transaction volume reached ₹2,418,669.04 with a peak single transfer of ₹390,916.18. ; Subnetwork connects 21 entities across 22 directed transaction edges (average node degree: 2.10, incident in-degree: 2, out-degree: 1). ; Graph topology exhibits high structural similarity (1.00) to cataloged reference laundering patterns.",6,High-risk multi-hop transaction activity with strong graph evidence was detected. Priority investigation recommended for root entity ENT_000152 and connected intermediaries.,NONE
C000522,ENT_000673,0.0015,0,NORMAL,NONE,NONE,0.0,"Model-derived risk probability is 0.0015, remaining well below the 0.50 suspicious triage threshold. ; Incident subgraph contains minimal structural connectivity (2 entity node(s), 1 directed edge(s)). ; Total transaction volume within the 72-hour incident window is ₹2,529.75 (average transfer: ₹2,529.75). ; No multi-hop fund routing or complex layering chains detected (max hop distance: 1). ; No illicit ATM cash-withdrawal terminal connections identified in the incident window.",5,No significant laundering pattern was detected at the configured risk threshold. Activity consistent with benign peer-to-peer transfers.,NONE
C000523,ENT_000476,0.0009,0,NORMAL,NONE,NONE,0.0,"Model-derived risk probability is 0.0009, remaining well below the 0.50 suspicious triage threshold. ; Incident subgraph contains minimal structural connectivity (1 entity node(s), 0 directed edge(s)). ; Total transaction volume within the 72-hour incident window is ₹0.00 (average transfer: ₹0.00). ; No multi-hop fund routing or complex layering chains detected (max hop distance: 0). ; No illicit ATM cash-withdrawal terminal connections identified in the incident window.",5,No significant laundering pattern was detected at the configured risk threshold. Activity consistent with benign peer-to-peer transfers.,NONE
C000524,ENT_000449,0.0008,0,NORMAL,NONE,NONE,0.0,"Model-derived risk probability is 0.0008, remaining well below the 0.50 suspicious triage threshold. ; Incident subgraph contains minimal structural connectivity (1 entity node(s), 0 directed edge(s)). ; Total transaction volume within the 72-hour incident window is ₹0.00 (average transfer: ₹0.00). ; No multi-hop fund routing or complex layering chains detected (max hop distance: 0). ; No illicit ATM cash-withdrawal terminal connections identified in the incident window.",5,No significant laundering pattern was detected at the configured risk threshold. Activity consistent with benign peer-to-peer transfers.,NONE
C000525,ENT_000154,0.5159,1,MEDIUM_CONFIDENCE,NONE,NONE,0.0,"GraphSAGE GNN assessed an elevated risk probability of 0.5159 (Tier: MEDIUM_CONFIDENCE). ; Unusual concentration of transaction activity observed within the 72-hour incident window. ; The incident graph spans 3 transaction hops, indicating multi-stage fund routing away from the complaint account. ; Cumulative transaction volume reached ₹135,633.67 with a peak single transfer of ₹45,365.31. ; Subnetwork connects 5 entities across 4 directed transaction edges (average node degree: 1.60, incident in-degree: 1, out-degree: 0). ; Graph topology exhibits high structural similarity (0.99) to cataloged reference laundering patterns.",6,"Elevated transaction risk detected around entity ENT_000154. Multi-hop activity observed, but supporting terminal or structural reference evidence remains partial.",NONE
C000526,ENT_000251,0.0038,0,NORMAL,NONE,NONE,0.0,"Model-derived risk probability is 0.0038, remaining well below the 0.50 suspicious triage threshold. ; Incident subgraph contains minimal structural connectivity (2 entity node(s), 1 directed edge(s)). ; Total transaction volume within the 72-hour incident window is ₹37,439.27 (average transfer: ₹37,439.27). ; No multi-hop fund routing or complex layering chains detected (max hop distance: 1). ; No illicit ATM cash-withdrawal terminal connections identified in the incident window.",5,No significant laundering pattern was detected at the configured risk threshold. Activity consistent with benign peer-to-peer transfers.,NONE
C000527,ENT_000376,0.0009,0,NORMAL,NONE,NONE,0.0,"Model-derived risk probability is 0.0009, remaining well below the 0.50 suspicious triage threshold. ; Incident subgraph contains minimal structural connectivity (1 entity node(s), 0 directed edge(s)). ; Total transaction volume within the 72-hour incident window is ₹0.00 (average transfer: ₹0.00). ; No multi-hop fund routing or complex layering chains detected (max hop distance: 0). ; No illicit ATM cash-withdrawal terminal connections identified in the incident window.",5,No significant laundering pattern was detected at the configured risk threshold. Activity consistent with benign peer-to-peer transfers.,NONE
C000528,ENT_000569,0.0037,0,NORMAL,NONE,NONE,0.0,"Model-derived risk probability is 0.0037, remaining well below the 0.50 suspicious triage threshold. ; Incident subgraph contains minimal structural connectivity (3 entity node(s), 2 directed edge(s)). ; Total transaction volume within the 72-hour incident window is ₹29,661.77 (average transfer: ₹14,830.89). ; No multi-hop fund routing or complex layering chains detected (max hop distance: 1). ; No illicit ATM cash-withdrawal terminal connections identified in the incident window.",5,No significant laundering pattern was detected at the configured risk threshold. Activity consistent with benign peer-to-peer transfers.,NONE
C000529,ENT_000046,0.9969,1,HIGH_CONFIDENCE,NONE,NONE,0.0,"GraphSAGE GNN assessed an elevated risk probability of 0.9969 (Tier: HIGH_CONFIDENCE). ; Unusual concentration of transaction activity observed within the 72-hour incident window. ; The incident graph spans 3 transaction hops, indicating multi-stage fund routing away from the complaint account. ; Cumulative transaction volume reached ₹1,402,622.29 with a peak single transfer of ₹245,429.55. ; Subnetwork connects 16 entities across 15 directed transaction edges (average node degree: 1.88, incident in-degree: 3, out-degree: 1). ; Graph topology exhibits high structural similarity (1.00) to cataloged reference laundering patterns.",6,High-risk multi-hop transaction activity with strong graph evidence was detected. Priority investigation recommended for root entity ENT_000046 and connected intermediaries.,NONE
C000530,ENT_000066,0.0013,0,NORMAL,NONE,NONE,0.0,"Model-derived risk probability is 0.0013, remaining well below the 0.50 suspicious triage threshold. ; Incident subgraph contains minimal structural connectivity (2 entity node(s), 1 directed edge(s)). ; Total transaction volume within the 72-hour incident window is ₹683.69 (average transfer: ₹683.69). ; No multi-hop fund routing or complex layering chains detected (max hop distance: 1). ; No illicit ATM cash-withdrawal terminal connections identified in the incident window.",5,No significant laundering pattern was detected at the configured risk threshold. Activity consistent with benign peer-to-peer transfers.,NONE
C000531,ENT_000664,0.0445,0,NORMAL,NONE,NONE,0.0,"Model-derived risk probability is 0.0445, remaining well below the 0.50 suspicious triage threshold. ; Incident subgraph contains minimal structural connectivity (6 entity node(s), 5 directed edge(s)). ; Total transaction volume within the 72-hour incident window is ₹88,939.53 (average transfer: ₹17,787.91). ; No multi-hop fund routing or complex layering chains detected (max hop distance: 3). ; No illicit ATM cash-withdrawal terminal connections identified in the incident window.",5,No significant laundering pattern was detected at the configured risk threshold. Activity consistent with benign peer-to-peer transfers.,NONE
C000532,ENT_000350,0.001,0,NORMAL,NONE,NONE,0.0,"Model-derived risk probability is 0.0010, remaining well below the 0.50 suspicious triage threshold. ; Incident subgraph contains minimal structural connectivity (1 entity node(s), 0 directed edge(s)). ; Total transaction volume within the 72-hour incident window is ₹0.00 (average transfer: ₹0.00). ; No multi-hop fund routing or complex layering chains detected (max hop distance: 0). ; No illicit ATM cash-withdrawal terminal connections identified in the incident window.",5,No significant laundering pattern was detected at the configured risk threshold. Activity consistent with benign peer-to-peer transfers.,NONE
C000533,ENT_000497,0.0006,0,NORMAL,NONE,NONE,0.0,"Model-derived risk probability is 0.0006, remaining well below the 0.50 suspicious triage threshold. ; Incident subgraph contains minimal structural connectivity (1 entity node(s), 0 directed edge(s)). ; Total transaction volume within the 72-hour incident window is ₹0.00 (average transfer: ₹0.00). ; No multi-hop fund routing or complex layering chains detected (max hop distance: 0). ; No illicit ATM cash-withdrawal terminal connections identified in the incident window.",5,No significant laundering pattern was detected at the configured risk threshold. Activity consistent with benign peer-to-peer transfers.,NONE
C000534,ENT_000265,0.9974,1,HIGH_CONFIDENCE,ATM_045,Mumbai,0.855,"GraphSAGE GNN assessed an elevated risk probability of 0.9974 (Tier: HIGH_CONFIDENCE). ; Unusual concentration of transaction activity observed within the 72-hour incident window. ; The incident graph spans 3 transaction hops, indicating multi-stage fund routing away from the complaint account. ; Cumulative transaction volume reached ₹1,082,504.30 with a peak single transfer of ₹336,443.29. ; Subnetwork connects 16 entities across 23 directed transaction edges (average node degree: 2.88, incident in-degree: 0, out-degree: 3). ; Likely downstream cash exit identified at terminal ATM_045 in Mumbai (terminal risk score: 0.85, ₹525,379.61 withdrawn across 2 transaction(s)). ; Graph topology exhibits high structural similarity (1.00) to cataloged reference laundering patterns.",7,High-risk multi-hop transaction activity with downstream cash-out behavior was detected. Priority investigation recommended for root entity ENT_000265 and exit terminal ATM_045 (Mumbai).,"Terminal: ATM_045 (Mumbai) | Risk Score: 0.85 | Distance: 2 hop(s) | Cash Volume: ₹525,379.61 (2 tx) | Timing Delta: 25.5h from incident"
C000535,ENT_000324,0.0016,0,NORMAL,NONE,NONE,0.0,"Model-derived risk probability is 0.0016, remaining well below the 0.50 suspicious triage threshold. ; Incident subgraph contains minimal structural connectivity (2 entity node(s), 1 directed edge(s)). ; Total transaction volume within the 72-hour incident window is ₹2,290.27 (average transfer: ₹2,290.27). ; No multi-hop fund routing or complex layering chains detected (max hop distance: 1). ; No illicit ATM cash-withdrawal terminal connections identified in the incident window.",5,No significant laundering pattern was detected at the configured risk threshold. Activity consistent with benign peer-to-peer transfers.,NONE
C000536,ENT_000667,0.1056,0,NORMAL,NONE,NONE,0.0,"Model-derived risk probability is 0.1056, remaining well below the 0.50 suspicious triage threshold. ; Incident subgraph contains minimal structural connectivity (4 entity node(s), 3 directed edge(s)). ; Total transaction volume within the 72-hour incident window is ₹67,886.57 (average transfer: ₹22,628.86). ; No multi-hop fund routing or complex layering chains detected (max hop distance: 2). ; No illicit ATM cash-withdrawal terminal connections identified in the incident window.",5,No significant laundering pattern was detected at the configured risk threshold. Activity consistent with benign peer-to-peer transfers.,NONE
C000537,ENT_000536,0.0367,0,NORMAL,NONE,NONE,0.0,"Model-derived risk probability is 0.0367, remaining well below the 0.50 suspicious triage threshold. ; Incident subgraph contains minimal structural connectivity (5 entity node(s), 4 directed edge(s)). ; Total transaction volume within the 72-hour incident window is ₹46,063.45 (average transfer: ₹11,515.86). ; No multi-hop fund routing or complex layering chains detected (max hop distance: 3). ; No illicit ATM cash-withdrawal terminal connections identified in the incident window.",5,No significant laundering pattern was detected at the configured risk threshold. Activity consistent with benign peer-to-peer transfers.,NONE
C000538,ENT_000301,0.643,1,HIGH_CONFIDENCE,NONE,NONE,0.0,"GraphSAGE GNN assessed an elevated risk probability of 0.6430 (Tier: HIGH_CONFIDENCE). ; Unusual concentration of transaction activity observed within the 72-hour incident window. ; The incident graph spans 3 transaction hops, indicating multi-stage fund routing away from the complaint account. ; Cumulative transaction volume reached ₹45,818.14 with a peak single transfer of ₹32,940.40. ; Subnetwork connects 6 entities across 5 directed transaction edges (average node degree: 1.67, incident in-degree: 1, out-degree: 0). ; Graph topology exhibits high structural similarity (0.99) to cataloged reference laundering patterns.",6,High-risk multi-hop transaction activity with strong graph evidence was detected. Priority investigation recommended for root entity ENT_000301 and connected intermediaries.,NONE
C000539,ENT_000512,0.0007,0,NORMAL,NONE,NONE,0.0,"Model-derived risk probability is 0.0007, remaining well below the 0.50 suspicious triage threshold. ; Incident subgraph contains minimal structural connectivity (1 entity node(s), 0 directed edge(s)). ; Total transaction volume within the 72-hour incident window is ₹0.00 (average transfer: ₹0.00). ; No multi-hop fund routing or complex layering chains detected (max hop distance: 0). ; No illicit ATM cash-withdrawal terminal connections identified in the incident window.",5,No significant laundering pattern was detected at the configured risk threshold. Activity consistent with benign peer-to-peer transfers.,NONE
C000540,ENT_000075,0.0011,0,NORMAL,NONE,NONE,0.0,"Model-derived risk probability is 0.0011, remaining well below the 0.50 suspicious triage threshold. ; Incident subgraph contains minimal structural connectivity (1 entity node(s), 0 directed edge(s)). ; Total transaction volume within the 72-hour incident window is ₹0.00 (average transfer: ₹0.00). ; No multi-hop fund routing or complex layering chains detected (max hop distance: 0). ; No illicit ATM cash-withdrawal terminal connections identified in the incident window.",5,No significant laundering pattern was detected at the configured risk threshold. Activity consistent with benign peer-to-peer transfers.,NONE
C000541,ENT_000502,0.97,1,HIGH_CONFIDENCE,NONE,NONE,0.0,"GraphSAGE GNN assessed an elevated risk probability of 0.9700 (Tier: HIGH_CONFIDENCE). ; Unusual concentration of transaction activity observed within the 72-hour incident window. ; The incident graph spans 3 transaction hops, indicating multi-stage fund routing away from the complaint account. ; Cumulative transaction volume reached ₹730,863.84 with a peak single transfer of ₹346,490.34. ; Subnetwork connects 12 entities across 11 directed transaction edges (average node degree: 1.83, incident in-degree: 1, out-degree: 0). ; Graph topology exhibits high structural similarity (1.00) to cataloged reference laundering patterns.",6,High-risk multi-hop transaction activity with strong graph evidence was detected. Priority investigation recommended for root entity ENT_000502 and connected intermediaries.,NONE
C000542,ENT_000127,0.0011,0,NORMAL,NONE,NONE,0.0,"Model-derived risk probability is 0.0011, remaining well below the 0.50 suspicious triage threshold. ; Incident subgraph contains minimal structural connectivity (1 entity node(s), 0 directed edge(s)). ; Total transaction volume within the 72-hour incident window is ₹0.00 (average transfer: ₹0.00). ; No multi-hop fund routing or complex layering chains detected (max hop distance: 0). ; No illicit ATM cash-withdrawal terminal connections identified in the incident window.",5,No significant laundering pattern was detected at the configured risk threshold. Activity consistent with benign peer-to-peer transfers.,NONE
C000543,ENT_000601,0.0155,0,NORMAL,ATM_037,Mumbai,0.4825,"Model-derived risk probability is 0.0155, remaining well below the 0.50 suspicious triage threshold. ; Incident subgraph contains minimal structural connectivity (3 entity node(s), 2 directed edge(s)). ; Total transaction volume within the 72-hour incident window is ₹7,341.77 (average transfer: ₹3,670.88). ; No multi-hop fund routing or complex layering chains detected (max hop distance: 2). ; No illicit ATM cash-withdrawal terminal connections identified in the incident window.",5,No significant laundering pattern was detected at the configured risk threshold. Activity consistent with benign peer-to-peer transfers.,"Terminal: ATM_037 (Mumbai) | Risk Score: 0.48 | Distance: 1 hop(s) | Cash Volume: ₹3,213.29 (1 tx) | Timing Delta: 64.9h from incident"
C000544,ENT_000179,0.8616,1,HIGH_CONFIDENCE,NONE,NONE,0.0,"GraphSAGE GNN assessed an elevated risk probability of 0.8616 (Tier: HIGH_CONFIDENCE). ; Unusual concentration of transaction activity observed within the 72-hour incident window. ; The incident graph spans 3 transaction hops, indicating multi-stage fund routing away from the complaint account. ; Cumulative transaction volume reached ₹371,848.42 with a peak single transfer of ₹205,809.91. ; Subnetwork connects 8 entities across 7 directed transaction edges (average node degree: 1.75, incident in-degree: 0, out-degree: 1). ; Graph topology exhibits high structural similarity (0.99) to cataloged reference laundering patterns.",6,High-risk multi-hop transaction activity with strong graph evidence was detected. Priority investigation recommended for root entity ENT_000179 and connected intermediaries.,NONE
C000545,ENT_000306,0.0009,0,NORMAL,NONE,NONE,0.0,"Model-derived risk probability is 0.0009, remaining well below the 0.50 suspicious triage threshold. ; Incident subgraph contains minimal structural connectivity (1 entity node(s), 0 directed edge(s)). ; Total transaction volume within the 72-hour incident window is ₹0.00 (average transfer: ₹0.00). ; No multi-hop fund routing or complex layering chains detected (max hop distance: 0). ; No illicit ATM cash-withdrawal terminal connections identified in the incident window.",5,No significant laundering pattern was detected at the configured risk threshold. Activity consistent with benign peer-to-peer transfers.,NONE
C000546,ENT_000285,0.0083,0,NORMAL,NONE,NONE,0.0,"Model-derived risk probability is 0.0083, remaining well below the 0.50 suspicious triage threshold. ; Incident subgraph contains minimal structural connectivity (3 entity node(s), 2 directed edge(s)). ; Total transaction volume within the 72-hour incident window is ₹3,687.71 (average transfer: ₹1,843.86). ; No multi-hop fund routing or complex layering chains detected (max hop distance: 2). ; No illicit ATM cash-withdrawal terminal connections identified in the incident window.",5,No significant laundering pattern was detected at the configured risk threshold. Activity consistent with benign peer-to-peer transfers.,NONE
C000547,ENT_000340,0.0007,0,NORMAL,NONE,NONE,0.0,"Model-derived risk probability is 0.0007, remaining well below the 0.50 suspicious triage threshold. ; Incident subgraph contains minimal structural connectivity (1 entity node(s), 0 directed edge(s)). ; Total transaction volume within the 72-hour incident window is ₹0.00 (average transfer: ₹0.00). ; No multi-hop fund routing or complex layering chains detected (max hop distance: 0). ; No illicit ATM cash-withdrawal terminal connections identified in the incident window.",5,No significant laundering pattern was detected at the configured risk threshold. Activity consistent with benign peer-to-peer transfers.,NONE
C000548,ENT_000001,0.0007,0,NORMAL,NONE,NONE,0.0,"Model-derived risk probability is 0.0007, remaining well below the 0.50 suspicious triage threshold. ; Incident subgraph contains minimal structural connectivity (1 entity node(s), 0 directed edge(s)). ; Total transaction volume within the 72-hour incident window is ₹0.00 (average transfer: ₹0.00). ; No multi-hop fund routing or complex layering chains detected (max hop distance: 0). ; No illicit ATM cash-withdrawal terminal connections identified in the incident window.",5,No significant laundering pattern was detected at the configured risk threshold. Activity consistent with benign peer-to-peer transfers.,NONE
C000549,ENT_000190,0.9758,1,HIGH_CONFIDENCE,NONE,NONE,0.0,"GraphSAGE GNN assessed an elevated risk probability of 0.9758 (Tier: HIGH_CONFIDENCE). ; Unusual concentration of transaction activity observed within the 72-hour incident window. ; The incident graph spans 3 transaction hops, indicating multi-stage fund routing away from the complaint account. ; Cumulative transaction volume reached ₹1,087,780.45 with a peak single transfer of ₹283,460.38. ; Subnetwork connects 9 entities across 8 directed transaction edges (average node degree: 1.78, incident in-degree: 2, out-degree: 1). ; Graph topology exhibits high structural similarity (1.00) to cataloged reference laundering patterns.",6,High-risk multi-hop transaction activity with strong graph evidence was detected. Priority investigation recommended for root entity ENT_000190 and connected intermediaries.,NONE
C000550,ENT_000110,0.1074,0,NORMAL,ATM_012,Patna,0.4472,"Model-derived risk probability is 0.1074, remaining well below the 0.50 suspicious triage threshold. ; Incident subgraph contains minimal structural connectivity (6 entity node(s), 5 directed edge(s)). ; Total transaction volume within the 72-hour incident window is ₹63,313.32 (average transfer: ₹12,662.66). ; No multi-hop fund routing or complex layering chains detected (max hop distance: 3). ; No illicit ATM cash-withdrawal terminal connections identified in the incident window.",5,No significant laundering pattern was detected at the configured risk threshold. Activity consistent with benign peer-to-peer transfers.,Terminal: ATM_012 (Patna) | Risk Score: 0.45 | Distance: 1 hop(s) | Cash Volume: ₹481.45 (1 tx) | Timing Delta: 59.9h from incident
C000551,ENT_000449,0.0024,0,NORMAL,NONE,NONE,0.0,"Model-derived risk probability is 0.0024, remaining well below the 0.50 suspicious triage threshold. ; Incident subgraph contains minimal structural connectivity (2 entity node(s), 1 directed edge(s)). ; Total transaction volume within the 72-hour incident window is ₹2,693.00 (average transfer: ₹2,693.00). ; No multi-hop fund routing or complex layering chains detected (max hop distance: 1). ; No illicit ATM cash-withdrawal terminal connections identified in the incident window.",5,No significant laundering pattern was detected at the configured risk threshold. Activity consistent with benign peer-to-peer transfers.,NONE
C000552,ENT_000164,0.1217,0,NORMAL,NONE,NONE,0.0,"Model-derived risk probability is 0.1217, remaining well below the 0.50 suspicious triage threshold. ; Incident subgraph contains minimal structural connectivity (7 entity node(s), 6 directed edge(s)). ; Total transaction volume within the 72-hour incident window is ₹18,364.07 (average transfer: ₹3,060.68). ; No multi-hop fund routing or complex layering chains detected (max hop distance: 3). ; No illicit ATM cash-withdrawal terminal connections identified in the incident window.",5,No significant laundering pattern was detected at the configured risk threshold. Activity consistent with benign peer-to-peer transfers.,NONE
C000553,ENT_000670,0.0008,0,NORMAL,NONE,NONE,0.0,"Model-derived risk probability is 0.0008, remaining well below the 0.50 suspicious triage threshold. ; Incident subgraph contains minimal structural connectivity (1 entity node(s), 0 directed edge(s)). ; Total transaction volume within the 72-hour incident window is ₹0.00 (average transfer: ₹0.00). ; No multi-hop fund routing or complex layering chains detected (max hop distance: 0). ; No illicit ATM cash-withdrawal terminal connections identified in the incident window.",5,No significant laundering pattern was detected at the configured risk threshold. Activity consistent with benign peer-to-peer transfers.,NONE
C000554,ENT_000627,0.0584,0,NORMAL,NONE,NONE,0.0,"Model-derived risk probability is 0.0584, remaining well below the 0.50 suspicious triage threshold. ; Incident subgraph contains minimal structural connectivity (5 entity node(s), 4 directed edge(s)). ; Total transaction volume within the 72-hour incident window is ₹35,543.12 (average transfer: ₹8,885.78). ; No multi-hop fund routing or complex layering chains detected (max hop distance: 3). ; No illicit ATM cash-withdrawal terminal connections identified in the incident window.",5,No significant laundering pattern was detected at the configured risk threshold. Activity consistent with benign peer-to-peer transfers.,NONE
C000555,ENT_000579,0.0054,0,NORMAL,NONE,NONE,0.0,"Model-derived risk probability is 0.0054, remaining well below the 0.50 suspicious triage threshold. ; Incident subgraph contains minimal structural connectivity (3 entity node(s), 2 directed edge(s)). ; Total transaction volume within the 72-hour incident window is ₹66,843.81 (average transfer: ₹33,421.90). ; No multi-hop fund routing or complex layering chains detected (max hop distance: 1). ; No illicit ATM cash-withdrawal terminal connections identified in the incident window.",5,No significant laundering pattern was detected at the configured risk threshold. Activity consistent with benign peer-to-peer transfers.,NONE
C000556,ENT_000391,0.0012,0,NORMAL,NONE,NONE,0.0,"Model-derived risk probability is 0.0012, remaining well below the 0.50 suspicious triage threshold. ; Incident subgraph contains minimal structural connectivity (1 entity node(s), 0 directed edge(s)). ; Total transaction volume within the 72-hour incident window is ₹0.00 (average transfer: ₹0.00). ; No multi-hop fund routing or complex layering chains detected (max hop distance: 0). ; No illicit ATM cash-withdrawal terminal connections identified in the incident window.",5,No significant laundering pattern was detected at the configured risk threshold. Activity consistent with benign peer-to-peer transfers.,NONE
C000557,ENT_000157,0.0009,0,NORMAL,NONE,NONE,0.0,"Model-derived risk probability is 0.0009, remaining well below the 0.50 suspicious triage threshold. ; Incident subgraph contains minimal structural connectivity (1 entity node(s), 0 directed edge(s)). ; Total transaction volume within the 72-hour incident window is ₹0.00 (average transfer: ₹0.00). ; No multi-hop fund routing or complex layering chains detected (max hop distance: 0). ; No illicit ATM cash-withdrawal terminal connections identified in the incident window.",5,No significant laundering pattern was detected at the configured risk threshold. Activity consistent with benign peer-to-peer transfers.,NONE
C000558,ENT_000687,0.5266,1,MEDIUM_CONFIDENCE,NONE,NONE,0.0,"GraphSAGE GNN assessed an elevated risk probability of 0.5266 (Tier: MEDIUM_CONFIDENCE). ; Unusual concentration of transaction activity observed within the 72-hour incident window. ; The incident graph spans 3 transaction hops, indicating multi-stage fund routing away from the complaint account. ; Cumulative transaction volume reached ₹323,912.98 with a peak single transfer of ₹232,702.13. ; Subnetwork connects 10 entities across 9 directed transaction edges (average node degree: 1.80, incident in-degree: 2, out-degree: 2). ; Graph topology exhibits high structural similarity (0.99) to cataloged reference laundering patterns.",6,"Elevated transaction risk detected around entity ENT_000687. Multi-hop activity observed, but supporting terminal or structural reference evidence remains partial.",NONE
C000559,ENT_000556,0.0012,0,NORMAL,NONE,NONE,0.0,"Model-derived risk probability is 0.0012, remaining well below the 0.50 suspicious triage threshold. ; Incident subgraph contains minimal structural connectivity (1 entity node(s), 0 directed edge(s)). ; Total transaction volume within the 72-hour incident window is ₹0.00 (average transfer: ₹0.00). ; No multi-hop fund routing or complex layering chains detected (max hop distance: 0). ; No illicit ATM cash-withdrawal terminal connections identified in the incident window.",5,No significant laundering pattern was detected at the configured risk threshold. Activity consistent with benign peer-to-peer transfers.,NONE
C000560,ENT_000167,0.0016,0,NORMAL,NONE,NONE,0.0,"Model-derived risk probability is 0.0016, remaining well below the 0.50 suspicious triage threshold. ; Incident subgraph contains minimal structural connectivity (2 entity node(s), 1 directed edge(s)). ; Total transaction volume within the 72-hour incident window is ₹2,059.00 (average transfer: ₹2,059.00). ; No multi-hop fund routing or complex layering chains detected (max hop distance: 1). ; No illicit ATM cash-withdrawal terminal connections identified in the incident window.",5,No significant laundering pattern was detected at the configured risk threshold. Activity consistent with benign peer-to-peer transfers.,NONE
C000561,ENT_000566,0.0006,0,NORMAL,NONE,NONE,0.0,"Model-derived risk probability is 0.0006, remaining well below the 0.50 suspicious triage threshold. ; Incident subgraph contains minimal structural connectivity (1 entity node(s), 0 directed edge(s)). ; Total transaction volume within the 72-hour incident window is ₹0.00 (average transfer: ₹0.00). ; No multi-hop fund routing or complex layering chains detected (max hop distance: 0). ; No illicit ATM cash-withdrawal terminal connections identified in the incident window.",5,No significant laundering pattern was detected at the configured risk threshold. Activity consistent with benign peer-to-peer transfers.,NONE
C000562,ENT_000490,0.3977,0,NORMAL,NONE,NONE,0.0,"Model-derived risk probability is 0.3977, remaining well below the 0.50 suspicious triage threshold. ; Incident subgraph contains minimal structural connectivity (10 entity node(s), 9 directed edge(s)). ; Total transaction volume within the 72-hour incident window is ₹359,591.47 (average transfer: ₹39,954.61). ; No multi-hop fund routing or complex layering chains detected (max hop distance: 3). ; No illicit ATM cash-withdrawal terminal connections identified in the incident window.",5,No significant laundering pattern was detected at the configured risk threshold. Activity consistent with benign peer-to-peer transfers.,NONE
C000563,ENT_000452,0.1612,0,NORMAL,NONE,NONE,0.0,"Model-derived risk probability is 0.1612, remaining well below the 0.50 suspicious triage threshold. ; Incident subgraph contains minimal structural connectivity (6 entity node(s), 5 directed edge(s)). ; Total transaction volume within the 72-hour incident window is ₹39,996.96 (average transfer: ₹7,999.39). ; No multi-hop fund routing or complex layering chains detected (max hop distance: 3). ; No illicit ATM cash-withdrawal terminal connections identified in the incident window.",5,No significant laundering pattern was detected at the configured risk threshold. Activity consistent with benign peer-to-peer transfers.,NONE
C000564,ENT_000262,0.0019,0,NORMAL,NONE,NONE,0.0,"Model-derived risk probability is 0.0019, remaining well below the 0.50 suspicious triage threshold. ; Incident subgraph contains minimal structural connectivity (2 entity node(s), 1 directed edge(s)). ; Total transaction volume within the 72-hour incident window is ₹4,708.92 (average transfer: ₹4,708.92). ; No multi-hop fund routing or complex layering chains detected (max hop distance: 1). ; No illicit ATM cash-withdrawal terminal connections identified in the incident window.",5,No significant laundering pattern was detected at the configured risk threshold. Activity consistent with benign peer-to-peer transfers.,NONE
C000565,ENT_000371,1.0,1,HIGH_CONFIDENCE,NONE,NONE,0.0,"GraphSAGE GNN assessed an elevated risk probability of 1.0000 (Tier: HIGH_CONFIDENCE). ; Unusual concentration of transaction activity observed within the 72-hour incident window. ; The incident graph spans 3 transaction hops, indicating multi-stage fund routing away from the complaint account. ; Cumulative transaction volume reached ₹2,314,822.56 with a peak single transfer of ₹414,791.68. ; Subnetwork connects 9 entities across 8 directed transaction edges (average node degree: 1.78, incident in-degree: 1, out-degree: 1). ; Graph topology exhibits high structural similarity (1.00) to cataloged reference laundering patterns.",6,High-risk multi-hop transaction activity with strong graph evidence was detected. Priority investigation recommended for root entity ENT_000371 and connected intermediaries.,NONE
C000566,ENT_000540,0.2632,0,NORMAL,NONE,NONE,0.0,"Model-derived risk probability is 0.2632, remaining well below the 0.50 suspicious triage threshold. ; Incident subgraph contains minimal structural connectivity (4 entity node(s), 3 directed edge(s)). ; Total transaction volume within the 72-hour incident window is ₹473,838.80 (average transfer: ₹157,946.27). ; No multi-hop fund routing or complex layering chains detected (max hop distance: 2). ; No illicit ATM cash-withdrawal terminal connections identified in the incident window.",5,No significant laundering pattern was detected at the configured risk threshold. Activity consistent with benign peer-to-peer transfers.,NONE
C000567,ENT_000518,0.001,0,NORMAL,NONE,NONE,0.0,"Model-derived risk probability is 0.0010, remaining well below the 0.50 suspicious triage threshold. ; Incident subgraph contains minimal structural connectivity (1 entity node(s), 0 directed edge(s)). ; Total transaction volume within the 72-hour incident window is ₹0.00 (average transfer: ₹0.00). ; No multi-hop fund routing or complex layering chains detected (max hop distance: 0). ; No illicit ATM cash-withdrawal terminal connections identified in the incident window.",5,No significant laundering pattern was detected at the configured risk threshold. Activity consistent with benign peer-to-peer transfers.,NONE
C000568,ENT_000548,0.5111,1,MEDIUM_CONFIDENCE,NONE,NONE,0.0,"GraphSAGE GNN assessed an elevated risk probability of 0.5111 (Tier: MEDIUM_CONFIDENCE). ; Unusual concentration of transaction activity observed within the 72-hour incident window. ; The incident graph spans 3 transaction hops, indicating multi-stage fund routing away from the complaint account. ; Cumulative transaction volume reached ₹234,120.15 with a peak single transfer of ₹224,014.12. ; Subnetwork connects 5 entities across 4 directed transaction edges (average node degree: 1.60, incident in-degree: 0, out-degree: 1). ; Graph topology exhibits high structural similarity (0.99) to cataloged reference laundering patterns.",6,"Elevated transaction risk detected around entity ENT_000548. Multi-hop activity observed, but supporting terminal or structural reference evidence remains partial.",NONE
C000569,ENT_000439,0.0191,0,NORMAL,NONE,NONE,0.0,"Model-derived risk probability is 0.0191, remaining well below the 0.50 suspicious triage threshold. ; Incident subgraph contains minimal structural connectivity (5 entity node(s), 4 directed edge(s)). ; Total transaction volume within the 72-hour incident window is ₹8,124.87 (average transfer: ₹2,031.22). ; No multi-hop fund routing or complex layering chains detected (max hop distance: 3). ; No illicit ATM cash-withdrawal terminal connections identified in the incident window.",5,No significant laundering pattern was detected at the configured risk threshold. Activity consistent with benign peer-to-peer transfers.,NONE
C000570,ENT_000109,0.0006,0,NORMAL,NONE,NONE,0.0,"Model-derived risk probability is 0.0006, remaining well below the 0.50 suspicious triage threshold. ; Incident subgraph contains minimal structural connectivity (1 entity node(s), 0 directed edge(s)). ; Total transaction volume within the 72-hour incident window is ₹0.00 (average transfer: ₹0.00). ; No multi-hop fund routing or complex layering chains detected (max hop distance: 0). ; No illicit ATM cash-withdrawal terminal connections identified in the incident window.",5,No significant laundering pattern was detected at the configured risk threshold. Activity consistent with benign peer-to-peer transfers.,NONE
C000571,ENT_000381,0.0012,0,NORMAL,NONE,NONE,0.0,"Model-derived risk probability is 0.0012, remaining well below the 0.50 suspicious triage threshold. ; Incident subgraph contains minimal structural connectivity (1 entity node(s), 0 directed edge(s)). ; Total transaction volume within the 72-hour incident window is ₹0.00 (average transfer: ₹0.00). ; No multi-hop fund routing or complex layering chains detected (max hop distance: 0). ; No illicit ATM cash-withdrawal terminal connections identified in the incident window.",5,No significant laundering pattern was detected at the configured risk threshold. Activity consistent with benign peer-to-peer transfers.,NONE
C000572,ENT_000076,0.0026,0,NORMAL,ATM_001,Hyderabad,0.5467,"Model-derived risk probability is 0.0026, remaining well below the 0.50 suspicious triage threshold. ; Incident subgraph contains minimal structural connectivity (2 entity node(s), 1 directed edge(s)). ; Total transaction volume within the 72-hour incident window is ₹900.29 (average transfer: ₹900.29). ; No multi-hop fund routing or complex layering chains detected (max hop distance: 1). ; No illicit ATM cash-withdrawal terminal connections identified in the incident window.",5,No significant laundering pattern was detected at the configured risk threshold. Activity consistent with benign peer-to-peer transfers.,Terminal: ATM_001 (Hyderabad) | Risk Score: 0.55 | Distance: 1 hop(s) | Cash Volume: ₹900.29 (1 tx) | Timing Delta: 19.2h from incident
C000573,ENT_000544,0.0008,0,NORMAL,NONE,NONE,0.0,"Model-derived risk probability is 0.0008, remaining well below the 0.50 suspicious triage threshold. ; Incident subgraph contains minimal structural connectivity (1 entity node(s), 0 directed edge(s)). ; Total transaction volume within the 72-hour incident window is ₹0.00 (average transfer: ₹0.00). ; No multi-hop fund routing or complex layering chains detected (max hop distance: 0). ; No illicit ATM cash-withdrawal terminal connections identified in the incident window.",5,No significant laundering pattern was detected at the configured risk threshold. Activity consistent with benign peer-to-peer transfers.,NONE
C000574,ENT_000211,0.1452,0,NORMAL,NONE,NONE,0.0,"Model-derived risk probability is 0.1452, remaining well below the 0.50 suspicious triage threshold. ; Incident subgraph contains minimal structural connectivity (6 entity node(s), 5 directed edge(s)). ; Total transaction volume within the 72-hour incident window is ₹26,230.13 (average transfer: ₹5,246.03). ; No multi-hop fund routing or complex layering chains detected (max hop distance: 3). ; No illicit ATM cash-withdrawal terminal connections identified in the incident window.",5,No significant laundering pattern was detected at the configured risk threshold. Activity consistent with benign peer-to-peer transfers.,NONE
C000575,ENT_000144,0.5374,1,MEDIUM_CONFIDENCE,NONE,NONE,0.0,"GraphSAGE GNN assessed an elevated risk probability of 0.5374 (Tier: MEDIUM_CONFIDENCE). ; Unusual concentration of transaction activity observed within the 72-hour incident window. ; The incident graph spans 3 transaction hops, indicating multi-stage fund routing away from the complaint account. ; Cumulative transaction volume reached ₹317,202.32 with a peak single transfer of ₹248,642.68. ; Subnetwork connects 9 entities across 9 directed transaction edges (average node degree: 2.00, incident in-degree: 1, out-degree: 1). ; Graph topology exhibits high structural similarity (0.99) to cataloged reference laundering patterns.",6,"Elevated transaction risk detected around entity ENT_000144. Multi-hop activity observed, but supporting terminal or structural reference evidence remains partial.",NONE
C000576,ENT_000501,0.5614,1,MEDIUM_CONFIDENCE,NONE,NONE,0.0,"GraphSAGE GNN assessed an elevated risk probability of 0.5614 (Tier: MEDIUM_CONFIDENCE). ; Unusual concentration of transaction activity observed within the 72-hour incident window. ; The incident graph spans 3 transaction hops, indicating multi-stage fund routing away from the complaint account. ; Cumulative transaction volume reached ₹91,887.95 with a peak single transfer of ₹37,314.40. ; Subnetwork connects 9 entities across 9 directed transaction edges (average node degree: 2.00, incident in-degree: 3, out-degree: 1). ; Graph topology exhibits high structural similarity (0.99) to cataloged reference laundering patterns.",6,"Elevated transaction risk detected around entity ENT_000501. Multi-hop activity observed, but supporting terminal or structural reference evidence remains partial.",NONE
C000577,ENT_000595,0.1004,0,NORMAL,NONE,NONE,0.0,"Model-derived risk probability is 0.1004, remaining well below the 0.50 suspicious triage threshold. ; Incident subgraph contains minimal structural connectivity (6 entity node(s), 5 directed edge(s)). ; Total transaction volume within the 72-hour incident window is ₹33,241.78 (average transfer: ₹6,648.36). ; No multi-hop fund routing or complex layering chains detected (max hop distance: 3). ; No illicit ATM cash-withdrawal terminal connections identified in the incident window.",5,No significant laundering pattern was detected at the configured risk threshold. Activity consistent with benign peer-to-peer transfers.,NONE
C000578,ENT_000653,0.0007,0,NORMAL,NONE,NONE,0.0,"Model-derived risk probability is 0.0007, remaining well below the 0.50 suspicious triage threshold. ; Incident subgraph contains minimal structural connectivity (1 entity node(s), 0 directed edge(s)). ; Total transaction volume within the 72-hour incident window is ₹0.00 (average transfer: ₹0.00). ; No multi-hop fund routing or complex layering chains detected (max hop distance: 0). ; No illicit ATM cash-withdrawal terminal connections identified in the incident window.",5,No significant laundering pattern was detected at the configured risk threshold. Activity consistent with benign peer-to-peer transfers.,NONE
C000579,ENT_000473,0.0023,0,NORMAL,NONE,NONE,0.0,"Model-derived risk probability is 0.0023, remaining well below the 0.50 suspicious triage threshold. ; Incident subgraph contains minimal structural connectivity (2 entity node(s), 1 directed edge(s)). ; Total transaction volume within the 72-hour incident window is ₹2,766.39 (average transfer: ₹2,766.39). ; No multi-hop fund routing or complex layering chains detected (max hop distance: 1). ; No illicit ATM cash-withdrawal terminal connections identified in the incident window.",5,No significant laundering pattern was detected at the configured risk threshold. Activity consistent with benign peer-to-peer transfers.,NONE
C000580,ENT_000213,0.0023,0,NORMAL,NONE,NONE,0.0,"Model-derived risk probability is 0.0023, remaining well below the 0.50 suspicious triage threshold. ; Incident subgraph contains minimal structural connectivity (2 entity node(s), 1 directed edge(s)). ; Total transaction volume within the 72-hour incident window is ₹129.09 (average transfer: ₹129.09). ; No multi-hop fund routing or complex layering chains detected (max hop distance: 1). ; No illicit ATM cash-withdrawal terminal connections identified in the incident window.",5,No significant laundering pattern was detected at the configured risk threshold. Activity consistent with benign peer-to-peer transfers.,NONE
C000581,ENT_000004,0.002,0,NORMAL,NONE,NONE,0.0,"Model-derived risk probability is 0.0020, remaining well below the 0.50 suspicious triage threshold. ; Incident subgraph contains minimal structural connectivity (2 entity node(s), 1 directed edge(s)). ; Total transaction volume within the 72-hour incident window is ₹4,981.06 (average transfer: ₹4,981.06). ; No multi-hop fund routing or complex layering chains detected (max hop distance: 1). ; No illicit ATM cash-withdrawal terminal connections identified in the incident window.",5,No significant laundering pattern was detected at the configured risk threshold. Activity consistent with benign peer-to-peer transfers.,NONE
C000582,ENT_000567,0.0007,0,NORMAL,NONE,NONE,0.0,"Model-derived risk probability is 0.0007, remaining well below the 0.50 suspicious triage threshold. ; Incident subgraph contains minimal structural connectivity (1 entity node(s), 0 directed edge(s)). ; Total transaction volume within the 72-hour incident window is ₹0.00 (average transfer: ₹0.00). ; No multi-hop fund routing or complex layering chains detected (max hop distance: 0). ; No illicit ATM cash-withdrawal terminal connections identified in the incident window.",5,No significant laundering pattern was detected at the configured risk threshold. Activity consistent with benign peer-to-peer transfers.,NONE
C000583,ENT_000454,0.0019,0,NORMAL,NONE,NONE,0.0,"Model-derived risk probability is 0.0019, remaining well below the 0.50 suspicious triage threshold. ; Incident subgraph contains minimal structural connectivity (2 entity node(s), 1 directed edge(s)). ; Total transaction volume within the 72-hour incident window is ₹3,737.30 (average transfer: ₹3,737.30). ; No multi-hop fund routing or complex layering chains detected (max hop distance: 1). ; No illicit ATM cash-withdrawal terminal connections identified in the incident window.",5,No significant laundering pattern was detected at the configured risk threshold. Activity consistent with benign peer-to-peer transfers.,NONE
C000584,ENT_000431,0.0022,0,NORMAL,NONE,NONE,0.0,"Model-derived risk probability is 0.0022, remaining well below the 0.50 suspicious triage threshold. ; Incident subgraph contains minimal structural connectivity (2 entity node(s), 1 directed edge(s)). ; Total transaction volume within the 72-hour incident window is ₹9,297.09 (average transfer: ₹9,297.09). ; No multi-hop fund routing or complex layering chains detected (max hop distance: 1). ; No illicit ATM cash-withdrawal terminal connections identified in the incident window.",5,No significant laundering pattern was detected at the configured risk threshold. Activity consistent with benign peer-to-peer transfers.,NONE
C000585,ENT_000423,0.0008,0,NORMAL,NONE,NONE,0.0,"Model-derived risk probability is 0.0008, remaining well below the 0.50 suspicious triage threshold. ; Incident subgraph contains minimal structural connectivity (1 entity node(s), 0 directed edge(s)). ; Total transaction volume within the 72-hour incident window is ₹0.00 (average transfer: ₹0.00). ; No multi-hop fund routing or complex layering chains detected (max hop distance: 0). ; No illicit ATM cash-withdrawal terminal connections identified in the incident window.",5,No significant laundering pattern was detected at the configured risk threshold. Activity consistent with benign peer-to-peer transfers.,NONE
C000586,ENT_000033,0.0008,0,NORMAL,NONE,NONE,0.0,"Model-derived risk probability is 0.0008, remaining well below the 0.50 suspicious triage threshold. ; Incident subgraph contains minimal structural connectivity (1 entity node(s), 0 directed edge(s)). ; Total transaction volume within the 72-hour incident window is ₹0.00 (average transfer: ₹0.00). ; No multi-hop fund routing or complex layering chains detected (max hop distance: 0). ; No illicit ATM cash-withdrawal terminal connections identified in the incident window.",5,No significant laundering pattern was detected at the configured risk threshold. Activity consistent with benign peer-to-peer transfers.,NONE
C000587,ENT_000558,0.0011,0,NORMAL,NONE,NONE,0.0,"Model-derived risk probability is 0.0011, remaining well below the 0.50 suspicious triage threshold. ; Incident subgraph contains minimal structural connectivity (1 entity node(s), 0 directed edge(s)). ; Total transaction volume within the 72-hour incident window is ₹0.00 (average transfer: ₹0.00). ; No multi-hop fund routing or complex layering chains detected (max hop distance: 0). ; No illicit ATM cash-withdrawal terminal connections identified in the incident window.",5,No significant laundering pattern was detected at the configured risk threshold. Activity consistent with benign peer-to-peer transfers.,NONE
C000588,ENT_000372,0.4517,0,NORMAL,NONE,NONE,0.0,"Model-derived risk probability is 0.4517, remaining well below the 0.50 suspicious triage threshold. ; Incident subgraph contains minimal structural connectivity (6 entity node(s), 5 directed edge(s)). ; Total transaction volume within the 72-hour incident window is ₹399,198.07 (average transfer: ₹79,839.61). ; No multi-hop fund routing or complex layering chains detected (max hop distance: 3). ; No illicit ATM cash-withdrawal terminal connections identified in the incident window.",5,No significant laundering pattern was detected at the configured risk threshold. Activity consistent with benign peer-to-peer transfers.,NONE
C000589,ENT_000374,0.6312,1,HIGH_CONFIDENCE,ATM_019,Mumbai,0.5618,"GraphSAGE GNN assessed an elevated risk probability of 0.6312 (Tier: HIGH_CONFIDENCE). ; Unusual concentration of transaction activity observed within the 72-hour incident window. ; The incident graph spans 3 transaction hops, indicating multi-stage fund routing away from the complaint account. ; Cumulative transaction volume reached ₹180,166.24 with a peak single transfer of ₹82,803.90. ; Subnetwork connects 12 entities across 11 directed transaction edges (average node degree: 1.83, incident in-degree: 1, out-degree: 1). ; Likely downstream cash exit identified at terminal ATM_019 in Mumbai (terminal risk score: 0.56, ₹1,482.65 withdrawn across 1 transaction(s)). ; Graph topology exhibits high structural similarity (0.99) to cataloged reference laundering patterns.",7,High-risk multi-hop transaction activity with downstream cash-out behavior was detected. Priority investigation recommended for root entity ENT_000374 and exit terminal ATM_019 (Mumbai).,"Terminal: ATM_019 (Mumbai) | Risk Score: 0.56 | Distance: 1 hop(s) | Cash Volume: ₹1,482.65 (1 tx) | Timing Delta: 17.4h from incident"
C000590,ENT_000344,0.0016,0,NORMAL,NONE,NONE,0.0,"Model-derived risk probability is 0.0016, remaining well below the 0.50 suspicious triage threshold. ; Incident subgraph contains minimal structural connectivity (2 entity node(s), 1 directed edge(s)). ; Total transaction volume within the 72-hour incident window is ₹19,443.00 (average transfer: ₹19,443.00). ; No multi-hop fund routing or complex layering chains detected (max hop distance: 1). ; No illicit ATM cash-withdrawal terminal connections identified in the incident window.",5,No significant laundering pattern was detected at the configured risk threshold. Activity consistent with benign peer-to-peer transfers.,NONE
C000591,ENT_000503,0.0008,0,NORMAL,NONE,NONE,0.0,"Model-derived risk probability is 0.0008, remaining well below the 0.50 suspicious triage threshold. ; Incident subgraph contains minimal structural connectivity (1 entity node(s), 0 directed edge(s)). ; Total transaction volume within the 72-hour incident window is ₹0.00 (average transfer: ₹0.00). ; No multi-hop fund routing or complex layering chains detected (max hop distance: 0). ; No illicit ATM cash-withdrawal terminal connections identified in the incident window.",5,No significant laundering pattern was detected at the configured risk threshold. Activity consistent with benign peer-to-peer transfers.,NONE
C000592,ENT_000263,0.0006,0,NORMAL,NONE,NONE,0.0,"Model-derived risk probability is 0.0006, remaining well below the 0.50 suspicious triage threshold. ; Incident subgraph contains minimal structural connectivity (1 entity node(s), 0 directed edge(s)). ; Total transaction volume within the 72-hour incident window is ₹0.00 (average transfer: ₹0.00). ; No multi-hop fund routing or complex layering chains detected (max hop distance: 0). ; No illicit ATM cash-withdrawal terminal connections identified in the incident window.",5,No significant laundering pattern was detected at the configured risk threshold. Activity consistent with benign peer-to-peer transfers.,NONE
C000593,ENT_000094,0.0112,0,NORMAL,NONE,NONE,0.0,"Model-derived risk probability is 0.0112, remaining well below the 0.50 suspicious triage threshold. ; Incident subgraph contains minimal structural connectivity (4 entity node(s), 3 directed edge(s)). ; Total transaction volume within the 72-hour incident window is ₹35,519.80 (average transfer: ₹11,839.93). ; No multi-hop fund routing or complex layering chains detected (max hop distance: 2). ; No illicit ATM cash-withdrawal terminal connections identified in the incident window.",5,No significant laundering pattern was detected at the configured risk threshold. Activity consistent with benign peer-to-peer transfers.,NONE
C000594,ENT_000655,0.0006,0,NORMAL,NONE,NONE,0.0,"Model-derived risk probability is 0.0006, remaining well below the 0.50 suspicious triage threshold. ; Incident subgraph contains minimal structural connectivity (1 entity node(s), 0 directed edge(s)). ; Total transaction volume within the 72-hour incident window is ₹0.00 (average transfer: ₹0.00). ; No multi-hop fund routing or complex layering chains detected (max hop distance: 0). ; No illicit ATM cash-withdrawal terminal connections identified in the incident window.",5,No significant laundering pattern was detected at the configured risk threshold. Activity consistent with benign peer-to-peer transfers.,NONE
C000595,ENT_000472,0.0041,0,NORMAL,NONE,NONE,0.0,"Model-derived risk probability is 0.0041, remaining well below the 0.50 suspicious triage threshold. ; Incident subgraph contains minimal structural connectivity (3 entity node(s), 2 directed edge(s)). ; Total transaction volume within the 72-hour incident window is ₹6,774.02 (average transfer: ₹3,387.01). ; No multi-hop fund routing or complex layering chains detected (max hop distance: 2). ; No illicit ATM cash-withdrawal terminal connections identified in the incident window.",5,No significant laundering pattern was detected at the configured risk threshold. Activity consistent with benign peer-to-peer transfers.,NONE
C000596,ENT_000231,0.0024,0,NORMAL,NONE,NONE,0.0,"Model-derived risk probability is 0.0024, remaining well below the 0.50 suspicious triage threshold. ; Incident subgraph contains minimal structural connectivity (3 entity node(s), 2 directed edge(s)). ; Total transaction volume within the 72-hour incident window is ₹5,508.07 (average transfer: ₹2,754.03). ; No multi-hop fund routing or complex layering chains detected (max hop distance: 1). ; No illicit ATM cash-withdrawal terminal connections identified in the incident window.",5,No significant laundering pattern was detected at the configured risk threshold. Activity consistent with benign peer-to-peer transfers.,NONE
C000597,ENT_000447,0.0007,0,NORMAL,NONE,NONE,0.0,"Model-derived risk probability is 0.0007, remaining well below the 0.50 suspicious triage threshold. ; Incident subgraph contains minimal structural connectivity (1 entity node(s), 0 directed edge(s)). ; Total transaction volume within the 72-hour incident window is ₹0.00 (average transfer: ₹0.00). ; No multi-hop fund routing or complex layering chains detected (max hop distance: 0). ; No illicit ATM cash-withdrawal terminal connections identified in the incident window.",5,No significant laundering pattern was detected at the configured risk threshold. Activity consistent with benign peer-to-peer transfers.,NONE
C000598,ENT_000667,0.0021,0,NORMAL,NONE,NONE,0.0,"Model-derived risk probability is 0.0021, remaining well below the 0.50 suspicious triage threshold. ; Incident subgraph contains minimal structural connectivity (2 entity node(s), 1 directed edge(s)). ; Total transaction volume within the 72-hour incident window is ₹2,111.87 (average transfer: ₹2,111.87). ; No multi-hop fund routing or complex layering chains detected (max hop distance: 1). ; No illicit ATM cash-withdrawal terminal connections identified in the incident window.",5,No significant laundering pattern was detected at the configured risk threshold. Activity consistent with benign peer-to-peer transfers.,NONE
C000599,ENT_000698,0.9966,1,HIGH_CONFIDENCE,NONE,NONE,0.0,"GraphSAGE GNN assessed an elevated risk probability of 0.9966 (Tier: HIGH_CONFIDENCE). ; Unusual concentration of transaction activity observed within the 72-hour incident window. ; The incident graph spans 3 transaction hops, indicating multi-stage fund routing away from the complaint account. ; Cumulative transaction volume reached ₹1,377,005.83 with a peak single transfer of ₹362,009.78. ; Subnetwork connects 8 entities across 7 directed transaction edges (average node degree: 1.75, incident in-degree: 2, out-degree: 1). ; Graph topology exhibits high structural similarity (1.00) to cataloged reference laundering patterns.",6,High-risk multi-hop transaction activity with strong graph evidence was detected. Priority investigation recommended for root entity ENT_000698 and connected intermediaries.,NONE
C000600,ENT_000494,0.0006,0,NORMAL,NONE,NONE,0.0,"Model-derived risk probability is 0.0006, remaining well below the 0.50 suspicious triage threshold. ; Incident subgraph contains minimal structural connectivity (1 entity node(s), 0 directed edge(s)). ; Total transaction volume within the 72-hour incident window is ₹0.00 (average transfer: ₹0.00). ; No multi-hop fund routing or complex layering chains detected (max hop distance: 0). ; No illicit ATM cash-withdrawal terminal connections identified in the incident window.",5,No significant laundering pattern was detected at the configured risk threshold. Activity consistent with benign peer-to-peer transfers.,NONE
C000601,ENT_000056,0.0007,0,NORMAL,NONE,NONE,0.0,"Model-derived risk probability is 0.0007, remaining well below the 0.50 suspicious triage threshold. ; Incident subgraph contains minimal structural connectivity (1 entity node(s), 0 directed edge(s)). ; Total transaction volume within the 72-hour incident window is ₹0.00 (average transfer: ₹0.00). ; No multi-hop fund routing or complex layering chains detected (max hop distance: 0). ; No illicit ATM cash-withdrawal terminal connections identified in the incident window.",5,No significant laundering pattern was detected at the configured risk threshold. Activity consistent with benign peer-to-peer transfers.,NONE
C000602,ENT_000161,0.001,0,NORMAL,NONE,NONE,0.0,"Model-derived risk probability is 0.0010, remaining well below the 0.50 suspicious triage threshold. ; Incident subgraph contains minimal structural connectivity (1 entity node(s), 0 directed edge(s)). ; Total transaction volume within the 72-hour incident window is ₹0.00 (average transfer: ₹0.00). ; No multi-hop fund routing or complex layering chains detected (max hop distance: 0). ; No illicit ATM cash-withdrawal terminal connections identified in the incident window.",5,No significant laundering pattern was detected at the configured risk threshold. Activity consistent with benign peer-to-peer transfers.,NONE
C000603,ENT_000573,0.0024,0,NORMAL,NONE,NONE,0.0,"Model-derived risk probability is 0.0024, remaining well below the 0.50 suspicious triage threshold. ; Incident subgraph contains minimal structural connectivity (2 entity node(s), 1 directed edge(s)). ; Total transaction volume within the 72-hour incident window is ₹2,564.40 (average transfer: ₹2,564.40). ; No multi-hop fund routing or complex layering chains detected (max hop distance: 1). ; No illicit ATM cash-withdrawal terminal connections identified in the incident window.",5,No significant laundering pattern was detected at the configured risk threshold. Activity consistent with benign peer-to-peer transfers.,NONE
C000604,ENT_000273,0.3776,0,NORMAL,NONE,NONE,0.0,"Model-derived risk probability is 0.3776, remaining well below the 0.50 suspicious triage threshold. ; Incident subgraph contains minimal structural connectivity (6 entity node(s), 5 directed edge(s)). ; Total transaction volume within the 72-hour incident window is ₹80,706.44 (average transfer: ₹16,141.29). ; No multi-hop fund routing or complex layering chains detected (max hop distance: 3). ; No illicit ATM cash-withdrawal terminal connections identified in the incident window.",5,No significant laundering pattern was detected at the configured risk threshold. Activity consistent with benign peer-to-peer transfers.,NONE
C000605,ENT_000388,0.0008,0,NORMAL,NONE,NONE,0.0,"Model-derived risk probability is 0.0008, remaining well below the 0.50 suspicious triage threshold. ; Incident subgraph contains minimal structural connectivity (1 entity node(s), 0 directed edge(s)). ; Total transaction volume within the 72-hour incident window is ₹0.00 (average transfer: ₹0.00). ; No multi-hop fund routing or complex layering chains detected (max hop distance: 0). ; No illicit ATM cash-withdrawal terminal connections identified in the incident window.",5,No significant laundering pattern was detected at the configured risk threshold. Activity consistent with benign peer-to-peer transfers.,NONE
C000606,ENT_000221,0.001,0,NORMAL,NONE,NONE,0.0,"Model-derived risk probability is 0.0010, remaining well below the 0.50 suspicious triage threshold. ; Incident subgraph contains minimal structural connectivity (1 entity node(s), 0 directed edge(s)). ; Total transaction volume within the 72-hour incident window is ₹0.00 (average transfer: ₹0.00). ; No multi-hop fund routing or complex layering chains detected (max hop distance: 0). ; No illicit ATM cash-withdrawal terminal connections identified in the incident window.",5,No significant laundering pattern was detected at the configured risk threshold. Activity consistent with benign peer-to-peer transfers.,NONE
C000607,ENT_000688,0.6584,1,HIGH_CONFIDENCE,NONE,NONE,0.0,"GraphSAGE GNN assessed an elevated risk probability of 0.6584 (Tier: HIGH_CONFIDENCE). ; Unusual concentration of transaction activity observed within the 72-hour incident window. ; The incident graph spans 3 transaction hops, indicating multi-stage fund routing away from the complaint account. ; Cumulative transaction volume reached ₹98,180.55 with a peak single transfer of ₹49,708.45. ; Subnetwork connects 6 entities across 5 directed transaction edges (average node degree: 1.67, incident in-degree: 0, out-degree: 1). ; Graph topology exhibits high structural similarity (0.99) to cataloged reference laundering patterns.",6,High-risk multi-hop transaction activity with strong graph evidence was detected. Priority investigation recommended for root entity ENT_000688 and connected intermediaries.,NONE
C000608,ENT_000545,0.0026,0,NORMAL,NONE,NONE,0.0,"Model-derived risk probability is 0.0026, remaining well below the 0.50 suspicious triage threshold. ; Incident subgraph contains minimal structural connectivity (2 entity node(s), 1 directed edge(s)). ; Total transaction volume within the 72-hour incident window is ₹283.33 (average transfer: ₹283.33). ; No multi-hop fund routing or complex layering chains detected (max hop distance: 1). ; No illicit ATM cash-withdrawal terminal connections identified in the incident window.",5,No significant laundering pattern was detected at the configured risk threshold. Activity consistent with benign peer-to-peer transfers.,NONE
C000609,ENT_000635,0.9949,1,HIGH_CONFIDENCE,NONE,NONE,0.0,"GraphSAGE GNN assessed an elevated risk probability of 0.9949 (Tier: HIGH_CONFIDENCE). ; Unusual concentration of transaction activity observed within the 72-hour incident window. ; The incident graph spans 3 transaction hops, indicating multi-stage fund routing away from the complaint account. ; Cumulative transaction volume reached ₹1,526,329.06 with a peak single transfer of ₹346,490.34. ; Subnetwork connects 20 entities across 20 directed transaction edges (average node degree: 2.00, incident in-degree: 2, out-degree: 1). ; Graph topology exhibits high structural similarity (1.00) to cataloged reference laundering patterns.",6,High-risk multi-hop transaction activity with strong graph evidence was detected. Priority investigation recommended for root entity ENT_000635 and connected intermediaries.,NONE
C000610,ENT_000514,0.407,0,NORMAL,NONE,NONE,0.0,"Model-derived risk probability is 0.4070, remaining well below the 0.50 suspicious triage threshold. ; Incident subgraph contains minimal structural connectivity (7 entity node(s), 6 directed edge(s)). ; Total transaction volume within the 72-hour incident window is ₹64,870.03 (average transfer: ₹10,811.67). ; No multi-hop fund routing or complex layering chains detected (max hop distance: 3). ; No illicit ATM cash-withdrawal terminal connections identified in the incident window.",5,No significant laundering pattern was detected at the configured risk threshold. Activity consistent with benign peer-to-peer transfers.,NONE
C000611,ENT_000208,1.0,1,HIGH_CONFIDENCE,NONE,NONE,0.0,"GraphSAGE GNN assessed an elevated risk probability of 1.0000 (Tier: HIGH_CONFIDENCE). ; Unusual concentration of transaction activity observed within the 72-hour incident window. ; The incident graph spans 3 transaction hops, indicating multi-stage fund routing away from the complaint account. ; Cumulative transaction volume reached ₹863,767.93 with a peak single transfer of ₹210,374.29. ; Subnetwork connects 11 entities across 12 directed transaction edges (average node degree: 2.18, incident in-degree: 2, out-degree: 0). ; Graph topology exhibits high structural similarity (1.00) to cataloged reference laundering patterns.",6,High-risk multi-hop transaction activity with strong graph evidence was detected. Priority investigation recommended for root entity ENT_000208 and connected intermediaries.,NONE
C000612,ENT_000283,0.515,1,MEDIUM_CONFIDENCE,NONE,NONE,0.0,"GraphSAGE GNN assessed an elevated risk probability of 0.5150 (Tier: MEDIUM_CONFIDENCE). ; Unusual concentration of transaction activity observed within the 72-hour incident window. ; The incident graph spans 3 transaction hops, indicating multi-stage fund routing away from the complaint account. ; Cumulative transaction volume reached ₹91,686.68 with a peak single transfer of ₹38,631.04. ; Subnetwork connects 5 entities across 4 directed transaction edges (average node degree: 1.60, incident in-degree: 1, out-degree: 0). ; Graph topology exhibits high structural similarity (0.99) to cataloged reference laundering patterns.",6,"Elevated transaction risk detected around entity ENT_000283. Multi-hop activity observed, but supporting terminal or structural reference evidence remains partial.",NONE
C000613,ENT_000180,0.0006,0,NORMAL,NONE,NONE,0.0,"Model-derived risk probability is 0.0006, remaining well below the 0.50 suspicious triage threshold. ; Incident subgraph contains minimal structural connectivity (1 entity node(s), 0 directed edge(s)). ; Total transaction volume within the 72-hour incident window is ₹0.00 (average transfer: ₹0.00). ; No multi-hop fund routing or complex layering chains detected (max hop distance: 0). ; No illicit ATM cash-withdrawal terminal connections identified in the incident window.",5,No significant laundering pattern was detected at the configured risk threshold. Activity consistent with benign peer-to-peer transfers.,NONE
C000614,ENT_000616,0.0013,0,NORMAL,NONE,NONE,0.0,"Model-derived risk probability is 0.0013, remaining well below the 0.50 suspicious triage threshold. ; Incident subgraph contains minimal structural connectivity (1 entity node(s), 0 directed edge(s)). ; Total transaction volume within the 72-hour incident window is ₹0.00 (average transfer: ₹0.00). ; No multi-hop fund routing or complex layering chains detected (max hop distance: 0). ; No illicit ATM cash-withdrawal terminal connections identified in the incident window.",5,No significant laundering pattern was detected at the configured risk threshold. Activity consistent with benign peer-to-peer transfers.,NONE
C000615,ENT_000539,0.9999,1,HIGH_CONFIDENCE,NONE,NONE,0.0,"GraphSAGE GNN assessed an elevated risk probability of 0.9999 (Tier: HIGH_CONFIDENCE). ; Unusual concentration of transaction activity observed within the 72-hour incident window. ; The incident graph spans 3 transaction hops, indicating multi-stage fund routing away from the complaint account. ; Cumulative transaction volume reached ₹1,343,463.16 with a peak single transfer of ₹356,588.64. ; Subnetwork connects 5 entities across 4 directed transaction edges (average node degree: 1.60, incident in-degree: 1, out-degree: 1). ; Graph topology exhibits high structural similarity (1.00) to cataloged reference laundering patterns.",6,High-risk multi-hop transaction activity with strong graph evidence was detected. Priority investigation recommended for root entity ENT_000539 and connected intermediaries.,NONE
C000616,ENT_000516,0.0007,0,NORMAL,NONE,NONE,0.0,"Model-derived risk probability is 0.0007, remaining well below the 0.50 suspicious triage threshold. ; Incident subgraph contains minimal structural connectivity (1 entity node(s), 0 directed edge(s)). ; Total transaction volume within the 72-hour incident window is ₹0.00 (average transfer: ₹0.00). ; No multi-hop fund routing or complex layering chains detected (max hop distance: 0). ; No illicit ATM cash-withdrawal terminal connections identified in the incident window.",5,No significant laundering pattern was detected at the configured risk threshold. Activity consistent with benign peer-to-peer transfers.,NONE
C000617,ENT_000334,0.0007,0,NORMAL,NONE,NONE,0.0,"Model-derived risk probability is 0.0007, remaining well below the 0.50 suspicious triage threshold. ; Incident subgraph contains minimal structural connectivity (1 entity node(s), 0 directed edge(s)). ; Total transaction volume within the 72-hour incident window is ₹0.00 (average transfer: ₹0.00). ; No multi-hop fund routing or complex layering chains detected (max hop distance: 0). ; No illicit ATM cash-withdrawal terminal connections identified in the incident window.",5,No significant laundering pattern was detected at the configured risk threshold. Activity consistent with benign peer-to-peer transfers.,NONE
C000618,ENT_000392,0.961,1,HIGH_CONFIDENCE,NONE,NONE,0.0,"GraphSAGE GNN assessed an elevated risk probability of 0.9610 (Tier: HIGH_CONFIDENCE). ; Unusual concentration of transaction activity observed within the 72-hour incident window. ; The incident graph spans 3 transaction hops, indicating multi-stage fund routing away from the complaint account. ; Cumulative transaction volume reached ₹579,463.69 with a peak single transfer of ₹292,079.43. ; Subnetwork connects 6 entities across 5 directed transaction edges (average node degree: 1.67, incident in-degree: 1, out-degree: 1). ; Graph topology exhibits high structural similarity (1.00) to cataloged reference laundering patterns.",6,High-risk multi-hop transaction activity with strong graph evidence was detected. Priority investigation recommended for root entity ENT_000392 and connected intermediaries.,NONE
C000619,ENT_000689,0.0013,0,NORMAL,NONE,NONE,0.0,"Model-derived risk probability is 0.0013, remaining well below the 0.50 suspicious triage threshold. ; Incident subgraph contains minimal structural connectivity (2 entity node(s), 1 directed edge(s)). ; Total transaction volume within the 72-hour incident window is ₹1,633.66 (average transfer: ₹1,633.66). ; No multi-hop fund routing or complex layering chains detected (max hop distance: 1). ; No illicit ATM cash-withdrawal terminal connections identified in the incident window.",5,No significant laundering pattern was detected at the configured risk threshold. Activity consistent with benign peer-to-peer transfers.,NONE
C000620,ENT_000010,0.0029,0,NORMAL,NONE,NONE,0.0,"Model-derived risk probability is 0.0029, remaining well below the 0.50 suspicious triage threshold. ; Incident subgraph contains minimal structural connectivity (2 entity node(s), 1 directed edge(s)). ; Total transaction volume within the 72-hour incident window is ₹39,505.66 (average transfer: ₹39,505.66). ; No multi-hop fund routing or complex layering chains detected (max hop distance: 1). ; No illicit ATM cash-withdrawal terminal connections identified in the incident window.",5,No significant laundering pattern was detected at the configured risk threshold. Activity consistent with benign peer-to-peer transfers.,NONE
C000621,ENT_000210,0.0332,0,NORMAL,NONE,NONE,0.0,"Model-derived risk probability is 0.0332, remaining well below the 0.50 suspicious triage threshold. ; Incident subgraph contains minimal structural connectivity (4 entity node(s), 3 directed edge(s)). ; Total transaction volume within the 72-hour incident window is ₹6,005.84 (average transfer: ₹2,001.95). ; No multi-hop fund routing or complex layering chains detected (max hop distance: 3). ; No illicit ATM cash-withdrawal terminal connections identified in the incident window.",5,No significant laundering pattern was detected at the configured risk threshold. Activity consistent with benign peer-to-peer transfers.,NONE
C000622,ENT_000526,0.7807,1,HIGH_CONFIDENCE,NONE,NONE,0.0,"GraphSAGE GNN assessed an elevated risk probability of 0.7807 (Tier: HIGH_CONFIDENCE). ; Unusual concentration of transaction activity observed within the 72-hour incident window. ; The incident graph spans 3 transaction hops, indicating multi-stage fund routing away from the complaint account. ; Cumulative transaction volume reached ₹425,075.66 with a peak single transfer of ₹378,797.77. ; Subnetwork connects 8 entities across 7 directed transaction edges (average node degree: 1.75, incident in-degree: 2, out-degree: 0). ; Graph topology exhibits high structural similarity (0.99) to cataloged reference laundering patterns.",6,High-risk multi-hop transaction activity with strong graph evidence was detected. Priority investigation recommended for root entity ENT_000526 and connected intermediaries.,NONE
C000623,ENT_000365,0.0006,0,NORMAL,NONE,NONE,0.0,"Model-derived risk probability is 0.0006, remaining well below the 0.50 suspicious triage threshold. ; Incident subgraph contains minimal structural connectivity (1 entity node(s), 0 directed edge(s)). ; Total transaction volume within the 72-hour incident window is ₹0.00 (average transfer: ₹0.00). ; No multi-hop fund routing or complex layering chains detected (max hop distance: 0). ; No illicit ATM cash-withdrawal terminal connections identified in the incident window.",5,No significant laundering pattern was detected at the configured risk threshold. Activity consistent with benign peer-to-peer transfers.,NONE
C000624,ENT_000160,0.0006,0,NORMAL,NONE,NONE,0.0,"Model-derived risk probability is 0.0006, remaining well below the 0.50 suspicious triage threshold. ; Incident subgraph contains minimal structural connectivity (1 entity node(s), 0 directed edge(s)). ; Total transaction volume within the 72-hour incident window is ₹0.00 (average transfer: ₹0.00). ; No multi-hop fund routing or complex layering chains detected (max hop distance: 0). ; No illicit ATM cash-withdrawal terminal connections identified in the incident window.",5,No significant laundering pattern was detected at the configured risk threshold. Activity consistent with benign peer-to-peer transfers.,NONE
C000625,ENT_000529,0.0013,0,NORMAL,NONE,NONE,0.0,"Model-derived risk probability is 0.0013, remaining well below the 0.50 suspicious triage threshold. ; Incident subgraph contains minimal structural connectivity (2 entity node(s), 1 directed edge(s)). ; Total transaction volume within the 72-hour incident window is ₹2,554.21 (average transfer: ₹2,554.21). ; No multi-hop fund routing or complex layering chains detected (max hop distance: 1). ; No illicit ATM cash-withdrawal terminal connections identified in the incident window.",5,No significant laundering pattern was detected at the configured risk threshold. Activity consistent with benign peer-to-peer transfers.,NONE
C000626,ENT_000258,0.0342,0,NORMAL,NONE,NONE,0.0,"Model-derived risk probability is 0.0342, remaining well below the 0.50 suspicious triage threshold. ; Incident subgraph contains minimal structural connectivity (6 entity node(s), 5 directed edge(s)). ; Total transaction volume within the 72-hour incident window is ₹42,266.84 (average transfer: ₹8,453.37). ; No multi-hop fund routing or complex layering chains detected (max hop distance: 3). ; No illicit ATM cash-withdrawal terminal connections identified in the incident window.",5,No significant laundering pattern was detected at the configured risk threshold. Activity consistent with benign peer-to-peer transfers.,NONE
C000627,ENT_000550,0.2661,0,NORMAL,NONE,NONE,0.0,"Model-derived risk probability is 0.2661, remaining well below the 0.50 suspicious triage threshold. ; Incident subgraph contains minimal structural connectivity (5 entity node(s), 4 directed edge(s)). ; Total transaction volume within the 72-hour incident window is ₹36,609.86 (average transfer: ₹9,152.47). ; No multi-hop fund routing or complex layering chains detected (max hop distance: 3). ; No illicit ATM cash-withdrawal terminal connections identified in the incident window.",5,No significant laundering pattern was detected at the configured risk threshold. Activity consistent with benign peer-to-peer transfers.,NONE
C000628,ENT_000629,0.0008,0,NORMAL,NONE,NONE,0.0,"Model-derived risk probability is 0.0008, remaining well below the 0.50 suspicious triage threshold. ; Incident subgraph contains minimal structural connectivity (1 entity node(s), 0 directed edge(s)). ; Total transaction volume within the 72-hour incident window is ₹0.00 (average transfer: ₹0.00). ; No multi-hop fund routing or complex layering chains detected (max hop distance: 0). ; No illicit ATM cash-withdrawal terminal connections identified in the incident window.",5,No significant laundering pattern was detected at the configured risk threshold. Activity consistent with benign peer-to-peer transfers.,NONE
C000629,ENT_000460,0.0008,0,NORMAL,NONE,NONE,0.0,"Model-derived risk probability is 0.0008, remaining well below the 0.50 suspicious triage threshold. ; Incident subgraph contains minimal structural connectivity (1 entity node(s), 0 directed edge(s)). ; Total transaction volume within the 72-hour incident window is ₹0.00 (average transfer: ₹0.00). ; No multi-hop fund routing or complex layering chains detected (max hop distance: 0). ; No illicit ATM cash-withdrawal terminal connections identified in the incident window.",5,No significant laundering pattern was detected at the configured risk threshold. Activity consistent with benign peer-to-peer transfers.,NONE
C000630,ENT_000295,0.0019,0,NORMAL,NONE,NONE,0.0,"Model-derived risk probability is 0.0019, remaining well below the 0.50 suspicious triage threshold. ; Incident subgraph contains minimal structural connectivity (2 entity node(s), 1 directed edge(s)). ; Total transaction volume within the 72-hour incident window is ₹4,498.10 (average transfer: ₹4,498.10). ; No multi-hop fund routing or complex layering chains detected (max hop distance: 1). ; No illicit ATM cash-withdrawal terminal connections identified in the incident window.",5,No significant laundering pattern was detected at the configured risk threshold. Activity consistent with benign peer-to-peer transfers.,NONE
C000631,ENT_000019,0.1382,0,NORMAL,NONE,NONE,0.0,"Model-derived risk probability is 0.1382, remaining well below the 0.50 suspicious triage threshold. ; Incident subgraph contains minimal structural connectivity (5 entity node(s), 4 directed edge(s)). ; Total transaction volume within the 72-hour incident window is ₹33,124.48 (average transfer: ₹8,281.12). ; No multi-hop fund routing or complex layering chains detected (max hop distance: 3). ; No illicit ATM cash-withdrawal terminal connections identified in the incident window.",5,No significant laundering pattern was detected at the configured risk threshold. Activity consistent with benign peer-to-peer transfers.,NONE
C000632,ENT_000696,0.0007,0,NORMAL,NONE,NONE,0.0,"Model-derived risk probability is 0.0007, remaining well below the 0.50 suspicious triage threshold. ; Incident subgraph contains minimal structural connectivity (1 entity node(s), 0 directed edge(s)). ; Total transaction volume within the 72-hour incident window is ₹0.00 (average transfer: ₹0.00). ; No multi-hop fund routing or complex layering chains detected (max hop distance: 0). ; No illicit ATM cash-withdrawal terminal connections identified in the incident window.",5,No significant laundering pattern was detected at the configured risk threshold. Activity consistent with benign peer-to-peer transfers.,NONE
C000633,ENT_000206,0.001,0,NORMAL,NONE,NONE,0.0,"Model-derived risk probability is 0.0010, remaining well below the 0.50 suspicious triage threshold. ; Incident subgraph contains minimal structural connectivity (1 entity node(s), 0 directed edge(s)). ; Total transaction volume within the 72-hour incident window is ₹0.00 (average transfer: ₹0.00). ; No multi-hop fund routing or complex layering chains detected (max hop distance: 0). ; No illicit ATM cash-withdrawal terminal connections identified in the incident window.",5,No significant laundering pattern was detected at the configured risk threshold. Activity consistent with benign peer-to-peer transfers.,NONE
C000634,ENT_000257,0.0013,0,NORMAL,NONE,NONE,0.0,"Model-derived risk probability is 0.0013, remaining well below the 0.50 suspicious triage threshold. ; Incident subgraph contains minimal structural connectivity (1 entity node(s), 0 directed edge(s)). ; Total transaction volume within the 72-hour incident window is ₹0.00 (average transfer: ₹0.00). ; No multi-hop fund routing or complex layering chains detected (max hop distance: 0). ; No illicit ATM cash-withdrawal terminal connections identified in the incident window.",5,No significant laundering pattern was detected at the configured risk threshold. Activity consistent with benign peer-to-peer transfers.,NONE
C000635,ENT_000204,0.0006,0,NORMAL,NONE,NONE,0.0,"Model-derived risk probability is 0.0006, remaining well below the 0.50 suspicious triage threshold. ; Incident subgraph contains minimal structural connectivity (1 entity node(s), 0 directed edge(s)). ; Total transaction volume within the 72-hour incident window is ₹0.00 (average transfer: ₹0.00). ; No multi-hop fund routing or complex layering chains detected (max hop distance: 0). ; No illicit ATM cash-withdrawal terminal connections identified in the incident window.",5,No significant laundering pattern was detected at the configured risk threshold. Activity consistent with benign peer-to-peer transfers.,NONE
C000636,ENT_000134,0.0006,0,NORMAL,NONE,NONE,0.0,"Model-derived risk probability is 0.0006, remaining well below the 0.50 suspicious triage threshold. ; Incident subgraph contains minimal structural connectivity (1 entity node(s), 0 directed edge(s)). ; Total transaction volume within the 72-hour incident window is ₹0.00 (average transfer: ₹0.00). ; No multi-hop fund routing or complex layering chains detected (max hop distance: 0). ; No illicit ATM cash-withdrawal terminal connections identified in the incident window.",5,No significant laundering pattern was detected at the configured risk threshold. Activity consistent with benign peer-to-peer transfers.,NONE
C000637,ENT_000188,0.0269,0,NORMAL,NONE,NONE,0.0,"Model-derived risk probability is 0.0269, remaining well below the 0.50 suspicious triage threshold. ; Incident subgraph contains minimal structural connectivity (5 entity node(s), 4 directed edge(s)). ; Total transaction volume within the 72-hour incident window is ₹32,783.45 (average transfer: ₹8,195.86). ; No multi-hop fund routing or complex layering chains detected (max hop distance: 3). ; No illicit ATM cash-withdrawal terminal connections identified in the incident window.",5,No significant laundering pattern was detected at the configured risk threshold. Activity consistent with benign peer-to-peer transfers.,NONE
C000638,ENT_000441,0.0006,0,NORMAL,NONE,NONE,0.0,"Model-derived risk probability is 0.0006, remaining well below the 0.50 suspicious triage threshold. ; Incident subgraph contains minimal structural connectivity (1 entity node(s), 0 directed edge(s)). ; Total transaction volume within the 72-hour incident window is ₹0.00 (average transfer: ₹0.00). ; No multi-hop fund routing or complex layering chains detected (max hop distance: 0). ; No illicit ATM cash-withdrawal terminal connections identified in the incident window.",5,No significant laundering pattern was detected at the configured risk threshold. Activity consistent with benign peer-to-peer transfers.,NONE
C000639,ENT_000187,0.0018,0,NORMAL,NONE,NONE,0.0,"Model-derived risk probability is 0.0018, remaining well below the 0.50 suspicious triage threshold. ; Incident subgraph contains minimal structural connectivity (2 entity node(s), 1 directed edge(s)). ; Total transaction volume within the 72-hour incident window is ₹989.70 (average transfer: ₹989.70). ; No multi-hop fund routing or complex layering chains detected (max hop distance: 1). ; No illicit ATM cash-withdrawal terminal connections identified in the incident window.",5,No significant laundering pattern was detected at the configured risk threshold. Activity consistent with benign peer-to-peer transfers.,NONE
C000640,ENT_000065,0.0013,0,NORMAL,NONE,NONE,0.0,"Model-derived risk probability is 0.0013, remaining well below the 0.50 suspicious triage threshold. ; Incident subgraph contains minimal structural connectivity (2 entity node(s), 1 directed edge(s)). ; Total transaction volume within the 72-hour incident window is ₹13,370.36 (average transfer: ₹13,370.36). ; No multi-hop fund routing or complex layering chains detected (max hop distance: 1). ; No illicit ATM cash-withdrawal terminal connections identified in the incident window.",5,No significant laundering pattern was detected at the configured risk threshold. Activity consistent with benign peer-to-peer transfers.,NONE
C000641,ENT_000427,0.0618,0,NORMAL,NONE,NONE,0.0,"Model-derived risk probability is 0.0618, remaining well below the 0.50 suspicious triage threshold. ; Incident subgraph contains minimal structural connectivity (6 entity node(s), 5 directed edge(s)). ; Total transaction volume within the 72-hour incident window is ₹25,010.58 (average transfer: ₹5,002.12). ; No multi-hop fund routing or complex layering chains detected (max hop distance: 3). ; No illicit ATM cash-withdrawal terminal connections identified in the incident window.",5,No significant laundering pattern was detected at the configured risk threshold. Activity consistent with benign peer-to-peer transfers.,NONE
C000642,ENT_000044,0.8798,1,HIGH_CONFIDENCE,NONE,NONE,0.0,"GraphSAGE GNN assessed an elevated risk probability of 0.8798 (Tier: HIGH_CONFIDENCE). ; Unusual concentration of transaction activity observed within the 72-hour incident window. ; The incident graph spans 3 transaction hops, indicating multi-stage fund routing away from the complaint account. ; Cumulative transaction volume reached ₹608,279.99 with a peak single transfer of ₹302,208.62. ; Subnetwork connects 7 entities across 6 directed transaction edges (average node degree: 1.71, incident in-degree: 1, out-degree: 1). ; Graph topology exhibits high structural similarity (1.00) to cataloged reference laundering patterns.",6,High-risk multi-hop transaction activity with strong graph evidence was detected. Priority investigation recommended for root entity ENT_000044 and connected intermediaries.,NONE
C000643,ENT_000365,0.9959,1,HIGH_CONFIDENCE,NONE,NONE,0.0,"GraphSAGE GNN assessed an elevated risk probability of 0.9959 (Tier: HIGH_CONFIDENCE). ; Unusual concentration of transaction activity observed within the 72-hour incident window. ; The incident graph spans 3 transaction hops, indicating multi-stage fund routing away from the complaint account. ; Cumulative transaction volume reached ₹1,871,478.28 with a peak single transfer of ₹457,562.90. ; Subnetwork connects 22 entities across 21 directed transaction edges (average node degree: 1.91, incident in-degree: 1, out-degree: 3). ; Graph topology exhibits high structural similarity (1.00) to cataloged reference laundering patterns.",6,High-risk multi-hop transaction activity with strong graph evidence was detected. Priority investigation recommended for root entity ENT_000365 and connected intermediaries.,NONE
C000644,ENT_000362,0.0011,0,NORMAL,NONE,NONE,0.0,"Model-derived risk probability is 0.0011, remaining well below the 0.50 suspicious triage threshold. ; Incident subgraph contains minimal structural connectivity (1 entity node(s), 0 directed edge(s)). ; Total transaction volume within the 72-hour incident window is ₹0.00 (average transfer: ₹0.00). ; No multi-hop fund routing or complex layering chains detected (max hop distance: 0). ; No illicit ATM cash-withdrawal terminal connections identified in the incident window.",5,No significant laundering pattern was detected at the configured risk threshold. Activity consistent with benign peer-to-peer transfers.,NONE
C000645,ENT_000417,0.0026,0,NORMAL,NONE,NONE,0.0,"Model-derived risk probability is 0.0026, remaining well below the 0.50 suspicious triage threshold. ; Incident subgraph contains minimal structural connectivity (2 entity node(s), 1 directed edge(s)). ; Total transaction volume within the 72-hour incident window is ₹3,407.08 (average transfer: ₹3,407.08). ; No multi-hop fund routing or complex layering chains detected (max hop distance: 1). ; No illicit ATM cash-withdrawal terminal connections identified in the incident window.",5,No significant laundering pattern was detected at the configured risk threshold. Activity consistent with benign peer-to-peer transfers.,NONE
C000646,ENT_000453,0.0007,0,NORMAL,NONE,NONE,0.0,"Model-derived risk probability is 0.0007, remaining well below the 0.50 suspicious triage threshold. ; Incident subgraph contains minimal structural connectivity (1 entity node(s), 0 directed edge(s)). ; Total transaction volume within the 72-hour incident window is ₹0.00 (average transfer: ₹0.00). ; No multi-hop fund routing or complex layering chains detected (max hop distance: 0). ; No illicit ATM cash-withdrawal terminal connections identified in the incident window.",5,No significant laundering pattern was detected at the configured risk threshold. Activity consistent with benign peer-to-peer transfers.,NONE
C000647,ENT_000233,0.9668,1,HIGH_CONFIDENCE,ATM_014,Kochi,0.7767,"GraphSAGE GNN assessed an elevated risk probability of 0.9668 (Tier: HIGH_CONFIDENCE). ; Unusual concentration of transaction activity observed within the 72-hour incident window. ; The incident graph spans 3 transaction hops, indicating multi-stage fund routing away from the complaint account. ; Cumulative transaction volume reached ₹417,313.18 with a peak single transfer of ₹95,051.03. ; Subnetwork connects 8 entities across 7 directed transaction edges (average node degree: 1.75, incident in-degree: 1, out-degree: 1). ; Likely downstream cash exit identified at terminal ATM_014 in Kochi (terminal risk score: 0.78, ₹80,972.07 withdrawn across 1 transaction(s)). ; Graph topology exhibits high structural similarity (0.99) to cataloged reference laundering patterns.",7,High-risk multi-hop transaction activity with downstream cash-out behavior was detected. Priority investigation recommended for root entity ENT_000233 and exit terminal ATM_014 (Kochi).,"Terminal: ATM_014 (Kochi) | Risk Score: 0.78 | Distance: 1 hop(s) | Cash Volume: ₹80,972.07 (1 tx) | Timing Delta: 9.8h from incident"
C000648,ENT_000465,0.9952,1,HIGH_CONFIDENCE,NONE,NONE,0.0,"GraphSAGE GNN assessed an elevated risk probability of 0.9952 (Tier: HIGH_CONFIDENCE). ; Unusual concentration of transaction activity observed within the 72-hour incident window. ; The incident graph spans 3 transaction hops, indicating multi-stage fund routing away from the complaint account. ; Cumulative transaction volume reached ₹1,013,043.65 with a peak single transfer of ₹345,311.91. ; Subnetwork connects 9 entities across 8 directed transaction edges (average node degree: 1.78, incident in-degree: 1, out-degree: 0). ; Graph topology exhibits high structural similarity (1.00) to cataloged reference laundering patterns.",6,High-risk multi-hop transaction activity with strong graph evidence was detected. Priority investigation recommended for root entity ENT_000465 and connected intermediaries.,NONE
C000649,ENT_000586,0.001,0,NORMAL,NONE,NONE,0.0,"Model-derived risk probability is 0.0010, remaining well below the 0.50 suspicious triage threshold. ; Incident subgraph contains minimal structural connectivity (1 entity node(s), 0 directed edge(s)). ; Total transaction volume within the 72-hour incident window is ₹0.00 (average transfer: ₹0.00). ; No multi-hop fund routing or complex layering chains detected (max hop distance: 0). ; No illicit ATM cash-withdrawal terminal connections identified in the incident window.",5,No significant laundering pattern was detected at the configured risk threshold. Activity consistent with benign peer-to-peer transfers.,NONE
C000650,ENT_000300,0.0029,0,NORMAL,NONE,NONE,0.0,"Model-derived risk probability is 0.0029, remaining well below the 0.50 suspicious triage threshold. ; Incident subgraph contains minimal structural connectivity (3 entity node(s), 2 directed edge(s)). ; Total transaction volume within the 72-hour incident window is ₹5,383.33 (average transfer: ₹2,691.66). ; No multi-hop fund routing or complex layering chains detected (max hop distance: 1). ; No illicit ATM cash-withdrawal terminal connections identified in the incident window.",5,No significant laundering pattern was detected at the configured risk threshold. Activity consistent with benign peer-to-peer transfers.,NONE
C000651,ENT_000509,0.0012,0,NORMAL,NONE,NONE,0.0,"Model-derived risk probability is 0.0012, remaining well below the 0.50 suspicious triage threshold. ; Incident subgraph contains minimal structural connectivity (2 entity node(s), 1 directed edge(s)). ; Total transaction volume within the 72-hour incident window is ₹2,041.20 (average transfer: ₹2,041.20). ; No multi-hop fund routing or complex layering chains detected (max hop distance: 1). ; No illicit ATM cash-withdrawal terminal connections identified in the incident window.",5,No significant laundering pattern was detected at the configured risk threshold. Activity consistent with benign peer-to-peer transfers.,NONE
C000652,ENT_000024,0.2097,0,NORMAL,NONE,NONE,0.0,"Model-derived risk probability is 0.2097, remaining well below the 0.50 suspicious triage threshold. ; Incident subgraph contains minimal structural connectivity (5 entity node(s), 4 directed edge(s)). ; Total transaction volume within the 72-hour incident window is ₹11,112.25 (average transfer: ₹2,778.06). ; No multi-hop fund routing or complex layering chains detected (max hop distance: 3). ; No illicit ATM cash-withdrawal terminal connections identified in the incident window.",5,No significant laundering pattern was detected at the configured risk threshold. Activity consistent with benign peer-to-peer transfers.,NONE
C000653,ENT_000103,0.0613,0,NORMAL,NONE,NONE,0.0,"Model-derived risk probability is 0.0613, remaining well below the 0.50 suspicious triage threshold. ; Incident subgraph contains minimal structural connectivity (4 entity node(s), 3 directed edge(s)). ; Total transaction volume within the 72-hour incident window is ₹45,615.02 (average transfer: ₹15,205.01). ; No multi-hop fund routing or complex layering chains detected (max hop distance: 3). ; No illicit ATM cash-withdrawal terminal connections identified in the incident window.",5,No significant laundering pattern was detected at the configured risk threshold. Activity consistent with benign peer-to-peer transfers.,NONE
C000654,ENT_000100,0.0299,0,NORMAL,NONE,NONE,0.0,"Model-derived risk probability is 0.0299, remaining well below the 0.50 suspicious triage threshold. ; Incident subgraph contains minimal structural connectivity (5 entity node(s), 4 directed edge(s)). ; Total transaction volume within the 72-hour incident window is ₹10,853.48 (average transfer: ₹2,713.37). ; No multi-hop fund routing or complex layering chains detected (max hop distance: 3). ; No illicit ATM cash-withdrawal terminal connections identified in the incident window.",5,No significant laundering pattern was detected at the configured risk threshold. Activity consistent with benign peer-to-peer transfers.,NONE
C000655,ENT_000069,0.0006,0,NORMAL,NONE,NONE,0.0,"Model-derived risk probability is 0.0006, remaining well below the 0.50 suspicious triage threshold. ; Incident subgraph contains minimal structural connectivity (1 entity node(s), 0 directed edge(s)). ; Total transaction volume within the 72-hour incident window is ₹0.00 (average transfer: ₹0.00). ; No multi-hop fund routing or complex layering chains detected (max hop distance: 0). ; No illicit ATM cash-withdrawal terminal connections identified in the incident window.",5,No significant laundering pattern was detected at the configured risk threshold. Activity consistent with benign peer-to-peer transfers.,NONE
C000656,ENT_000193,0.0007,0,NORMAL,NONE,NONE,0.0,"Model-derived risk probability is 0.0007, remaining well below the 0.50 suspicious triage threshold. ; Incident subgraph contains minimal structural connectivity (1 entity node(s), 0 directed edge(s)). ; Total transaction volume within the 72-hour incident window is ₹0.00 (average transfer: ₹0.00). ; No multi-hop fund routing or complex layering chains detected (max hop distance: 0). ; No illicit ATM cash-withdrawal terminal connections identified in the incident window.",5,No significant laundering pattern was detected at the configured risk threshold. Activity consistent with benign peer-to-peer transfers.,NONE
C000657,ENT_000119,0.9073,1,HIGH_CONFIDENCE,NONE,NONE,0.0,"GraphSAGE GNN assessed an elevated risk probability of 0.9073 (Tier: HIGH_CONFIDENCE). ; Unusual concentration of transaction activity observed within the 72-hour incident window. ; The incident graph spans 3 transaction hops, indicating multi-stage fund routing away from the complaint account. ; Cumulative transaction volume reached ₹211,431.24 with a peak single transfer of ₹60,709.94. ; Subnetwork connects 17 entities across 16 directed transaction edges (average node degree: 1.88, incident in-degree: 0, out-degree: 1). ; Graph topology exhibits high structural similarity (1.00) to cataloged reference laundering patterns.",6,High-risk multi-hop transaction activity with strong graph evidence was detected. Priority investigation recommended for root entity ENT_000119 and connected intermediaries.,NONE
C000658,ENT_000663,0.0021,0,NORMAL,NONE,NONE,0.0,"Model-derived risk probability is 0.0021, remaining well below the 0.50 suspicious triage threshold. ; Incident subgraph contains minimal structural connectivity (2 entity node(s), 1 directed edge(s)). ; Total transaction volume within the 72-hour incident window is ₹2,906.25 (average transfer: ₹2,906.25). ; No multi-hop fund routing or complex layering chains detected (max hop distance: 1). ; No illicit ATM cash-withdrawal terminal connections identified in the incident window.",5,No significant laundering pattern was detected at the configured risk threshold. Activity consistent with benign peer-to-peer transfers.,NONE
C000659,ENT_000125,1.0,1,HIGH_CONFIDENCE,NONE,NONE,0.0,"GraphSAGE GNN assessed an elevated risk probability of 1.0000 (Tier: HIGH_CONFIDENCE). ; Unusual concentration of transaction activity observed within the 72-hour incident window. ; The incident graph spans 3 transaction hops, indicating multi-stage fund routing away from the complaint account. ; Cumulative transaction volume reached ₹2,424,259.26 with a peak single transfer of ₹356,458.21. ; Subnetwork connects 10 entities across 13 directed transaction edges (average node degree: 2.60, incident in-degree: 0, out-degree: 1). ; Graph topology exhibits high structural similarity (1.00) to cataloged reference laundering patterns.",6,High-risk multi-hop transaction activity with strong graph evidence was detected. Priority investigation recommended for root entity ENT_000125 and connected intermediaries.,NONE
C000660,ENT_000061,0.158,0,NORMAL,NONE,NONE,0.0,"Model-derived risk probability is 0.1580, remaining well below the 0.50 suspicious triage threshold. ; Incident subgraph contains minimal structural connectivity (7 entity node(s), 6 directed edge(s)). ; Total transaction volume within the 72-hour incident window is ₹47,261.62 (average transfer: ₹7,876.94). ; No multi-hop fund routing or complex layering chains detected (max hop distance: 3). ; No illicit ATM cash-withdrawal terminal connections identified in the incident window.",5,No significant laundering pattern was detected at the configured risk threshold. Activity consistent with benign peer-to-peer transfers.,NONE
C000661,ENT_000649,0.0009,0,NORMAL,NONE,NONE,0.0,"Model-derived risk probability is 0.0009, remaining well below the 0.50 suspicious triage threshold. ; Incident subgraph contains minimal structural connectivity (1 entity node(s), 0 directed edge(s)). ; Total transaction volume within the 72-hour incident window is ₹0.00 (average transfer: ₹0.00). ; No multi-hop fund routing or complex layering chains detected (max hop distance: 0). ; No illicit ATM cash-withdrawal terminal connections identified in the incident window.",5,No significant laundering pattern was detected at the configured risk threshold. Activity consistent with benign peer-to-peer transfers.,NONE
C000662,ENT_000397,0.9804,1,HIGH_CONFIDENCE,NONE,NONE,0.0,"GraphSAGE GNN assessed an elevated risk probability of 0.9804 (Tier: HIGH_CONFIDENCE). ; Unusual concentration of transaction activity observed within the 72-hour incident window. ; The incident graph spans 3 transaction hops, indicating multi-stage fund routing away from the complaint account. ; Cumulative transaction volume reached ₹837,501.85 with a peak single transfer of ₹253,008.90. ; Subnetwork connects 13 entities across 12 directed transaction edges (average node degree: 1.85, incident in-degree: 2, out-degree: 0). ; Graph topology exhibits high structural similarity (0.99) to cataloged reference laundering patterns.",6,High-risk multi-hop transaction activity with strong graph evidence was detected. Priority investigation recommended for root entity ENT_000397 and connected intermediaries.,NONE
C000663,ENT_000027,0.973,1,HIGH_CONFIDENCE,NONE,NONE,0.0,"GraphSAGE GNN assessed an elevated risk probability of 0.9730 (Tier: HIGH_CONFIDENCE). ; Unusual concentration of transaction activity observed within the 72-hour incident window. ; The incident graph spans 3 transaction hops, indicating multi-stage fund routing away from the complaint account. ; Cumulative transaction volume reached ₹835,145.43 with a peak single transfer of ₹345,119.50. ; Subnetwork connects 21 entities across 22 directed transaction edges (average node degree: 2.10, incident in-degree: 1, out-degree: 1). ; Graph topology exhibits high structural similarity (1.00) to cataloged reference laundering patterns.",6,High-risk multi-hop transaction activity with strong graph evidence was detected. Priority investigation recommended for root entity ENT_000027 and connected intermediaries.,NONE
C000664,ENT_000382,0.9999,1,HIGH_CONFIDENCE,NONE,NONE,0.0,"GraphSAGE GNN assessed an elevated risk probability of 0.9999 (Tier: HIGH_CONFIDENCE). ; Unusual concentration of transaction activity observed within the 72-hour incident window. ; The incident graph spans 3 transaction hops, indicating multi-stage fund routing away from the complaint account. ; Cumulative transaction volume reached ₹1,030,515.18 with a peak single transfer of ₹228,549.68. ; Subnetwork connects 12 entities across 14 directed transaction edges (average node degree: 2.33, incident in-degree: 2, out-degree: 1). ; Graph topology exhibits high structural similarity (1.00) to cataloged reference laundering patterns.",6,High-risk multi-hop transaction activity with strong graph evidence was detected. Priority investigation recommended for root entity ENT_000382 and connected intermediaries.,NONE
C000665,ENT_000309,0.0012,0,NORMAL,NONE,NONE,0.0,"Model-derived risk probability is 0.0012, remaining well below the 0.50 suspicious triage threshold. ; Incident subgraph contains minimal structural connectivity (2 entity node(s), 1 directed edge(s)). ; Total transaction volume within the 72-hour incident window is ₹494.19 (average transfer: ₹494.19). ; No multi-hop fund routing or complex layering chains detected (max hop distance: 1). ; No illicit ATM cash-withdrawal terminal connections identified in the incident window.",5,No significant laundering pattern was detected at the configured risk threshold. Activity consistent with benign peer-to-peer transfers.,NONE
C000666,ENT_000588,0.0007,0,NORMAL,NONE,NONE,0.0,"Model-derived risk probability is 0.0007, remaining well below the 0.50 suspicious triage threshold. ; Incident subgraph contains minimal structural connectivity (1 entity node(s), 0 directed edge(s)). ; Total transaction volume within the 72-hour incident window is ₹0.00 (average transfer: ₹0.00). ; No multi-hop fund routing or complex layering chains detected (max hop distance: 0). ; No illicit ATM cash-withdrawal terminal connections identified in the incident window.",5,No significant laundering pattern was detected at the configured risk threshold. Activity consistent with benign peer-to-peer transfers.,NONE
C000667,ENT_000051,0.0694,0,NORMAL,NONE,NONE,0.0,"Model-derived risk probability is 0.0694, remaining well below the 0.50 suspicious triage threshold. ; Incident subgraph contains minimal structural connectivity (6 entity node(s), 5 directed edge(s)). ; Total transaction volume within the 72-hour incident window is ₹29,343.65 (average transfer: ₹5,868.73). ; No multi-hop fund routing or complex layering chains detected (max hop distance: 3). ; No illicit ATM cash-withdrawal terminal connections identified in the incident window.",5,No significant laundering pattern was detected at the configured risk threshold. Activity consistent with benign peer-to-peer transfers.,NONE
C000668,ENT_000676,0.788,1,HIGH_CONFIDENCE,NONE,NONE,0.0,"GraphSAGE GNN assessed an elevated risk probability of 0.7880 (Tier: HIGH_CONFIDENCE). ; Unusual concentration of transaction activity observed within the 72-hour incident window. ; The incident graph spans 3 transaction hops, indicating multi-stage fund routing away from the complaint account. ; Cumulative transaction volume reached ₹365,903.76 with a peak single transfer of ₹240,004.57. ; Subnetwork connects 10 entities across 9 directed transaction edges (average node degree: 1.80, incident in-degree: 1, out-degree: 1). ; Graph topology exhibits high structural similarity (1.00) to cataloged reference laundering patterns.",6,High-risk multi-hop transaction activity with strong graph evidence was detected. Priority investigation recommended for root entity ENT_000676 and connected intermediaries.,NONE
C000669,ENT_000436,0.0015,0,NORMAL,NONE,NONE,0.0,"Model-derived risk probability is 0.0015, remaining well below the 0.50 suspicious triage threshold. ; Incident subgraph contains minimal structural connectivity (2 entity node(s), 1 directed edge(s)). ; Total transaction volume within the 72-hour incident window is ₹4,545.38 (average transfer: ₹4,545.38). ; No multi-hop fund routing or complex layering chains detected (max hop distance: 1). ; No illicit ATM cash-withdrawal terminal connections identified in the incident window.",5,No significant laundering pattern was detected at the configured risk threshold. Activity consistent with benign peer-to-peer transfers.,NONE
C000670,ENT_000259,0.0015,0,NORMAL,NONE,NONE,0.0,"Model-derived risk probability is 0.0015, remaining well below the 0.50 suspicious triage threshold. ; Incident subgraph contains minimal structural connectivity (2 entity node(s), 1 directed edge(s)). ; Total transaction volume within the 72-hour incident window is ₹2,813.07 (average transfer: ₹2,813.07). ; No multi-hop fund routing or complex layering chains detected (max hop distance: 1). ; No illicit ATM cash-withdrawal terminal connections identified in the incident window.",5,No significant laundering pattern was detected at the configured risk threshold. Activity consistent with benign peer-to-peer transfers.,NONE
C000671,ENT_000623,0.3362,0,NORMAL,NONE,NONE,0.0,"Model-derived risk probability is 0.3362, remaining well below the 0.50 suspicious triage threshold. ; Incident subgraph contains minimal structural connectivity (12 entity node(s), 11 directed edge(s)). ; Total transaction volume within the 72-hour incident window is ₹92,117.31 (average transfer: ₹8,374.30). ; No multi-hop fund routing or complex layering chains detected (max hop distance: 3). ; No illicit ATM cash-withdrawal terminal connections identified in the incident window.",5,No significant laundering pattern was detected at the configured risk threshold. Activity consistent with benign peer-to-peer transfers.,NONE
C000672,ENT_000523,0.0008,0,NORMAL,NONE,NONE,0.0,"Model-derived risk probability is 0.0008, remaining well below the 0.50 suspicious triage threshold. ; Incident subgraph contains minimal structural connectivity (1 entity node(s), 0 directed edge(s)). ; Total transaction volume within the 72-hour incident window is ₹0.00 (average transfer: ₹0.00). ; No multi-hop fund routing or complex layering chains detected (max hop distance: 0). ; No illicit ATM cash-withdrawal terminal connections identified in the incident window.",5,No significant laundering pattern was detected at the configured risk threshold. Activity consistent with benign peer-to-peer transfers.,NONE
C000673,ENT_000038,0.0019,0,NORMAL,NONE,NONE,0.0,"Model-derived risk probability is 0.0019, remaining well below the 0.50 suspicious triage threshold. ; Incident subgraph contains minimal structural connectivity (2 entity node(s), 1 directed edge(s)). ; Total transaction volume within the 72-hour incident window is ₹1,789.89 (average transfer: ₹1,789.89). ; No multi-hop fund routing or complex layering chains detected (max hop distance: 1). ; No illicit ATM cash-withdrawal terminal connections identified in the incident window.",5,No significant laundering pattern was detected at the configured risk threshold. Activity consistent with benign peer-to-peer transfers.,NONE
C000674,ENT_000243,0.9993,1,HIGH_CONFIDENCE,NONE,NONE,0.0,"GraphSAGE GNN assessed an elevated risk probability of 0.9993 (Tier: HIGH_CONFIDENCE). ; Unusual concentration of transaction activity observed within the 72-hour incident window. ; The incident graph spans 3 transaction hops, indicating multi-stage fund routing away from the complaint account. ; Cumulative transaction volume reached ₹1,237,038.29 with a peak single transfer of ₹464,452.42. ; Subnetwork connects 13 entities across 13 directed transaction edges (average node degree: 2.00, incident in-degree: 1, out-degree: 2). ; Graph topology exhibits high structural similarity (1.00) to cataloged reference laundering patterns.",6,High-risk multi-hop transaction activity with strong graph evidence was detected. Priority investigation recommended for root entity ENT_000243 and connected intermediaries.,NONE
C000675,ENT_000131,0.1374,0,NORMAL,NONE,NONE,0.0,"Model-derived risk probability is 0.1374, remaining well below the 0.50 suspicious triage threshold. ; Incident subgraph contains minimal structural connectivity (5 entity node(s), 4 directed edge(s)). ; Total transaction volume within the 72-hour incident window is ₹57,159.08 (average transfer: ₹14,289.77). ; No multi-hop fund routing or complex layering chains detected (max hop distance: 3). ; No illicit ATM cash-withdrawal terminal connections identified in the incident window.",5,No significant laundering pattern was detected at the configured risk threshold. Activity consistent with benign peer-to-peer transfers.,NONE
C000676,ENT_000552,0.6917,1,HIGH_CONFIDENCE,NONE,NONE,0.0,"GraphSAGE GNN assessed an elevated risk probability of 0.6917 (Tier: HIGH_CONFIDENCE). ; Unusual concentration of transaction activity observed within the 72-hour incident window. ; The incident graph spans 3 transaction hops, indicating multi-stage fund routing away from the complaint account. ; Cumulative transaction volume reached ₹780,116.80 with a peak single transfer of ₹394,687.75. ; Subnetwork connects 16 entities across 15 directed transaction edges (average node degree: 1.88, incident in-degree: 2, out-degree: 1). ; Graph topology exhibits high structural similarity (0.99) to cataloged reference laundering patterns.",6,High-risk multi-hop transaction activity with strong graph evidence was detected. Priority investigation recommended for root entity ENT_000552 and connected intermediaries.,NONE
C000677,ENT_000092,0.0012,0,NORMAL,NONE,NONE,0.0,"Model-derived risk probability is 0.0012, remaining well below the 0.50 suspicious triage threshold. ; Incident subgraph contains minimal structural connectivity (1 entity node(s), 0 directed edge(s)). ; Total transaction volume within the 72-hour incident window is ₹0.00 (average transfer: ₹0.00). ; No multi-hop fund routing or complex layering chains detected (max hop distance: 0). ; No illicit ATM cash-withdrawal terminal connections identified in the incident window.",5,No significant laundering pattern was detected at the configured risk threshold. Activity consistent with benign peer-to-peer transfers.,NONE
C000678,ENT_000356,0.9999,1,HIGH_CONFIDENCE,NONE,NONE,0.0,"GraphSAGE GNN assessed an elevated risk probability of 0.9999 (Tier: HIGH_CONFIDENCE). ; Unusual concentration of transaction activity observed within the 72-hour incident window. ; The incident graph spans 3 transaction hops, indicating multi-stage fund routing away from the complaint account. ; Cumulative transaction volume reached ₹575,861.77 with a peak single transfer of ₹333,372.91. ; Subnetwork connects 11 entities across 10 directed transaction edges (average node degree: 1.82, incident in-degree: 1, out-degree: 0). ; Graph topology exhibits high structural similarity (1.00) to cataloged reference laundering patterns.",6,High-risk multi-hop transaction activity with strong graph evidence was detected. Priority investigation recommended for root entity ENT_000356 and connected intermediaries.,NONE
C000679,ENT_000578,0.9656,1,HIGH_CONFIDENCE,ATM_033,Bengaluru,0.6701,"GraphSAGE GNN assessed an elevated risk probability of 0.9656 (Tier: HIGH_CONFIDENCE). ; Unusual concentration of transaction activity observed within the 72-hour incident window. ; The incident graph spans 3 transaction hops, indicating multi-stage fund routing away from the complaint account. ; Cumulative transaction volume reached ₹723,828.19 with a peak single transfer of ₹149,501.09. ; Subnetwork connects 14 entities across 13 directed transaction edges (average node degree: 1.86, incident in-degree: 1, out-degree: 1). ; Likely downstream cash exit identified at terminal ATM_033 in Bengaluru (terminal risk score: 0.67, ₹77,346.02 withdrawn across 1 transaction(s)). ; Graph topology exhibits high structural similarity (1.00) to cataloged reference laundering patterns.",7,High-risk multi-hop transaction activity with downstream cash-out behavior was detected. Priority investigation recommended for root entity ENT_000578 and exit terminal ATM_033 (Bengaluru).,"Terminal: ATM_033 (Bengaluru) | Risk Score: 0.67 | Distance: 3 hop(s) | Cash Volume: ₹77,346.02 (1 tx) | Timing Delta: 36.0h from incident"
C000680,ENT_000315,0.2205,0,NORMAL,NONE,NONE,0.0,"Model-derived risk probability is 0.2205, remaining well below the 0.50 suspicious triage threshold. ; Incident subgraph contains minimal structural connectivity (4 entity node(s), 3 directed edge(s)). ; Total transaction volume within the 72-hour incident window is ₹390,343.35 (average transfer: ₹130,114.45). ; No multi-hop fund routing or complex layering chains detected (max hop distance: 3). ; No illicit ATM cash-withdrawal terminal connections identified in the incident window.",5,No significant laundering pattern was detected at the configured risk threshold. Activity consistent with benign peer-to-peer transfers.,NONE
C000681,ENT_000632,0.0008,0,NORMAL,NONE,NONE,0.0,"Model-derived risk probability is 0.0008, remaining well below the 0.50 suspicious triage threshold. ; Incident subgraph contains minimal structural connectivity (1 entity node(s), 0 directed edge(s)). ; Total transaction volume within the 72-hour incident window is ₹0.00 (average transfer: ₹0.00). ; No multi-hop fund routing or complex layering chains detected (max hop distance: 0). ; No illicit ATM cash-withdrawal terminal connections identified in the incident window.",5,No significant laundering pattern was detected at the configured risk threshold. Activity consistent with benign peer-to-peer transfers.,NONE
C000682,ENT_000596,0.0025,0,NORMAL,NONE,NONE,0.0,"Model-derived risk probability is 0.0025, remaining well below the 0.50 suspicious triage threshold. ; Incident subgraph contains minimal structural connectivity (2 entity node(s), 1 directed edge(s)). ; Total transaction volume within the 72-hour incident window is ₹4,006.86 (average transfer: ₹4,006.86). ; No multi-hop fund routing or complex layering chains detected (max hop distance: 1). ; No illicit ATM cash-withdrawal terminal connections identified in the incident window.",5,No significant laundering pattern was detected at the configured risk threshold. Activity consistent with benign peer-to-peer transfers.,NONE
C000683,ENT_000115,0.0006,0,NORMAL,NONE,NONE,0.0,"Model-derived risk probability is 0.0006, remaining well below the 0.50 suspicious triage threshold. ; Incident subgraph contains minimal structural connectivity (1 entity node(s), 0 directed edge(s)). ; Total transaction volume within the 72-hour incident window is ₹0.00 (average transfer: ₹0.00). ; No multi-hop fund routing or complex layering chains detected (max hop distance: 0). ; No illicit ATM cash-withdrawal terminal connections identified in the incident window.",5,No significant laundering pattern was detected at the configured risk threshold. Activity consistent with benign peer-to-peer transfers.,NONE
C000684,ENT_000107,0.0032,0,NORMAL,NONE,NONE,0.0,"Model-derived risk probability is 0.0032, remaining well below the 0.50 suspicious triage threshold. ; Incident subgraph contains minimal structural connectivity (3 entity node(s), 2 directed edge(s)). ; Total transaction volume within the 72-hour incident window is ₹4,701.63 (average transfer: ₹2,350.82). ; No multi-hop fund routing or complex layering chains detected (max hop distance: 1). ; No illicit ATM cash-withdrawal terminal connections identified in the incident window.",5,No significant laundering pattern was detected at the configured risk threshold. Activity consistent with benign peer-to-peer transfers.,NONE
C000685,ENT_000149,0.0007,0,NORMAL,NONE,NONE,0.0,"Model-derived risk probability is 0.0007, remaining well below the 0.50 suspicious triage threshold. ; Incident subgraph contains minimal structural connectivity (1 entity node(s), 0 directed edge(s)). ; Total transaction volume within the 72-hour incident window is ₹0.00 (average transfer: ₹0.00). ; No multi-hop fund routing or complex layering chains detected (max hop distance: 0). ; No illicit ATM cash-withdrawal terminal connections identified in the incident window.",5,No significant laundering pattern was detected at the configured risk threshold. Activity consistent with benign peer-to-peer transfers.,NONE
C000686,ENT_000459,0.0014,0,NORMAL,NONE,NONE,0.0,"Model-derived risk probability is 0.0014, remaining well below the 0.50 suspicious triage threshold. ; Incident subgraph contains minimal structural connectivity (2 entity node(s), 1 directed edge(s)). ; Total transaction volume within the 72-hour incident window is ₹11,335.79 (average transfer: ₹11,335.79). ; No multi-hop fund routing or complex layering chains detected (max hop distance: 1). ; No illicit ATM cash-withdrawal terminal connections identified in the incident window.",5,No significant laundering pattern was detected at the configured risk threshold. Activity consistent with benign peer-to-peer transfers.,NONE
C000687,ENT_000411,0.0012,0,NORMAL,NONE,NONE,0.0,"Model-derived risk probability is 0.0012, remaining well below the 0.50 suspicious triage threshold. ; Incident subgraph contains minimal structural connectivity (1 entity node(s), 0 directed edge(s)). ; Total transaction volume within the 72-hour incident window is ₹0.00 (average transfer: ₹0.00). ; No multi-hop fund routing or complex layering chains detected (max hop distance: 0). ; No illicit ATM cash-withdrawal terminal connections identified in the incident window.",5,No significant laundering pattern was detected at the configured risk threshold. Activity consistent with benign peer-to-peer transfers.,NONE
C000688,ENT_000554,0.0278,0,NORMAL,NONE,NONE,0.0,"Model-derived risk probability is 0.0278, remaining well below the 0.50 suspicious triage threshold. ; Incident subgraph contains minimal structural connectivity (4 entity node(s), 3 directed edge(s)). ; Total transaction volume within the 72-hour incident window is ₹53,453.61 (average transfer: ₹17,817.87). ; No multi-hop fund routing or complex layering chains detected (max hop distance: 3). ; No illicit ATM cash-withdrawal terminal connections identified in the incident window.",5,No significant laundering pattern was detected at the configured risk threshold. Activity consistent with benign peer-to-peer transfers.,NONE
C000689,ENT_000134,0.0006,0,NORMAL,NONE,NONE,0.0,"Model-derived risk probability is 0.0006, remaining well below the 0.50 suspicious triage threshold. ; Incident subgraph contains minimal structural connectivity (1 entity node(s), 0 directed edge(s)). ; Total transaction volume within the 72-hour incident window is ₹0.00 (average transfer: ₹0.00). ; No multi-hop fund routing or complex layering chains detected (max hop distance: 0). ; No illicit ATM cash-withdrawal terminal connections identified in the incident window.",5,No significant laundering pattern was detected at the configured risk threshold. Activity consistent with benign peer-to-peer transfers.,NONE
C000690,ENT_000284,0.0008,0,NORMAL,NONE,NONE,0.0,"Model-derived risk probability is 0.0008, remaining well below the 0.50 suspicious triage threshold. ; Incident subgraph contains minimal structural connectivity (1 entity node(s), 0 directed edge(s)). ; Total transaction volume within the 72-hour incident window is ₹0.00 (average transfer: ₹0.00). ; No multi-hop fund routing or complex layering chains detected (max hop distance: 0). ; No illicit ATM cash-withdrawal terminal connections identified in the incident window.",5,No significant laundering pattern was detected at the configured risk threshold. Activity consistent with benign peer-to-peer transfers.,NONE
C000691,ENT_000139,0.1157,0,NORMAL,NONE,NONE,0.0,"Model-derived risk probability is 0.1157, remaining well below the 0.50 suspicious triage threshold. ; Incident subgraph contains minimal structural connectivity (9 entity node(s), 8 directed edge(s)). ; Total transaction volume within the 72-hour incident window is ₹59,372.60 (average transfer: ₹7,421.57). ; No multi-hop fund routing or complex layering chains detected (max hop distance: 3). ; No illicit ATM cash-withdrawal terminal connections identified in the incident window.",5,No significant laundering pattern was detected at the configured risk threshold. Activity consistent with benign peer-to-peer transfers.,NONE
C000692,ENT_000086,0.0192,0,NORMAL,NONE,NONE,0.0,"Model-derived risk probability is 0.0192, remaining well below the 0.50 suspicious triage threshold. ; Incident subgraph contains minimal structural connectivity (4 entity node(s), 3 directed edge(s)). ; Total transaction volume within the 72-hour incident window is ₹9,357.55 (average transfer: ₹3,119.18). ; No multi-hop fund routing or complex layering chains detected (max hop distance: 2). ; No illicit ATM cash-withdrawal terminal connections identified in the incident window.",5,No significant laundering pattern was detected at the configured risk threshold. Activity consistent with benign peer-to-peer transfers.,NONE
C000693,ENT_000428,0.001,0,NORMAL,NONE,NONE,0.0,"Model-derived risk probability is 0.0010, remaining well below the 0.50 suspicious triage threshold. ; Incident subgraph contains minimal structural connectivity (1 entity node(s), 0 directed edge(s)). ; Total transaction volume within the 72-hour incident window is ₹0.00 (average transfer: ₹0.00). ; No multi-hop fund routing or complex layering chains detected (max hop distance: 0). ; No illicit ATM cash-withdrawal terminal connections identified in the incident window.",5,No significant laundering pattern was detected at the configured risk threshold. Activity consistent with benign peer-to-peer transfers.,NONE
C000694,ENT_000681,0.0029,0,NORMAL,NONE,NONE,0.0,"Model-derived risk probability is 0.0029, remaining well below the 0.50 suspicious triage threshold. ; Incident subgraph contains minimal structural connectivity (3 entity node(s), 2 directed edge(s)). ; Total transaction volume within the 72-hour incident window is ₹2,284.01 (average transfer: ₹1,142.00). ; No multi-hop fund routing or complex layering chains detected (max hop distance: 1). ; No illicit ATM cash-withdrawal terminal connections identified in the incident window.",5,No significant laundering pattern was detected at the configured risk threshold. Activity consistent with benign peer-to-peer transfers.,NONE
C000695,ENT_000082,0.0009,0,NORMAL,NONE,NONE,0.0,"Model-derived risk probability is 0.0009, remaining well below the 0.50 suspicious triage threshold. ; Incident subgraph contains minimal structural connectivity (1 entity node(s), 0 directed edge(s)). ; Total transaction volume within the 72-hour incident window is ₹0.00 (average transfer: ₹0.00). ; No multi-hop fund routing or complex layering chains detected (max hop distance: 0). ; No illicit ATM cash-withdrawal terminal connections identified in the incident window.",5,No significant laundering pattern was detected at the configured risk threshold. Activity consistent with benign peer-to-peer transfers.,NONE
C000696,ENT_000301,0.0006,0,NORMAL,NONE,NONE,0.0,"Model-derived risk probability is 0.0006, remaining well below the 0.50 suspicious triage threshold. ; Incident subgraph contains minimal structural connectivity (1 entity node(s), 0 directed edge(s)). ; Total transaction volume within the 72-hour incident window is ₹0.00 (average transfer: ₹0.00). ; No multi-hop fund routing or complex layering chains detected (max hop distance: 0). ; No illicit ATM cash-withdrawal terminal connections identified in the incident window.",5,No significant laundering pattern was detected at the configured risk threshold. Activity consistent with benign peer-to-peer transfers.,NONE
C000697,ENT_000614,0.9978,1,HIGH_CONFIDENCE,NONE,NONE,0.0,"GraphSAGE GNN assessed an elevated risk probability of 0.9978 (Tier: HIGH_CONFIDENCE). ; Unusual concentration of transaction activity observed within the 72-hour incident window. ; The incident graph spans 3 transaction hops, indicating multi-stage fund routing away from the complaint account. ; Cumulative transaction volume reached ₹1,311,063.89 with a peak single transfer of ₹385,272.87. ; Subnetwork connects 20 entities across 19 directed transaction edges (average node degree: 1.90, incident in-degree: 1, out-degree: 0). ; Graph topology exhibits high structural similarity (1.00) to cataloged reference laundering patterns.",6,High-risk multi-hop transaction activity with strong graph evidence was detected. Priority investigation recommended for root entity ENT_000614 and connected intermediaries.,NONE
C000698,ENT_000089,0.9976,1,HIGH_CONFIDENCE,NONE,NONE,0.0,"GraphSAGE GNN assessed an elevated risk probability of 0.9976 (Tier: HIGH_CONFIDENCE). ; Unusual concentration of transaction activity observed within the 72-hour incident window. ; The incident graph spans 3 transaction hops, indicating multi-stage fund routing away from the complaint account. ; Cumulative transaction volume reached ₹1,634,638.16 with a peak single transfer of ₹437,541.45. ; Subnetwork connects 23 entities across 25 directed transaction edges (average node degree: 2.17, incident in-degree: 3, out-degree: 0). ; Graph topology exhibits high structural similarity (1.00) to cataloged reference laundering patterns.",6,High-risk multi-hop transaction activity with strong graph evidence was detected. Priority investigation recommended for root entity ENT_000089 and connected intermediaries.,NONE
C000699,ENT_000020,0.8809,1,HIGH_CONFIDENCE,NONE,NONE,0.0,"GraphSAGE GNN assessed an elevated risk probability of 0.8809 (Tier: HIGH_CONFIDENCE). ; Unusual concentration of transaction activity observed within the 72-hour incident window. ; The incident graph spans 3 transaction hops, indicating multi-stage fund routing away from the complaint account. ; Cumulative transaction volume reached ₹250,024.38 with a peak single transfer of ₹57,937.66. ; Subnetwork connects 9 entities across 9 directed transaction edges (average node degree: 2.00, incident in-degree: 1, out-degree: 1). ; Graph topology exhibits high structural similarity (1.00) to cataloged reference laundering patterns.",6,High-risk multi-hop transaction activity with strong graph evidence was detected. Priority investigation recommended for root entity ENT_000020 and connected intermediaries.,NONE
C000700,ENT_000577,0.0006,0,NORMAL,NONE,NONE,0.0,"Model-derived risk probability is 0.0006, remaining well below the 0.50 suspicious triage threshold. ; Incident subgraph contains minimal structural connectivity (1 entity node(s), 0 directed edge(s)). ; Total transaction volume within the 72-hour incident window is ₹0.00 (average transfer: ₹0.00). ; No multi-hop fund routing or complex layering chains detected (max hop distance: 0). ; No illicit ATM cash-withdrawal terminal connections identified in the incident window.",5,No significant laundering pattern was detected at the configured risk threshold. Activity consistent with benign peer-to-peer transfers.,NONE
C000701,ENT_000105,0.0257,0,NORMAL,NONE,NONE,0.0,"Model-derived risk probability is 0.0257, remaining well below the 0.50 suspicious triage threshold. ; Incident subgraph contains minimal structural connectivity (4 entity node(s), 3 directed edge(s)). ; Total transaction volume within the 72-hour incident window is ₹6,065.79 (average transfer: ₹2,021.93). ; No multi-hop fund routing or complex layering chains detected (max hop distance: 3). ; No illicit ATM cash-withdrawal terminal connections identified in the incident window.",5,No significant laundering pattern was detected at the configured risk threshold. Activity consistent with benign peer-to-peer transfers.,NONE
C000702,ENT_000346,0.9771,1,HIGH_CONFIDENCE,NONE,NONE,0.0,"GraphSAGE GNN assessed an elevated risk probability of 0.9771 (Tier: HIGH_CONFIDENCE). ; Unusual concentration of transaction activity observed within the 72-hour incident window. ; The incident graph spans 3 transaction hops, indicating multi-stage fund routing away from the complaint account. ; Cumulative transaction volume reached ₹817,478.56 with a peak single transfer of ₹438,129.75. ; Subnetwork connects 7 entities across 6 directed transaction edges (average node degree: 1.71, incident in-degree: 1, out-degree: 1). ; Graph topology exhibits high structural similarity (1.00) to cataloged reference laundering patterns.",6,High-risk multi-hop transaction activity with strong graph evidence was detected. Priority investigation recommended for root entity ENT_000346 and connected intermediaries.,NONE
C000703,ENT_000296,0.0262,0,NORMAL,NONE,NONE,0.0,"Model-derived risk probability is 0.0262, remaining well below the 0.50 suspicious triage threshold. ; Incident subgraph contains minimal structural connectivity (5 entity node(s), 4 directed edge(s)). ; Total transaction volume within the 72-hour incident window is ₹6,277.98 (average transfer: ₹1,569.49). ; No multi-hop fund routing or complex layering chains detected (max hop distance: 3). ; No illicit ATM cash-withdrawal terminal connections identified in the incident window.",5,No significant laundering pattern was detected at the configured risk threshold. Activity consistent with benign peer-to-peer transfers.,NONE
C000704,ENT_000302,0.0041,0,NORMAL,NONE,NONE,0.0,"Model-derived risk probability is 0.0041, remaining well below the 0.50 suspicious triage threshold. ; Incident subgraph contains minimal structural connectivity (3 entity node(s), 2 directed edge(s)). ; Total transaction volume within the 72-hour incident window is ₹31,522.58 (average transfer: ₹15,761.29). ; No multi-hop fund routing or complex layering chains detected (max hop distance: 1). ; No illicit ATM cash-withdrawal terminal connections identified in the incident window.",5,No significant laundering pattern was detected at the configured risk threshold. Activity consistent with benign peer-to-peer transfers.,NONE
C000705,ENT_000672,0.8437,1,HIGH_CONFIDENCE,NONE,NONE,0.0,"GraphSAGE GNN assessed an elevated risk probability of 0.8437 (Tier: HIGH_CONFIDENCE). ; Unusual concentration of transaction activity observed within the 72-hour incident window. ; The incident graph spans 3 transaction hops, indicating multi-stage fund routing away from the complaint account. ; Cumulative transaction volume reached ₹391,112.84 with a peak single transfer of ₹343,539.64. ; Subnetwork connects 5 entities across 4 directed transaction edges (average node degree: 1.60, incident in-degree: 0, out-degree: 1). ; Graph topology exhibits high structural similarity (0.98) to cataloged reference laundering patterns.",6,High-risk multi-hop transaction activity with strong graph evidence was detected. Priority investigation recommended for root entity ENT_000672 and connected intermediaries.,NONE
C000706,ENT_000184,0.0012,0,NORMAL,NONE,NONE,0.0,"Model-derived risk probability is 0.0012, remaining well below the 0.50 suspicious triage threshold. ; Incident subgraph contains minimal structural connectivity (1 entity node(s), 0 directed edge(s)). ; Total transaction volume within the 72-hour incident window is ₹0.00 (average transfer: ₹0.00). ; No multi-hop fund routing or complex layering chains detected (max hop distance: 0). ; No illicit ATM cash-withdrawal terminal connections identified in the incident window.",5,No significant laundering pattern was detected at the configured risk threshold. Activity consistent with benign peer-to-peer transfers.,NONE
C000707,ENT_000209,0.9043,1,HIGH_CONFIDENCE,NONE,NONE,0.0,"GraphSAGE GNN assessed an elevated risk probability of 0.9043 (Tier: HIGH_CONFIDENCE). ; Unusual concentration of transaction activity observed within the 72-hour incident window. ; The incident graph spans 3 transaction hops, indicating multi-stage fund routing away from the complaint account. ; Cumulative transaction volume reached ₹1,136,974.21 with a peak single transfer of ₹385,621.75. ; Subnetwork connects 13 entities across 13 directed transaction edges (average node degree: 2.00, incident in-degree: 2, out-degree: 1). ; Graph topology exhibits high structural similarity (0.99) to cataloged reference laundering patterns.",6,High-risk multi-hop transaction activity with strong graph evidence was detected. Priority investigation recommended for root entity ENT_000209 and connected intermediaries.,NONE
C000708,ENT_000421,0.5272,1,MEDIUM_CONFIDENCE,NONE,NONE,0.0,"GraphSAGE GNN assessed an elevated risk probability of 0.5272 (Tier: MEDIUM_CONFIDENCE). ; Unusual concentration of transaction activity observed within the 72-hour incident window. ; The incident graph spans 3 transaction hops, indicating multi-stage fund routing away from the complaint account. ; Cumulative transaction volume reached ₹483,046.59 with a peak single transfer of ₹460,910.61. ; Subnetwork connects 4 entities across 3 directed transaction edges (average node degree: 1.50, incident in-degree: 1, out-degree: 0). ; Graph topology exhibits high structural similarity (0.97) to cataloged reference laundering patterns.",6,"Elevated transaction risk detected around entity ENT_000421. Multi-hop activity observed, but supporting terminal or structural reference evidence remains partial.",NONE
C000709,ENT_000625,0.0192,0,NORMAL,NONE,NONE,0.0,"Model-derived risk probability is 0.0192, remaining well below the 0.50 suspicious triage threshold. ; Incident subgraph contains minimal structural connectivity (5 entity node(s), 4 directed edge(s)). ; Total transaction volume within the 72-hour incident window is ₹10,656.06 (average transfer: ₹2,664.01). ; No multi-hop fund routing or complex layering chains detected (max hop distance: 3). ; No illicit ATM cash-withdrawal terminal connections identified in the incident window.",5,No significant laundering pattern was detected at the configured risk threshold. Activity consistent with benign peer-to-peer transfers.,NONE
C000710,ENT_000318,0.0006,0,NORMAL,NONE,NONE,0.0,"Model-derived risk probability is 0.0006, remaining well below the 0.50 suspicious triage threshold. ; Incident subgraph contains minimal structural connectivity (1 entity node(s), 0 directed edge(s)). ; Total transaction volume within the 72-hour incident window is ₹0.00 (average transfer: ₹0.00). ; No multi-hop fund routing or complex layering chains detected (max hop distance: 0). ; No illicit ATM cash-withdrawal terminal connections identified in the incident window.",5,No significant laundering pattern was detected at the configured risk threshold. Activity consistent with benign peer-to-peer transfers.,NONE
C000711,ENT_000599,0.001,0,NORMAL,NONE,NONE,0.0,"Model-derived risk probability is 0.0010, remaining well below the 0.50 suspicious triage threshold. ; Incident subgraph contains minimal structural connectivity (1 entity node(s), 0 directed edge(s)). ; Total transaction volume within the 72-hour incident window is ₹0.00 (average transfer: ₹0.00). ; No multi-hop fund routing or complex layering chains detected (max hop distance: 0). ; No illicit ATM cash-withdrawal terminal connections identified in the incident window.",5,No significant laundering pattern was detected at the configured risk threshold. Activity consistent with benign peer-to-peer transfers.,NONE
C000712,ENT_000646,0.0006,0,NORMAL,NONE,NONE,0.0,"Model-derived risk probability is 0.0006, remaining well below the 0.50 suspicious triage threshold. ; Incident subgraph contains minimal structural connectivity (1 entity node(s), 0 directed edge(s)). ; Total transaction volume within the 72-hour incident window is ₹0.00 (average transfer: ₹0.00). ; No multi-hop fund routing or complex layering chains detected (max hop distance: 0). ; No illicit ATM cash-withdrawal terminal connections identified in the incident window.",5,No significant laundering pattern was detected at the configured risk threshold. Activity consistent with benign peer-to-peer transfers.,NONE
C000713,ENT_000327,0.0462,0,NORMAL,NONE,NONE,0.0,"Model-derived risk probability is 0.0462, remaining well below the 0.50 suspicious triage threshold. ; Incident subgraph contains minimal structural connectivity (5 entity node(s), 4 directed edge(s)). ; Total transaction volume within the 72-hour incident window is ₹7,251.44 (average transfer: ₹1,812.86). ; No multi-hop fund routing or complex layering chains detected (max hop distance: 3). ; No illicit ATM cash-withdrawal terminal connections identified in the incident window.",5,No significant laundering pattern was detected at the configured risk threshold. Activity consistent with benign peer-to-peer transfers.,NONE
C000714,ENT_000644,0.0028,0,NORMAL,NONE,NONE,0.0,"Model-derived risk probability is 0.0028, remaining well below the 0.50 suspicious triage threshold. ; Incident subgraph contains minimal structural connectivity (2 entity node(s), 1 directed edge(s)). ; Total transaction volume within the 72-hour incident window is ₹15,972.18 (average transfer: ₹15,972.18). ; No multi-hop fund routing or complex layering chains detected (max hop distance: 1). ; No illicit ATM cash-withdrawal terminal connections identified in the incident window.",5,No significant laundering pattern was detected at the configured risk threshold. Activity consistent with benign peer-to-peer transfers.,NONE
C000715,ENT_000132,0.0006,0,NORMAL,NONE,NONE,0.0,"Model-derived risk probability is 0.0006, remaining well below the 0.50 suspicious triage threshold. ; Incident subgraph contains minimal structural connectivity (1 entity node(s), 0 directed edge(s)). ; Total transaction volume within the 72-hour incident window is ₹0.00 (average transfer: ₹0.00). ; No multi-hop fund routing or complex layering chains detected (max hop distance: 0). ; No illicit ATM cash-withdrawal terminal connections identified in the incident window.",5,No significant laundering pattern was detected at the configured risk threshold. Activity consistent with benign peer-to-peer transfers.,NONE
C000716,ENT_000617,0.0009,0,NORMAL,NONE,NONE,0.0,"Model-derived risk probability is 0.0009, remaining well below the 0.50 suspicious triage threshold. ; Incident subgraph contains minimal structural connectivity (1 entity node(s), 0 directed edge(s)). ; Total transaction volume within the 72-hour incident window is ₹0.00 (average transfer: ₹0.00). ; No multi-hop fund routing or complex layering chains detected (max hop distance: 0). ; No illicit ATM cash-withdrawal terminal connections identified in the incident window.",5,No significant laundering pattern was detected at the configured risk threshold. Activity consistent with benign peer-to-peer transfers.,NONE
C000717,ENT_000402,0.0038,0,NORMAL,NONE,NONE,0.0,"Model-derived risk probability is 0.0038, remaining well below the 0.50 suspicious triage threshold. ; Incident subgraph contains minimal structural connectivity (3 entity node(s), 2 directed edge(s)). ; Total transaction volume within the 72-hour incident window is ₹13,487.38 (average transfer: ₹6,743.69). ; No multi-hop fund routing or complex layering chains detected (max hop distance: 2). ; No illicit ATM cash-withdrawal terminal connections identified in the incident window.",5,No significant laundering pattern was detected at the configured risk threshold. Activity consistent with benign peer-to-peer transfers.,NONE
C000718,ENT_000318,0.0036,0,NORMAL,NONE,NONE,0.0,"Model-derived risk probability is 0.0036, remaining well below the 0.50 suspicious triage threshold. ; Incident subgraph contains minimal structural connectivity (3 entity node(s), 2 directed edge(s)). ; Total transaction volume within the 72-hour incident window is ₹43,756.89 (average transfer: ₹21,878.44). ; No multi-hop fund routing or complex layering chains detected (max hop distance: 1). ; No illicit ATM cash-withdrawal terminal connections identified in the incident window.",5,No significant laundering pattern was detected at the configured risk threshold. Activity consistent with benign peer-to-peer transfers.,NONE
C000719,ENT_000645,0.1371,0,NORMAL,NONE,NONE,0.0,"Model-derived risk probability is 0.1371, remaining well below the 0.50 suspicious triage threshold. ; Incident subgraph contains minimal structural connectivity (8 entity node(s), 7 directed edge(s)). ; Total transaction volume within the 72-hour incident window is ₹91,925.76 (average transfer: ₹13,132.25). ; No multi-hop fund routing or complex layering chains detected (max hop distance: 3). ; No illicit ATM cash-withdrawal terminal connections identified in the incident window.",5,No significant laundering pattern was detected at the configured risk threshold. Activity consistent with benign peer-to-peer transfers.,NONE
C000720,ENT_000661,0.3483,0,NORMAL,NONE,NONE,0.0,"Model-derived risk probability is 0.3483, remaining well below the 0.50 suspicious triage threshold. ; Incident subgraph contains minimal structural connectivity (6 entity node(s), 5 directed edge(s)). ; Total transaction volume within the 72-hour incident window is ₹529,306.23 (average transfer: ₹105,861.25). ; No multi-hop fund routing or complex layering chains detected (max hop distance: 3). ; No illicit ATM cash-withdrawal terminal connections identified in the incident window.",5,No significant laundering pattern was detected at the configured risk threshold. Activity consistent with benign peer-to-peer transfers.,NONE
C000721,ENT_000628,0.9931,1,HIGH_CONFIDENCE,NONE,NONE,0.0,"GraphSAGE GNN assessed an elevated risk probability of 0.9931 (Tier: HIGH_CONFIDENCE). ; Unusual concentration of transaction activity observed within the 72-hour incident window. ; The incident graph spans 3 transaction hops, indicating multi-stage fund routing away from the complaint account. ; Cumulative transaction volume reached ₹518,932.78 with a peak single transfer of ₹349,768.73. ; Subnetwork connects 7 entities across 6 directed transaction edges (average node degree: 1.71, incident in-degree: 0, out-degree: 1). ; Graph topology exhibits high structural similarity (1.00) to cataloged reference laundering patterns.",6,High-risk multi-hop transaction activity with strong graph evidence was detected. Priority investigation recommended for root entity ENT_000628 and connected intermediaries.,NONE
C000722,ENT_000646,0.0006,0,NORMAL,NONE,NONE,0.0,"Model-derived risk probability is 0.0006, remaining well below the 0.50 suspicious triage threshold. ; Incident subgraph contains minimal structural connectivity (1 entity node(s), 0 directed edge(s)). ; Total transaction volume within the 72-hour incident window is ₹0.00 (average transfer: ₹0.00). ; No multi-hop fund routing or complex layering chains detected (max hop distance: 0). ; No illicit ATM cash-withdrawal terminal connections identified in the incident window.",5,No significant laundering pattern was detected at the configured risk threshold. Activity consistent with benign peer-to-peer transfers.,NONE
C000723,ENT_000690,0.3323,0,NORMAL,NONE,NONE,0.0,"Model-derived risk probability is 0.3323, remaining well below the 0.50 suspicious triage threshold. ; Incident subgraph contains minimal structural connectivity (8 entity node(s), 7 directed edge(s)). ; Total transaction volume within the 72-hour incident window is ₹129,066.55 (average transfer: ₹18,438.08). ; No multi-hop fund routing or complex layering chains detected (max hop distance: 3). ; No illicit ATM cash-withdrawal terminal connections identified in the incident window.",5,No significant laundering pattern was detected at the configured risk threshold. Activity consistent with benign peer-to-peer transfers.,NONE
C000724,ENT_000357,0.0031,0,NORMAL,NONE,NONE,0.0,"Model-derived risk probability is 0.0031, remaining well below the 0.50 suspicious triage threshold. ; Incident subgraph contains minimal structural connectivity (3 entity node(s), 2 directed edge(s)). ; Total transaction volume within the 72-hour incident window is ₹3,370.48 (average transfer: ₹1,685.24). ; No multi-hop fund routing or complex layering chains detected (max hop distance: 2). ; No illicit ATM cash-withdrawal terminal connections identified in the incident window.",5,No significant laundering pattern was detected at the configured risk threshold. Activity consistent with benign peer-to-peer transfers.,NONE
C000725,ENT_000602,0.0012,0,NORMAL,NONE,NONE,0.0,"Model-derived risk probability is 0.0012, remaining well below the 0.50 suspicious triage threshold. ; Incident subgraph contains minimal structural connectivity (1 entity node(s), 0 directed edge(s)). ; Total transaction volume within the 72-hour incident window is ₹0.00 (average transfer: ₹0.00). ; No multi-hop fund routing or complex layering chains detected (max hop distance: 0). ; No illicit ATM cash-withdrawal terminal connections identified in the incident window.",5,No significant laundering pattern was detected at the configured risk threshold. Activity consistent with benign peer-to-peer transfers.,NONE
C000726,ENT_000503,0.0008,0,NORMAL,NONE,NONE,0.0,"Model-derived risk probability is 0.0008, remaining well below the 0.50 suspicious triage threshold. ; Incident subgraph contains minimal structural connectivity (1 entity node(s), 0 directed edge(s)). ; Total transaction volume within the 72-hour incident window is ₹0.00 (average transfer: ₹0.00). ; No multi-hop fund routing or complex layering chains detected (max hop distance: 0). ; No illicit ATM cash-withdrawal terminal connections identified in the incident window.",5,No significant laundering pattern was detected at the configured risk threshold. Activity consistent with benign peer-to-peer transfers.,NONE
C000727,ENT_000696,0.0013,0,NORMAL,NONE,NONE,0.0,"Model-derived risk probability is 0.0013, remaining well below the 0.50 suspicious triage threshold. ; Incident subgraph contains minimal structural connectivity (2 entity node(s), 1 directed edge(s)). ; Total transaction volume within the 72-hour incident window is ₹1,232.87 (average transfer: ₹1,232.87). ; No multi-hop fund routing or complex layering chains detected (max hop distance: 1). ; No illicit ATM cash-withdrawal terminal connections identified in the incident window.",5,No significant laundering pattern was detected at the configured risk threshold. Activity consistent with benign peer-to-peer transfers.,NONE
C000728,ENT_000175,0.2187,0,NORMAL,NONE,NONE,0.0,"Model-derived risk probability is 0.2187, remaining well below the 0.50 suspicious triage threshold. ; Incident subgraph contains minimal structural connectivity (4 entity node(s), 3 directed edge(s)). ; Total transaction volume within the 72-hour incident window is ₹373,950.15 (average transfer: ₹124,650.05). ; No multi-hop fund routing or complex layering chains detected (max hop distance: 3). ; No illicit ATM cash-withdrawal terminal connections identified in the incident window.",5,No significant laundering pattern was detected at the configured risk threshold. Activity consistent with benign peer-to-peer transfers.,NONE
C000729,ENT_000445,0.0013,0,NORMAL,NONE,NONE,0.0,"Model-derived risk probability is 0.0013, remaining well below the 0.50 suspicious triage threshold. ; Incident subgraph contains minimal structural connectivity (1 entity node(s), 0 directed edge(s)). ; Total transaction volume within the 72-hour incident window is ₹0.00 (average transfer: ₹0.00). ; No multi-hop fund routing or complex layering chains detected (max hop distance: 0). ; No illicit ATM cash-withdrawal terminal connections identified in the incident window.",5,No significant laundering pattern was detected at the configured risk threshold. Activity consistent with benign peer-to-peer transfers.,NONE
C000730,ENT_000571,0.621,1,HIGH_CONFIDENCE,NONE,NONE,0.0,"GraphSAGE GNN assessed an elevated risk probability of 0.6210 (Tier: HIGH_CONFIDENCE). ; Unusual concentration of transaction activity observed within the 72-hour incident window. ; The incident graph spans 3 transaction hops, indicating multi-stage fund routing away from the complaint account. ; Cumulative transaction volume reached ₹444,790.02 with a peak single transfer of ₹402,954.70. ; Subnetwork connects 7 entities across 6 directed transaction edges (average node degree: 1.71, incident in-degree: 0, out-degree: 1). ; Graph topology exhibits high structural similarity (0.99) to cataloged reference laundering patterns.",6,High-risk multi-hop transaction activity with strong graph evidence was detected. Priority investigation recommended for root entity ENT_000571 and connected intermediaries.,NONE
C000731,ENT_000245,0.001,0,NORMAL,NONE,NONE,0.0,"Model-derived risk probability is 0.0010, remaining well below the 0.50 suspicious triage threshold. ; Incident subgraph contains minimal structural connectivity (1 entity node(s), 0 directed edge(s)). ; Total transaction volume within the 72-hour incident window is ₹0.00 (average transfer: ₹0.00). ; No multi-hop fund routing or complex layering chains detected (max hop distance: 0). ; No illicit ATM cash-withdrawal terminal connections identified in the incident window.",5,No significant laundering pattern was detected at the configured risk threshold. Activity consistent with benign peer-to-peer transfers.,NONE
C000732,ENT_000477,0.3795,0,NORMAL,NONE,NONE,0.0,"Model-derived risk probability is 0.3795, remaining well below the 0.50 suspicious triage threshold. ; Incident subgraph contains minimal structural connectivity (7 entity node(s), 6 directed edge(s)). ; Total transaction volume within the 72-hour incident window is ₹341,637.43 (average transfer: ₹56,939.57). ; No multi-hop fund routing or complex layering chains detected (max hop distance: 3). ; No illicit ATM cash-withdrawal terminal connections identified in the incident window.",5,No significant laundering pattern was detected at the configured risk threshold. Activity consistent with benign peer-to-peer transfers.,NONE
C000733,ENT_000382,0.0008,0,NORMAL,NONE,NONE,0.0,"Model-derived risk probability is 0.0008, remaining well below the 0.50 suspicious triage threshold. ; Incident subgraph contains minimal structural connectivity (1 entity node(s), 0 directed edge(s)). ; Total transaction volume within the 72-hour incident window is ₹0.00 (average transfer: ₹0.00). ; No multi-hop fund routing or complex layering chains detected (max hop distance: 0). ; No illicit ATM cash-withdrawal terminal connections identified in the incident window.",5,No significant laundering pattern was detected at the configured risk threshold. Activity consistent with benign peer-to-peer transfers.,NONE
C000734,ENT_000394,0.0024,0,NORMAL,NONE,NONE,0.0,"Model-derived risk probability is 0.0024, remaining well below the 0.50 suspicious triage threshold. ; Incident subgraph contains minimal structural connectivity (2 entity node(s), 1 directed edge(s)). ; Total transaction volume within the 72-hour incident window is ₹4,035.50 (average transfer: ₹4,035.50). ; No multi-hop fund routing or complex layering chains detected (max hop distance: 1). ; No illicit ATM cash-withdrawal terminal connections identified in the incident window.",5,No significant laundering pattern was detected at the configured risk threshold. Activity consistent with benign peer-to-peer transfers.,NONE
C000735,ENT_000630,0.001,0,NORMAL,NONE,NONE,0.0,"Model-derived risk probability is 0.0010, remaining well below the 0.50 suspicious triage threshold. ; Incident subgraph contains minimal structural connectivity (1 entity node(s), 0 directed edge(s)). ; Total transaction volume within the 72-hour incident window is ₹0.00 (average transfer: ₹0.00). ; No multi-hop fund routing or complex layering chains detected (max hop distance: 0). ; No illicit ATM cash-withdrawal terminal connections identified in the incident window.",5,No significant laundering pattern was detected at the configured risk threshold. Activity consistent with benign peer-to-peer transfers.,NONE
C000736,ENT_000608,0.0006,0,NORMAL,NONE,NONE,0.0,"Model-derived risk probability is 0.0006, remaining well below the 0.50 suspicious triage threshold. ; Incident subgraph contains minimal structural connectivity (1 entity node(s), 0 directed edge(s)). ; Total transaction volume within the 72-hour incident window is ₹0.00 (average transfer: ₹0.00). ; No multi-hop fund routing or complex layering chains detected (max hop distance: 0). ; No illicit ATM cash-withdrawal terminal connections identified in the incident window.",5,No significant laundering pattern was detected at the configured risk threshold. Activity consistent with benign peer-to-peer transfers.,NONE
C000737,ENT_000205,0.0696,0,NORMAL,NONE,NONE,0.0,"Model-derived risk probability is 0.0696, remaining well below the 0.50 suspicious triage threshold. ; Incident subgraph contains minimal structural connectivity (7 entity node(s), 6 directed edge(s)). ; Total transaction volume within the 72-hour incident window is ₹30,502.33 (average transfer: ₹5,083.72). ; No multi-hop fund routing or complex layering chains detected (max hop distance: 3). ; No illicit ATM cash-withdrawal terminal connections identified in the incident window.",5,No significant laundering pattern was detected at the configured risk threshold. Activity consistent with benign peer-to-peer transfers.,NONE
C000738,ENT_000564,0.0089,0,NORMAL,NONE,NONE,0.0,"Model-derived risk probability is 0.0089, remaining well below the 0.50 suspicious triage threshold. ; Incident subgraph contains minimal structural connectivity (3 entity node(s), 2 directed edge(s)). ; Total transaction volume within the 72-hour incident window is ₹5,633.84 (average transfer: ₹2,816.92). ; No multi-hop fund routing or complex layering chains detected (max hop distance: 2). ; No illicit ATM cash-withdrawal terminal connections identified in the incident window.",5,No significant laundering pattern was detected at the configured risk threshold. Activity consistent with benign peer-to-peer transfers.,NONE
C000739,ENT_000176,0.0025,0,NORMAL,NONE,NONE,0.0,"Model-derived risk probability is 0.0025, remaining well below the 0.50 suspicious triage threshold. ; Incident subgraph contains minimal structural connectivity (2 entity node(s), 1 directed edge(s)). ; Total transaction volume within the 72-hour incident window is ₹11,150.79 (average transfer: ₹11,150.79). ; No multi-hop fund routing or complex layering chains detected (max hop distance: 1). ; No illicit ATM cash-withdrawal terminal connections identified in the incident window.",5,No significant laundering pattern was detected at the configured risk threshold. Activity consistent with benign peer-to-peer transfers.,NONE
C000740,ENT_000119,0.998,1,HIGH_CONFIDENCE,NONE,NONE,0.0,"GraphSAGE GNN assessed an elevated risk probability of 0.9980 (Tier: HIGH_CONFIDENCE). ; Unusual concentration of transaction activity observed within the 72-hour incident window. ; The incident graph spans 3 transaction hops, indicating multi-stage fund routing away from the complaint account. ; Cumulative transaction volume reached ₹790,326.06 with a peak single transfer of ₹304,493.40. ; Subnetwork connects 6 entities across 5 directed transaction edges (average node degree: 1.67, incident in-degree: 1, out-degree: 0). ; Graph topology exhibits high structural similarity (1.00) to cataloged reference laundering patterns.",6,High-risk multi-hop transaction activity with strong graph evidence was detected. Priority investigation recommended for root entity ENT_000119 and connected intermediaries.,NONE
C000741,ENT_000053,0.0012,0,NORMAL,NONE,NONE,0.0,"Model-derived risk probability is 0.0012, remaining well below the 0.50 suspicious triage threshold. ; Incident subgraph contains minimal structural connectivity (2 entity node(s), 1 directed edge(s)). ; Total transaction volume within the 72-hour incident window is ₹2,908.43 (average transfer: ₹2,908.43). ; No multi-hop fund routing or complex layering chains detected (max hop distance: 1). ; No illicit ATM cash-withdrawal terminal connections identified in the incident window.",5,No significant laundering pattern was detected at the configured risk threshold. Activity consistent with benign peer-to-peer transfers.,NONE
C000742,ENT_000005,0.0011,0,NORMAL,NONE,NONE,0.0,"Model-derived risk probability is 0.0011, remaining well below the 0.50 suspicious triage threshold. ; Incident subgraph contains minimal structural connectivity (1 entity node(s), 0 directed edge(s)). ; Total transaction volume within the 72-hour incident window is ₹0.00 (average transfer: ₹0.00). ; No multi-hop fund routing or complex layering chains detected (max hop distance: 0). ; No illicit ATM cash-withdrawal terminal connections identified in the incident window.",5,No significant laundering pattern was detected at the configured risk threshold. Activity consistent with benign peer-to-peer transfers.,NONE
C000743,ENT_000448,0.001,0,NORMAL,NONE,NONE,0.0,"Model-derived risk probability is 0.0010, remaining well below the 0.50 suspicious triage threshold. ; Incident subgraph contains minimal structural connectivity (1 entity node(s), 0 directed edge(s)). ; Total transaction volume within the 72-hour incident window is ₹0.00 (average transfer: ₹0.00). ; No multi-hop fund routing or complex layering chains detected (max hop distance: 0). ; No illicit ATM cash-withdrawal terminal connections identified in the incident window.",5,No significant laundering pattern was detected at the configured risk threshold. Activity consistent with benign peer-to-peer transfers.,NONE
C000744,ENT_000050,0.0716,0,NORMAL,NONE,NONE,0.0,"Model-derived risk probability is 0.0716, remaining well below the 0.50 suspicious triage threshold. ; Incident subgraph contains minimal structural connectivity (4 entity node(s), 3 directed edge(s)). ; Total transaction volume within the 72-hour incident window is ₹331,809.71 (average transfer: ₹110,603.24). ; No multi-hop fund routing or complex layering chains detected (max hop distance: 3). ; No illicit ATM cash-withdrawal terminal connections identified in the incident window.",5,No significant laundering pattern was detected at the configured risk threshold. Activity consistent with benign peer-to-peer transfers.,NONE
C000745,ENT_000148,0.9777,1,HIGH_CONFIDENCE,NONE,NONE,0.0,"GraphSAGE GNN assessed an elevated risk probability of 0.9777 (Tier: HIGH_CONFIDENCE). ; Unusual concentration of transaction activity observed within the 72-hour incident window. ; The incident graph spans 3 transaction hops, indicating multi-stage fund routing away from the complaint account. ; Cumulative transaction volume reached ₹606,022.90 with a peak single transfer of ₹258,655.68. ; Subnetwork connects 13 entities across 12 directed transaction edges (average node degree: 1.85, incident in-degree: 1, out-degree: 1). ; Graph topology exhibits high structural similarity (1.00) to cataloged reference laundering patterns.",6,High-risk multi-hop transaction activity with strong graph evidence was detected. Priority investigation recommended for root entity ENT_000148 and connected intermediaries.,NONE
C000746,ENT_000457,0.002,0,NORMAL,NONE,NONE,0.0,"Model-derived risk probability is 0.0020, remaining well below the 0.50 suspicious triage threshold. ; Incident subgraph contains minimal structural connectivity (2 entity node(s), 1 directed edge(s)). ; Total transaction volume within the 72-hour incident window is ₹2,737.10 (average transfer: ₹2,737.10). ; No multi-hop fund routing or complex layering chains detected (max hop distance: 1). ; No illicit ATM cash-withdrawal terminal connections identified in the incident window.",5,No significant laundering pattern was detected at the configured risk threshold. Activity consistent with benign peer-to-peer transfers.,NONE
C000747,ENT_000119,0.0134,0,NORMAL,NONE,NONE,0.0,"Model-derived risk probability is 0.0134, remaining well below the 0.50 suspicious triage threshold. ; Incident subgraph contains minimal structural connectivity (4 entity node(s), 3 directed edge(s)). ; Total transaction volume within the 72-hour incident window is ₹2,479.04 (average transfer: ₹826.35). ; No multi-hop fund routing or complex layering chains detected (max hop distance: 3). ; No illicit ATM cash-withdrawal terminal connections identified in the incident window.",5,No significant laundering pattern was detected at the configured risk threshold. Activity consistent with benign peer-to-peer transfers.,NONE
C000748,ENT_000194,0.0006,0,NORMAL,NONE,NONE,0.0,"Model-derived risk probability is 0.0006, remaining well below the 0.50 suspicious triage threshold. ; Incident subgraph contains minimal structural connectivity (1 entity node(s), 0 directed edge(s)). ; Total transaction volume within the 72-hour incident window is ₹0.00 (average transfer: ₹0.00). ; No multi-hop fund routing or complex layering chains detected (max hop distance: 0). ; No illicit ATM cash-withdrawal terminal connections identified in the incident window.",5,No significant laundering pattern was detected at the configured risk threshold. Activity consistent with benign peer-to-peer transfers.,NONE
C000749,ENT_000244,0.0016,0,NORMAL,NONE,NONE,0.0,"Model-derived risk probability is 0.0016, remaining well below the 0.50 suspicious triage threshold. ; Incident subgraph contains minimal structural connectivity (2 entity node(s), 1 directed edge(s)). ; Total transaction volume within the 72-hour incident window is ₹748.65 (average transfer: ₹748.65). ; No multi-hop fund routing or complex layering chains detected (max hop distance: 1). ; No illicit ATM cash-withdrawal terminal connections identified in the incident window.",5,No significant laundering pattern was detected at the configured risk threshold. Activity consistent with benign peer-to-peer transfers.,NONE
C000750,ENT_000015,0.0975,0,NORMAL,NONE,NONE,0.0,"Model-derived risk probability is 0.0975, remaining well below the 0.50 suspicious triage threshold. ; Incident subgraph contains minimal structural connectivity (3 entity node(s), 3 directed edge(s)). ; Total transaction volume within the 72-hour incident window is ₹281,427.18 (average transfer: ₹93,809.06). ; No multi-hop fund routing or complex layering chains detected (max hop distance: 1). ; No illicit ATM cash-withdrawal terminal connections identified in the incident window.",5,No significant laundering pattern was detected at the configured risk threshold. Activity consistent with benign peer-to-peer transfers.,NONE
C000751,ENT_000361,0.0006,0,NORMAL,NONE,NONE,0.0,"Model-derived risk probability is 0.0006, remaining well below the 0.50 suspicious triage threshold. ; Incident subgraph contains minimal structural connectivity (1 entity node(s), 0 directed edge(s)). ; Total transaction volume within the 72-hour incident window is ₹0.00 (average transfer: ₹0.00). ; No multi-hop fund routing or complex layering chains detected (max hop distance: 0). ; No illicit ATM cash-withdrawal terminal connections identified in the incident window.",5,No significant laundering pattern was detected at the configured risk threshold. Activity consistent with benign peer-to-peer transfers.,NONE
C000752,ENT_000376,0.0009,0,NORMAL,NONE,NONE,0.0,"Model-derived risk probability is 0.0009, remaining well below the 0.50 suspicious triage threshold. ; Incident subgraph contains minimal structural connectivity (1 entity node(s), 0 directed edge(s)). ; Total transaction volume within the 72-hour incident window is ₹0.00 (average transfer: ₹0.00). ; No multi-hop fund routing or complex layering chains detected (max hop distance: 0). ; No illicit ATM cash-withdrawal terminal connections identified in the incident window.",5,No significant laundering pattern was detected at the configured risk threshold. Activity consistent with benign peer-to-peer transfers.,NONE
C000753,ENT_000663,0.0008,0,NORMAL,NONE,NONE,0.0,"Model-derived risk probability is 0.0008, remaining well below the 0.50 suspicious triage threshold. ; Incident subgraph contains minimal structural connectivity (1 entity node(s), 0 directed edge(s)). ; Total transaction volume within the 72-hour incident window is ₹0.00 (average transfer: ₹0.00). ; No multi-hop fund routing or complex layering chains detected (max hop distance: 0). ; No illicit ATM cash-withdrawal terminal connections identified in the incident window.",5,No significant laundering pattern was detected at the configured risk threshold. Activity consistent with benign peer-to-peer transfers.,NONE
C000754,ENT_000260,0.0012,0,NORMAL,NONE,NONE,0.0,"Model-derived risk probability is 0.0012, remaining well below the 0.50 suspicious triage threshold. ; Incident subgraph contains minimal structural connectivity (1 entity node(s), 0 directed edge(s)). ; Total transaction volume within the 72-hour incident window is ₹0.00 (average transfer: ₹0.00). ; No multi-hop fund routing or complex layering chains detected (max hop distance: 0). ; No illicit ATM cash-withdrawal terminal connections identified in the incident window.",5,No significant laundering pattern was detected at the configured risk threshold. Activity consistent with benign peer-to-peer transfers.,NONE
C000755,ENT_000182,0.0065,0,NORMAL,NONE,NONE,0.0,"Model-derived risk probability is 0.0065, remaining well below the 0.50 suspicious triage threshold. ; Incident subgraph contains minimal structural connectivity (4 entity node(s), 3 directed edge(s)). ; Total transaction volume within the 72-hour incident window is ₹1,837.20 (average transfer: ₹612.40). ; No multi-hop fund routing or complex layering chains detected (max hop distance: 2). ; No illicit ATM cash-withdrawal terminal connections identified in the incident window.",5,No significant laundering pattern was detected at the configured risk threshold. Activity consistent with benign peer-to-peer transfers.,NONE
C000756,ENT_000202,0.5451,1,MEDIUM_CONFIDENCE,NONE,NONE,0.0,"GraphSAGE GNN assessed an elevated risk probability of 0.5451 (Tier: MEDIUM_CONFIDENCE). ; Unusual concentration of transaction activity observed within the 72-hour incident window. ; The incident graph spans 3 transaction hops, indicating multi-stage fund routing away from the complaint account. ; Cumulative transaction volume reached ₹69,046.48 with a peak single transfer of ₹32,179.01. ; Subnetwork connects 9 entities across 8 directed transaction edges (average node degree: 1.78, incident in-degree: 0, out-degree: 1). ; Graph topology exhibits high structural similarity (0.99) to cataloged reference laundering patterns.",6,"Elevated transaction risk detected around entity ENT_000202. Multi-hop activity observed, but supporting terminal or structural reference evidence remains partial.",NONE
C000757,ENT_000582,0.8558,1,HIGH_CONFIDENCE,ATM_001,Hyderabad,0.5369,"GraphSAGE GNN assessed an elevated risk probability of 0.8558 (Tier: HIGH_CONFIDENCE). ; Unusual concentration of transaction activity observed within the 72-hour incident window. ; The incident graph spans 3 transaction hops, indicating multi-stage fund routing away from the complaint account. ; Cumulative transaction volume reached ₹421,094.64 with a peak single transfer of ₹211,327.62. ; Subnetwork connects 4 entities across 3 directed transaction edges (average node degree: 1.50, incident in-degree: 0, out-degree: 1). ; Likely downstream cash exit identified at terminal ATM_001 in Hyderabad (terminal risk score: 0.54, ₹4,779.23 withdrawn across 1 transaction(s)). ; Graph topology exhibits high structural similarity (0.99) to cataloged reference laundering patterns.",7,High-risk multi-hop transaction activity with downstream cash-out behavior was detected. Priority investigation recommended for root entity ENT_000582 and exit terminal ATM_001 (Hyderabad).,"Terminal: ATM_001 (Hyderabad) | Risk Score: 0.54 | Distance: 1 hop(s) | Cash Volume: ₹4,779.23 (1 tx) | Timing Delta: 33.4h from incident"
C000758,ENT_000352,0.156,0,NORMAL,NONE,NONE,0.0,"Model-derived risk probability is 0.1560, remaining well below the 0.50 suspicious triage threshold. ; Incident subgraph contains minimal structural connectivity (6 entity node(s), 5 directed edge(s)). ; Total transaction volume within the 72-hour incident window is ₹431,293.97 (average transfer: ₹86,258.79). ; No multi-hop fund routing or complex layering chains detected (max hop distance: 3). ; No illicit ATM cash-withdrawal terminal connections identified in the incident window.",5,No significant laundering pattern was detected at the configured risk threshold. Activity consistent with benign peer-to-peer transfers.,NONE
C000759,ENT_000428,0.0106,0,NORMAL,NONE,NONE,0.0,"Model-derived risk probability is 0.0106, remaining well below the 0.50 suspicious triage threshold. ; Incident subgraph contains minimal structural connectivity (3 entity node(s), 2 directed edge(s)). ; Total transaction volume within the 72-hour incident window is ₹22,415.31 (average transfer: ₹11,207.66). ; No multi-hop fund routing or complex layering chains detected (max hop distance: 2). ; No illicit ATM cash-withdrawal terminal connections identified in the incident window.",5,No significant laundering pattern was detected at the configured risk threshold. Activity consistent with benign peer-to-peer transfers.,NONE
C000760,ENT_000681,0.1468,0,NORMAL,NONE,NONE,0.0,"Model-derived risk probability is 0.1468, remaining well below the 0.50 suspicious triage threshold. ; Incident subgraph contains minimal structural connectivity (5 entity node(s), 4 directed edge(s)). ; Total transaction volume within the 72-hour incident window is ₹51,274.02 (average transfer: ₹12,818.50). ; No multi-hop fund routing or complex layering chains detected (max hop distance: 3). ; No illicit ATM cash-withdrawal terminal connections identified in the incident window.",5,No significant laundering pattern was detected at the configured risk threshold. Activity consistent with benign peer-to-peer transfers.,NONE
C000761,ENT_000095,0.004,0,NORMAL,ATM_050,Patna,0.652,"Model-derived risk probability is 0.0040, remaining well below the 0.50 suspicious triage threshold. ; Incident subgraph contains minimal structural connectivity (2 entity node(s), 1 directed edge(s)). ; Total transaction volume within the 72-hour incident window is ₹37,559.79 (average transfer: ₹37,559.79). ; No multi-hop fund routing or complex layering chains detected (max hop distance: 1). ; No illicit ATM cash-withdrawal terminal connections identified in the incident window.",5,No significant laundering pattern was detected at the configured risk threshold. Activity consistent with benign peer-to-peer transfers.,"Terminal: ATM_050 (Patna) | Risk Score: 0.65 | Distance: 1 hop(s) | Cash Volume: ₹37,559.79 (1 tx) | Timing Delta: 50.8h from incident"
C000762,ENT_000211,0.0007,0,NORMAL,NONE,NONE,0.0,"Model-derived risk probability is 0.0007, remaining well below the 0.50 suspicious triage threshold. ; Incident subgraph contains minimal structural connectivity (1 entity node(s), 0 directed edge(s)). ; Total transaction volume within the 72-hour incident window is ₹0.00 (average transfer: ₹0.00). ; No multi-hop fund routing or complex layering chains detected (max hop distance: 0). ; No illicit ATM cash-withdrawal terminal connections identified in the incident window.",5,No significant laundering pattern was detected at the configured risk threshold. Activity consistent with benign peer-to-peer transfers.,NONE
C000763,ENT_000561,0.0013,0,NORMAL,NONE,NONE,0.0,"Model-derived risk probability is 0.0013, remaining well below the 0.50 suspicious triage threshold. ; Incident subgraph contains minimal structural connectivity (2 entity node(s), 1 directed edge(s)). ; Total transaction volume within the 72-hour incident window is ₹3,225.55 (average transfer: ₹3,225.55). ; No multi-hop fund routing or complex layering chains detected (max hop distance: 1). ; No illicit ATM cash-withdrawal terminal connections identified in the incident window.",5,No significant laundering pattern was detected at the configured risk threshold. Activity consistent with benign peer-to-peer transfers.,NONE
C000764,ENT_000025,0.0006,0,NORMAL,NONE,NONE,0.0,"Model-derived risk probability is 0.0006, remaining well below the 0.50 suspicious triage threshold. ; Incident subgraph contains minimal structural connectivity (1 entity node(s), 0 directed edge(s)). ; Total transaction volume within the 72-hour incident window is ₹0.00 (average transfer: ₹0.00). ; No multi-hop fund routing or complex layering chains detected (max hop distance: 0). ; No illicit ATM cash-withdrawal terminal connections identified in the incident window.",5,No significant laundering pattern was detected at the configured risk threshold. Activity consistent with benign peer-to-peer transfers.,NONE
C000765,ENT_000519,0.0026,0,NORMAL,NONE,NONE,0.0,"Model-derived risk probability is 0.0026, remaining well below the 0.50 suspicious triage threshold. ; Incident subgraph contains minimal structural connectivity (2 entity node(s), 1 directed edge(s)). ; Total transaction volume within the 72-hour incident window is ₹4,548.51 (average transfer: ₹4,548.51). ; No multi-hop fund routing or complex layering chains detected (max hop distance: 1). ; No illicit ATM cash-withdrawal terminal connections identified in the incident window.",5,No significant laundering pattern was detected at the configured risk threshold. Activity consistent with benign peer-to-peer transfers.,NONE
C000766,ENT_000026,0.0007,0,NORMAL,NONE,NONE,0.0,"Model-derived risk probability is 0.0007, remaining well below the 0.50 suspicious triage threshold. ; Incident subgraph contains minimal structural connectivity (1 entity node(s), 0 directed edge(s)). ; Total transaction volume within the 72-hour incident window is ₹0.00 (average transfer: ₹0.00). ; No multi-hop fund routing or complex layering chains detected (max hop distance: 0). ; No illicit ATM cash-withdrawal terminal connections identified in the incident window.",5,No significant laundering pattern was detected at the configured risk threshold. Activity consistent with benign peer-to-peer transfers.,NONE
C000767,ENT_000060,0.0007,0,NORMAL,NONE,NONE,0.0,"Model-derived risk probability is 0.0007, remaining well below the 0.50 suspicious triage threshold. ; Incident subgraph contains minimal structural connectivity (1 entity node(s), 0 directed edge(s)). ; Total transaction volume within the 72-hour incident window is ₹0.00 (average transfer: ₹0.00). ; No multi-hop fund routing or complex layering chains detected (max hop distance: 0). ; No illicit ATM cash-withdrawal terminal connections identified in the incident window.",5,No significant laundering pattern was detected at the configured risk threshold. Activity consistent with benign peer-to-peer transfers.,NONE
C000768,ENT_000596,0.0433,0,NORMAL,NONE,NONE,0.0,"Model-derived risk probability is 0.0433, remaining well below the 0.50 suspicious triage threshold. ; Incident subgraph contains minimal structural connectivity (7 entity node(s), 6 directed edge(s)). ; Total transaction volume within the 72-hour incident window is ₹24,595.78 (average transfer: ₹4,099.30). ; No multi-hop fund routing or complex layering chains detected (max hop distance: 3). ; No illicit ATM cash-withdrawal terminal connections identified in the incident window.",5,No significant laundering pattern was detected at the configured risk threshold. Activity consistent with benign peer-to-peer transfers.,NONE
C000769,ENT_000281,0.0007,0,NORMAL,NONE,NONE,0.0,"Model-derived risk probability is 0.0007, remaining well below the 0.50 suspicious triage threshold. ; Incident subgraph contains minimal structural connectivity (1 entity node(s), 0 directed edge(s)). ; Total transaction volume within the 72-hour incident window is ₹0.00 (average transfer: ₹0.00). ; No multi-hop fund routing or complex layering chains detected (max hop distance: 0). ; No illicit ATM cash-withdrawal terminal connections identified in the incident window.",5,No significant laundering pattern was detected at the configured risk threshold. Activity consistent with benign peer-to-peer transfers.,NONE
C000770,ENT_000700,0.0086,0,NORMAL,NONE,NONE,0.0,"Model-derived risk probability is 0.0086, remaining well below the 0.50 suspicious triage threshold. ; Incident subgraph contains minimal structural connectivity (3 entity node(s), 2 directed edge(s)). ; Total transaction volume within the 72-hour incident window is ₹36,467.02 (average transfer: ₹18,233.51). ; No multi-hop fund routing or complex layering chains detected (max hop distance: 2). ; No illicit ATM cash-withdrawal terminal connections identified in the incident window.",5,No significant laundering pattern was detected at the configured risk threshold. Activity consistent with benign peer-to-peer transfers.,NONE
C000771,ENT_000385,0.0015,0,NORMAL,NONE,NONE,0.0,"Model-derived risk probability is 0.0015, remaining well below the 0.50 suspicious triage threshold. ; Incident subgraph contains minimal structural connectivity (2 entity node(s), 1 directed edge(s)). ; Total transaction volume within the 72-hour incident window is ₹546.53 (average transfer: ₹546.53). ; No multi-hop fund routing or complex layering chains detected (max hop distance: 1). ; No illicit ATM cash-withdrawal terminal connections identified in the incident window.",5,No significant laundering pattern was detected at the configured risk threshold. Activity consistent with benign peer-to-peer transfers.,NONE
C000772,ENT_000671,0.0063,0,NORMAL,NONE,NONE,0.0,"Model-derived risk probability is 0.0063, remaining well below the 0.50 suspicious triage threshold. ; Incident subgraph contains minimal structural connectivity (3 entity node(s), 2 directed edge(s)). ; Total transaction volume within the 72-hour incident window is ₹4,552.37 (average transfer: ₹2,276.18). ; No multi-hop fund routing or complex layering chains detected (max hop distance: 2). ; No illicit ATM cash-withdrawal terminal connections identified in the incident window.",5,No significant laundering pattern was detected at the configured risk threshold. Activity consistent with benign peer-to-peer transfers.,NONE
C000773,ENT_000174,0.9297,1,HIGH_CONFIDENCE,ATM_017,Delhi,0.5573,"GraphSAGE GNN assessed an elevated risk probability of 0.9297 (Tier: HIGH_CONFIDENCE). ; Unusual concentration of transaction activity observed within the 72-hour incident window. ; The incident graph spans 3 transaction hops, indicating multi-stage fund routing away from the complaint account. ; Cumulative transaction volume reached ₹563,027.76 with a peak single transfer of ₹284,043.70. ; Subnetwork connects 4 entities across 3 directed transaction edges (average node degree: 1.50, incident in-degree: 0, out-degree: 1). ; Likely downstream cash exit identified at terminal ATM_017 in Delhi (terminal risk score: 0.56, ₹1,265.69 withdrawn across 1 transaction(s)). ; Graph topology exhibits high structural similarity (0.99) to cataloged reference laundering patterns.",7,High-risk multi-hop transaction activity with downstream cash-out behavior was detected. Priority investigation recommended for root entity ENT_000174 and exit terminal ATM_017 (Delhi).,"Terminal: ATM_017 (Delhi) | Risk Score: 0.56 | Distance: 1 hop(s) | Cash Volume: ₹1,265.69 (1 tx) | Timing Delta: 7.2h from incident"
C000774,ENT_000686,0.0099,0,NORMAL,NONE,NONE,0.0,"Model-derived risk probability is 0.0099, remaining well below the 0.50 suspicious triage threshold. ; Incident subgraph contains minimal structural connectivity (4 entity node(s), 3 directed edge(s)). ; Total transaction volume within the 72-hour incident window is ₹7,747.84 (average transfer: ₹2,582.61). ; No multi-hop fund routing or complex layering chains detected (max hop distance: 2). ; No illicit ATM cash-withdrawal terminal connections identified in the incident window.",5,No significant laundering pattern was detected at the configured risk threshold. Activity consistent with benign peer-to-peer transfers.,NONE
C000775,ENT_000365,0.0006,0,NORMAL,NONE,NONE,0.0,"Model-derived risk probability is 0.0006, remaining well below the 0.50 suspicious triage threshold. ; Incident subgraph contains minimal structural connectivity (1 entity node(s), 0 directed edge(s)). ; Total transaction volume within the 72-hour incident window is ₹0.00 (average transfer: ₹0.00). ; No multi-hop fund routing or complex layering chains detected (max hop distance: 0). ; No illicit ATM cash-withdrawal terminal connections identified in the incident window.",5,No significant laundering pattern was detected at the configured risk threshold. Activity consistent with benign peer-to-peer transfers.,NONE
C000776,ENT_000171,0.9994,1,HIGH_CONFIDENCE,NONE,NONE,0.0,"GraphSAGE GNN assessed an elevated risk probability of 0.9994 (Tier: HIGH_CONFIDENCE). ; Unusual concentration of transaction activity observed within the 72-hour incident window. ; The incident graph spans 3 transaction hops, indicating multi-stage fund routing away from the complaint account. ; Cumulative transaction volume reached ₹1,449,150.36 with a peak single transfer of ₹259,566.20. ; Subnetwork connects 14 entities across 13 directed transaction edges (average node degree: 1.86, incident in-degree: 0, out-degree: 1). ; Graph topology exhibits high structural similarity (1.00) to cataloged reference laundering patterns.",6,High-risk multi-hop transaction activity with strong graph evidence was detected. Priority investigation recommended for root entity ENT_000171 and connected intermediaries.,NONE
C000777,ENT_000017,0.0097,0,NORMAL,NONE,NONE,0.0,"Model-derived risk probability is 0.0097, remaining well below the 0.50 suspicious triage threshold. ; Incident subgraph contains minimal structural connectivity (3 entity node(s), 2 directed edge(s)). ; Total transaction volume within the 72-hour incident window is ₹29,494.24 (average transfer: ₹14,747.12). ; No multi-hop fund routing or complex layering chains detected (max hop distance: 2). ; No illicit ATM cash-withdrawal terminal connections identified in the incident window.",5,No significant laundering pattern was detected at the configured risk threshold. Activity consistent with benign peer-to-peer transfers.,NONE
C000778,ENT_000671,0.3689,0,NORMAL,NONE,NONE,0.0,"Model-derived risk probability is 0.3689, remaining well below the 0.50 suspicious triage threshold. ; Incident subgraph contains minimal structural connectivity (10 entity node(s), 9 directed edge(s)). ; Total transaction volume within the 72-hour incident window is ₹118,154.30 (average transfer: ₹13,128.26). ; No multi-hop fund routing or complex layering chains detected (max hop distance: 3). ; No illicit ATM cash-withdrawal terminal connections identified in the incident window.",5,No significant laundering pattern was detected at the configured risk threshold. Activity consistent with benign peer-to-peer transfers.,NONE
C000779,ENT_000668,0.001,0,NORMAL,NONE,NONE,0.0,"Model-derived risk probability is 0.0010, remaining well below the 0.50 suspicious triage threshold. ; Incident subgraph contains minimal structural connectivity (1 entity node(s), 0 directed edge(s)). ; Total transaction volume within the 72-hour incident window is ₹0.00 (average transfer: ₹0.00). ; No multi-hop fund routing or complex layering chains detected (max hop distance: 0). ; No illicit ATM cash-withdrawal terminal connections identified in the incident window.",5,No significant laundering pattern was detected at the configured risk threshold. Activity consistent with benign peer-to-peer transfers.,NONE
C000780,ENT_000088,0.0028,0,NORMAL,NONE,NONE,0.0,"Model-derived risk probability is 0.0028, remaining well below the 0.50 suspicious triage threshold. ; Incident subgraph contains minimal structural connectivity (3 entity node(s), 2 directed edge(s)). ; Total transaction volume within the 72-hour incident window is ₹4,796.17 (average transfer: ₹2,398.09). ; No multi-hop fund routing or complex layering chains detected (max hop distance: 1). ; No illicit ATM cash-withdrawal terminal connections identified in the incident window.",5,No significant laundering pattern was detected at the configured risk threshold. Activity consistent with benign peer-to-peer transfers.,NONE
C000781,ENT_000079,0.0008,0,NORMAL,NONE,NONE,0.0,"Model-derived risk probability is 0.0008, remaining well below the 0.50 suspicious triage threshold. ; Incident subgraph contains minimal structural connectivity (1 entity node(s), 0 directed edge(s)). ; Total transaction volume within the 72-hour incident window is ₹0.00 (average transfer: ₹0.00). ; No multi-hop fund routing or complex layering chains detected (max hop distance: 0). ; No illicit ATM cash-withdrawal terminal connections identified in the incident window.",5,No significant laundering pattern was detected at the configured risk threshold. Activity consistent with benign peer-to-peer transfers.,NONE
C000782,ENT_000642,0.9993,1,HIGH_CONFIDENCE,NONE,NONE,0.0,"GraphSAGE GNN assessed an elevated risk probability of 0.9993 (Tier: HIGH_CONFIDENCE). ; Unusual concentration of transaction activity observed within the 72-hour incident window. ; The incident graph spans 3 transaction hops, indicating multi-stage fund routing away from the complaint account. ; Cumulative transaction volume reached ₹1,214,411.66 with a peak single transfer of ₹340,898.49. ; Subnetwork connects 14 entities across 21 directed transaction edges (average node degree: 3.00, incident in-degree: 4, out-degree: 2). ; Graph topology exhibits high structural similarity (1.00) to cataloged reference laundering patterns.",6,High-risk multi-hop transaction activity with strong graph evidence was detected. Priority investigation recommended for root entity ENT_000642 and connected intermediaries.,NONE
C000783,ENT_000122,0.9889,1,HIGH_CONFIDENCE,NONE,NONE,0.0,"GraphSAGE GNN assessed an elevated risk probability of 0.9889 (Tier: HIGH_CONFIDENCE). ; Unusual concentration of transaction activity observed within the 72-hour incident window. ; The incident graph spans 3 transaction hops, indicating multi-stage fund routing away from the complaint account. ; Cumulative transaction volume reached ₹544,286.73 with a peak single transfer of ₹182,612.98. ; Subnetwork connects 6 entities across 5 directed transaction edges (average node degree: 1.67, incident in-degree: 0, out-degree: 1). ; Graph topology exhibits high structural similarity (1.00) to cataloged reference laundering patterns.",6,High-risk multi-hop transaction activity with strong graph evidence was detected. Priority investigation recommended for root entity ENT_000122 and connected intermediaries.,NONE
C000784,ENT_000415,0.0013,0,NORMAL,NONE,NONE,0.0,"Model-derived risk probability is 0.0013, remaining well below the 0.50 suspicious triage threshold. ; Incident subgraph contains minimal structural connectivity (2 entity node(s), 1 directed edge(s)). ; Total transaction volume within the 72-hour incident window is ₹3,098.19 (average transfer: ₹3,098.19). ; No multi-hop fund routing or complex layering chains detected (max hop distance: 1). ; No illicit ATM cash-withdrawal terminal connections identified in the incident window.",5,No significant laundering pattern was detected at the configured risk threshold. Activity consistent with benign peer-to-peer transfers.,NONE
C000785,ENT_000057,0.9997,1,HIGH_CONFIDENCE,NONE,NONE,0.0,"GraphSAGE GNN assessed an elevated risk probability of 0.9997 (Tier: HIGH_CONFIDENCE). ; Unusual concentration of transaction activity observed within the 72-hour incident window. ; The incident graph spans 3 transaction hops, indicating multi-stage fund routing away from the complaint account. ; Cumulative transaction volume reached ₹930,372.93 with a peak single transfer of ₹241,832.58. ; Subnetwork connects 8 entities across 7 directed transaction edges (average node degree: 1.75, incident in-degree: 1, out-degree: 0). ; Graph topology exhibits high structural similarity (1.00) to cataloged reference laundering patterns.",6,High-risk multi-hop transaction activity with strong graph evidence was detected. Priority investigation recommended for root entity ENT_000057 and connected intermediaries.,NONE
C000786,ENT_000106,0.7318,1,HIGH_CONFIDENCE,ATM_001,Hyderabad,0.8174,"GraphSAGE GNN assessed an elevated risk probability of 0.7318 (Tier: HIGH_CONFIDENCE). ; Unusual concentration of transaction activity observed within the 72-hour incident window. ; The incident graph spans 3 transaction hops, indicating multi-stage fund routing away from the complaint account. ; Cumulative transaction volume reached ₹667,308.58 with a peak single transfer of ₹255,213.70. ; Subnetwork connects 22 entities across 21 directed transaction edges (average node degree: 1.91, incident in-degree: 0, out-degree: 2). ; Likely downstream cash exit identified at terminal ATM_001 in Hyderabad (terminal risk score: 0.82, ₹255,213.70 withdrawn across 1 transaction(s)). ; Graph topology exhibits high structural similarity (1.00) to cataloged reference laundering patterns.",7,High-risk multi-hop transaction activity with downstream cash-out behavior was detected. Priority investigation recommended for root entity ENT_000106 and exit terminal ATM_001 (Hyderabad).,"Terminal: ATM_001 (Hyderabad) | Risk Score: 0.82 | Distance: 2 hop(s) | Cash Volume: ₹255,213.70 (1 tx) | Timing Delta: 33.5h from incident"
C000787,ENT_000282,0.2702,0,NORMAL,NONE,NONE,0.0,"Model-derived risk probability is 0.2702, remaining well below the 0.50 suspicious triage threshold. ; Incident subgraph contains minimal structural connectivity (5 entity node(s), 4 directed edge(s)). ; Total transaction volume within the 72-hour incident window is ₹887,472.28 (average transfer: ₹221,868.07). ; No multi-hop fund routing or complex layering chains detected (max hop distance: 3). ; No illicit ATM cash-withdrawal terminal connections identified in the incident window.",5,No significant laundering pattern was detected at the configured risk threshold. Activity consistent with benign peer-to-peer transfers.,NONE
C000788,ENT_000121,0.0016,0,NORMAL,NONE,NONE,0.0,"Model-derived risk probability is 0.0016, remaining well below the 0.50 suspicious triage threshold. ; Incident subgraph contains minimal structural connectivity (2 entity node(s), 1 directed edge(s)). ; Total transaction volume within the 72-hour incident window is ₹4,401.06 (average transfer: ₹4,401.06). ; No multi-hop fund routing or complex layering chains detected (max hop distance: 1). ; No illicit ATM cash-withdrawal terminal connections identified in the incident window.",5,No significant laundering pattern was detected at the configured risk threshold. Activity consistent with benign peer-to-peer transfers.,NONE
C000789,ENT_000122,0.0161,0,NORMAL,NONE,NONE,0.0,"Model-derived risk probability is 0.0161, remaining well below the 0.50 suspicious triage threshold. ; Incident subgraph contains minimal structural connectivity (4 entity node(s), 3 directed edge(s)). ; Total transaction volume within the 72-hour incident window is ₹40,808.75 (average transfer: ₹13,602.92). ; No multi-hop fund routing or complex layering chains detected (max hop distance: 2). ; No illicit ATM cash-withdrawal terminal connections identified in the incident window.",5,No significant laundering pattern was detected at the configured risk threshold. Activity consistent with benign peer-to-peer transfers.,NONE
C000790,ENT_000413,0.001,0,NORMAL,NONE,NONE,0.0,"Model-derived risk probability is 0.0010, remaining well below the 0.50 suspicious triage threshold. ; Incident subgraph contains minimal structural connectivity (1 entity node(s), 0 directed edge(s)). ; Total transaction volume within the 72-hour incident window is ₹0.00 (average transfer: ₹0.00). ; No multi-hop fund routing or complex layering chains detected (max hop distance: 0). ; No illicit ATM cash-withdrawal terminal connections identified in the incident window.",5,No significant laundering pattern was detected at the configured risk threshold. Activity consistent with benign peer-to-peer transfers.,NONE
C000791,ENT_000450,0.0253,0,NORMAL,NONE,NONE,0.0,"Model-derived risk probability is 0.0253, remaining well below the 0.50 suspicious triage threshold. ; Incident subgraph contains minimal structural connectivity (5 entity node(s), 4 directed edge(s)). ; Total transaction volume within the 72-hour incident window is ₹51,377.54 (average transfer: ₹12,844.39). ; No multi-hop fund routing or complex layering chains detected (max hop distance: 3). ; No illicit ATM cash-withdrawal terminal connections identified in the incident window.",5,No significant laundering pattern was detected at the configured risk threshold. Activity consistent with benign peer-to-peer transfers.,NONE
C000792,ENT_000600,0.0008,0,NORMAL,NONE,NONE,0.0,"Model-derived risk probability is 0.0008, remaining well below the 0.50 suspicious triage threshold. ; Incident subgraph contains minimal structural connectivity (1 entity node(s), 0 directed edge(s)). ; Total transaction volume within the 72-hour incident window is ₹0.00 (average transfer: ₹0.00). ; No multi-hop fund routing or complex layering chains detected (max hop distance: 0). ; No illicit ATM cash-withdrawal terminal connections identified in the incident window.",5,No significant laundering pattern was detected at the configured risk threshold. Activity consistent with benign peer-to-peer transfers.,NONE
C000793,ENT_000465,0.0201,0,NORMAL,NONE,NONE,0.0,"Model-derived risk probability is 0.0201, remaining well below the 0.50 suspicious triage threshold. ; Incident subgraph contains minimal structural connectivity (4 entity node(s), 3 directed edge(s)). ; Total transaction volume within the 72-hour incident window is ₹23,024.74 (average transfer: ₹7,674.91). ; No multi-hop fund routing or complex layering chains detected (max hop distance: 3). ; No illicit ATM cash-withdrawal terminal connections identified in the incident window.",5,No significant laundering pattern was detected at the configured risk threshold. Activity consistent with benign peer-to-peer transfers.,NONE
C000794,ENT_000071,0.0226,0,NORMAL,NONE,NONE,0.0,"Model-derived risk probability is 0.0226, remaining well below the 0.50 suspicious triage threshold. ; Incident subgraph contains minimal structural connectivity (5 entity node(s), 4 directed edge(s)). ; Total transaction volume within the 72-hour incident window is ₹22,917.31 (average transfer: ₹5,729.33). ; No multi-hop fund routing or complex layering chains detected (max hop distance: 1). ; No illicit ATM cash-withdrawal terminal connections identified in the incident window.",5,No significant laundering pattern was detected at the configured risk threshold. Activity consistent with benign peer-to-peer transfers.,NONE
C000795,ENT_000360,0.0312,0,NORMAL,NONE,NONE,0.0,"Model-derived risk probability is 0.0312, remaining well below the 0.50 suspicious triage threshold. ; Incident subgraph contains minimal structural connectivity (5 entity node(s), 4 directed edge(s)). ; Total transaction volume within the 72-hour incident window is ₹93,120.14 (average transfer: ₹23,280.03). ; No multi-hop fund routing or complex layering chains detected (max hop distance: 2). ; No illicit ATM cash-withdrawal terminal connections identified in the incident window.",5,No significant laundering pattern was detected at the configured risk threshold. Activity consistent with benign peer-to-peer transfers.,NONE
C000796,ENT_000315,0.0006,0,NORMAL,NONE,NONE,0.0,"Model-derived risk probability is 0.0006, remaining well below the 0.50 suspicious triage threshold. ; Incident subgraph contains minimal structural connectivity (1 entity node(s), 0 directed edge(s)). ; Total transaction volume within the 72-hour incident window is ₹0.00 (average transfer: ₹0.00). ; No multi-hop fund routing or complex layering chains detected (max hop distance: 0). ; No illicit ATM cash-withdrawal terminal connections identified in the incident window.",5,No significant laundering pattern was detected at the configured risk threshold. Activity consistent with benign peer-to-peer transfers.,NONE
C000797,ENT_000331,0.0012,0,NORMAL,NONE,NONE,0.0,"Model-derived risk probability is 0.0012, remaining well below the 0.50 suspicious triage threshold. ; Incident subgraph contains minimal structural connectivity (1 entity node(s), 0 directed edge(s)). ; Total transaction volume within the 72-hour incident window is ₹0.00 (average transfer: ₹0.00). ; No multi-hop fund routing or complex layering chains detected (max hop distance: 0). ; No illicit ATM cash-withdrawal terminal connections identified in the incident window.",5,No significant laundering pattern was detected at the configured risk threshold. Activity consistent with benign peer-to-peer transfers.,NONE
C000798,ENT_000238,0.0038,0,NORMAL,NONE,NONE,0.0,"Model-derived risk probability is 0.0038, remaining well below the 0.50 suspicious triage threshold. ; Incident subgraph contains minimal structural connectivity (2 entity node(s), 1 directed edge(s)). ; Total transaction volume within the 72-hour incident window is ₹45,644.23 (average transfer: ₹45,644.23). ; No multi-hop fund routing or complex layering chains detected (max hop distance: 1). ; No illicit ATM cash-withdrawal terminal connections identified in the incident window.",5,No significant laundering pattern was detected at the configured risk threshold. Activity consistent with benign peer-to-peer transfers.,NONE
C000799,ENT_000138,0.001,0,NORMAL,NONE,NONE,0.0,"Model-derived risk probability is 0.0010, remaining well below the 0.50 suspicious triage threshold. ; Incident subgraph contains minimal structural connectivity (1 entity node(s), 0 directed edge(s)). ; Total transaction volume within the 72-hour incident window is ₹0.00 (average transfer: ₹0.00). ; No multi-hop fund routing or complex layering chains detected (max hop distance: 0). ; No illicit ATM cash-withdrawal terminal connections identified in the incident window.",5,No significant laundering pattern was detected at the configured risk threshold. Activity consistent with benign peer-to-peer transfers.,NONE
C000800,ENT_000014,0.9894,1,HIGH_CONFIDENCE,NONE,NONE,0.0,"GraphSAGE GNN assessed an elevated risk probability of 0.9894 (Tier: HIGH_CONFIDENCE). ; Unusual concentration of transaction activity observed within the 72-hour incident window. ; The incident graph spans 3 transaction hops, indicating multi-stage fund routing away from the complaint account. ; Cumulative transaction volume reached ₹1,922,070.03 with a peak single transfer of ₹423,501.45. ; Subnetwork connects 16 entities across 15 directed transaction edges (average node degree: 1.88, incident in-degree: 3, out-degree: 2). ; Graph topology exhibits high structural similarity (1.00) to cataloged reference laundering patterns.",6,High-risk multi-hop transaction activity with strong graph evidence was detected. Priority investigation recommended for root entity ENT_000014 and connected intermediaries.,NONE
C000801,ENT_000292,0.9979,1,HIGH_CONFIDENCE,NONE,NONE,0.0,"GraphSAGE GNN assessed an elevated risk probability of 0.9979 (Tier: HIGH_CONFIDENCE). ; Unusual concentration of transaction activity observed within the 72-hour incident window. ; The incident graph spans 3 transaction hops, indicating multi-stage fund routing away from the complaint account. ; Cumulative transaction volume reached ₹668,194.53 with a peak single transfer of ₹303,402.01. ; Subnetwork connects 10 entities across 9 directed transaction edges (average node degree: 1.80, incident in-degree: 2, out-degree: 1). ; Graph topology exhibits high structural similarity (1.00) to cataloged reference laundering patterns.",6,High-risk multi-hop transaction activity with strong graph evidence was detected. Priority investigation recommended for root entity ENT_000292 and connected intermediaries.,NONE
C000802,ENT_000424,0.3781,0,NORMAL,NONE,NONE,0.0,"Model-derived risk probability is 0.3781, remaining well below the 0.50 suspicious triage threshold. ; Incident subgraph contains minimal structural connectivity (4 entity node(s), 4 directed edge(s)). ; Total transaction volume within the 72-hour incident window is ₹43,257.35 (average transfer: ₹10,814.34). ; No multi-hop fund routing or complex layering chains detected (max hop distance: 3). ; No illicit ATM cash-withdrawal terminal connections identified in the incident window.",5,No significant laundering pattern was detected at the configured risk threshold. Activity consistent with benign peer-to-peer transfers.,NONE
C000803,ENT_000077,0.9948,1,HIGH_CONFIDENCE,NONE,NONE,0.0,"GraphSAGE GNN assessed an elevated risk probability of 0.9948 (Tier: HIGH_CONFIDENCE). ; Unusual concentration of transaction activity observed within the 72-hour incident window. ; The incident graph spans 3 transaction hops, indicating multi-stage fund routing away from the complaint account. ; Cumulative transaction volume reached ₹567,755.07 with a peak single transfer of ₹186,682.30. ; Subnetwork connects 7 entities across 7 directed transaction edges (average node degree: 2.00, incident in-degree: 2, out-degree: 0). ; Graph topology exhibits high structural similarity (1.00) to cataloged reference laundering patterns.",6,High-risk multi-hop transaction activity with strong graph evidence was detected. Priority investigation recommended for root entity ENT_000077 and connected intermediaries.,NONE
C000804,ENT_000150,0.002,0,NORMAL,NONE,NONE,0.0,"Model-derived risk probability is 0.0020, remaining well below the 0.50 suspicious triage threshold. ; Incident subgraph contains minimal structural connectivity (2 entity node(s), 1 directed edge(s)). ; Total transaction volume within the 72-hour incident window is ₹693.53 (average transfer: ₹693.53). ; No multi-hop fund routing or complex layering chains detected (max hop distance: 1). ; No illicit ATM cash-withdrawal terminal connections identified in the incident window.",5,No significant laundering pattern was detected at the configured risk threshold. Activity consistent with benign peer-to-peer transfers.,NONE
C000805,ENT_000369,0.1072,0,NORMAL,NONE,NONE,0.0,"Model-derived risk probability is 0.1072, remaining well below the 0.50 suspicious triage threshold. ; Incident subgraph contains minimal structural connectivity (5 entity node(s), 4 directed edge(s)). ; Total transaction volume within the 72-hour incident window is ₹8,287.29 (average transfer: ₹2,071.82). ; No multi-hop fund routing or complex layering chains detected (max hop distance: 3). ; No illicit ATM cash-withdrawal terminal connections identified in the incident window.",5,No significant laundering pattern was detected at the configured risk threshold. Activity consistent with benign peer-to-peer transfers.,NONE
C000806,ENT_000145,0.0011,0,NORMAL,NONE,NONE,0.0,"Model-derived risk probability is 0.0011, remaining well below the 0.50 suspicious triage threshold. ; Incident subgraph contains minimal structural connectivity (1 entity node(s), 0 directed edge(s)). ; Total transaction volume within the 72-hour incident window is ₹0.00 (average transfer: ₹0.00). ; No multi-hop fund routing or complex layering chains detected (max hop distance: 0). ; No illicit ATM cash-withdrawal terminal connections identified in the incident window.",5,No significant laundering pattern was detected at the configured risk threshold. Activity consistent with benign peer-to-peer transfers.,NONE
C000807,ENT_000584,0.0053,0,NORMAL,NONE,NONE,0.0,"Model-derived risk probability is 0.0053, remaining well below the 0.50 suspicious triage threshold. ; Incident subgraph contains minimal structural connectivity (3 entity node(s), 2 directed edge(s)). ; Total transaction volume within the 72-hour incident window is ₹8,518.37 (average transfer: ₹4,259.19). ; No multi-hop fund routing or complex layering chains detected (max hop distance: 1). ; No illicit ATM cash-withdrawal terminal connections identified in the incident window.",5,No significant laundering pattern was detected at the configured risk threshold. Activity consistent with benign peer-to-peer transfers.,NONE
C000808,ENT_000099,0.0007,0,NORMAL,NONE,NONE,0.0,"Model-derived risk probability is 0.0007, remaining well below the 0.50 suspicious triage threshold. ; Incident subgraph contains minimal structural connectivity (1 entity node(s), 0 directed edge(s)). ; Total transaction volume within the 72-hour incident window is ₹0.00 (average transfer: ₹0.00). ; No multi-hop fund routing or complex layering chains detected (max hop distance: 0). ; No illicit ATM cash-withdrawal terminal connections identified in the incident window.",5,No significant laundering pattern was detected at the configured risk threshold. Activity consistent with benign peer-to-peer transfers.,NONE
C000809,ENT_000538,0.9823,1,HIGH_CONFIDENCE,NONE,NONE,0.0,"GraphSAGE GNN assessed an elevated risk probability of 0.9823 (Tier: HIGH_CONFIDENCE). ; Unusual concentration of transaction activity observed within the 72-hour incident window. ; The incident graph spans 3 transaction hops, indicating multi-stage fund routing away from the complaint account. ; Cumulative transaction volume reached ₹174,493.46 with a peak single transfer of ₹46,685.13. ; Subnetwork connects 14 entities across 13 directed transaction edges (average node degree: 1.86, incident in-degree: 0, out-degree: 1). ; Graph topology exhibits high structural similarity (1.00) to cataloged reference laundering patterns.",6,High-risk multi-hop transaction activity with strong graph evidence was detected. Priority investigation recommended for root entity ENT_000538 and connected intermediaries.,NONE
C000810,ENT_000411,0.0475,0,NORMAL,NONE,NONE,0.0,"Model-derived risk probability is 0.0475, remaining well below the 0.50 suspicious triage threshold. ; Incident subgraph contains minimal structural connectivity (4 entity node(s), 4 directed edge(s)). ; Total transaction volume within the 72-hour incident window is ₹47,067.83 (average transfer: ₹11,766.96). ; No multi-hop fund routing or complex layering chains detected (max hop distance: 2). ; No illicit ATM cash-withdrawal terminal connections identified in the incident window.",5,No significant laundering pattern was detected at the configured risk threshold. Activity consistent with benign peer-to-peer transfers.,NONE
C000811,ENT_000168,0.1945,0,NORMAL,NONE,NONE,0.0,"Model-derived risk probability is 0.1945, remaining well below the 0.50 suspicious triage threshold. ; Incident subgraph contains minimal structural connectivity (6 entity node(s), 5 directed edge(s)). ; Total transaction volume within the 72-hour incident window is ₹424,906.91 (average transfer: ₹84,981.38). ; No multi-hop fund routing or complex layering chains detected (max hop distance: 3). ; No illicit ATM cash-withdrawal terminal connections identified in the incident window.",5,No significant laundering pattern was detected at the configured risk threshold. Activity consistent with benign peer-to-peer transfers.,NONE
C000812,ENT_000482,0.0014,0,NORMAL,NONE,NONE,0.0,"Model-derived risk probability is 0.0014, remaining well below the 0.50 suspicious triage threshold. ; Incident subgraph contains minimal structural connectivity (2 entity node(s), 1 directed edge(s)). ; Total transaction volume within the 72-hour incident window is ₹2,540.10 (average transfer: ₹2,540.10). ; No multi-hop fund routing or complex layering chains detected (max hop distance: 1). ; No illicit ATM cash-withdrawal terminal connections identified in the incident window.",5,No significant laundering pattern was detected at the configured risk threshold. Activity consistent with benign peer-to-peer transfers.,NONE
C000813,ENT_000328,0.0012,0,NORMAL,NONE,NONE,0.0,"Model-derived risk probability is 0.0012, remaining well below the 0.50 suspicious triage threshold. ; Incident subgraph contains minimal structural connectivity (1 entity node(s), 0 directed edge(s)). ; Total transaction volume within the 72-hour incident window is ₹0.00 (average transfer: ₹0.00). ; No multi-hop fund routing or complex layering chains detected (max hop distance: 0). ; No illicit ATM cash-withdrawal terminal connections identified in the incident window.",5,No significant laundering pattern was detected at the configured risk threshold. Activity consistent with benign peer-to-peer transfers.,NONE
C000814,ENT_000456,0.0012,0,NORMAL,NONE,NONE,0.0,"Model-derived risk probability is 0.0012, remaining well below the 0.50 suspicious triage threshold. ; Incident subgraph contains minimal structural connectivity (1 entity node(s), 0 directed edge(s)). ; Total transaction volume within the 72-hour incident window is ₹0.00 (average transfer: ₹0.00). ; No multi-hop fund routing or complex layering chains detected (max hop distance: 0). ; No illicit ATM cash-withdrawal terminal connections identified in the incident window.",5,No significant laundering pattern was detected at the configured risk threshold. Activity consistent with benign peer-to-peer transfers.,NONE
C000815,ENT_000039,0.0858,0,NORMAL,NONE,NONE,0.0,"Model-derived risk probability is 0.0858, remaining well below the 0.50 suspicious triage threshold. ; Incident subgraph contains minimal structural connectivity (4 entity node(s), 3 directed edge(s)). ; Total transaction volume within the 72-hour incident window is ₹452,028.50 (average transfer: ₹150,676.17). ; No multi-hop fund routing or complex layering chains detected (max hop distance: 3). ; No illicit ATM cash-withdrawal terminal connections identified in the incident window.",5,No significant laundering pattern was detected at the configured risk threshold. Activity consistent with benign peer-to-peer transfers.,NONE
C000816,ENT_000474,0.0007,0,NORMAL,NONE,NONE,0.0,"Model-derived risk probability is 0.0007, remaining well below the 0.50 suspicious triage threshold. ; Incident subgraph contains minimal structural connectivity (1 entity node(s), 0 directed edge(s)). ; Total transaction volume within the 72-hour incident window is ₹0.00 (average transfer: ₹0.00). ; No multi-hop fund routing or complex layering chains detected (max hop distance: 0). ; No illicit ATM cash-withdrawal terminal connections identified in the incident window.",5,No significant laundering pattern was detected at the configured risk threshold. Activity consistent with benign peer-to-peer transfers.,NONE
C000817,ENT_000016,0.0096,0,NORMAL,NONE,NONE,0.0,"Model-derived risk probability is 0.0096, remaining well below the 0.50 suspicious triage threshold. ; Incident subgraph contains minimal structural connectivity (3 entity node(s), 2 directed edge(s)). ; Total transaction volume within the 72-hour incident window is ₹5,190.05 (average transfer: ₹2,595.02). ; No multi-hop fund routing or complex layering chains detected (max hop distance: 2). ; No illicit ATM cash-withdrawal terminal connections identified in the incident window.",5,No significant laundering pattern was detected at the configured risk threshold. Activity consistent with benign peer-to-peer transfers.,NONE
C000818,ENT_000404,0.0006,0,NORMAL,NONE,NONE,0.0,"Model-derived risk probability is 0.0006, remaining well below the 0.50 suspicious triage threshold. ; Incident subgraph contains minimal structural connectivity (1 entity node(s), 0 directed edge(s)). ; Total transaction volume within the 72-hour incident window is ₹0.00 (average transfer: ₹0.00). ; No multi-hop fund routing or complex layering chains detected (max hop distance: 0). ; No illicit ATM cash-withdrawal terminal connections identified in the incident window.",5,No significant laundering pattern was detected at the configured risk threshold. Activity consistent with benign peer-to-peer transfers.,NONE
C000819,ENT_000597,1.0,1,HIGH_CONFIDENCE,NONE,NONE,0.0,"GraphSAGE GNN assessed an elevated risk probability of 1.0000 (Tier: HIGH_CONFIDENCE). ; Unusual concentration of transaction activity observed within the 72-hour incident window. ; The incident graph spans 3 transaction hops, indicating multi-stage fund routing away from the complaint account. ; Cumulative transaction volume reached ₹2,043,720.88 with a peak single transfer of ₹445,550.06. ; Subnetwork connects 22 entities across 25 directed transaction edges (average node degree: 2.27, incident in-degree: 1, out-degree: 1). ; Graph topology exhibits high structural similarity (1.00) to cataloged reference laundering patterns.",6,High-risk multi-hop transaction activity with strong graph evidence was detected. Priority investigation recommended for root entity ENT_000597 and connected intermediaries.,NONE
C000820,ENT_000457,0.0053,0,NORMAL,NONE,NONE,0.0,"Model-derived risk probability is 0.0053, remaining well below the 0.50 suspicious triage threshold. ; Incident subgraph contains minimal structural connectivity (3 entity node(s), 2 directed edge(s)). ; Total transaction volume within the 72-hour incident window is ₹49,185.07 (average transfer: ₹24,592.53). ; No multi-hop fund routing or complex layering chains detected (max hop distance: 1). ; No illicit ATM cash-withdrawal terminal connections identified in the incident window.",5,No significant laundering pattern was detected at the configured risk threshold. Activity consistent with benign peer-to-peer transfers.,NONE
C000821,ENT_000638,0.7579,1,HIGH_CONFIDENCE,NONE,NONE,0.0,"GraphSAGE GNN assessed an elevated risk probability of 0.7579 (Tier: HIGH_CONFIDENCE). ; Unusual concentration of transaction activity observed within the 72-hour incident window. ; The incident graph spans 3 transaction hops, indicating multi-stage fund routing away from the complaint account. ; Cumulative transaction volume reached ₹459,859.35 with a peak single transfer of ₹455,501.23. ; Subnetwork connects 5 entities across 4 directed transaction edges (average node degree: 1.60, incident in-degree: 0, out-degree: 1). ; Graph topology exhibits high structural similarity (0.98) to cataloged reference laundering patterns.",6,High-risk multi-hop transaction activity with strong graph evidence was detected. Priority investigation recommended for root entity ENT_000638 and connected intermediaries.,NONE
C000822,ENT_000691,0.0045,0,NORMAL,ATM_050,Patna,0.5613,"Model-derived risk probability is 0.0045, remaining well below the 0.50 suspicious triage threshold. ; Incident subgraph contains minimal structural connectivity (3 entity node(s), 2 directed edge(s)). ; Total transaction volume within the 72-hour incident window is ₹5,049.44 (average transfer: ₹2,524.72). ; No multi-hop fund routing or complex layering chains detected (max hop distance: 1). ; No illicit ATM cash-withdrawal terminal connections identified in the incident window.",5,No significant laundering pattern was detected at the configured risk threshold. Activity consistent with benign peer-to-peer transfers.,Terminal: ATM_050 (Patna) | Risk Score: 0.56 | Distance: 1 hop(s) | Cash Volume: ₹354.72 (1 tx) | Timing Delta: 13.2h from incident
C000823,ENT_000355,0.0009,0,NORMAL,NONE,NONE,0.0,"Model-derived risk probability is 0.0009, remaining well below the 0.50 suspicious triage threshold. ; Incident subgraph contains minimal structural connectivity (1 entity node(s), 0 directed edge(s)). ; Total transaction volume within the 72-hour incident window is ₹0.00 (average transfer: ₹0.00). ; No multi-hop fund routing or complex layering chains detected (max hop distance: 0). ; No illicit ATM cash-withdrawal terminal connections identified in the incident window.",5,No significant laundering pattern was detected at the configured risk threshold. Activity consistent with benign peer-to-peer transfers.,NONE
C000824,ENT_000349,0.2954,0,NORMAL,NONE,NONE,0.0,"Model-derived risk probability is 0.2954, remaining well below the 0.50 suspicious triage threshold. ; Incident subgraph contains minimal structural connectivity (10 entity node(s), 9 directed edge(s)). ; Total transaction volume within the 72-hour incident window is ₹181,779.65 (average transfer: ₹20,197.74). ; No multi-hop fund routing or complex layering chains detected (max hop distance: 3). ; No illicit ATM cash-withdrawal terminal connections identified in the incident window.",5,No significant laundering pattern was detected at the configured risk threshold. Activity consistent with benign peer-to-peer transfers.,NONE
C000825,ENT_000469,0.0013,0,NORMAL,NONE,NONE,0.0,"Model-derived risk probability is 0.0013, remaining well below the 0.50 suspicious triage threshold. ; Incident subgraph contains minimal structural connectivity (1 entity node(s), 0 directed edge(s)). ; Total transaction volume within the 72-hour incident window is ₹0.00 (average transfer: ₹0.00). ; No multi-hop fund routing or complex layering chains detected (max hop distance: 0). ; No illicit ATM cash-withdrawal terminal connections identified in the incident window.",5,No significant laundering pattern was detected at the configured risk threshold. Activity consistent with benign peer-to-peer transfers.,NONE
C000826,ENT_000572,0.6568,1,HIGH_CONFIDENCE,NONE,NONE,0.0,"GraphSAGE GNN assessed an elevated risk probability of 0.6568 (Tier: HIGH_CONFIDENCE). ; Unusual concentration of transaction activity observed within the 72-hour incident window. ; The incident graph spans 3 transaction hops, indicating multi-stage fund routing away from the complaint account. ; Cumulative transaction volume reached ₹397,712.09 with a peak single transfer of ₹379,309.99. ; Subnetwork connects 4 entities across 3 directed transaction edges (average node degree: 1.50, incident in-degree: 1, out-degree: 0). ; Graph topology exhibits high structural similarity (0.96) to cataloged reference laundering patterns.",6,High-risk multi-hop transaction activity with strong graph evidence was detected. Priority investigation recommended for root entity ENT_000572 and connected intermediaries.,NONE
C000827,ENT_000182,0.0471,0,NORMAL,NONE,NONE,0.0,"Model-derived risk probability is 0.0471, remaining well below the 0.50 suspicious triage threshold. ; Incident subgraph contains minimal structural connectivity (6 entity node(s), 5 directed edge(s)). ; Total transaction volume within the 72-hour incident window is ₹47,926.50 (average transfer: ₹9,585.30). ; No multi-hop fund routing or complex layering chains detected (max hop distance: 3). ; No illicit ATM cash-withdrawal terminal connections identified in the incident window.",5,No significant laundering pattern was detected at the configured risk threshold. Activity consistent with benign peer-to-peer transfers.,NONE
C000828,ENT_000294,0.0007,0,NORMAL,NONE,NONE,0.0,"Model-derived risk probability is 0.0007, remaining well below the 0.50 suspicious triage threshold. ; Incident subgraph contains minimal structural connectivity (1 entity node(s), 0 directed edge(s)). ; Total transaction volume within the 72-hour incident window is ₹0.00 (average transfer: ₹0.00). ; No multi-hop fund routing or complex layering chains detected (max hop distance: 0). ; No illicit ATM cash-withdrawal terminal connections identified in the incident window.",5,No significant laundering pattern was detected at the configured risk threshold. Activity consistent with benign peer-to-peer transfers.,NONE
C000829,ENT_000316,0.0013,0,NORMAL,NONE,NONE,0.0,"Model-derived risk probability is 0.0013, remaining well below the 0.50 suspicious triage threshold. ; Incident subgraph contains minimal structural connectivity (1 entity node(s), 0 directed edge(s)). ; Total transaction volume within the 72-hour incident window is ₹0.00 (average transfer: ₹0.00). ; No multi-hop fund routing or complex layering chains detected (max hop distance: 0). ; No illicit ATM cash-withdrawal terminal connections identified in the incident window.",5,No significant laundering pattern was detected at the configured risk threshold. Activity consistent with benign peer-to-peer transfers.,NONE
C000830,ENT_000431,0.0007,0,NORMAL,NONE,NONE,0.0,"Model-derived risk probability is 0.0007, remaining well below the 0.50 suspicious triage threshold. ; Incident subgraph contains minimal structural connectivity (1 entity node(s), 0 directed edge(s)). ; Total transaction volume within the 72-hour incident window is ₹0.00 (average transfer: ₹0.00). ; No multi-hop fund routing or complex layering chains detected (max hop distance: 0). ; No illicit ATM cash-withdrawal terminal connections identified in the incident window.",5,No significant laundering pattern was detected at the configured risk threshold. Activity consistent with benign peer-to-peer transfers.,NONE
C000831,ENT_000196,0.0022,0,NORMAL,NONE,NONE,0.0,"Model-derived risk probability is 0.0022, remaining well below the 0.50 suspicious triage threshold. ; Incident subgraph contains minimal structural connectivity (2 entity node(s), 1 directed edge(s)). ; Total transaction volume within the 72-hour incident window is ₹1,898.54 (average transfer: ₹1,898.54). ; No multi-hop fund routing or complex layering chains detected (max hop distance: 1). ; No illicit ATM cash-withdrawal terminal connections identified in the incident window.",5,No significant laundering pattern was detected at the configured risk threshold. Activity consistent with benign peer-to-peer transfers.,NONE
C000832,ENT_000222,0.0012,0,NORMAL,NONE,NONE,0.0,"Model-derived risk probability is 0.0012, remaining well below the 0.50 suspicious triage threshold. ; Incident subgraph contains minimal structural connectivity (1 entity node(s), 0 directed edge(s)). ; Total transaction volume within the 72-hour incident window is ₹0.00 (average transfer: ₹0.00). ; No multi-hop fund routing or complex layering chains detected (max hop distance: 0). ; No illicit ATM cash-withdrawal terminal connections identified in the incident window.",5,No significant laundering pattern was detected at the configured risk threshold. Activity consistent with benign peer-to-peer transfers.,NONE
C000833,ENT_000482,0.9995,1,HIGH_CONFIDENCE,NONE,NONE,0.0,"GraphSAGE GNN assessed an elevated risk probability of 0.9995 (Tier: HIGH_CONFIDENCE). ; Unusual concentration of transaction activity observed within the 72-hour incident window. ; The incident graph spans 3 transaction hops, indicating multi-stage fund routing away from the complaint account. ; Cumulative transaction volume reached ₹2,229,550.92 with a peak single transfer of ₹351,994.26. ; Subnetwork connects 15 entities across 16 directed transaction edges (average node degree: 2.13, incident in-degree: 0, out-degree: 1). ; Graph topology exhibits high structural similarity (1.00) to cataloged reference laundering patterns.",6,High-risk multi-hop transaction activity with strong graph evidence was detected. Priority investigation recommended for root entity ENT_000482 and connected intermediaries.,NONE
C000834,ENT_000422,0.0106,0,NORMAL,NONE,NONE,0.0,"Model-derived risk probability is 0.0106, remaining well below the 0.50 suspicious triage threshold. ; Incident subgraph contains minimal structural connectivity (2 entity node(s), 2 directed edge(s)). ; Total transaction volume within the 72-hour incident window is ₹5,029.87 (average transfer: ₹2,514.93). ; No multi-hop fund routing or complex layering chains detected (max hop distance: 1). ; No illicit ATM cash-withdrawal terminal connections identified in the incident window.",5,No significant laundering pattern was detected at the configured risk threshold. Activity consistent with benign peer-to-peer transfers.,NONE
C000835,ENT_000298,0.0013,0,NORMAL,NONE,NONE,0.0,"Model-derived risk probability is 0.0013, remaining well below the 0.50 suspicious triage threshold. ; Incident subgraph contains minimal structural connectivity (1 entity node(s), 0 directed edge(s)). ; Total transaction volume within the 72-hour incident window is ₹0.00 (average transfer: ₹0.00). ; No multi-hop fund routing or complex layering chains detected (max hop distance: 0). ; No illicit ATM cash-withdrawal terminal connections identified in the incident window.",5,No significant laundering pattern was detected at the configured risk threshold. Activity consistent with benign peer-to-peer transfers.,NONE
C000836,ENT_000235,0.9595,1,HIGH_CONFIDENCE,NONE,NONE,0.0,"GraphSAGE GNN assessed an elevated risk probability of 0.9595 (Tier: HIGH_CONFIDENCE). ; Unusual concentration of transaction activity observed within the 72-hour incident window. ; The incident graph spans 3 transaction hops, indicating multi-stage fund routing away from the complaint account. ; Cumulative transaction volume reached ₹515,645.41 with a peak single transfer of ₹322,804.63. ; Subnetwork connects 7 entities across 6 directed transaction edges (average node degree: 1.71, incident in-degree: 1, out-degree: 0). ; Graph topology exhibits high structural similarity (0.99) to cataloged reference laundering patterns.",6,High-risk multi-hop transaction activity with strong graph evidence was detected. Priority investigation recommended for root entity ENT_000235 and connected intermediaries.,NONE
C000837,ENT_000654,0.0548,0,NORMAL,NONE,NONE,0.0,"Model-derived risk probability is 0.0548, remaining well below the 0.50 suspicious triage threshold. ; Incident subgraph contains minimal structural connectivity (4 entity node(s), 3 directed edge(s)). ; Total transaction volume within the 72-hour incident window is ₹431,966.17 (average transfer: ₹143,988.72). ; No multi-hop fund routing or complex layering chains detected (max hop distance: 2). ; No illicit ATM cash-withdrawal terminal connections identified in the incident window.",5,No significant laundering pattern was detected at the configured risk threshold. Activity consistent with benign peer-to-peer transfers.,NONE
C000838,ENT_000136,0.9322,1,HIGH_CONFIDENCE,NONE,NONE,0.0,"GraphSAGE GNN assessed an elevated risk probability of 0.9322 (Tier: HIGH_CONFIDENCE). ; Unusual concentration of transaction activity observed within the 72-hour incident window. ; The incident graph spans 3 transaction hops, indicating multi-stage fund routing away from the complaint account. ; Cumulative transaction volume reached ₹712,234.87 with a peak single transfer of ₹445,550.06. ; Subnetwork connects 9 entities across 8 directed transaction edges (average node degree: 1.78, incident in-degree: 0, out-degree: 1). ; Graph topology exhibits high structural similarity (1.00) to cataloged reference laundering patterns.",6,High-risk multi-hop transaction activity with strong graph evidence was detected. Priority investigation recommended for root entity ENT_000136 and connected intermediaries.,NONE
C000839,ENT_000535,0.0012,0,NORMAL,NONE,NONE,0.0,"Model-derived risk probability is 0.0012, remaining well below the 0.50 suspicious triage threshold. ; Incident subgraph contains minimal structural connectivity (1 entity node(s), 0 directed edge(s)). ; Total transaction volume within the 72-hour incident window is ₹0.00 (average transfer: ₹0.00). ; No multi-hop fund routing or complex layering chains detected (max hop distance: 0). ; No illicit ATM cash-withdrawal terminal connections identified in the incident window.",5,No significant laundering pattern was detected at the configured risk threshold. Activity consistent with benign peer-to-peer transfers.,NONE
C000840,ENT_000181,0.0039,0,NORMAL,NONE,NONE,0.0,"Model-derived risk probability is 0.0039, remaining well below the 0.50 suspicious triage threshold. ; Incident subgraph contains minimal structural connectivity (3 entity node(s), 2 directed edge(s)). ; Total transaction volume within the 72-hour incident window is ₹5,724.13 (average transfer: ₹2,862.07). ; No multi-hop fund routing or complex layering chains detected (max hop distance: 2). ; No illicit ATM cash-withdrawal terminal connections identified in the incident window.",5,No significant laundering pattern was detected at the configured risk threshold. Activity consistent with benign peer-to-peer transfers.,NONE
C000841,ENT_000589,0.001,0,NORMAL,NONE,NONE,0.0,"Model-derived risk probability is 0.0010, remaining well below the 0.50 suspicious triage threshold. ; Incident subgraph contains minimal structural connectivity (1 entity node(s), 0 directed edge(s)). ; Total transaction volume within the 72-hour incident window is ₹0.00 (average transfer: ₹0.00). ; No multi-hop fund routing or complex layering chains detected (max hop distance: 0). ; No illicit ATM cash-withdrawal terminal connections identified in the incident window.",5,No significant laundering pattern was detected at the configured risk threshold. Activity consistent with benign peer-to-peer transfers.,NONE
C000842,ENT_000418,0.9979,1,HIGH_CONFIDENCE,NONE,NONE,0.0,"GraphSAGE GNN assessed an elevated risk probability of 0.9979 (Tier: HIGH_CONFIDENCE). ; Unusual concentration of transaction activity observed within the 72-hour incident window. ; The incident graph spans 3 transaction hops, indicating multi-stage fund routing away from the complaint account. ; Cumulative transaction volume reached ₹873,770.61 with a peak single transfer of ₹318,693.59. ; Subnetwork connects 24 entities across 23 directed transaction edges (average node degree: 1.92, incident in-degree: 0, out-degree: 2). ; Graph topology exhibits high structural similarity (1.00) to cataloged reference laundering patterns.",6,High-risk multi-hop transaction activity with strong graph evidence was detected. Priority investigation recommended for root entity ENT_000418 and connected intermediaries.,NONE
C000843,ENT_000097,0.1651,0,NORMAL,NONE,NONE,0.0,"Model-derived risk probability is 0.1651, remaining well below the 0.50 suspicious triage threshold. ; Incident subgraph contains minimal structural connectivity (6 entity node(s), 5 directed edge(s)). ; Total transaction volume within the 72-hour incident window is ₹49,744.52 (average transfer: ₹9,948.90). ; No multi-hop fund routing or complex layering chains detected (max hop distance: 3). ; No illicit ATM cash-withdrawal terminal connections identified in the incident window.",5,No significant laundering pattern was detected at the configured risk threshold. Activity consistent with benign peer-to-peer transfers.,NONE
C000844,ENT_000272,0.0069,0,NORMAL,NONE,NONE,0.0,"Model-derived risk probability is 0.0069, remaining well below the 0.50 suspicious triage threshold. ; Incident subgraph contains minimal structural connectivity (3 entity node(s), 2 directed edge(s)). ; Total transaction volume within the 72-hour incident window is ₹47,011.13 (average transfer: ₹23,505.56). ; No multi-hop fund routing or complex layering chains detected (max hop distance: 1). ; No illicit ATM cash-withdrawal terminal connections identified in the incident window.",5,No significant laundering pattern was detected at the configured risk threshold. Activity consistent with benign peer-to-peer transfers.,NONE
C000845,ENT_000308,0.0012,0,NORMAL,NONE,NONE,0.0,"Model-derived risk probability is 0.0012, remaining well below the 0.50 suspicious triage threshold. ; Incident subgraph contains minimal structural connectivity (2 entity node(s), 1 directed edge(s)). ; Total transaction volume within the 72-hour incident window is ₹3,467.93 (average transfer: ₹3,467.93). ; No multi-hop fund routing or complex layering chains detected (max hop distance: 1). ; No illicit ATM cash-withdrawal terminal connections identified in the incident window.",5,No significant laundering pattern was detected at the configured risk threshold. Activity consistent with benign peer-to-peer transfers.,NONE
C000846,ENT_000059,0.0007,0,NORMAL,NONE,NONE,0.0,"Model-derived risk probability is 0.0007, remaining well below the 0.50 suspicious triage threshold. ; Incident subgraph contains minimal structural connectivity (1 entity node(s), 0 directed edge(s)). ; Total transaction volume within the 72-hour incident window is ₹0.00 (average transfer: ₹0.00). ; No multi-hop fund routing or complex layering chains detected (max hop distance: 0). ; No illicit ATM cash-withdrawal terminal connections identified in the incident window.",5,No significant laundering pattern was detected at the configured risk threshold. Activity consistent with benign peer-to-peer transfers.,NONE
C000847,ENT_000438,0.0082,0,NORMAL,NONE,NONE,0.0,"Model-derived risk probability is 0.0082, remaining well below the 0.50 suspicious triage threshold. ; Incident subgraph contains minimal structural connectivity (3 entity node(s), 2 directed edge(s)). ; Total transaction volume within the 72-hour incident window is ₹11,560.38 (average transfer: ₹5,780.19). ; No multi-hop fund routing or complex layering chains detected (max hop distance: 1). ; No illicit ATM cash-withdrawal terminal connections identified in the incident window.",5,No significant laundering pattern was detected at the configured risk threshold. Activity consistent with benign peer-to-peer transfers.,NONE
C000848,ENT_000335,0.4629,0,NORMAL,NONE,NONE,0.0,"Model-derived risk probability is 0.4629, remaining well below the 0.50 suspicious triage threshold. ; Incident subgraph contains minimal structural connectivity (6 entity node(s), 5 directed edge(s)). ; Total transaction volume within the 72-hour incident window is ₹365,903.98 (average transfer: ₹73,180.80). ; No multi-hop fund routing or complex layering chains detected (max hop distance: 3). ; No illicit ATM cash-withdrawal terminal connections identified in the incident window.",5,No significant laundering pattern was detected at the configured risk threshold. Activity consistent with benign peer-to-peer transfers.,NONE
C000849,ENT_000680,0.0878,0,NORMAL,NONE,NONE,0.0,"Model-derived risk probability is 0.0878, remaining well below the 0.50 suspicious triage threshold. ; Incident subgraph contains minimal structural connectivity (4 entity node(s), 3 directed edge(s)). ; Total transaction volume within the 72-hour incident window is ₹197,048.27 (average transfer: ₹65,682.76). ; No multi-hop fund routing or complex layering chains detected (max hop distance: 3). ; No illicit ATM cash-withdrawal terminal connections identified in the incident window.",5,No significant laundering pattern was detected at the configured risk threshold. Activity consistent with benign peer-to-peer transfers.,NONE
C000850,ENT_000313,0.0006,0,NORMAL,NONE,NONE,0.0,"Model-derived risk probability is 0.0006, remaining well below the 0.50 suspicious triage threshold. ; Incident subgraph contains minimal structural connectivity (1 entity node(s), 0 directed edge(s)). ; Total transaction volume within the 72-hour incident window is ₹0.00 (average transfer: ₹0.00). ; No multi-hop fund routing or complex layering chains detected (max hop distance: 0). ; No illicit ATM cash-withdrawal terminal connections identified in the incident window.",5,No significant laundering pattern was detected at the configured risk threshold. Activity consistent with benign peer-to-peer transfers.,NONE
C000851,ENT_000381,0.0012,0,NORMAL,NONE,NONE,0.0,"Model-derived risk probability is 0.0012, remaining well below the 0.50 suspicious triage threshold. ; Incident subgraph contains minimal structural connectivity (1 entity node(s), 0 directed edge(s)). ; Total transaction volume within the 72-hour incident window is ₹0.00 (average transfer: ₹0.00). ; No multi-hop fund routing or complex layering chains detected (max hop distance: 0). ; No illicit ATM cash-withdrawal terminal connections identified in the incident window.",5,No significant laundering pattern was detected at the configured risk threshold. Activity consistent with benign peer-to-peer transfers.,NONE
C000852,ENT_000043,0.001,0,NORMAL,NONE,NONE,0.0,"Model-derived risk probability is 0.0010, remaining well below the 0.50 suspicious triage threshold. ; Incident subgraph contains minimal structural connectivity (1 entity node(s), 0 directed edge(s)). ; Total transaction volume within the 72-hour incident window is ₹0.00 (average transfer: ₹0.00). ; No multi-hop fund routing or complex layering chains detected (max hop distance: 0). ; No illicit ATM cash-withdrawal terminal connections identified in the incident window.",5,No significant laundering pattern was detected at the configured risk threshold. Activity consistent with benign peer-to-peer transfers.,NONE
C000853,ENT_000687,0.0007,0,NORMAL,NONE,NONE,0.0,"Model-derived risk probability is 0.0007, remaining well below the 0.50 suspicious triage threshold. ; Incident subgraph contains minimal structural connectivity (1 entity node(s), 0 directed edge(s)). ; Total transaction volume within the 72-hour incident window is ₹0.00 (average transfer: ₹0.00). ; No multi-hop fund routing or complex layering chains detected (max hop distance: 0). ; No illicit ATM cash-withdrawal terminal connections identified in the incident window.",5,No significant laundering pattern was detected at the configured risk threshold. Activity consistent with benign peer-to-peer transfers.,NONE
C000854,ENT_000545,0.01,0,NORMAL,NONE,NONE,0.0,"Model-derived risk probability is 0.0100, remaining well below the 0.50 suspicious triage threshold. ; Incident subgraph contains minimal structural connectivity (3 entity node(s), 2 directed edge(s)). ; Total transaction volume within the 72-hour incident window is ₹1,012.51 (average transfer: ₹506.25). ; No multi-hop fund routing or complex layering chains detected (max hop distance: 2). ; No illicit ATM cash-withdrawal terminal connections identified in the incident window.",5,No significant laundering pattern was detected at the configured risk threshold. Activity consistent with benign peer-to-peer transfers.,NONE
C000855,ENT_000169,0.0013,0,NORMAL,NONE,NONE,0.0,"Model-derived risk probability is 0.0013, remaining well below the 0.50 suspicious triage threshold. ; Incident subgraph contains minimal structural connectivity (1 entity node(s), 0 directed edge(s)). ; Total transaction volume within the 72-hour incident window is ₹0.00 (average transfer: ₹0.00). ; No multi-hop fund routing or complex layering chains detected (max hop distance: 0). ; No illicit ATM cash-withdrawal terminal connections identified in the incident window.",5,No significant laundering pattern was detected at the configured risk threshold. Activity consistent with benign peer-to-peer transfers.,NONE
C000856,ENT_000449,0.6716,1,HIGH_CONFIDENCE,NONE,NONE,0.0,"GraphSAGE GNN assessed an elevated risk probability of 0.6716 (Tier: HIGH_CONFIDENCE). ; Unusual concentration of transaction activity observed within the 72-hour incident window. ; The incident graph spans 3 transaction hops, indicating multi-stage fund routing away from the complaint account. ; Cumulative transaction volume reached ₹378,588.26 with a peak single transfer of ₹318,456.13. ; Subnetwork connects 10 entities across 9 directed transaction edges (average node degree: 1.80, incident in-degree: 1, out-degree: 3). ; Graph topology exhibits high structural similarity (0.99) to cataloged reference laundering patterns.",6,High-risk multi-hop transaction activity with strong graph evidence was detected. Priority investigation recommended for root entity ENT_000449 and connected intermediaries.,NONE
C000857,ENT_000272,0.9819,1,HIGH_CONFIDENCE,NONE,NONE,0.0,"GraphSAGE GNN assessed an elevated risk probability of 0.9819 (Tier: HIGH_CONFIDENCE). ; Unusual concentration of transaction activity observed within the 72-hour incident window. ; The incident graph spans 3 transaction hops, indicating multi-stage fund routing away from the complaint account. ; Cumulative transaction volume reached ₹637,013.63 with a peak single transfer of ₹141,056.72. ; Subnetwork connects 9 entities across 9 directed transaction edges (average node degree: 2.00, incident in-degree: 0, out-degree: 1). ; Graph topology exhibits high structural similarity (1.00) to cataloged reference laundering patterns.",6,High-risk multi-hop transaction activity with strong graph evidence was detected. Priority investigation recommended for root entity ENT_000272 and connected intermediaries.,NONE
C000858,ENT_000152,0.9985,1,HIGH_CONFIDENCE,NONE,NONE,0.0,"GraphSAGE GNN assessed an elevated risk probability of 0.9985 (Tier: HIGH_CONFIDENCE). ; Unusual concentration of transaction activity observed within the 72-hour incident window. ; The incident graph spans 3 transaction hops, indicating multi-stage fund routing away from the complaint account. ; Cumulative transaction volume reached ₹1,331,315.62 with a peak single transfer of ₹237,352.96. ; Subnetwork connects 11 entities across 10 directed transaction edges (average node degree: 1.82, incident in-degree: 1, out-degree: 1). ; Graph topology exhibits high structural similarity (1.00) to cataloged reference laundering patterns.",6,High-risk multi-hop transaction activity with strong graph evidence was detected. Priority investigation recommended for root entity ENT_000152 and connected intermediaries.,NONE
C000859,ENT_000528,1.0,1,HIGH_CONFIDENCE,ATM_007,Patna,0.8513,"GraphSAGE GNN assessed an elevated risk probability of 1.0000 (Tier: HIGH_CONFIDENCE). ; Unusual concentration of transaction activity observed within the 72-hour incident window. ; The incident graph spans 3 transaction hops, indicating multi-stage fund routing away from the complaint account. ; Cumulative transaction volume reached ₹2,973,231.95 with a peak single transfer of ₹346,312.85. ; Subnetwork connects 18 entities across 35 directed transaction edges (average node degree: 3.89, incident in-degree: 3, out-degree: 3). ; Likely downstream cash exit identified at terminal ATM_007 in Patna (terminal risk score: 0.85, ₹112,779.60 withdrawn across 2 transaction(s)). ; Graph topology exhibits high structural similarity (1.00) to cataloged reference laundering patterns.",7,High-risk multi-hop transaction activity with downstream cash-out behavior was detected. Priority investigation recommended for root entity ENT_000528 and exit terminal ATM_007 (Patna).,"Terminal: ATM_007 (Patna) | Risk Score: 0.85 | Distance: 1 hop(s) | Cash Volume: ₹112,779.60 (2 tx) | Timing Delta: 19.6h from incident"
C000860,ENT_000231,1.0,1,HIGH_CONFIDENCE,NONE,NONE,0.0,"GraphSAGE GNN assessed an elevated risk probability of 1.0000 (Tier: HIGH_CONFIDENCE). ; Unusual concentration of transaction activity observed within the 72-hour incident window. ; The incident graph spans 3 transaction hops, indicating multi-stage fund routing away from the complaint account. ; Cumulative transaction volume reached ₹2,317,792.60 with a peak single transfer of ₹392,964.16. ; Subnetwork connects 13 entities across 15 directed transaction edges (average node degree: 2.31, incident in-degree: 1, out-degree: 1). ; Graph topology exhibits high structural similarity (1.00) to cataloged reference laundering patterns.",6,High-risk multi-hop transaction activity with strong graph evidence was detected. Priority investigation recommended for root entity ENT_000231 and connected intermediaries.,NONE
C000861,ENT_000143,0.9819,1,HIGH_CONFIDENCE,NONE,NONE,0.0,"GraphSAGE GNN assessed an elevated risk probability of 0.9819 (Tier: HIGH_CONFIDENCE). ; Unusual concentration of transaction activity observed within the 72-hour incident window. ; The incident graph spans 3 transaction hops, indicating multi-stage fund routing away from the complaint account. ; Cumulative transaction volume reached ₹567,739.13 with a peak single transfer of ₹285,675.15. ; Subnetwork connects 10 entities across 10 directed transaction edges (average node degree: 2.00, incident in-degree: 1, out-degree: 1). ; Graph topology exhibits high structural similarity (1.00) to cataloged reference laundering patterns.",6,High-risk multi-hop transaction activity with strong graph evidence was detected. Priority investigation recommended for root entity ENT_000143 and connected intermediaries.,NONE
C000862,ENT_000069,0.4218,0,NORMAL,NONE,NONE,0.0,"Model-derived risk probability is 0.4218, remaining well below the 0.50 suspicious triage threshold. ; Incident subgraph contains minimal structural connectivity (12 entity node(s), 11 directed edge(s)). ; Total transaction volume within the 72-hour incident window is ₹172,789.57 (average transfer: ₹15,708.14). ; No multi-hop fund routing or complex layering chains detected (max hop distance: 3). ; No illicit ATM cash-withdrawal terminal connections identified in the incident window.",5,No significant laundering pattern was detected at the configured risk threshold. Activity consistent with benign peer-to-peer transfers.,NONE
C000863,ENT_000464,0.001,0,NORMAL,NONE,NONE,0.0,"Model-derived risk probability is 0.0010, remaining well below the 0.50 suspicious triage threshold. ; Incident subgraph contains minimal structural connectivity (1 entity node(s), 0 directed edge(s)). ; Total transaction volume within the 72-hour incident window is ₹0.00 (average transfer: ₹0.00). ; No multi-hop fund routing or complex layering chains detected (max hop distance: 0). ; No illicit ATM cash-withdrawal terminal connections identified in the incident window.",5,No significant laundering pattern was detected at the configured risk threshold. Activity consistent with benign peer-to-peer transfers.,NONE
C000864,ENT_000421,0.4515,0,NORMAL,NONE,NONE,0.0,"Model-derived risk probability is 0.4515, remaining well below the 0.50 suspicious triage threshold. ; Incident subgraph contains minimal structural connectivity (9 entity node(s), 8 directed edge(s)). ; Total transaction volume within the 72-hour incident window is ₹452,317.93 (average transfer: ₹56,539.74). ; No multi-hop fund routing or complex layering chains detected (max hop distance: 3). ; No illicit ATM cash-withdrawal terminal connections identified in the incident window.",5,No significant laundering pattern was detected at the configured risk threshold. Activity consistent with benign peer-to-peer transfers.,NONE
C000865,ENT_000089,0.2561,0,NORMAL,NONE,NONE,0.0,"Model-derived risk probability is 0.2561, remaining well below the 0.50 suspicious triage threshold. ; Incident subgraph contains minimal structural connectivity (13 entity node(s), 12 directed edge(s)). ; Total transaction volume within the 72-hour incident window is ₹33,185.39 (average transfer: ₹2,765.45). ; No multi-hop fund routing or complex layering chains detected (max hop distance: 3). ; No illicit ATM cash-withdrawal terminal connections identified in the incident window.",5,No significant laundering pattern was detected at the configured risk threshold. Activity consistent with benign peer-to-peer transfers.,NONE
C000866,ENT_000111,0.3155,0,NORMAL,NONE,NONE,0.0,"Model-derived risk probability is 0.3155, remaining well below the 0.50 suspicious triage threshold. ; Incident subgraph contains minimal structural connectivity (5 entity node(s), 4 directed edge(s)). ; Total transaction volume within the 72-hour incident window is ₹54,063.06 (average transfer: ₹13,515.76). ; No multi-hop fund routing or complex layering chains detected (max hop distance: 3). ; No illicit ATM cash-withdrawal terminal connections identified in the incident window.",5,No significant laundering pattern was detected at the configured risk threshold. Activity consistent with benign peer-to-peer transfers.,NONE
C000867,ENT_000246,0.0011,0,NORMAL,NONE,NONE,0.0,"Model-derived risk probability is 0.0011, remaining well below the 0.50 suspicious triage threshold. ; Incident subgraph contains minimal structural connectivity (1 entity node(s), 0 directed edge(s)). ; Total transaction volume within the 72-hour incident window is ₹0.00 (average transfer: ₹0.00). ; No multi-hop fund routing or complex layering chains detected (max hop distance: 0). ; No illicit ATM cash-withdrawal terminal connections identified in the incident window.",5,No significant laundering pattern was detected at the configured risk threshold. Activity consistent with benign peer-to-peer transfers.,NONE
C000868,ENT_000500,0.0006,0,NORMAL,NONE,NONE,0.0,"Model-derived risk probability is 0.0006, remaining well below the 0.50 suspicious triage threshold. ; Incident subgraph contains minimal structural connectivity (1 entity node(s), 0 directed edge(s)). ; Total transaction volume within the 72-hour incident window is ₹0.00 (average transfer: ₹0.00). ; No multi-hop fund routing or complex layering chains detected (max hop distance: 0). ; No illicit ATM cash-withdrawal terminal connections identified in the incident window.",5,No significant laundering pattern was detected at the configured risk threshold. Activity consistent with benign peer-to-peer transfers.,NONE
C000869,ENT_000330,0.0012,0,NORMAL,NONE,NONE,0.0,"Model-derived risk probability is 0.0012, remaining well below the 0.50 suspicious triage threshold. ; Incident subgraph contains minimal structural connectivity (1 entity node(s), 0 directed edge(s)). ; Total transaction volume within the 72-hour incident window is ₹0.00 (average transfer: ₹0.00). ; No multi-hop fund routing or complex layering chains detected (max hop distance: 0). ; No illicit ATM cash-withdrawal terminal connections identified in the incident window.",5,No significant laundering pattern was detected at the configured risk threshold. Activity consistent with benign peer-to-peer transfers.,NONE
C000870,ENT_000258,0.0012,0,NORMAL,NONE,NONE,0.0,"Model-derived risk probability is 0.0012, remaining well below the 0.50 suspicious triage threshold. ; Incident subgraph contains minimal structural connectivity (1 entity node(s), 0 directed edge(s)). ; Total transaction volume within the 72-hour incident window is ₹0.00 (average transfer: ₹0.00). ; No multi-hop fund routing or complex layering chains detected (max hop distance: 0). ; No illicit ATM cash-withdrawal terminal connections identified in the incident window.",5,No significant laundering pattern was detected at the configured risk threshold. Activity consistent with benign peer-to-peer transfers.,NONE
C000871,ENT_000293,0.145,0,NORMAL,NONE,NONE,0.0,"Model-derived risk probability is 0.1450, remaining well below the 0.50 suspicious triage threshold. ; Incident subgraph contains minimal structural connectivity (5 entity node(s), 4 directed edge(s)). ; Total transaction volume within the 72-hour incident window is ₹43,118.28 (average transfer: ₹10,779.57). ; No multi-hop fund routing or complex layering chains detected (max hop distance: 3). ; No illicit ATM cash-withdrawal terminal connections identified in the incident window.",5,No significant laundering pattern was detected at the configured risk threshold. Activity consistent with benign peer-to-peer transfers.,NONE
C000872,ENT_000631,0.001,0,NORMAL,NONE,NONE,0.0,"Model-derived risk probability is 0.0010, remaining well below the 0.50 suspicious triage threshold. ; Incident subgraph contains minimal structural connectivity (1 entity node(s), 0 directed edge(s)). ; Total transaction volume within the 72-hour incident window is ₹0.00 (average transfer: ₹0.00). ; No multi-hop fund routing or complex layering chains detected (max hop distance: 0). ; No illicit ATM cash-withdrawal terminal connections identified in the incident window.",5,No significant laundering pattern was detected at the configured risk threshold. Activity consistent with benign peer-to-peer transfers.,NONE
C000873,ENT_000515,0.0007,0,NORMAL,NONE,NONE,0.0,"Model-derived risk probability is 0.0007, remaining well below the 0.50 suspicious triage threshold. ; Incident subgraph contains minimal structural connectivity (1 entity node(s), 0 directed edge(s)). ; Total transaction volume within the 72-hour incident window is ₹0.00 (average transfer: ₹0.00). ; No multi-hop fund routing or complex layering chains detected (max hop distance: 0). ; No illicit ATM cash-withdrawal terminal connections identified in the incident window.",5,No significant laundering pattern was detected at the configured risk threshold. Activity consistent with benign peer-to-peer transfers.,NONE
C000874,ENT_000073,0.0012,0,NORMAL,NONE,NONE,0.0,"Model-derived risk probability is 0.0012, remaining well below the 0.50 suspicious triage threshold. ; Incident subgraph contains minimal structural connectivity (1 entity node(s), 0 directed edge(s)). ; Total transaction volume within the 72-hour incident window is ₹0.00 (average transfer: ₹0.00). ; No multi-hop fund routing or complex layering chains detected (max hop distance: 0). ; No illicit ATM cash-withdrawal terminal connections identified in the incident window.",5,No significant laundering pattern was detected at the configured risk threshold. Activity consistent with benign peer-to-peer transfers.,NONE
C000875,ENT_000133,0.1371,0,NORMAL,NONE,NONE,0.0,"Model-derived risk probability is 0.1371, remaining well below the 0.50 suspicious triage threshold. ; Incident subgraph contains minimal structural connectivity (7 entity node(s), 6 directed edge(s)). ; Total transaction volume within the 72-hour incident window is ₹39,374.53 (average transfer: ₹6,562.42). ; No multi-hop fund routing or complex layering chains detected (max hop distance: 3). ; No illicit ATM cash-withdrawal terminal connections identified in the incident window.",5,No significant laundering pattern was detected at the configured risk threshold. Activity consistent with benign peer-to-peer transfers.,NONE
C000876,ENT_000430,0.0032,0,NORMAL,NONE,NONE,0.0,"Model-derived risk probability is 0.0032, remaining well below the 0.50 suspicious triage threshold. ; Incident subgraph contains minimal structural connectivity (3 entity node(s), 2 directed edge(s)). ; Total transaction volume within the 72-hour incident window is ₹2,849.87 (average transfer: ₹1,424.94). ; No multi-hop fund routing or complex layering chains detected (max hop distance: 1). ; No illicit ATM cash-withdrawal terminal connections identified in the incident window.",5,No significant laundering pattern was detected at the configured risk threshold. Activity consistent with benign peer-to-peer transfers.,NONE
C000877,ENT_000479,0.0012,0,NORMAL,NONE,NONE,0.0,"Model-derived risk probability is 0.0012, remaining well below the 0.50 suspicious triage threshold. ; Incident subgraph contains minimal structural connectivity (1 entity node(s), 0 directed edge(s)). ; Total transaction volume within the 72-hour incident window is ₹0.00 (average transfer: ₹0.00). ; No multi-hop fund routing or complex layering chains detected (max hop distance: 0). ; No illicit ATM cash-withdrawal terminal connections identified in the incident window.",5,No significant laundering pattern was detected at the configured risk threshold. Activity consistent with benign peer-to-peer transfers.,NONE
C000878,ENT_000634,0.0007,0,NORMAL,NONE,NONE,0.0,"Model-derived risk probability is 0.0007, remaining well below the 0.50 suspicious triage threshold. ; Incident subgraph contains minimal structural connectivity (1 entity node(s), 0 directed edge(s)). ; Total transaction volume within the 72-hour incident window is ₹0.00 (average transfer: ₹0.00). ; No multi-hop fund routing or complex layering chains detected (max hop distance: 0). ; No illicit ATM cash-withdrawal terminal connections identified in the incident window.",5,No significant laundering pattern was detected at the configured risk threshold. Activity consistent with benign peer-to-peer transfers.,NONE
C000879,ENT_000287,0.001,0,NORMAL,NONE,NONE,0.0,"Model-derived risk probability is 0.0010, remaining well below the 0.50 suspicious triage threshold. ; Incident subgraph contains minimal structural connectivity (1 entity node(s), 0 directed edge(s)). ; Total transaction volume within the 72-hour incident window is ₹0.00 (average transfer: ₹0.00). ; No multi-hop fund routing or complex layering chains detected (max hop distance: 0). ; No illicit ATM cash-withdrawal terminal connections identified in the incident window.",5,No significant laundering pattern was detected at the configured risk threshold. Activity consistent with benign peer-to-peer transfers.,NONE
C000880,ENT_000517,0.0186,0,NORMAL,NONE,NONE,0.0,"Model-derived risk probability is 0.0186, remaining well below the 0.50 suspicious triage threshold. ; Incident subgraph contains minimal structural connectivity (3 entity node(s), 2 directed edge(s)). ; Total transaction volume within the 72-hour incident window is ₹51,861.70 (average transfer: ₹25,930.85). ; No multi-hop fund routing or complex layering chains detected (max hop distance: 2). ; No illicit ATM cash-withdrawal terminal connections identified in the incident window.",5,No significant laundering pattern was detected at the configured risk threshold. Activity consistent with benign peer-to-peer transfers.,NONE
C000881,ENT_000065,0.0006,0,NORMAL,NONE,NONE,0.0,"Model-derived risk probability is 0.0006, remaining well below the 0.50 suspicious triage threshold. ; Incident subgraph contains minimal structural connectivity (1 entity node(s), 0 directed edge(s)). ; Total transaction volume within the 72-hour incident window is ₹0.00 (average transfer: ₹0.00). ; No multi-hop fund routing or complex layering chains detected (max hop distance: 0). ; No illicit ATM cash-withdrawal terminal connections identified in the incident window.",5,No significant laundering pattern was detected at the configured risk threshold. Activity consistent with benign peer-to-peer transfers.,NONE
C000882,ENT_000607,0.0014,0,NORMAL,NONE,NONE,0.0,"Model-derived risk probability is 0.0014, remaining well below the 0.50 suspicious triage threshold. ; Incident subgraph contains minimal structural connectivity (2 entity node(s), 1 directed edge(s)). ; Total transaction volume within the 72-hour incident window is ₹1,706.44 (average transfer: ₹1,706.44). ; No multi-hop fund routing or complex layering chains detected (max hop distance: 1). ; No illicit ATM cash-withdrawal terminal connections identified in the incident window.",5,No significant laundering pattern was detected at the configured risk threshold. Activity consistent with benign peer-to-peer transfers.,NONE
C000883,ENT_000304,0.0007,0,NORMAL,NONE,NONE,0.0,"Model-derived risk probability is 0.0007, remaining well below the 0.50 suspicious triage threshold. ; Incident subgraph contains minimal structural connectivity (1 entity node(s), 0 directed edge(s)). ; Total transaction volume within the 72-hour incident window is ₹0.00 (average transfer: ₹0.00). ; No multi-hop fund routing or complex layering chains detected (max hop distance: 0). ; No illicit ATM cash-withdrawal terminal connections identified in the incident window.",5,No significant laundering pattern was detected at the configured risk threshold. Activity consistent with benign peer-to-peer transfers.,NONE
C000884,ENT_000195,0.2121,0,NORMAL,NONE,NONE,0.0,"Model-derived risk probability is 0.2121, remaining well below the 0.50 suspicious triage threshold. ; Incident subgraph contains minimal structural connectivity (4 entity node(s), 3 directed edge(s)). ; Total transaction volume within the 72-hour incident window is ₹320,061.85 (average transfer: ₹106,687.28). ; No multi-hop fund routing or complex layering chains detected (max hop distance: 3). ; No illicit ATM cash-withdrawal terminal connections identified in the incident window.",5,No significant laundering pattern was detected at the configured risk threshold. Activity consistent with benign peer-to-peer transfers.,NONE
C000885,ENT_000329,1.0,1,HIGH_CONFIDENCE,ATM_019,Mumbai,0.7394,"GraphSAGE GNN assessed an elevated risk probability of 1.0000 (Tier: HIGH_CONFIDENCE). ; Unusual concentration of transaction activity observed within the 72-hour incident window. ; The incident graph spans 3 transaction hops, indicating multi-stage fund routing away from the complaint account. ; Cumulative transaction volume reached ₹2,888,956.59 with a peak single transfer of ₹336,445.65. ; Subnetwork connects 20 entities across 21 directed transaction edges (average node degree: 2.10, incident in-degree: 2, out-degree: 2). ; Likely downstream cash exit identified at terminal ATM_019 in Mumbai (terminal risk score: 0.74, ₹127,421.74 withdrawn across 1 transaction(s)). ; Graph topology exhibits high structural similarity (1.00) to cataloged reference laundering patterns.",7,High-risk multi-hop transaction activity with downstream cash-out behavior was detected. Priority investigation recommended for root entity ENT_000329 and exit terminal ATM_019 (Mumbai).,"Terminal: ATM_019 (Mumbai) | Risk Score: 0.74 | Distance: 3 hop(s) | Cash Volume: ₹127,421.74 (1 tx) | Timing Delta: 13.3h from incident"
C000886,ENT_000633,0.0012,0,NORMAL,NONE,NONE,0.0,"Model-derived risk probability is 0.0012, remaining well below the 0.50 suspicious triage threshold. ; Incident subgraph contains minimal structural connectivity (2 entity node(s), 1 directed edge(s)). ; Total transaction volume within the 72-hour incident window is ₹2,701.09 (average transfer: ₹2,701.09). ; No multi-hop fund routing or complex layering chains detected (max hop distance: 1). ; No illicit ATM cash-withdrawal terminal connections identified in the incident window.",5,No significant laundering pattern was detected at the configured risk threshold. Activity consistent with benign peer-to-peer transfers.,NONE
C000887,ENT_000223,0.9799,1,HIGH_CONFIDENCE,NONE,NONE,0.0,"GraphSAGE GNN assessed an elevated risk probability of 0.9799 (Tier: HIGH_CONFIDENCE). ; Unusual concentration of transaction activity observed within the 72-hour incident window. ; The incident graph spans 3 transaction hops, indicating multi-stage fund routing away from the complaint account. ; Cumulative transaction volume reached ₹278,493.37 with a peak single transfer of ₹106,888.92. ; Subnetwork connects 14 entities across 13 directed transaction edges (average node degree: 1.86, incident in-degree: 1, out-degree: 2). ; Graph topology exhibits high structural similarity (1.00) to cataloged reference laundering patterns.",6,High-risk multi-hop transaction activity with strong graph evidence was detected. Priority investigation recommended for root entity ENT_000223 and connected intermediaries.,NONE
C000888,ENT_000226,0.0012,0,NORMAL,NONE,NONE,0.0,"Model-derived risk probability is 0.0012, remaining well below the 0.50 suspicious triage threshold. ; Incident subgraph contains minimal structural connectivity (1 entity node(s), 0 directed edge(s)). ; Total transaction volume within the 72-hour incident window is ₹0.00 (average transfer: ₹0.00). ; No multi-hop fund routing or complex layering chains detected (max hop distance: 0). ; No illicit ATM cash-withdrawal terminal connections identified in the incident window.",5,No significant laundering pattern was detected at the configured risk threshold. Activity consistent with benign peer-to-peer transfers.,NONE
C000889,ENT_000034,0.237,0,NORMAL,NONE,NONE,0.0,"Model-derived risk probability is 0.2370, remaining well below the 0.50 suspicious triage threshold. ; Incident subgraph contains minimal structural connectivity (12 entity node(s), 11 directed edge(s)). ; Total transaction volume within the 72-hour incident window is ₹50,554.83 (average transfer: ₹4,595.89). ; No multi-hop fund routing or complex layering chains detected (max hop distance: 3). ; No illicit ATM cash-withdrawal terminal connections identified in the incident window.",5,No significant laundering pattern was detected at the configured risk threshold. Activity consistent with benign peer-to-peer transfers.,NONE
C000890,ENT_000262,0.2182,0,NORMAL,NONE,NONE,0.0,"Model-derived risk probability is 0.2182, remaining well below the 0.50 suspicious triage threshold. ; Incident subgraph contains minimal structural connectivity (5 entity node(s), 4 directed edge(s)). ; Total transaction volume within the 72-hour incident window is ₹57,159.08 (average transfer: ₹14,289.77). ; No multi-hop fund routing or complex layering chains detected (max hop distance: 3). ; No illicit ATM cash-withdrawal terminal connections identified in the incident window.",5,No significant laundering pattern was detected at the configured risk threshold. Activity consistent with benign peer-to-peer transfers.,NONE
C000891,ENT_000041,0.1234,0,NORMAL,NONE,NONE,0.0,"Model-derived risk probability is 0.1234, remaining well below the 0.50 suspicious triage threshold. ; Incident subgraph contains minimal structural connectivity (6 entity node(s), 5 directed edge(s)). ; Total transaction volume within the 72-hour incident window is ₹267,278.70 (average transfer: ₹53,455.74). ; No multi-hop fund routing or complex layering chains detected (max hop distance: 2). ; No illicit ATM cash-withdrawal terminal connections identified in the incident window.",5,No significant laundering pattern was detected at the configured risk threshold. Activity consistent with benign peer-to-peer transfers.,NONE
C000892,ENT_000267,0.9783,1,HIGH_CONFIDENCE,NONE,NONE,0.0,"GraphSAGE GNN assessed an elevated risk probability of 0.9783 (Tier: HIGH_CONFIDENCE). ; Unusual concentration of transaction activity observed within the 72-hour incident window. ; The incident graph spans 3 transaction hops, indicating multi-stage fund routing away from the complaint account. ; Cumulative transaction volume reached ₹875,140.24 with a peak single transfer of ₹403,271.26. ; Subnetwork connects 11 entities across 11 directed transaction edges (average node degree: 2.00, incident in-degree: 3, out-degree: 0). ; Graph topology exhibits high structural similarity (1.00) to cataloged reference laundering patterns.",6,High-risk multi-hop transaction activity with strong graph evidence was detected. Priority investigation recommended for root entity ENT_000267 and connected intermediaries.,NONE
C000893,ENT_000414,0.0008,0,NORMAL,NONE,NONE,0.0,"Model-derived risk probability is 0.0008, remaining well below the 0.50 suspicious triage threshold. ; Incident subgraph contains minimal structural connectivity (1 entity node(s), 0 directed edge(s)). ; Total transaction volume within the 72-hour incident window is ₹0.00 (average transfer: ₹0.00). ; No multi-hop fund routing or complex layering chains detected (max hop distance: 0). ; No illicit ATM cash-withdrawal terminal connections identified in the incident window.",5,No significant laundering pattern was detected at the configured risk threshold. Activity consistent with benign peer-to-peer transfers.,NONE
C000894,ENT_000636,0.9998,1,HIGH_CONFIDENCE,NONE,NONE,0.0,"GraphSAGE GNN assessed an elevated risk probability of 0.9998 (Tier: HIGH_CONFIDENCE). ; Unusual concentration of transaction activity observed within the 72-hour incident window. ; The incident graph spans 3 transaction hops, indicating multi-stage fund routing away from the complaint account. ; Cumulative transaction volume reached ₹3,034,242.46 with a peak single transfer of ₹360,366.03. ; Subnetwork connects 26 entities across 25 directed transaction edges (average node degree: 1.92, incident in-degree: 2, out-degree: 2). ; Graph topology exhibits high structural similarity (1.00) to cataloged reference laundering patterns.",6,High-risk multi-hop transaction activity with strong graph evidence was detected. Priority investigation recommended for root entity ENT_000636 and connected intermediaries.,NONE
C000895,ENT_000694,0.0028,0,NORMAL,NONE,NONE,0.0,"Model-derived risk probability is 0.0028, remaining well below the 0.50 suspicious triage threshold. ; Incident subgraph contains minimal structural connectivity (2 entity node(s), 1 directed edge(s)). ; Total transaction volume within the 72-hour incident window is ₹4,755.88 (average transfer: ₹4,755.88). ; No multi-hop fund routing or complex layering chains detected (max hop distance: 1). ; No illicit ATM cash-withdrawal terminal connections identified in the incident window.",5,No significant laundering pattern was detected at the configured risk threshold. Activity consistent with benign peer-to-peer transfers.,NONE
C000896,ENT_000434,0.0334,0,NORMAL,NONE,NONE,0.0,"Model-derived risk probability is 0.0334, remaining well below the 0.50 suspicious triage threshold. ; Incident subgraph contains minimal structural connectivity (4 entity node(s), 3 directed edge(s)). ; Total transaction volume within the 72-hour incident window is ₹26,138.80 (average transfer: ₹8,712.93). ; No multi-hop fund routing or complex layering chains detected (max hop distance: 2). ; No illicit ATM cash-withdrawal terminal connections identified in the incident window.",5,No significant laundering pattern was detected at the configured risk threshold. Activity consistent with benign peer-to-peer transfers.,NONE
C000897,ENT_000212,0.0008,0,NORMAL,NONE,NONE,0.0,"Model-derived risk probability is 0.0008, remaining well below the 0.50 suspicious triage threshold. ; Incident subgraph contains minimal structural connectivity (1 entity node(s), 0 directed edge(s)). ; Total transaction volume within the 72-hour incident window is ₹0.00 (average transfer: ₹0.00). ; No multi-hop fund routing or complex layering chains detected (max hop distance: 0). ; No illicit ATM cash-withdrawal terminal connections identified in the incident window.",5,No significant laundering pattern was detected at the configured risk threshold. Activity consistent with benign peer-to-peer transfers.,NONE
C000898,ENT_000155,0.0008,0,NORMAL,NONE,NONE,0.0,"Model-derived risk probability is 0.0008, remaining well below the 0.50 suspicious triage threshold. ; Incident subgraph contains minimal structural connectivity (1 entity node(s), 0 directed edge(s)). ; Total transaction volume within the 72-hour incident window is ₹0.00 (average transfer: ₹0.00). ; No multi-hop fund routing or complex layering chains detected (max hop distance: 0). ; No illicit ATM cash-withdrawal terminal connections identified in the incident window.",5,No significant laundering pattern was detected at the configured risk threshold. Activity consistent with benign peer-to-peer transfers.,NONE
C000899,ENT_000630,0.8048,1,HIGH_CONFIDENCE,NONE,NONE,0.0,"GraphSAGE GNN assessed an elevated risk probability of 0.8048 (Tier: HIGH_CONFIDENCE). ; Unusual concentration of transaction activity observed within the 72-hour incident window. ; The incident graph spans 3 transaction hops, indicating multi-stage fund routing away from the complaint account. ; Cumulative transaction volume reached ₹226,920.74 with a peak single transfer of ₹70,735.37. ; Subnetwork connects 8 entities across 8 directed transaction edges (average node degree: 2.00, incident in-degree: 0, out-degree: 2). ; Graph topology exhibits high structural similarity (0.99) to cataloged reference laundering patterns.",6,High-risk multi-hop transaction activity with strong graph evidence was detected. Priority investigation recommended for root entity ENT_000630 and connected intermediaries.,NONE
C000900,ENT_000639,0.0014,0,NORMAL,NONE,NONE,0.0,"Model-derived risk probability is 0.0014, remaining well below the 0.50 suspicious triage threshold. ; Incident subgraph contains minimal structural connectivity (2 entity node(s), 1 directed edge(s)). ; Total transaction volume within the 72-hour incident window is ₹1,479.89 (average transfer: ₹1,479.89). ; No multi-hop fund routing or complex layering chains detected (max hop distance: 1). ; No illicit ATM cash-withdrawal terminal connections identified in the incident window.",5,No significant laundering pattern was detected at the configured risk threshold. Activity consistent with benign peer-to-peer transfers.,NONE
C000901,ENT_000322,0.0021,0,NORMAL,NONE,NONE,0.0,"Model-derived risk probability is 0.0021, remaining well below the 0.50 suspicious triage threshold. ; Incident subgraph contains minimal structural connectivity (2 entity node(s), 1 directed edge(s)). ; Total transaction volume within the 72-hour incident window is ₹3,714.57 (average transfer: ₹3,714.57). ; No multi-hop fund routing or complex layering chains detected (max hop distance: 1). ; No illicit ATM cash-withdrawal terminal connections identified in the incident window.",5,No significant laundering pattern was detected at the configured risk threshold. Activity consistent with benign peer-to-peer transfers.,NONE
C000902,ENT_000396,0.0008,0,NORMAL,NONE,NONE,0.0,"Model-derived risk probability is 0.0008, remaining well below the 0.50 suspicious triage threshold. ; Incident subgraph contains minimal structural connectivity (1 entity node(s), 0 directed edge(s)). ; Total transaction volume within the 72-hour incident window is ₹0.00 (average transfer: ₹0.00). ; No multi-hop fund routing or complex layering chains detected (max hop distance: 0). ; No illicit ATM cash-withdrawal terminal connections identified in the incident window.",5,No significant laundering pattern was detected at the configured risk threshold. Activity consistent with benign peer-to-peer transfers.,NONE
C000903,ENT_000200,0.9776,1,HIGH_CONFIDENCE,NONE,NONE,0.0,"GraphSAGE GNN assessed an elevated risk probability of 0.9776 (Tier: HIGH_CONFIDENCE). ; Unusual concentration of transaction activity observed within the 72-hour incident window. ; The incident graph spans 3 transaction hops, indicating multi-stage fund routing away from the complaint account. ; Cumulative transaction volume reached ₹816,539.91 with a peak single transfer of ₹236,569.77. ; Subnetwork connects 12 entities across 12 directed transaction edges (average node degree: 2.00, incident in-degree: 0, out-degree: 2). ; Graph topology exhibits high structural similarity (1.00) to cataloged reference laundering patterns.",6,High-risk multi-hop transaction activity with strong graph evidence was detected. Priority investigation recommended for root entity ENT_000200 and connected intermediaries.,NONE
C000904,ENT_000052,0.0006,0,NORMAL,NONE,NONE,0.0,"Model-derived risk probability is 0.0006, remaining well below the 0.50 suspicious triage threshold. ; Incident subgraph contains minimal structural connectivity (1 entity node(s), 0 directed edge(s)). ; Total transaction volume within the 72-hour incident window is ₹0.00 (average transfer: ₹0.00). ; No multi-hop fund routing or complex layering chains detected (max hop distance: 0). ; No illicit ATM cash-withdrawal terminal connections identified in the incident window.",5,No significant laundering pattern was detected at the configured risk threshold. Activity consistent with benign peer-to-peer transfers.,NONE
C000905,ENT_000278,0.0026,0,NORMAL,NONE,NONE,0.0,"Model-derived risk probability is 0.0026, remaining well below the 0.50 suspicious triage threshold. ; Incident subgraph contains minimal structural connectivity (2 entity node(s), 1 directed edge(s)). ; Total transaction volume within the 72-hour incident window is ₹3,792.86 (average transfer: ₹3,792.86). ; No multi-hop fund routing or complex layering chains detected (max hop distance: 1). ; No illicit ATM cash-withdrawal terminal connections identified in the incident window.",5,No significant laundering pattern was detected at the configured risk threshold. Activity consistent with benign peer-to-peer transfers.,NONE
C000906,ENT_000651,0.0018,0,NORMAL,NONE,NONE,0.0,"Model-derived risk probability is 0.0018, remaining well below the 0.50 suspicious triage threshold. ; Incident subgraph contains minimal structural connectivity (2 entity node(s), 1 directed edge(s)). ; Total transaction volume within the 72-hour incident window is ₹3,192.86 (average transfer: ₹3,192.86). ; No multi-hop fund routing or complex layering chains detected (max hop distance: 1). ; No illicit ATM cash-withdrawal terminal connections identified in the incident window.",5,No significant laundering pattern was detected at the configured risk threshold. Activity consistent with benign peer-to-peer transfers.,NONE
C000907,ENT_000152,0.9999,1,HIGH_CONFIDENCE,NONE,NONE,0.0,"GraphSAGE GNN assessed an elevated risk probability of 0.9999 (Tier: HIGH_CONFIDENCE). ; Unusual concentration of transaction activity observed within the 72-hour incident window. ; The incident graph spans 3 transaction hops, indicating multi-stage fund routing away from the complaint account. ; Cumulative transaction volume reached ₹1,978,319.68 with a peak single transfer of ₹355,349.02. ; Subnetwork connects 13 entities across 12 directed transaction edges (average node degree: 1.85, incident in-degree: 1, out-degree: 1). ; Graph topology exhibits high structural similarity (1.00) to cataloged reference laundering patterns.",6,High-risk multi-hop transaction activity with strong graph evidence was detected. Priority investigation recommended for root entity ENT_000152 and connected intermediaries.,NONE
C000908,ENT_000683,0.0011,0,NORMAL,NONE,NONE,0.0,"Model-derived risk probability is 0.0011, remaining well below the 0.50 suspicious triage threshold. ; Incident subgraph contains minimal structural connectivity (1 entity node(s), 0 directed edge(s)). ; Total transaction volume within the 72-hour incident window is ₹0.00 (average transfer: ₹0.00). ; No multi-hop fund routing or complex layering chains detected (max hop distance: 0). ; No illicit ATM cash-withdrawal terminal connections identified in the incident window.",5,No significant laundering pattern was detected at the configured risk threshold. Activity consistent with benign peer-to-peer transfers.,NONE
C000909,ENT_000589,0.001,0,NORMAL,NONE,NONE,0.0,"Model-derived risk probability is 0.0010, remaining well below the 0.50 suspicious triage threshold. ; Incident subgraph contains minimal structural connectivity (1 entity node(s), 0 directed edge(s)). ; Total transaction volume within the 72-hour incident window is ₹0.00 (average transfer: ₹0.00). ; No multi-hop fund routing or complex layering chains detected (max hop distance: 0). ; No illicit ATM cash-withdrawal terminal connections identified in the incident window.",5,No significant laundering pattern was detected at the configured risk threshold. Activity consistent with benign peer-to-peer transfers.,NONE
C000910,ENT_000495,0.0009,0,NORMAL,NONE,NONE,0.0,"Model-derived risk probability is 0.0009, remaining well below the 0.50 suspicious triage threshold. ; Incident subgraph contains minimal structural connectivity (1 entity node(s), 0 directed edge(s)). ; Total transaction volume within the 72-hour incident window is ₹0.00 (average transfer: ₹0.00). ; No multi-hop fund routing or complex layering chains detected (max hop distance: 0). ; No illicit ATM cash-withdrawal terminal connections identified in the incident window.",5,No significant laundering pattern was detected at the configured risk threshold. Activity consistent with benign peer-to-peer transfers.,NONE
C000911,ENT_000616,0.0013,0,NORMAL,NONE,NONE,0.0,"Model-derived risk probability is 0.0013, remaining well below the 0.50 suspicious triage threshold. ; Incident subgraph contains minimal structural connectivity (1 entity node(s), 0 directed edge(s)). ; Total transaction volume within the 72-hour incident window is ₹0.00 (average transfer: ₹0.00). ; No multi-hop fund routing or complex layering chains detected (max hop distance: 0). ; No illicit ATM cash-withdrawal terminal connections identified in the incident window.",5,No significant laundering pattern was detected at the configured risk threshold. Activity consistent with benign peer-to-peer transfers.,NONE
C000912,ENT_000580,0.0009,0,NORMAL,NONE,NONE,0.0,"Model-derived risk probability is 0.0009, remaining well below the 0.50 suspicious triage threshold. ; Incident subgraph contains minimal structural connectivity (1 entity node(s), 0 directed edge(s)). ; Total transaction volume within the 72-hour incident window is ₹0.00 (average transfer: ₹0.00). ; No multi-hop fund routing or complex layering chains detected (max hop distance: 0). ; No illicit ATM cash-withdrawal terminal connections identified in the incident window.",5,No significant laundering pattern was detected at the configured risk threshold. Activity consistent with benign peer-to-peer transfers.,NONE
C000913,ENT_000091,0.9529,1,HIGH_CONFIDENCE,NONE,NONE,0.0,"GraphSAGE GNN assessed an elevated risk probability of 0.9529 (Tier: HIGH_CONFIDENCE). ; Unusual concentration of transaction activity observed within the 72-hour incident window. ; The incident graph spans 3 transaction hops, indicating multi-stage fund routing away from the complaint account. ; Cumulative transaction volume reached ₹90,076.30 with a peak single transfer of ₹50,105.55. ; Subnetwork connects 6 entities across 6 directed transaction edges (average node degree: 2.00, incident in-degree: 2, out-degree: 0). ; Graph topology exhibits high structural similarity (0.99) to cataloged reference laundering patterns.",6,High-risk multi-hop transaction activity with strong graph evidence was detected. Priority investigation recommended for root entity ENT_000091 and connected intermediaries.,NONE
C000914,ENT_000521,0.001,0,NORMAL,NONE,NONE,0.0,"Model-derived risk probability is 0.0010, remaining well below the 0.50 suspicious triage threshold. ; Incident subgraph contains minimal structural connectivity (1 entity node(s), 0 directed edge(s)). ; Total transaction volume within the 72-hour incident window is ₹0.00 (average transfer: ₹0.00). ; No multi-hop fund routing or complex layering chains detected (max hop distance: 0). ; No illicit ATM cash-withdrawal terminal connections identified in the incident window.",5,No significant laundering pattern was detected at the configured risk threshold. Activity consistent with benign peer-to-peer transfers.,NONE
C000915,ENT_000141,0.0012,0,NORMAL,NONE,NONE,0.0,"Model-derived risk probability is 0.0012, remaining well below the 0.50 suspicious triage threshold. ; Incident subgraph contains minimal structural connectivity (1 entity node(s), 0 directed edge(s)). ; Total transaction volume within the 72-hour incident window is ₹0.00 (average transfer: ₹0.00). ; No multi-hop fund routing or complex layering chains detected (max hop distance: 0). ; No illicit ATM cash-withdrawal terminal connections identified in the incident window.",5,No significant laundering pattern was detected at the configured risk threshold. Activity consistent with benign peer-to-peer transfers.,NONE
C000916,ENT_000221,0.5205,1,MEDIUM_CONFIDENCE,NONE,NONE,0.0,"GraphSAGE GNN assessed an elevated risk probability of 0.5205 (Tier: MEDIUM_CONFIDENCE). ; Unusual concentration of transaction activity observed within the 72-hour incident window. ; The incident graph spans 3 transaction hops, indicating multi-stage fund routing away from the complaint account. ; Cumulative transaction volume reached ₹42,969.57 with a peak single transfer of ₹25,710.50. ; Subnetwork connects 9 entities across 8 directed transaction edges (average node degree: 1.78, incident in-degree: 0, out-degree: 1). ; Graph topology exhibits high structural similarity (0.99) to cataloged reference laundering patterns.",6,"Elevated transaction risk detected around entity ENT_000221. Multi-hop activity observed, but supporting terminal or structural reference evidence remains partial.",NONE
C000917,ENT_000688,0.8963,1,HIGH_CONFIDENCE,NONE,NONE,0.0,"GraphSAGE GNN assessed an elevated risk probability of 0.8963 (Tier: HIGH_CONFIDENCE). ; Unusual concentration of transaction activity observed within the 72-hour incident window. ; The incident graph spans 3 transaction hops, indicating multi-stage fund routing away from the complaint account. ; Cumulative transaction volume reached ₹1,050,848.46 with a peak single transfer of ₹314,242.43. ; Subnetwork connects 13 entities across 12 directed transaction edges (average node degree: 1.85, incident in-degree: 2, out-degree: 1). ; Graph topology exhibits high structural similarity (1.00) to cataloged reference laundering patterns.",6,High-risk multi-hop transaction activity with strong graph evidence was detected. Priority investigation recommended for root entity ENT_000688 and connected intermediaries.,NONE
C000918,ENT_000363,0.837,1,HIGH_CONFIDENCE,ATM_001,Hyderabad,0.7908,"GraphSAGE GNN assessed an elevated risk probability of 0.8370 (Tier: HIGH_CONFIDENCE). ; Unusual concentration of transaction activity observed within the 72-hour incident window. ; The incident graph spans 3 transaction hops, indicating multi-stage fund routing away from the complaint account. ; Cumulative transaction volume reached ₹704,263.84 with a peak single transfer of ₹255,213.70. ; Subnetwork connects 21 entities across 20 directed transaction edges (average node degree: 1.90, incident in-degree: 0, out-degree: 1). ; Likely downstream cash exit identified at terminal ATM_001 in Hyderabad (terminal risk score: 0.79, ₹255,213.70 withdrawn across 1 transaction(s)). ; Graph topology exhibits high structural similarity (1.00) to cataloged reference laundering patterns.",7,High-risk multi-hop transaction activity with downstream cash-out behavior was detected. Priority investigation recommended for root entity ENT_000363 and exit terminal ATM_001 (Hyderabad).,"Terminal: ATM_001 (Hyderabad) | Risk Score: 0.79 | Distance: 2 hop(s) | Cash Volume: ₹255,213.70 (1 tx) | Timing Delta: 57.5h from incident"
C000919,ENT_000236,0.9982,1,HIGH_CONFIDENCE,NONE,NONE,0.0,"GraphSAGE GNN assessed an elevated risk probability of 0.9982 (Tier: HIGH_CONFIDENCE). ; Unusual concentration of transaction activity observed within the 72-hour incident window. ; The incident graph spans 3 transaction hops, indicating multi-stage fund routing away from the complaint account. ; Cumulative transaction volume reached ₹1,007,863.56 with a peak single transfer of ₹196,845.08. ; Subnetwork connects 10 entities across 10 directed transaction edges (average node degree: 2.00, incident in-degree: 0, out-degree: 1). ; Graph topology exhibits high structural similarity (1.00) to cataloged reference laundering patterns.",6,High-risk multi-hop transaction activity with strong graph evidence was detected. Priority investigation recommended for root entity ENT_000236 and connected intermediaries.,NONE
C000920,ENT_000432,0.0162,0,NORMAL,NONE,NONE,0.0,"Model-derived risk probability is 0.0162, remaining well below the 0.50 suspicious triage threshold. ; Incident subgraph contains minimal structural connectivity (2 entity node(s), 2 directed edge(s)). ; Total transaction volume within the 72-hour incident window is ₹1,503.50 (average transfer: ₹751.75). ; No multi-hop fund routing or complex layering chains detected (max hop distance: 1). ; No illicit ATM cash-withdrawal terminal connections identified in the incident window.",5,No significant laundering pattern was detected at the configured risk threshold. Activity consistent with benign peer-to-peer transfers.,NONE
C000921,ENT_000621,0.0138,0,NORMAL,NONE,NONE,0.0,"Model-derived risk probability is 0.0138, remaining well below the 0.50 suspicious triage threshold. ; Incident subgraph contains minimal structural connectivity (4 entity node(s), 3 directed edge(s)). ; Total transaction volume within the 72-hour incident window is ₹1,900.08 (average transfer: ₹633.36). ; No multi-hop fund routing or complex layering chains detected (max hop distance: 2). ; No illicit ATM cash-withdrawal terminal connections identified in the incident window.",5,No significant laundering pattern was detected at the configured risk threshold. Activity consistent with benign peer-to-peer transfers.,NONE
C000922,ENT_000243,0.0121,0,NORMAL,NONE,NONE,0.0,"Model-derived risk probability is 0.0121, remaining well below the 0.50 suspicious triage threshold. ; Incident subgraph contains minimal structural connectivity (5 entity node(s), 4 directed edge(s)). ; Total transaction volume within the 72-hour incident window is ₹8,005.58 (average transfer: ₹2,001.39). ; No multi-hop fund routing or complex layering chains detected (max hop distance: 2). ; No illicit ATM cash-withdrawal terminal connections identified in the incident window.",5,No significant laundering pattern was detected at the configured risk threshold. Activity consistent with benign peer-to-peer transfers.,NONE
C000923,ENT_000622,0.0007,0,NORMAL,NONE,NONE,0.0,"Model-derived risk probability is 0.0007, remaining well below the 0.50 suspicious triage threshold. ; Incident subgraph contains minimal structural connectivity (1 entity node(s), 0 directed edge(s)). ; Total transaction volume within the 72-hour incident window is ₹0.00 (average transfer: ₹0.00). ; No multi-hop fund routing or complex layering chains detected (max hop distance: 0). ; No illicit ATM cash-withdrawal terminal connections identified in the incident window.",5,No significant laundering pattern was detected at the configured risk threshold. Activity consistent with benign peer-to-peer transfers.,NONE
C000924,ENT_000609,0.0006,0,NORMAL,NONE,NONE,0.0,"Model-derived risk probability is 0.0006, remaining well below the 0.50 suspicious triage threshold. ; Incident subgraph contains minimal structural connectivity (1 entity node(s), 0 directed edge(s)). ; Total transaction volume within the 72-hour incident window is ₹0.00 (average transfer: ₹0.00). ; No multi-hop fund routing or complex layering chains detected (max hop distance: 0). ; No illicit ATM cash-withdrawal terminal connections identified in the incident window.",5,No significant laundering pattern was detected at the configured risk threshold. Activity consistent with benign peer-to-peer transfers.,NONE
C000925,ENT_000362,0.9998,1,HIGH_CONFIDENCE,ATM_021,Chandigarh,0.9357,"GraphSAGE GNN assessed an elevated risk probability of 0.9998 (Tier: HIGH_CONFIDENCE). ; Unusual concentration of transaction activity observed within the 72-hour incident window. ; The incident graph spans 3 transaction hops, indicating multi-stage fund routing away from the complaint account. ; Cumulative transaction volume reached ₹1,126,237.34 with a peak single transfer of ₹294,585.29. ; Subnetwork connects 7 entities across 6 directed transaction edges (average node degree: 1.71, incident in-degree: 1, out-degree: 1). ; Likely downstream cash exit identified at terminal ATM_021 in Chandigarh (terminal risk score: 0.94, ₹267,334.18 withdrawn across 1 transaction(s)). ; Graph topology exhibits high structural similarity (1.00) to cataloged reference laundering patterns.",7,High-risk multi-hop transaction activity with downstream cash-out behavior was detected. Priority investigation recommended for root entity ENT_000362 and exit terminal ATM_021 (Chandigarh).,"Terminal: ATM_021 (Chandigarh) | Risk Score: 0.94 | Distance: 1 hop(s) | Cash Volume: ₹267,334.18 (1 tx) | Timing Delta: 1.9h from incident"
C000926,ENT_000651,0.3501,0,NORMAL,NONE,NONE,0.0,"Model-derived risk probability is 0.3501, remaining well below the 0.50 suspicious triage threshold. ; Incident subgraph contains minimal structural connectivity (5 entity node(s), 4 directed edge(s)). ; Total transaction volume within the 72-hour incident window is ₹74,807.16 (average transfer: ₹18,701.79). ; No multi-hop fund routing or complex layering chains detected (max hop distance: 3). ; No illicit ATM cash-withdrawal terminal connections identified in the incident window.",5,No significant laundering pattern was detected at the configured risk threshold. Activity consistent with benign peer-to-peer transfers.,NONE
C000927,ENT_000377,0.001,0,NORMAL,NONE,NONE,0.0,"Model-derived risk probability is 0.0010, remaining well below the 0.50 suspicious triage threshold. ; Incident subgraph contains minimal structural connectivity (1 entity node(s), 0 directed edge(s)). ; Total transaction volume within the 72-hour incident window is ₹0.00 (average transfer: ₹0.00). ; No multi-hop fund routing or complex layering chains detected (max hop distance: 0). ; No illicit ATM cash-withdrawal terminal connections identified in the incident window.",5,No significant laundering pattern was detected at the configured risk threshold. Activity consistent with benign peer-to-peer transfers.,NONE
C000928,ENT_000264,0.0009,0,NORMAL,NONE,NONE,0.0,"Model-derived risk probability is 0.0009, remaining well below the 0.50 suspicious triage threshold. ; Incident subgraph contains minimal structural connectivity (1 entity node(s), 0 directed edge(s)). ; Total transaction volume within the 72-hour incident window is ₹0.00 (average transfer: ₹0.00). ; No multi-hop fund routing or complex layering chains detected (max hop distance: 0). ; No illicit ATM cash-withdrawal terminal connections identified in the incident window.",5,No significant laundering pattern was detected at the configured risk threshold. Activity consistent with benign peer-to-peer transfers.,NONE
C000929,ENT_000280,0.9935,1,HIGH_CONFIDENCE,NONE,NONE,0.0,"GraphSAGE GNN assessed an elevated risk probability of 0.9935 (Tier: HIGH_CONFIDENCE). ; Unusual concentration of transaction activity observed within the 72-hour incident window. ; The incident graph spans 3 transaction hops, indicating multi-stage fund routing away from the complaint account. ; Cumulative transaction volume reached ₹1,122,258.85 with a peak single transfer of ₹378,890.52. ; Subnetwork connects 12 entities across 11 directed transaction edges (average node degree: 1.83, incident in-degree: 1, out-degree: 1). ; Graph topology exhibits high structural similarity (1.00) to cataloged reference laundering patterns.",6,High-risk multi-hop transaction activity with strong graph evidence was detected. Priority investigation recommended for root entity ENT_000280 and connected intermediaries.,NONE
C000930,ENT_000306,0.0009,0,NORMAL,NONE,NONE,0.0,"Model-derived risk probability is 0.0009, remaining well below the 0.50 suspicious triage threshold. ; Incident subgraph contains minimal structural connectivity (1 entity node(s), 0 directed edge(s)). ; Total transaction volume within the 72-hour incident window is ₹0.00 (average transfer: ₹0.00). ; No multi-hop fund routing or complex layering chains detected (max hop distance: 0). ; No illicit ATM cash-withdrawal terminal connections identified in the incident window.",5,No significant laundering pattern was detected at the configured risk threshold. Activity consistent with benign peer-to-peer transfers.,NONE
C000931,ENT_000391,0.0012,0,NORMAL,NONE,NONE,0.0,"Model-derived risk probability is 0.0012, remaining well below the 0.50 suspicious triage threshold. ; Incident subgraph contains minimal structural connectivity (1 entity node(s), 0 directed edge(s)). ; Total transaction volume within the 72-hour incident window is ₹0.00 (average transfer: ₹0.00). ; No multi-hop fund routing or complex layering chains detected (max hop distance: 0). ; No illicit ATM cash-withdrawal terminal connections identified in the incident window.",5,No significant laundering pattern was detected at the configured risk threshold. Activity consistent with benign peer-to-peer transfers.,NONE
C000932,ENT_000530,0.1571,0,NORMAL,NONE,NONE,0.0,"Model-derived risk probability is 0.1571, remaining well below the 0.50 suspicious triage threshold. ; Incident subgraph contains minimal structural connectivity (6 entity node(s), 5 directed edge(s)). ; Total transaction volume within the 72-hour incident window is ₹24,230.04 (average transfer: ₹4,846.01). ; No multi-hop fund routing or complex layering chains detected (max hop distance: 3). ; No illicit ATM cash-withdrawal terminal connections identified in the incident window.",5,No significant laundering pattern was detected at the configured risk threshold. Activity consistent with benign peer-to-peer transfers.,NONE
C000933,ENT_000036,0.9925,1,HIGH_CONFIDENCE,NONE,NONE,0.0,"GraphSAGE GNN assessed an elevated risk probability of 0.9925 (Tier: HIGH_CONFIDENCE). ; Unusual concentration of transaction activity observed within the 72-hour incident window. ; The incident graph spans 3 transaction hops, indicating multi-stage fund routing away from the complaint account. ; Cumulative transaction volume reached ₹952,190.79 with a peak single transfer of ₹305,383.62. ; Subnetwork connects 31 entities across 34 directed transaction edges (average node degree: 2.19, incident in-degree: 0, out-degree: 4). ; Graph topology exhibits high structural similarity (1.00) to cataloged reference laundering patterns.",6,High-risk multi-hop transaction activity with strong graph evidence was detected. Priority investigation recommended for root entity ENT_000036 and connected intermediaries.,NONE
C000934,ENT_000257,0.9967,1,HIGH_CONFIDENCE,NONE,NONE,0.0,"GraphSAGE GNN assessed an elevated risk probability of 0.9967 (Tier: HIGH_CONFIDENCE). ; Unusual concentration of transaction activity observed within the 72-hour incident window. ; The incident graph spans 3 transaction hops, indicating multi-stage fund routing away from the complaint account. ; Cumulative transaction volume reached ₹1,434,319.35 with a peak single transfer of ₹229,705.14. ; Subnetwork connects 11 entities across 10 directed transaction edges (average node degree: 1.82, incident in-degree: 2, out-degree: 1). ; Graph topology exhibits high structural similarity (1.00) to cataloged reference laundering patterns.",6,High-risk multi-hop transaction activity with strong graph evidence was detected. Priority investigation recommended for root entity ENT_000257 and connected intermediaries.,NONE
C000935,ENT_000492,0.0009,0,NORMAL,NONE,NONE,0.0,"Model-derived risk probability is 0.0009, remaining well below the 0.50 suspicious triage threshold. ; Incident subgraph contains minimal structural connectivity (1 entity node(s), 0 directed edge(s)). ; Total transaction volume within the 72-hour incident window is ₹0.00 (average transfer: ₹0.00). ; No multi-hop fund routing or complex layering chains detected (max hop distance: 0). ; No illicit ATM cash-withdrawal terminal connections identified in the incident window.",5,No significant laundering pattern was detected at the configured risk threshold. Activity consistent with benign peer-to-peer transfers.,NONE
C000936,ENT_000269,0.0012,0,NORMAL,NONE,NONE,0.0,"Model-derived risk probability is 0.0012, remaining well below the 0.50 suspicious triage threshold. ; Incident subgraph contains minimal structural connectivity (1 entity node(s), 0 directed edge(s)). ; Total transaction volume within the 72-hour incident window is ₹0.00 (average transfer: ₹0.00). ; No multi-hop fund routing or complex layering chains detected (max hop distance: 0). ; No illicit ATM cash-withdrawal terminal connections identified in the incident window.",5,No significant laundering pattern was detected at the configured risk threshold. Activity consistent with benign peer-to-peer transfers.,NONE
C000937,ENT_000031,0.0014,0,NORMAL,NONE,NONE,0.0,"Model-derived risk probability is 0.0014, remaining well below the 0.50 suspicious triage threshold. ; Incident subgraph contains minimal structural connectivity (2 entity node(s), 1 directed edge(s)). ; Total transaction volume within the 72-hour incident window is ₹2,833.59 (average transfer: ₹2,833.59). ; No multi-hop fund routing or complex layering chains detected (max hop distance: 1). ; No illicit ATM cash-withdrawal terminal connections identified in the incident window.",5,No significant laundering pattern was detected at the configured risk threshold. Activity consistent with benign peer-to-peer transfers.,NONE
C000938,ENT_000314,0.0006,0,NORMAL,NONE,NONE,0.0,"Model-derived risk probability is 0.0006, remaining well below the 0.50 suspicious triage threshold. ; Incident subgraph contains minimal structural connectivity (1 entity node(s), 0 directed edge(s)). ; Total transaction volume within the 72-hour incident window is ₹0.00 (average transfer: ₹0.00). ; No multi-hop fund routing or complex layering chains detected (max hop distance: 0). ; No illicit ATM cash-withdrawal terminal connections identified in the incident window.",5,No significant laundering pattern was detected at the configured risk threshold. Activity consistent with benign peer-to-peer transfers.,NONE
C000939,ENT_000416,0.7986,1,HIGH_CONFIDENCE,ATM_046,Hyderabad,0.5932,"GraphSAGE GNN assessed an elevated risk probability of 0.7986 (Tier: HIGH_CONFIDENCE). ; Unusual concentration of transaction activity observed within the 72-hour incident window. ; The incident graph spans 3 transaction hops, indicating multi-stage fund routing away from the complaint account. ; Cumulative transaction volume reached ₹237,111.50 with a peak single transfer of ₹67,659.62. ; Subnetwork connects 10 entities across 9 directed transaction edges (average node degree: 1.80, incident in-degree: 0, out-degree: 2). ; Likely downstream cash exit identified at terminal ATM_046 in Hyderabad (terminal risk score: 0.59, ₹63,469.76 withdrawn across 1 transaction(s)). ; Graph topology exhibits high structural similarity (1.00) to cataloged reference laundering patterns.",7,High-risk multi-hop transaction activity with downstream cash-out behavior was detected. Priority investigation recommended for root entity ENT_000416 and exit terminal ATM_046 (Hyderabad).,"Terminal: ATM_046 (Hyderabad) | Risk Score: 0.59 | Distance: 2 hop(s) | Cash Volume: ₹63,469.76 (1 tx) | Timing Delta: 67.9h from incident"
C000940,ENT_000560,0.0009,0,NORMAL,NONE,NONE,0.0,"Model-derived risk probability is 0.0009, remaining well below the 0.50 suspicious triage threshold. ; Incident subgraph contains minimal structural connectivity (1 entity node(s), 0 directed edge(s)). ; Total transaction volume within the 72-hour incident window is ₹0.00 (average transfer: ₹0.00). ; No multi-hop fund routing or complex layering chains detected (max hop distance: 0). ; No illicit ATM cash-withdrawal terminal connections identified in the incident window.",5,No significant laundering pattern was detected at the configured risk threshold. Activity consistent with benign peer-to-peer transfers.,NONE
C000941,ENT_000250,0.0056,0,NORMAL,NONE,NONE,0.0,"Model-derived risk probability is 0.0056, remaining well below the 0.50 suspicious triage threshold. ; Incident subgraph contains minimal structural connectivity (2 entity node(s), 1 directed edge(s)). ; Total transaction volume within the 72-hour incident window is ₹109,583.82 (average transfer: ₹109,583.82). ; No multi-hop fund routing or complex layering chains detected (max hop distance: 1). ; No illicit ATM cash-withdrawal terminal connections identified in the incident window.",5,No significant laundering pattern was detected at the configured risk threshold. Activity consistent with benign peer-to-peer transfers.,NONE
C000942,ENT_000222,0.0012,0,NORMAL,NONE,NONE,0.0,"Model-derived risk probability is 0.0012, remaining well below the 0.50 suspicious triage threshold. ; Incident subgraph contains minimal structural connectivity (1 entity node(s), 0 directed edge(s)). ; Total transaction volume within the 72-hour incident window is ₹0.00 (average transfer: ₹0.00). ; No multi-hop fund routing or complex layering chains detected (max hop distance: 0). ; No illicit ATM cash-withdrawal terminal connections identified in the incident window.",5,No significant laundering pattern was detected at the configured risk threshold. Activity consistent with benign peer-to-peer transfers.,NONE
C000943,ENT_000199,0.0008,0,NORMAL,NONE,NONE,0.0,"Model-derived risk probability is 0.0008, remaining well below the 0.50 suspicious triage threshold. ; Incident subgraph contains minimal structural connectivity (1 entity node(s), 0 directed edge(s)). ; Total transaction volume within the 72-hour incident window is ₹0.00 (average transfer: ₹0.00). ; No multi-hop fund routing or complex layering chains detected (max hop distance: 0). ; No illicit ATM cash-withdrawal terminal connections identified in the incident window.",5,No significant laundering pattern was detected at the configured risk threshold. Activity consistent with benign peer-to-peer transfers.,NONE
C000944,ENT_000273,0.2116,0,NORMAL,NONE,NONE,0.0,"Model-derived risk probability is 0.2116, remaining well below the 0.50 suspicious triage threshold. ; Incident subgraph contains minimal structural connectivity (8 entity node(s), 7 directed edge(s)). ; Total transaction volume within the 72-hour incident window is ₹140,354.77 (average transfer: ₹20,050.68). ; No multi-hop fund routing or complex layering chains detected (max hop distance: 3). ; No illicit ATM cash-withdrawal terminal connections identified in the incident window.",5,No significant laundering pattern was detected at the configured risk threshold. Activity consistent with benign peer-to-peer transfers.,NONE
C000945,ENT_000429,0.0259,0,NORMAL,NONE,NONE,0.0,"Model-derived risk probability is 0.0259, remaining well below the 0.50 suspicious triage threshold. ; Incident subgraph contains minimal structural connectivity (4 entity node(s), 3 directed edge(s)). ; Total transaction volume within the 72-hour incident window is ₹8,718.32 (average transfer: ₹2,906.11). ; No multi-hop fund routing or complex layering chains detected (max hop distance: 2). ; No illicit ATM cash-withdrawal terminal connections identified in the incident window.",5,No significant laundering pattern was detected at the configured risk threshold. Activity consistent with benign peer-to-peer transfers.,NONE
C000946,ENT_000183,0.0136,0,NORMAL,NONE,NONE,0.0,"Model-derived risk probability is 0.0136, remaining well below the 0.50 suspicious triage threshold. ; Incident subgraph contains minimal structural connectivity (4 entity node(s), 3 directed edge(s)). ; Total transaction volume within the 72-hour incident window is ₹50,329.67 (average transfer: ₹16,776.56). ; No multi-hop fund routing or complex layering chains detected (max hop distance: 1). ; No illicit ATM cash-withdrawal terminal connections identified in the incident window.",5,No significant laundering pattern was detected at the configured risk threshold. Activity consistent with benign peer-to-peer transfers.,NONE
C000947,ENT_000177,0.5201,1,MEDIUM_CONFIDENCE,NONE,NONE,0.0,"GraphSAGE GNN assessed an elevated risk probability of 0.5201 (Tier: MEDIUM_CONFIDENCE). ; Unusual concentration of transaction activity observed within the 72-hour incident window. ; The incident graph spans 2 transaction hops, indicating multi-stage fund routing away from the complaint account. ; Cumulative transaction volume reached ₹501,521.39 with a peak single transfer of ₹472,277.16. ; Subnetwork connects 3 entities across 2 directed transaction edges (average node degree: 1.33, incident in-degree: 1, out-degree: 0). ; Graph topology exhibits high structural similarity (0.98) to cataloged reference laundering patterns.",6,"Elevated transaction risk detected around entity ENT_000177. Multi-hop activity observed, but supporting terminal or structural reference evidence remains partial.",NONE
C000948,ENT_000068,0.0006,0,NORMAL,NONE,NONE,0.0,"Model-derived risk probability is 0.0006, remaining well below the 0.50 suspicious triage threshold. ; Incident subgraph contains minimal structural connectivity (1 entity node(s), 0 directed edge(s)). ; Total transaction volume within the 72-hour incident window is ₹0.00 (average transfer: ₹0.00). ; No multi-hop fund routing or complex layering chains detected (max hop distance: 0). ; No illicit ATM cash-withdrawal terminal connections identified in the incident window.",5,No significant laundering pattern was detected at the configured risk threshold. Activity consistent with benign peer-to-peer transfers.,NONE
C000949,ENT_000288,0.0595,0,NORMAL,NONE,NONE,0.0,"Model-derived risk probability is 0.0595, remaining well below the 0.50 suspicious triage threshold. ; Incident subgraph contains minimal structural connectivity (4 entity node(s), 3 directed edge(s)). ; Total transaction volume within the 72-hour incident window is ₹44,300.97 (average transfer: ₹14,766.99). ; No multi-hop fund routing or complex layering chains detected (max hop distance: 3). ; No illicit ATM cash-withdrawal terminal connections identified in the incident window.",5,No significant laundering pattern was detected at the configured risk threshold. Activity consistent with benign peer-to-peer transfers.,NONE
C000950,ENT_000474,0.0007,0,NORMAL,NONE,NONE,0.0,"Model-derived risk probability is 0.0007, remaining well below the 0.50 suspicious triage threshold. ; Incident subgraph contains minimal structural connectivity (1 entity node(s), 0 directed edge(s)). ; Total transaction volume within the 72-hour incident window is ₹0.00 (average transfer: ₹0.00). ; No multi-hop fund routing or complex layering chains detected (max hop distance: 0). ; No illicit ATM cash-withdrawal terminal connections identified in the incident window.",5,No significant laundering pattern was detected at the configured risk threshold. Activity consistent with benign peer-to-peer transfers.,NONE
C000951,ENT_000419,0.0007,0,NORMAL,NONE,NONE,0.0,"Model-derived risk probability is 0.0007, remaining well below the 0.50 suspicious triage threshold. ; Incident subgraph contains minimal structural connectivity (1 entity node(s), 0 directed edge(s)). ; Total transaction volume within the 72-hour incident window is ₹0.00 (average transfer: ₹0.00). ; No multi-hop fund routing or complex layering chains detected (max hop distance: 0). ; No illicit ATM cash-withdrawal terminal connections identified in the incident window.",5,No significant laundering pattern was detected at the configured risk threshold. Activity consistent with benign peer-to-peer transfers.,NONE
C000952,ENT_000305,0.0949,0,NORMAL,NONE,NONE,0.0,"Model-derived risk probability is 0.0949, remaining well below the 0.50 suspicious triage threshold. ; Incident subgraph contains minimal structural connectivity (9 entity node(s), 8 directed edge(s)). ; Total transaction volume within the 72-hour incident window is ₹98,308.40 (average transfer: ₹12,288.55). ; No multi-hop fund routing or complex layering chains detected (max hop distance: 3). ; No illicit ATM cash-withdrawal terminal connections identified in the incident window.",5,No significant laundering pattern was detected at the configured risk threshold. Activity consistent with benign peer-to-peer transfers.,NONE
C000953,ENT_000575,0.2493,0,NORMAL,NONE,NONE,0.0,"Model-derived risk probability is 0.2493, remaining well below the 0.50 suspicious triage threshold. ; Incident subgraph contains minimal structural connectivity (4 entity node(s), 3 directed edge(s)). ; Total transaction volume within the 72-hour incident window is ₹501,256.53 (average transfer: ₹167,085.51). ; No multi-hop fund routing or complex layering chains detected (max hop distance: 2). ; No illicit ATM cash-withdrawal terminal connections identified in the incident window.",5,No significant laundering pattern was detected at the configured risk threshold. Activity consistent with benign peer-to-peer transfers.,NONE
C000954,ENT_000357,0.0012,0,NORMAL,NONE,NONE,0.0,"Model-derived risk probability is 0.0012, remaining well below the 0.50 suspicious triage threshold. ; Incident subgraph contains minimal structural connectivity (2 entity node(s), 1 directed edge(s)). ; Total transaction volume within the 72-hour incident window is ₹770.61 (average transfer: ₹770.61). ; No multi-hop fund routing or complex layering chains detected (max hop distance: 1). ; No illicit ATM cash-withdrawal terminal connections identified in the incident window.",5,No significant laundering pattern was detected at the configured risk threshold. Activity consistent with benign peer-to-peer transfers.,NONE
C000955,ENT_000020,0.9998,1,HIGH_CONFIDENCE,NONE,NONE,0.0,"GraphSAGE GNN assessed an elevated risk probability of 0.9998 (Tier: HIGH_CONFIDENCE). ; Unusual concentration of transaction activity observed within the 72-hour incident window. ; The incident graph spans 3 transaction hops, indicating multi-stage fund routing away from the complaint account. ; Cumulative transaction volume reached ₹2,755,486.04 with a peak single transfer of ₹479,397.99. ; Subnetwork connects 15 entities across 19 directed transaction edges (average node degree: 2.53, incident in-degree: 3, out-degree: 2). ; Graph topology exhibits high structural similarity (1.00) to cataloged reference laundering patterns.",6,High-risk multi-hop transaction activity with strong graph evidence was detected. Priority investigation recommended for root entity ENT_000020 and connected intermediaries.,NONE
C000956,ENT_000370,0.9937,1,HIGH_CONFIDENCE,NONE,NONE,0.0,"GraphSAGE GNN assessed an elevated risk probability of 0.9937 (Tier: HIGH_CONFIDENCE). ; Unusual concentration of transaction activity observed within the 72-hour incident window. ; The incident graph spans 3 transaction hops, indicating multi-stage fund routing away from the complaint account. ; Cumulative transaction volume reached ₹683,728.26 with a peak single transfer of ₹85,150.30. ; Subnetwork connects 12 entities across 13 directed transaction edges (average node degree: 2.17, incident in-degree: 1, out-degree: 4). ; Graph topology exhibits high structural similarity (1.00) to cataloged reference laundering patterns.",6,High-risk multi-hop transaction activity with strong graph evidence was detected. Priority investigation recommended for root entity ENT_000370 and connected intermediaries.,NONE
C000957,ENT_000643,0.0095,0,NORMAL,NONE,NONE,0.0,"Model-derived risk probability is 0.0095, remaining well below the 0.50 suspicious triage threshold. ; Incident subgraph contains minimal structural connectivity (3 entity node(s), 2 directed edge(s)). ; Total transaction volume within the 72-hour incident window is ₹6,033.20 (average transfer: ₹3,016.60). ; No multi-hop fund routing or complex layering chains detected (max hop distance: 2). ; No illicit ATM cash-withdrawal terminal connections identified in the incident window.",5,No significant laundering pattern was detected at the configured risk threshold. Activity consistent with benign peer-to-peer transfers.,NONE
C000958,ENT_000137,0.0088,0,NORMAL,NONE,NONE,0.0,"Model-derived risk probability is 0.0088, remaining well below the 0.50 suspicious triage threshold. ; Incident subgraph contains minimal structural connectivity (3 entity node(s), 2 directed edge(s)). ; Total transaction volume within the 72-hour incident window is ₹27,996.33 (average transfer: ₹13,998.17). ; No multi-hop fund routing or complex layering chains detected (max hop distance: 2). ; No illicit ATM cash-withdrawal terminal connections identified in the incident window.",5,No significant laundering pattern was detected at the configured risk threshold. Activity consistent with benign peer-to-peer transfers.,NONE
C000959,ENT_000400,0.0008,0,NORMAL,NONE,NONE,0.0,"Model-derived risk probability is 0.0008, remaining well below the 0.50 suspicious triage threshold. ; Incident subgraph contains minimal structural connectivity (1 entity node(s), 0 directed edge(s)). ; Total transaction volume within the 72-hour incident window is ₹0.00 (average transfer: ₹0.00). ; No multi-hop fund routing or complex layering chains detected (max hop distance: 0). ; No illicit ATM cash-withdrawal terminal connections identified in the incident window.",5,No significant laundering pattern was detected at the configured risk threshold. Activity consistent with benign peer-to-peer transfers.,NONE
C000960,ENT_000297,0.0044,0,NORMAL,NONE,NONE,0.0,"Model-derived risk probability is 0.0044, remaining well below the 0.50 suspicious triage threshold. ; Incident subgraph contains minimal structural connectivity (2 entity node(s), 1 directed edge(s)). ; Total transaction volume within the 72-hour incident window is ₹260,870.34 (average transfer: ₹260,870.34). ; No multi-hop fund routing or complex layering chains detected (max hop distance: 1). ; No illicit ATM cash-withdrawal terminal connections identified in the incident window.",5,No significant laundering pattern was detected at the configured risk threshold. Activity consistent with benign peer-to-peer transfers.,NONE
C000961,ENT_000094,0.9738,1,HIGH_CONFIDENCE,NONE,NONE,0.0,"GraphSAGE GNN assessed an elevated risk probability of 0.9738 (Tier: HIGH_CONFIDENCE). ; Unusual concentration of transaction activity observed within the 72-hour incident window. ; The incident graph spans 3 transaction hops, indicating multi-stage fund routing away from the complaint account. ; Cumulative transaction volume reached ₹552,918.87 with a peak single transfer of ₹246,519.48. ; Subnetwork connects 13 entities across 12 directed transaction edges (average node degree: 1.85, incident in-degree: 0, out-degree: 1). ; Graph topology exhibits high structural similarity (1.00) to cataloged reference laundering patterns.",6,High-risk multi-hop transaction activity with strong graph evidence was detected. Priority investigation recommended for root entity ENT_000094 and connected intermediaries.,NONE
C000962,ENT_000005,0.0011,0,NORMAL,NONE,NONE,0.0,"Model-derived risk probability is 0.0011, remaining well below the 0.50 suspicious triage threshold. ; Incident subgraph contains minimal structural connectivity (1 entity node(s), 0 directed edge(s)). ; Total transaction volume within the 72-hour incident window is ₹0.00 (average transfer: ₹0.00). ; No multi-hop fund routing or complex layering chains detected (max hop distance: 0). ; No illicit ATM cash-withdrawal terminal connections identified in the incident window.",5,No significant laundering pattern was detected at the configured risk threshold. Activity consistent with benign peer-to-peer transfers.,NONE
C000963,ENT_000245,0.001,0,NORMAL,NONE,NONE,0.0,"Model-derived risk probability is 0.0010, remaining well below the 0.50 suspicious triage threshold. ; Incident subgraph contains minimal structural connectivity (1 entity node(s), 0 directed edge(s)). ; Total transaction volume within the 72-hour incident window is ₹0.00 (average transfer: ₹0.00). ; No multi-hop fund routing or complex layering chains detected (max hop distance: 0). ; No illicit ATM cash-withdrawal terminal connections identified in the incident window.",5,No significant laundering pattern was detected at the configured risk threshold. Activity consistent with benign peer-to-peer transfers.,NONE
C000964,ENT_000203,0.0006,0,NORMAL,NONE,NONE,0.0,"Model-derived risk probability is 0.0006, remaining well below the 0.50 suspicious triage threshold. ; Incident subgraph contains minimal structural connectivity (1 entity node(s), 0 directed edge(s)). ; Total transaction volume within the 72-hour incident window is ₹0.00 (average transfer: ₹0.00). ; No multi-hop fund routing or complex layering chains detected (max hop distance: 0). ; No illicit ATM cash-withdrawal terminal connections identified in the incident window.",5,No significant laundering pattern was detected at the configured risk threshold. Activity consistent with benign peer-to-peer transfers.,NONE
C000965,ENT_000277,0.0011,0,NORMAL,NONE,NONE,0.0,"Model-derived risk probability is 0.0011, remaining well below the 0.50 suspicious triage threshold. ; Incident subgraph contains minimal structural connectivity (2 entity node(s), 1 directed edge(s)). ; Total transaction volume within the 72-hour incident window is ₹176.45 (average transfer: ₹176.45). ; No multi-hop fund routing or complex layering chains detected (max hop distance: 1). ; No illicit ATM cash-withdrawal terminal connections identified in the incident window.",5,No significant laundering pattern was detected at the configured risk threshold. Activity consistent with benign peer-to-peer transfers.,NONE
C000966,ENT_000112,0.0028,0,NORMAL,NONE,NONE,0.0,"Model-derived risk probability is 0.0028, remaining well below the 0.50 suspicious triage threshold. ; Incident subgraph contains minimal structural connectivity (2 entity node(s), 1 directed edge(s)). ; Total transaction volume within the 72-hour incident window is ₹41,520.72 (average transfer: ₹41,520.72). ; No multi-hop fund routing or complex layering chains detected (max hop distance: 1). ; No illicit ATM cash-withdrawal terminal connections identified in the incident window.",5,No significant laundering pattern was detected at the configured risk threshold. Activity consistent with benign peer-to-peer transfers.,NONE
C000967,ENT_000675,0.0006,0,NORMAL,NONE,NONE,0.0,"Model-derived risk probability is 0.0006, remaining well below the 0.50 suspicious triage threshold. ; Incident subgraph contains minimal structural connectivity (1 entity node(s), 0 directed edge(s)). ; Total transaction volume within the 72-hour incident window is ₹0.00 (average transfer: ₹0.00). ; No multi-hop fund routing or complex layering chains detected (max hop distance: 0). ; No illicit ATM cash-withdrawal terminal connections identified in the incident window.",5,No significant laundering pattern was detected at the configured risk threshold. Activity consistent with benign peer-to-peer transfers.,NONE
C000968,ENT_000159,0.0011,0,NORMAL,NONE,NONE,0.0,"Model-derived risk probability is 0.0011, remaining well below the 0.50 suspicious triage threshold. ; Incident subgraph contains minimal structural connectivity (1 entity node(s), 0 directed edge(s)). ; Total transaction volume within the 72-hour incident window is ₹0.00 (average transfer: ₹0.00). ; No multi-hop fund routing or complex layering chains detected (max hop distance: 0). ; No illicit ATM cash-withdrawal terminal connections identified in the incident window.",5,No significant laundering pattern was detected at the configured risk threshold. Activity consistent with benign peer-to-peer transfers.,NONE
C000969,ENT_000130,0.9999,1,HIGH_CONFIDENCE,NONE,NONE,0.0,"GraphSAGE GNN assessed an elevated risk probability of 0.9999 (Tier: HIGH_CONFIDENCE). ; Unusual concentration of transaction activity observed within the 72-hour incident window. ; The incident graph spans 3 transaction hops, indicating multi-stage fund routing away from the complaint account. ; Cumulative transaction volume reached ₹1,194,289.73 with a peak single transfer of ₹201,698.60. ; Subnetwork connects 11 entities across 10 directed transaction edges (average node degree: 1.82, incident in-degree: 1, out-degree: 0). ; Graph topology exhibits high structural similarity (1.00) to cataloged reference laundering patterns.",6,High-risk multi-hop transaction activity with strong graph evidence was detected. Priority investigation recommended for root entity ENT_000130 and connected intermediaries.,NONE
C000970,ENT_000466,0.0509,0,NORMAL,NONE,NONE,0.0,"Model-derived risk probability is 0.0509, remaining well below the 0.50 suspicious triage threshold. ; Incident subgraph contains minimal structural connectivity (6 entity node(s), 5 directed edge(s)). ; Total transaction volume within the 72-hour incident window is ₹76,360.84 (average transfer: ₹15,272.17). ; No multi-hop fund routing or complex layering chains detected (max hop distance: 2). ; No illicit ATM cash-withdrawal terminal connections identified in the incident window.",5,No significant laundering pattern was detected at the configured risk threshold. Activity consistent with benign peer-to-peer transfers.,NONE
C000971,ENT_000472,0.0024,0,NORMAL,NONE,NONE,0.0,"Model-derived risk probability is 0.0024, remaining well below the 0.50 suspicious triage threshold. ; Incident subgraph contains minimal structural connectivity (2 entity node(s), 1 directed edge(s)). ; Total transaction volume within the 72-hour incident window is ₹999.92 (average transfer: ₹999.92). ; No multi-hop fund routing or complex layering chains detected (max hop distance: 1). ; No illicit ATM cash-withdrawal terminal connections identified in the incident window.",5,No significant laundering pattern was detected at the configured risk threshold. Activity consistent with benign peer-to-peer transfers.,NONE
C000972,ENT_000693,0.002,0,NORMAL,NONE,NONE,0.0,"Model-derived risk probability is 0.0020, remaining well below the 0.50 suspicious triage threshold. ; Incident subgraph contains minimal structural connectivity (2 entity node(s), 1 directed edge(s)). ; Total transaction volume within the 72-hour incident window is ₹1,994.61 (average transfer: ₹1,994.61). ; No multi-hop fund routing or complex layering chains detected (max hop distance: 1). ; No illicit ATM cash-withdrawal terminal connections identified in the incident window.",5,No significant laundering pattern was detected at the configured risk threshold. Activity consistent with benign peer-to-peer transfers.,NONE
C000973,ENT_000192,0.0006,0,NORMAL,NONE,NONE,0.0,"Model-derived risk probability is 0.0006, remaining well below the 0.50 suspicious triage threshold. ; Incident subgraph contains minimal structural connectivity (1 entity node(s), 0 directed edge(s)). ; Total transaction volume within the 72-hour incident window is ₹0.00 (average transfer: ₹0.00). ; No multi-hop fund routing or complex layering chains detected (max hop distance: 0). ; No illicit ATM cash-withdrawal terminal connections identified in the incident window.",5,No significant laundering pattern was detected at the configured risk threshold. Activity consistent with benign peer-to-peer transfers.,NONE
C000974,ENT_000256,0.0009,0,NORMAL,NONE,NONE,0.0,"Model-derived risk probability is 0.0009, remaining well below the 0.50 suspicious triage threshold. ; Incident subgraph contains minimal structural connectivity (1 entity node(s), 0 directed edge(s)). ; Total transaction volume within the 72-hour incident window is ₹0.00 (average transfer: ₹0.00). ; No multi-hop fund routing or complex layering chains detected (max hop distance: 0). ; No illicit ATM cash-withdrawal terminal connections identified in the incident window.",5,No significant laundering pattern was detected at the configured risk threshold. Activity consistent with benign peer-to-peer transfers.,NONE
C000975,ENT_000462,0.0013,0,NORMAL,NONE,NONE,0.0,"Model-derived risk probability is 0.0013, remaining well below the 0.50 suspicious triage threshold. ; Incident subgraph contains minimal structural connectivity (1 entity node(s), 0 directed edge(s)). ; Total transaction volume within the 72-hour incident window is ₹0.00 (average transfer: ₹0.00). ; No multi-hop fund routing or complex layering chains detected (max hop distance: 0). ; No illicit ATM cash-withdrawal terminal connections identified in the incident window.",5,No significant laundering pattern was detected at the configured risk threshold. Activity consistent with benign peer-to-peer transfers.,NONE
C000976,ENT_000488,0.9889,1,HIGH_CONFIDENCE,ATM_028,Jaipur,0.6154,"GraphSAGE GNN assessed an elevated risk probability of 0.9889 (Tier: HIGH_CONFIDENCE). ; Unusual concentration of transaction activity observed within the 72-hour incident window. ; The incident graph spans 3 transaction hops, indicating multi-stage fund routing away from the complaint account. ; Cumulative transaction volume reached ₹452,156.91 with a peak single transfer of ₹185,277.13. ; Subnetwork connects 10 entities across 9 directed transaction edges (average node degree: 1.80, incident in-degree: 0, out-degree: 2). ; Likely downstream cash exit identified at terminal ATM_028 in Jaipur (terminal risk score: 0.62, ₹1,530.01 withdrawn across 1 transaction(s)). ; Graph topology exhibits high structural similarity (1.00) to cataloged reference laundering patterns.",7,High-risk multi-hop transaction activity with downstream cash-out behavior was detected. Priority investigation recommended for root entity ENT_000488 and exit terminal ATM_028 (Jaipur).,"Terminal: ATM_028 (Jaipur) | Risk Score: 0.62 | Distance: 1 hop(s) | Cash Volume: ₹1,530.01 (1 tx) | Timing Delta: 55.9h from incident"
C000977,ENT_000326,0.9998,1,HIGH_CONFIDENCE,ATM_010,Lucknow,0.8162,"GraphSAGE GNN assessed an elevated risk probability of 0.9998 (Tier: HIGH_CONFIDENCE). ; Unusual concentration of transaction activity observed within the 72-hour incident window. ; The incident graph spans 3 transaction hops, indicating multi-stage fund routing away from the complaint account. ; Cumulative transaction volume reached ₹2,166,137.13 with a peak single transfer of ₹442,288.58. ; Subnetwork connects 22 entities across 23 directed transaction edges (average node degree: 2.09, incident in-degree: 1, out-degree: 2). ; Likely downstream cash exit identified at terminal ATM_010 in Lucknow (terminal risk score: 0.82, ₹303,873.34 withdrawn across 1 transaction(s)). ; Graph topology exhibits high structural similarity (1.00) to cataloged reference laundering patterns.",7,High-risk multi-hop transaction activity with downstream cash-out behavior was detected. Priority investigation recommended for root entity ENT_000326 and exit terminal ATM_010 (Lucknow).,"Terminal: ATM_010 (Lucknow) | Risk Score: 0.82 | Distance: 3 hop(s) | Cash Volume: ₹303,873.34 (1 tx) | Timing Delta: 5.0h from incident"
C000978,ENT_000046,0.0018,0,NORMAL,NONE,NONE,0.0,"Model-derived risk probability is 0.0018, remaining well below the 0.50 suspicious triage threshold. ; Incident subgraph contains minimal structural connectivity (2 entity node(s), 1 directed edge(s)). ; Total transaction volume within the 72-hour incident window is ₹4,996.15 (average transfer: ₹4,996.15). ; No multi-hop fund routing or complex layering chains detected (max hop distance: 1). ; No illicit ATM cash-withdrawal terminal connections identified in the incident window.",5,No significant laundering pattern was detected at the configured risk threshold. Activity consistent with benign peer-to-peer transfers.,NONE
C000979,ENT_000561,0.0035,0,NORMAL,NONE,NONE,0.0,"Model-derived risk probability is 0.0035, remaining well below the 0.50 suspicious triage threshold. ; Incident subgraph contains minimal structural connectivity (3 entity node(s), 2 directed edge(s)). ; Total transaction volume within the 72-hour incident window is ₹6,883.15 (average transfer: ₹3,441.57). ; No multi-hop fund routing or complex layering chains detected (max hop distance: 1). ; No illicit ATM cash-withdrawal terminal connections identified in the incident window.",5,No significant laundering pattern was detected at the configured risk threshold. Activity consistent with benign peer-to-peer transfers.,NONE
C000980,ENT_000234,0.0009,0,NORMAL,NONE,NONE,0.0,"Model-derived risk probability is 0.0009, remaining well below the 0.50 suspicious triage threshold. ; Incident subgraph contains minimal structural connectivity (1 entity node(s), 0 directed edge(s)). ; Total transaction volume within the 72-hour incident window is ₹0.00 (average transfer: ₹0.00). ; No multi-hop fund routing or complex layering chains detected (max hop distance: 0). ; No illicit ATM cash-withdrawal terminal connections identified in the incident window.",5,No significant laundering pattern was detected at the configured risk threshold. Activity consistent with benign peer-to-peer transfers.,NONE
C000981,ENT_000308,0.0007,0,NORMAL,NONE,NONE,0.0,"Model-derived risk probability is 0.0007, remaining well below the 0.50 suspicious triage threshold. ; Incident subgraph contains minimal structural connectivity (1 entity node(s), 0 directed edge(s)). ; Total transaction volume within the 72-hour incident window is ₹0.00 (average transfer: ₹0.00). ; No multi-hop fund routing or complex layering chains detected (max hop distance: 0). ; No illicit ATM cash-withdrawal terminal connections identified in the incident window.",5,No significant laundering pattern was detected at the configured risk threshold. Activity consistent with benign peer-to-peer transfers.,NONE
C000982,ENT_000396,0.0015,0,NORMAL,NONE,NONE,0.0,"Model-derived risk probability is 0.0015, remaining well below the 0.50 suspicious triage threshold. ; Incident subgraph contains minimal structural connectivity (2 entity node(s), 1 directed edge(s)). ; Total transaction volume within the 72-hour incident window is ₹4,660.37 (average transfer: ₹4,660.37). ; No multi-hop fund routing or complex layering chains detected (max hop distance: 1). ; No illicit ATM cash-withdrawal terminal connections identified in the incident window.",5,No significant laundering pattern was detected at the configured risk threshold. Activity consistent with benign peer-to-peer transfers.,NONE
C000983,ENT_000508,0.001,0,NORMAL,NONE,NONE,0.0,"Model-derived risk probability is 0.0010, remaining well below the 0.50 suspicious triage threshold. ; Incident subgraph contains minimal structural connectivity (1 entity node(s), 0 directed edge(s)). ; Total transaction volume within the 72-hour incident window is ₹0.00 (average transfer: ₹0.00). ; No multi-hop fund routing or complex layering chains detected (max hop distance: 0). ; No illicit ATM cash-withdrawal terminal connections identified in the incident window.",5,No significant laundering pattern was detected at the configured risk threshold. Activity consistent with benign peer-to-peer transfers.,NONE
C000984,ENT_000489,0.0012,0,NORMAL,NONE,NONE,0.0,"Model-derived risk probability is 0.0012, remaining well below the 0.50 suspicious triage threshold. ; Incident subgraph contains minimal structural connectivity (1 entity node(s), 0 directed edge(s)). ; Total transaction volume within the 72-hour incident window is ₹0.00 (average transfer: ₹0.00). ; No multi-hop fund routing or complex layering chains detected (max hop distance: 0). ; No illicit ATM cash-withdrawal terminal connections identified in the incident window.",5,No significant laundering pattern was detected at the configured risk threshold. Activity consistent with benign peer-to-peer transfers.,NONE
C000985,ENT_000400,0.0021,0,NORMAL,NONE,NONE,0.0,"Model-derived risk probability is 0.0021, remaining well below the 0.50 suspicious triage threshold. ; Incident subgraph contains minimal structural connectivity (2 entity node(s), 1 directed edge(s)). ; Total transaction volume within the 72-hour incident window is ₹2,204.72 (average transfer: ₹2,204.72). ; No multi-hop fund routing or complex layering chains detected (max hop distance: 1). ; No illicit ATM cash-withdrawal terminal connections identified in the incident window.",5,No significant laundering pattern was detected at the configured risk threshold. Activity consistent with benign peer-to-peer transfers.,NONE
C000986,ENT_000435,0.4031,0,NORMAL,NONE,NONE,0.0,"Model-derived risk probability is 0.4031, remaining well below the 0.50 suspicious triage threshold. ; Incident subgraph contains minimal structural connectivity (7 entity node(s), 6 directed edge(s)). ; Total transaction volume within the 72-hour incident window is ₹76,378.08 (average transfer: ₹12,729.68). ; No multi-hop fund routing or complex layering chains detected (max hop distance: 3). ; No illicit ATM cash-withdrawal terminal connections identified in the incident window.",5,No significant laundering pattern was detected at the configured risk threshold. Activity consistent with benign peer-to-peer transfers.,NONE
C000987,ENT_000530,0.0009,0,NORMAL,NONE,NONE,0.0,"Model-derived risk probability is 0.0009, remaining well below the 0.50 suspicious triage threshold. ; Incident subgraph contains minimal structural connectivity (1 entity node(s), 0 directed edge(s)). ; Total transaction volume within the 72-hour incident window is ₹0.00 (average transfer: ₹0.00). ; No multi-hop fund routing or complex layering chains detected (max hop distance: 0). ; No illicit ATM cash-withdrawal terminal connections identified in the incident window.",5,No significant laundering pattern was detected at the configured risk threshold. Activity consistent with benign peer-to-peer transfers.,NONE
C000988,ENT_000226,0.0012,0,NORMAL,NONE,NONE,0.0,"Model-derived risk probability is 0.0012, remaining well below the 0.50 suspicious triage threshold. ; Incident subgraph contains minimal structural connectivity (1 entity node(s), 0 directed edge(s)). ; Total transaction volume within the 72-hour incident window is ₹0.00 (average transfer: ₹0.00). ; No multi-hop fund routing or complex layering chains detected (max hop distance: 0). ; No illicit ATM cash-withdrawal terminal connections identified in the incident window.",5,No significant laundering pattern was detected at the configured risk threshold. Activity consistent with benign peer-to-peer transfers.,NONE
C000989,ENT_000389,1.0,1,HIGH_CONFIDENCE,NONE,NONE,0.0,"GraphSAGE GNN assessed an elevated risk probability of 1.0000 (Tier: HIGH_CONFIDENCE). ; Unusual concentration of transaction activity observed within the 72-hour incident window. ; The incident graph spans 3 transaction hops, indicating multi-stage fund routing away from the complaint account. ; Cumulative transaction volume reached ₹2,355,370.31 with a peak single transfer of ₹400,372.48. ; Subnetwork connects 15 entities across 14 directed transaction edges (average node degree: 1.87, incident in-degree: 1, out-degree: 2). ; Graph topology exhibits high structural similarity (1.00) to cataloged reference laundering patterns.",6,High-risk multi-hop transaction activity with strong graph evidence was detected. Priority investigation recommended for root entity ENT_000389 and connected intermediaries.,NONE
C000990,ENT_000178,0.0026,0,NORMAL,NONE,NONE,0.0,"Model-derived risk probability is 0.0026, remaining well below the 0.50 suspicious triage threshold. ; Incident subgraph contains minimal structural connectivity (2 entity node(s), 1 directed edge(s)). ; Total transaction volume within the 72-hour incident window is ₹42,195.22 (average transfer: ₹42,195.22). ; No multi-hop fund routing or complex layering chains detected (max hop distance: 1). ; No illicit ATM cash-withdrawal terminal connections identified in the incident window.",5,No significant laundering pattern was detected at the configured risk threshold. Activity consistent with benign peer-to-peer transfers.,NONE
C000991,ENT_000353,0.0122,0,NORMAL,NONE,NONE,0.0,"Model-derived risk probability is 0.0122, remaining well below the 0.50 suspicious triage threshold. ; Incident subgraph contains minimal structural connectivity (3 entity node(s), 2 directed edge(s)). ; Total transaction volume within the 72-hour incident window is ₹25,458.48 (average transfer: ₹12,729.24). ; No multi-hop fund routing or complex layering chains detected (max hop distance: 2). ; No illicit ATM cash-withdrawal terminal connections identified in the incident window.",5,No significant laundering pattern was detected at the configured risk threshold. Activity consistent with benign peer-to-peer transfers.,NONE
C000992,ENT_000666,0.0008,0,NORMAL,NONE,NONE,0.0,"Model-derived risk probability is 0.0008, remaining well below the 0.50 suspicious triage threshold. ; Incident subgraph contains minimal structural connectivity (1 entity node(s), 0 directed edge(s)). ; Total transaction volume within the 72-hour incident window is ₹0.00 (average transfer: ₹0.00). ; No multi-hop fund routing or complex layering chains detected (max hop distance: 0). ; No illicit ATM cash-withdrawal terminal connections identified in the incident window.",5,No significant laundering pattern was detected at the configured risk threshold. Activity consistent with benign peer-to-peer transfers.,NONE
C000993,ENT_000594,0.0012,0,NORMAL,NONE,NONE,0.0,"Model-derived risk probability is 0.0012, remaining well below the 0.50 suspicious triage threshold. ; Incident subgraph contains minimal structural connectivity (1 entity node(s), 0 directed edge(s)). ; Total transaction volume within the 72-hour incident window is ₹0.00 (average transfer: ₹0.00). ; No multi-hop fund routing or complex layering chains detected (max hop distance: 0). ; No illicit ATM cash-withdrawal terminal connections identified in the incident window.",5,No significant laundering pattern was detected at the configured risk threshold. Activity consistent with benign peer-to-peer transfers.,NONE
C000994,ENT_000602,0.0012,0,NORMAL,NONE,NONE,0.0,"Model-derived risk probability is 0.0012, remaining well below the 0.50 suspicious triage threshold. ; Incident subgraph contains minimal structural connectivity (1 entity node(s), 0 directed edge(s)). ; Total transaction volume within the 72-hour incident window is ₹0.00 (average transfer: ₹0.00). ; No multi-hop fund routing or complex layering chains detected (max hop distance: 0). ; No illicit ATM cash-withdrawal terminal connections identified in the incident window.",5,No significant laundering pattern was detected at the configured risk threshold. Activity consistent with benign peer-to-peer transfers.,NONE
C000995,ENT_000565,0.001,0,NORMAL,NONE,NONE,0.0,"Model-derived risk probability is 0.0010, remaining well below the 0.50 suspicious triage threshold. ; Incident subgraph contains minimal structural connectivity (1 entity node(s), 0 directed edge(s)). ; Total transaction volume within the 72-hour incident window is ₹0.00 (average transfer: ₹0.00). ; No multi-hop fund routing or complex layering chains detected (max hop distance: 0). ; No illicit ATM cash-withdrawal terminal connections identified in the incident window.",5,No significant laundering pattern was detected at the configured risk threshold. Activity consistent with benign peer-to-peer transfers.,NONE
C000996,ENT_000407,0.0013,0,NORMAL,NONE,NONE,0.0,"Model-derived risk probability is 0.0013, remaining well below the 0.50 suspicious triage threshold. ; Incident subgraph contains minimal structural connectivity (2 entity node(s), 1 directed edge(s)). ; Total transaction volume within the 72-hour incident window is ₹2,059.23 (average transfer: ₹2,059.23). ; No multi-hop fund routing or complex layering chains detected (max hop distance: 1). ; No illicit ATM cash-withdrawal terminal connections identified in the incident window.",5,No significant laundering pattern was detected at the configured risk threshold. Activity consistent with benign peer-to-peer transfers.,NONE
C000997,ENT_000016,1.0,1,HIGH_CONFIDENCE,NONE,NONE,0.0,"GraphSAGE GNN assessed an elevated risk probability of 1.0000 (Tier: HIGH_CONFIDENCE). ; Unusual concentration of transaction activity observed within the 72-hour incident window. ; The incident graph spans 3 transaction hops, indicating multi-stage fund routing away from the complaint account. ; Cumulative transaction volume reached ₹1,801,645.25 with a peak single transfer of ₹382,786.20. ; Subnetwork connects 5 entities across 8 directed transaction edges (average node degree: 3.20, incident in-degree: 1, out-degree: 0). ; Graph topology exhibits high structural similarity (1.00) to cataloged reference laundering patterns.",6,High-risk multi-hop transaction activity with strong graph evidence was detected. Priority investigation recommended for root entity ENT_000016 and connected intermediaries.,NONE
C000998,ENT_000637,0.0022,0,NORMAL,NONE,NONE,0.0,"Model-derived risk probability is 0.0022, remaining well below the 0.50 suspicious triage threshold. ; Incident subgraph contains minimal structural connectivity (2 entity node(s), 1 directed edge(s)). ; Total transaction volume within the 72-hour incident window is ₹1,292.04 (average transfer: ₹1,292.04). ; No multi-hop fund routing or complex layering chains detected (max hop distance: 1). ; No illicit ATM cash-withdrawal terminal connections identified in the incident window.",5,No significant laundering pattern was detected at the configured risk threshold. Activity consistent with benign peer-to-peer transfers.,NONE
C000999,ENT_000157,0.0009,0,NORMAL,NONE,NONE,0.0,"Model-derived risk probability is 0.0009, remaining well below the 0.50 suspicious triage threshold. ; Incident subgraph contains minimal structural connectivity (1 entity node(s), 0 directed edge(s)). ; Total transaction volume within the 72-hour incident window is ₹0.00 (average transfer: ₹0.00). ; No multi-hop fund routing or complex layering chains detected (max hop distance: 0). ; No illicit ATM cash-withdrawal terminal connections identified in the incident window.",5,No significant laundering pattern was detected at the configured risk threshold. Activity consistent with benign peer-to-peer transfers.,NONE
C001000,ENT_000452,0.4001,0,NORMAL,NONE,NONE,0.0,"Model-derived risk probability is 0.4001, remaining well below the 0.50 suspicious triage threshold. ; Incident subgraph contains minimal structural connectivity (7 entity node(s), 6 directed edge(s)). ; Total transaction volume within the 72-hour incident window is ₹438,160.54 (average transfer: ₹73,026.76). ; No multi-hop fund routing or complex layering chains detected (max hop distance: 3). ; No illicit ATM cash-withdrawal terminal connections identified in the incident window.",5,No significant laundering pattern was detected at the configured risk threshold. Activity consistent with benign peer-to-peer transfers.,NONE
