complaint_id,embedding_001,embedding_002,embedding_003,embedding_004,embedding_005,embedding_006,embedding_007,embedding_008,embedding_009,embedding_010,embedding_011,embedding_012,embedding_013,embedding_014,embedding_015,embedding_016,embedding_017,embedding_018,embedding_019,embedding_020,embedding_021,embedding_022,embedding_023,embedding_024,embedding_025,embedding_026,embedding_027,embedding_028,embedding_029,embedding_030,embedding_031,embedding_032,embedding_033,embedding_034,embedding_035,embedding_036,embedding_037,embedding_038,embedding_039,embedding_040,embedding_041,embedding_042,embedding_043,embedding_044,embedding_045,embedding_046,embedding_047,embedding_048,embedding_049,embedding_050,embedding_051,embedding_052,embedding_053,embedding_054,embedding_055,embedding_056,embedding_057,embedding_058,embedding_059,embedding_060,embedding_061,embedding_062,embedding_063,embedding_064,embedding_065,embedding_066,embedding_067,embedding_068,embedding_069,embedding_070,embedding_071,embedding_072,embedding_073,embedding_074,embedding_075,embedding_076,embedding_077,embedding_078,embedding_079,embedding_080,embedding_081,embedding_082,embedding_083,embedding_084,embedding_085,embedding_086,embedding_087,embedding_088,embedding_089,embedding_090,embedding_091,embedding_092,embedding_093,embedding_094,embedding_095,embedding_096,embedding_097,embedding_098,embedding_099,embedding_100,embedding_101,embedding_102,embedding_103,embedding_104,embedding_105,embedding_106,embedding_107,embedding_108,embedding_109,embedding_110,embedding_111,embedding_112,embedding_113,embedding_114,embedding_115,embedding_116,embedding_117,embedding_118,embedding_119,embedding_120,embedding_121,embedding_122,embedding_123,embedding_124,embedding_125,embedding_126,embedding_127,embedding_128
C000001,0.0,4.8295536,0.0,4.2426066,0.0,0.0,0.0,1.3509032,4.1465945,0.0,0.0,0.0,0.0,0.0,4.628681,0.0,0.14447023,0.0,0.0,3.8634048,2.4584599,0.0,0.6024993,3.510633,0.0,3.7917423,0.14153293,0.0,0.0,4.884644,4.3183684,0.39917353,0.0,4.1606746,2.300349,0.0,0.0,3.381959,0.46803138,1.5631235,0.0,1.1856955,4.849792,3.3485336,3.898463,0.0,0.0,0.37243396,1.0291177,1.6036185,0.0,0.0,2.9475756,1.3663222,0.0,5.2330713,0.0,2.4750426,1.3401322,0.0,0.0,0.0,3.4887705,0.3097754,0.0,4.8295536,0.0,4.2426066,0.0,0.0,0.0,1.3509032,4.1465945,0.0,0.0,0.0,0.0,0.0,4.628681,0.0,0.14447023,0.0,0.0,3.8634048,2.4584599,0.0,0.6024993,3.510633,0.0,3.7917423,0.14153293,0.0,0.0,4.884644,4.3183684,0.39917353,0.0,4.1606746,2.300349,0.0,0.0,3.381959,0.46803138,1.5631235,0.0,1.1856955,4.849792,3.3485336,3.898463,0.0,0.0,0.37243396,1.0291177,1.6036185,0.0,0.0,2.9475756,1.3663222,0.0,5.2330713,0.0,2.4750426,1.3401322,0.0,0.0,0.0,3.4887705,0.3097754
C000002,0.0,5.07775,0.0,4.419758,0.0,0.0,0.0,1.4447359,4.3565764,0.0,0.0,0.0,0.0,0.0,4.8604884,0.0,0.18976656,0.0,0.0,4.0375113,2.59401,0.0,0.58173215,3.685242,0.0,4.0227776,0.13439447,0.0,0.0,5.1387243,4.489235,0.4841375,0.0,4.403348,2.512756,0.0,0.0,3.5437078,0.44164065,1.6871576,0.0,1.3397741,5.0171843,3.46518,4.108858,0.0,0.0,0.47038698,1.1237433,1.7091242,0.0,0.0,3.1054587,1.4398807,0.0,5.443994,0.0,2.669736,1.4856623,0.0,0.0,0.0,3.7228658,0.38978177,0.0,5.07775,0.0,4.419758,0.0,0.0,0.0,1.4447359,4.3565764,0.0,0.0,0.0,0.0,0.0,4.8604884,0.0,0.18976656,0.0,0.0,4.0375113,2.59401,0.0,0.58173215,3.685242,0.0,4.0227776,0.13439447,0.0,0.0,5.1387243,4.489235,0.4841375,0.0,4.403348,2.512756,0.0,0.0,3.5437078,0.44164065,1.6871576,0.0,1.3397741,5.0171843,3.46518,4.108858,0.0,0.0,0.47038698,1.1237433,1.7091242,0.0,0.0,3.1054587,1.4398807,0.0,5.443994,0.0,2.669736,1.4856623,0.0,0.0,0.0,3.7228658,0.38978177
C000003,0.0,3.1536224,0.42905584,3.0513854,1.1725338,0.0,0.0,1.552152,3.0090148,0.0,0.0,0.0,0.34374198,0.29522538,3.2199397,0.0,0.6587311,0.19668825,0.8804132,2.9340963,2.1346295,0.0,1.1010733,3.09414,0.0,3.7560158,0.0,0.0,0.0,3.9376402,3.252495,0.46117714,0.0,3.201398,1.7204183,0.32204577,0.17250729,2.3665326,0.7093564,1.8575604,0.0,1.1756842,3.881653,2.5833774,2.428689,0.0,0.0,0.89708567,1.1795381,1.620917,0.0,0.0,2.4017496,1.3430289,0.0,3.8445582,0.0,2.9159794,1.0465598,0.0,0.0,0.89783424,2.8693416,1.135978,0.0,1.4054464,4.1438794,1.1711019,6.7676053,0.0,0.0,9.172745,1.1596483,1.2453613,0.0,0.0,6.837233,6.9979444,1.1872168,4.36121,7.375255,5.56625,5.8493896,1.1747661,6.3028865,4.988337,0.57725656,2.4731362,0.0,6.7588143,0.0,5.131389,0.0,1.727774,1.2625173,0.089993715,5.084006,1.143979,2.9006145,6.3929577,6.758777,1.9392309,0.26839492,7.7926793,0.75423926,4.7935805,1.5991951,0.8866387,0.9368945,4.5011077,1.2518291,6.4312425,0.4272009,8.091459,0.0,0.0,0.83215314,1.7702523,0.0,1.65408,4.9598036,7.6832237,4.7899837,0.07694151,7.802811,5.2511683,1.7071522,8.327491
C000004,0.0,3.6744246,0.22414199,3.4641142,0.82843995,0.0,0.0,0.35586324,2.882514,0.0,0.0,0.0,0.0,0.0,3.429344,0.0,0.0,0.0,0.43192267,3.0220916,1.3587812,0.0,1.5511932,3.207726,0.0,3.2158675,0.0,0.0,0.0,3.7618232,4.0804853,1.3961592,0.0,4.134161,1.1697243,0.0,0.0,2.7502515,1.0077664,1.0640911,0.0,0.92516017,4.143437,3.1565652,2.804998,0.0,0.0,0.4731335,2.0091712,0.0,0.0,0.0,2.259316,1.5973207,0.0,4.1927485,0.0,2.593542,0.80877197,0.0,0.0,0.61186546,3.3013775,0.52670956,0.0,3.1353495,0.084979504,2.9107041,0.8178458,0.0,0.0,0.7117561,2.5440233,0.0,0.0,0.0,0.061374858,0.09803663,3.0492654,0.0,0.20177475,0.0,0.46090907,2.6377394,1.5126349,0.0,1.1743474,2.6650736,0.0,2.897676,0.0,0.0,0.0,3.4876733,3.311804,0.7968331,0.04193565,3.2738385,1.1844676,0.2330212,0.073131636,2.496463,0.9105257,1.1260253,0.0,0.8413246,3.6676307,2.570905,2.457858,0.038792573,0.012953994,0.43553114,1.3665872,0.57605684,0.0,0.0,1.9936502,1.4347812,0.0,3.8735392,0.0,2.2335784,0.8174828,0.0,0.0692306,0.5975199,2.665993,0.60893893
C000005,0.0,4.517453,0.0,4.030518,0.0,0.0,0.0,1.2357278,3.8872411,0.0,0.0,0.0,0.0,0.0,4.348421,0.0,0.087601274,0.0,0.0,3.6410933,2.288518,0.0,0.6286283,3.286436,0.0,3.5031018,0.15119177,0.0,0.0,4.5712194,4.10885,0.2926127,0.0,3.8636827,2.033347,0.0,0.0,3.18525,0.50784117,1.4016508,0.0,0.99505746,4.6559,3.2087321,3.6379929,0.0,0.0,0.24875264,0.90989894,1.471957,0.0,0.0,2.7493343,1.2697273,0.0,4.9852586,0.0,2.2367656,1.1581706,0.0,0.0,0.0,3.2038324,0.20541912,0.0,4.517453,0.0,4.030518,0.0,0.0,0.0,1.2357278,3.8872411,0.0,0.0,0.0,0.0,0.0,4.348421,0.0,0.087601274,0.0,0.0,3.6410933,2.288518,0.0,0.6286283,3.286436,0.0,3.5031018,0.15119177,0.0,0.0,4.5712194,4.10885,0.2926127,0.0,3.8636827,2.033347,0.0,0.0,3.18525,0.50784117,1.4016508,0.0,0.99505746,4.6559,3.2087321,3.6379929,0.0,0.0,0.24875264,0.90989894,1.471957,0.0,0.0,2.7493343,1.2697273,0.0,4.9852586,0.0,2.2367656,1.1581706,0.0,0.0,0.0,3.2038324,0.20541912
C000006,0.0,4.555204,0.0,4.43591,0.7636867,0.0,0.0,0.14900357,3.521766,0.0,0.0,0.0,0.0,0.0,4.5407395,0.0,0.0,0.0,0.3200079,3.9088907,1.8906188,0.0,1.9569705,3.8931775,0.0,3.8692436,0.0,0.0,0.0,4.8990517,5.04438,0.8003359,0.0,4.9616637,1.3527788,0.0,0.0,3.5417128,1.7431221,0.83183944,0.0,0.68895495,5.801524,4.1175947,3.7601385,0.0,0.0,0.0,1.6174345,0.26978227,0.0,0.0,2.8104906,1.8908643,0.0,6.0523386,0.0,2.519081,0.6401337,0.0,0.0,0.48631603,3.328415,0.0,0.0,3.390206,0.0,3.257854,0.47840545,0.0,0.0,0.5286534,2.7939749,0.0,0.0,0.0,0.0,0.0,3.3786697,0.0,0.12793373,0.0,0.16000395,2.8852663,1.6656554,0.0,1.1191442,2.8138857,0.0,2.9307265,0.0052214563,0.0,0.0,3.712388,3.5179868,0.41113755,0.0,3.338718,1.2301617,0.0075792596,0.0,2.629499,0.9747349,0.8706354,0.0,0.6242709,4.122383,2.8354993,2.7147636,0.0,0.004752958,0.12498187,0.99166274,0.6588361,0.0,0.0,2.1321495,1.340977,0.0,4.3249397,0.0,1.9272966,0.6297847,0.0,0.0,0.2986906,2.5219393,0.18936366
C000007,0.0,4.9106903,0.0,4.300963,0.0,0.0,0.0,1.3791767,4.2158093,0.0,0.0,0.0,0.0,0.0,4.7044935,0.0,0.15785436,0.0,0.0,3.9206975,2.5011885,0.0,0.59680986,3.5690007,0.0,3.8655152,0.1392026,0.0,0.0,4.9690547,4.375079,0.42668068,0.0,4.241102,2.3696866,0.0,0.0,3.435846,0.46065027,1.6025869,0.0,1.2348424,4.904898,3.3874612,3.9682565,0.0,0.0,0.40254334,1.059376,1.6367652,0.0,0.0,3.000523,1.3919424,0.0,5.3023477,0.0,2.5360367,1.3864878,0.0,0.0,0.0,3.5647528,0.3335089,0.0,4.9106903,0.0,4.300963,0.0,0.0,0.0,1.3791767,4.2158093,0.0,0.0,0.0,0.0,0.0,4.7044935,0.0,0.15785436,0.0,0.0,3.9206975,2.5011885,0.0,0.59680986,3.5690007,0.0,3.8655152,0.1392026,0.0,0.0,4.9690547,4.375079,0.42668068,0.0,4.241102,2.3696866,0.0,0.0,3.435846,0.46065027,1.6025869,0.0,1.2348424,4.904898,3.3874612,3.9682565,0.0,0.0,0.40254334,1.059376,1.6367652,0.0,0.0,3.000523,1.3919424,0.0,5.3023477,0.0,2.5360367,1.3864878,0.0,0.0,0.0,3.5647528,0.3335089
C000008,0.0,4.6151648,0.0,4.4393134,0.680567,0.0,0.0,0.14808679,3.5493548,0.0,0.0,0.0,0.0,0.0,4.581625,0.0,0.0,0.0,0.31998676,3.8841593,1.8815219,0.0,1.8741187,3.8841288,0.0,3.8218803,0.0,0.0,0.0,4.802375,5.0399866,0.93167925,0.0,5.0804524,1.3525419,0.0,0.0,3.5562048,1.7035897,0.864081,0.0,0.6962909,5.7004223,4.1643577,3.8101306,0.0,0.0,0.0,1.7424638,0.21113658,0.0,0.0,2.7887673,1.8977823,0.0,6.0117965,0.0,2.5360696,0.6836737,0.0,0.0,0.44936463,3.371717,0.0,0.0,3.505824,0.0,3.308408,0.41999942,0.0,0.0,0.53882474,2.8758268,0.0,0.0,0.0,0.0,0.0,3.4726791,0.0,0.13421585,0.0,0.15999338,2.941536,1.6911538,0.0,1.0696232,2.8654861,0.0,2.9818418,0.0052321516,0.0,0.0,3.7483015,3.5735335,0.5143733,0.0,3.4890614,1.3043251,0.0029813554,0.0,2.6795912,0.9481497,0.92736304,0.0,0.68197405,4.1185665,2.9027696,2.811594,0.0,0.0030907076,0.14642139,1.0842245,0.6510718,0.0,0.0,2.1667988,1.3689094,0.0,4.3657966,0.0,1.9844843,0.69657254,0.0,0.0,0.2571035,2.6246574,0.2096496
C000009,0.0,3.537027,0.0,3.5470343,0.8608799,0.0,0.0,0.0,2.6886935,0.0,0.0,0.0,0.0,0.0,3.5874882,0.0,0.0,0.0,0.48584154,3.0844882,1.4386723,0.0,1.6555011,3.1670675,0.0,3.1701221,0.0,0.0,0.0,3.8194816,4.019762,0.9109689,0.0,4.1838236,1.0011387,0.0,0.0,2.8311934,1.4965041,0.57649213,0.0,0.5206814,4.5550613,3.3978102,2.906524,0.0,0.0,0.0,1.5529906,0.0,0.0,0.0,2.1917171,1.6380429,0.0,4.8179097,0.0,2.0697045,0.44279367,0.0,0.0,0.46674886,2.6669962,0.06382918,0.0,3.5020301,0.11641201,3.2776287,0.73877984,0.0,0.0,0.76381797,2.8371208,0.0,0.0,0.0,0.0,0.0,3.4449847,0.0,0.0894132,0.0,0.34961966,2.903363,1.6581278,0.0,1.1185936,2.898405,0.0,3.166763,0.0035157253,0.0,0.0,3.8421829,3.605587,0.7777562,0.0,3.602417,1.3787274,0.100441754,0.0,2.6928253,0.841017,1.1463913,0.0,0.9250385,4.060252,2.7734964,2.7118447,0.0,0.0020693429,0.41226694,1.4053974,0.5886591,0.0,0.0,2.1695714,1.5231508,0.0,4.1995597,0.0,2.3555179,0.83518934,0.0,0.0,0.4466164,2.9326527,0.49060583
C000010,0.0,4.991828,0.0,4.3593183,0.0,0.0,0.0,1.4074498,4.2850237,0.0,0.0,0.0,0.0,0.0,4.780303,0.0,0.1712386,0.0,0.0,3.9779902,2.543917,0.0,0.5911205,3.6273685,0.0,3.9392896,0.13687241,0.0,0.0,5.053466,4.431791,0.45418775,0.0,4.321529,2.4390233,0.0,0.0,3.4897325,0.45326936,1.6420499,0.0,1.2839893,4.960003,3.4263883,4.0380507,0.0,0.0,0.43265262,1.0896341,1.6699125,0.0,0.0,3.053471,1.4175625,0.0,5.3716235,0.0,2.597031,1.4328427,0.0,0.0,0.0,3.6407344,0.35724187,0.0,4.991828,0.0,4.3593183,0.0,0.0,0.0,1.4074498,4.2850237,0.0,0.0,0.0,0.0,0.0,4.780303,0.0,0.1712386,0.0,0.0,3.9779902,2.543917,0.0,0.5911205,3.6273685,0.0,3.9392896,0.13687241,0.0,0.0,5.053466,4.431791,0.45418775,0.0,4.321529,2.4390233,0.0,0.0,3.4897325,0.45326936,1.6420499,0.0,1.2839893,4.960003,3.4263883,4.0380507,0.0,0.0,0.43265262,1.0896341,1.6699125,0.0,0.0,3.053471,1.4175625,0.0,5.3716235,0.0,2.597031,1.4328427,0.0,0.0,0.0,3.6407344,0.35724187
C000011,0.0,3.540831,0.0,3.1869926,0.0,0.0,0.0,0.88811773,3.1285787,0.0,0.0,0.0,0.0,0.0,3.4286666,0.0,0.078230135,0.0,0.0,2.9199052,1.8362324,0.0,0.46007815,2.6662557,0.0,2.9158669,0.11029247,0.0,0.0,3.6608434,3.1945064,0.32361203,0.0,3.126855,1.7461727,0.0,0.0,2.537253,0.33924848,1.1159151,0.0,0.8531025,3.615238,2.552143,2.8387234,0.0,0.0,0.26228893,0.7211451,1.1911907,0.0,0.0,2.2118025,1.0551447,0.0,3.9168358,0.0,1.7627736,0.93945163,0.0,0.0,0.0,2.610535,0.21369438,0.0,4.117399,0.0,3.9300807,0.58323354,0.0,0.0,0.70128506,3.3264084,0.0,0.0,0.0,0.0,0.0,4.0705795,0.0,0.039115068,0.0,0.34581786,3.3799324,1.8978571,0.0,1.236685,3.2648144,0.0,3.431983,0.055146236,0.0,0.0,4.296006,4.227415,0.73851335,0.0,4.272294,1.5494668,0.018221825,0.0,3.1122847,1.044227,1.0760212,0.0,0.88496226,4.6297665,3.3367255,3.32729,0.0,0.0,0.24913436,1.4548268,0.60880744,0.0,0.0,2.5226233,1.6181543,0.0,4.949633,0.0,2.3975337,0.8484439,0.0,0.0,0.31324416,3.1524138,0.3016626
C000012,0.0,5.1719646,0.0,4.483232,0.0,0.0,0.0,1.494397,4.431928,0.0,0.0,0.0,0.0,0.0,4.944562,0.0,0.21410017,0.0,0.0,4.1032906,2.6543455,0.0,0.56954753,3.7479706,0.0,4.117673,0.13112259,0.0,0.0,5.2333393,4.5499883,0.5148298,0.0,4.4879475,2.5963287,0.0,0.0,3.6012723,0.42493197,1.7452637,0.0,1.402808,5.076772,3.504819,4.183442,0.0,0.0,0.5173289,1.1610245,1.7578404,0.0,0.0,3.1594954,1.464017,0.0,5.5209675,0.0,2.754617,1.5455703,0.0,0.0,0.0,3.8106258,0.4368088,0.0,5.1719646,0.0,4.483232,0.0,0.0,0.0,1.494397,4.431928,0.0,0.0,0.0,0.0,0.0,4.944562,0.0,0.21410017,0.0,0.0,4.1032906,2.6543455,0.0,0.56954753,3.7479706,0.0,4.117673,0.13112259,0.0,0.0,5.2333393,4.5499883,0.5148298,0.0,4.4879475,2.5963287,0.0,0.0,3.6012723,0.42493197,1.7452637,0.0,1.402808,5.076772,3.504819,4.183442,0.0,0.0,0.5173289,1.1610245,1.7578404,0.0,0.0,3.1594954,1.464017,0.0,5.5209675,0.0,2.754617,1.5455703,0.0,0.0,0.0,3.8106258,0.4368088
C000013,0.0,2.6684434,0.0,2.5776596,0.0,0.0,0.0,0.8107563,2.3361056,0.0,0.0,0.0,0.0,0.0,2.6313112,0.0,0.111676574,0.0,0.0,2.2244759,1.4608023,0.0,0.4040865,2.1022613,0.0,2.1572847,0.09167407,0.0,0.0,2.7558846,2.514894,0.036000952,0.0,2.1990438,1.1025857,0.0,0.0,2.0010376,0.3047675,0.8214903,0.0,0.43966538,2.8944576,2.0205183,2.065525,0.0,0.0,0.092633605,0.4493286,0.96542716,0.0,0.0,1.6984432,0.74858737,0.0,3.041702,0.0,1.344049,0.5489461,0.0,0.0,0.013617724,1.8230482,0.15124933,0.0,3.5904353,0.2472042,3.450986,0.8917179,0.0,0.0,1.0582422,2.8758643,0.0,0.0,0.0,0.0,0.0,3.5613163,0.0,0.12083169,0.0,0.6717569,3.0469182,1.8539366,0.0,1.1331686,3.1448479,0.0,3.4240258,0.030558022,0.0,0.0,4.018579,3.753318,0.76318884,0.0,3.6627076,1.4670447,0.31707123,0.08763259,2.8341312,0.83355474,1.5011679,0.0,1.0756755,4.2739725,2.8277428,2.6890147,0.0,0.0,0.5809733,1.4881492,0.8023314,0.0,0.0,2.227348,1.6018085,0.0,4.362938,0.0,2.6888664,0.97612935,0.0,0.0,0.70088667,3.1319897,0.8017284
C000014,0.0,0.31717896,7.1372614,1.2289402,11.167339,0.0,0.0,14.595921,0.0,1.1975702,0.0,0.0,11.836725,12.569512,0.0,7.016632,12.599491,10.227142,10.161144,0.35857958,9.032199,9.068525,1.0823029,3.0482504,0.0,9.736813,0.0,9.329939,0.0,1.0871582,0.5256435,0.0,7.921471,0.57455325,3.736843,10.631174,11.806189,1.589049,0.44216323,11.567648,0.67874074,7.814062,1.0671493,0.5534838,0.17350559,7.887921,1.8104584,10.538254,0.0,13.449319,0.0,0.0,0.0,1.5584066,0.0,0.9786409,8.637489,11.2634115,6.517222,0.0,13.983135,8.273411,1.0878984,12.988702,0.0,1.322261,4.6968875,1.0361972,7.6062546,0.0,0.0,9.631831,0.80721915,1.1434594,0.0,0.0,7.7327476,7.8262124,0.9289624,4.6994634,8.044843,6.5144477,6.813462,0.8987683,6.5950413,5.6135254,1.0746746,2.674311,0.0,7.09554,0.0,5.694365,0.0,1.5140367,1.2398548,0.013189829,5.338159,1.2817311,2.8211153,7.160395,8.044041,1.9155023,0.7720784,8.317524,0.5963314,5.1520257,1.396144,0.9728137,0.93420285,5.106474,1.2943304,6.959602,0.22400478,8.878433,0.0,0.0,0.5865931,1.9351411,0.0,1.8580136,5.5142956,8.097023,4.9173517,0.013098571,8.7789955,5.903241,1.4030082,9.071436
C000015,0.0,4.8295536,0.0,4.2426066,0.0,0.0,0.0,1.3509032,4.1465945,0.0,0.0,0.0,0.0,0.0,4.628681,0.0,0.14447023,0.0,0.0,3.8634048,2.4584599,0.0,0.6024993,3.510633,0.0,3.7917423,0.14153293,0.0,0.0,4.884644,4.3183684,0.39917353,0.0,4.1606746,2.300349,0.0,0.0,3.381959,0.46803138,1.5631235,0.0,1.1856955,4.849792,3.3485336,3.898463,0.0,0.0,0.37243396,1.0291177,1.6036185,0.0,0.0,2.9475756,1.3663222,0.0,5.2330713,0.0,2.4750426,1.3401322,0.0,0.0,0.0,3.4887705,0.3097754,0.0,4.8295536,0.0,4.2426066,0.0,0.0,0.0,1.3509032,4.1465945,0.0,0.0,0.0,0.0,0.0,4.628681,0.0,0.14447023,0.0,0.0,3.8634048,2.4584599,0.0,0.6024993,3.510633,0.0,3.7917423,0.14153293,0.0,0.0,4.884644,4.3183684,0.39917353,0.0,4.1606746,2.300349,0.0,0.0,3.381959,0.46803138,1.5631235,0.0,1.1856955,4.849792,3.3485336,3.898463,0.0,0.0,0.37243396,1.0291177,1.6036185,0.0,0.0,2.9475756,1.3663222,0.0,5.2330713,0.0,2.4750426,1.3401322,0.0,0.0,0.0,3.4887705,0.3097754
C000016,0.0,1.6206863,5.80075,1.7708286,9.855592,0.0,0.0,11.47567,1.0222319,0.13968778,0.0,0.0,10.002918,10.710326,0.42898023,5.424968,9.984461,8.46468,8.511205,1.5254581,8.664722,6.4879627,1.5139557,3.630114,0.0,8.946335,0.0,6.570158,0.0,2.0347774,2.0449507,0.0,5.7508435,2.3355265,2.7243147,8.502505,10.221489,2.414082,1.5342846,9.864016,0.22208911,6.2823496,1.7503984,1.9471848,1.6807008,7.082858,1.5456892,9.236913,0.0,11.736545,0.0,0.0,0.6278668,2.1977434,0.0,2.9881792,6.4333053,9.959227,5.4639087,0.0,11.960436,7.172538,1.6290032,10.880428,0.0,2.2207596,4.209689,1.8354785,6.4057875,0.0,0.0,8.584581,1.458569,0.29089436,0.0,0.0,6.3315535,6.8544703,1.5551027,3.3513827,7.1998916,5.3106337,5.701069,1.6662499,6.2276344,4.198802,0.88846385,3.2387605,0.0,7.022194,0.0,4.099128,0.0,2.7380795,1.9290396,0.22357158,4.320124,2.0431821,3.0076098,5.987591,6.532786,2.6589339,0.6754741,7.572675,0.31337544,4.8528814,2.201214,1.4295164,1.5513189,4.244565,0.9825074,6.686499,0.49124265,8.0533285,0.0,0.0,1.0504973,1.9273583,0.0,2.6110697,3.5947144,8.117093,4.798726,0.0026657016,7.4548597,4.803556,2.3759491,8.094843
C000017,0.0,3.5425975,0.0,3.1886978,0.0,0.0,0.0,0.88776654,3.130931,0.0,0.0,0.0,0.0,0.0,3.4307861,0.0,0.07793747,0.0,0.0,2.9220185,1.8369606,0.0,0.46047786,2.6670203,0.0,2.91756,0.110690676,0.0,0.0,3.6629543,3.1965058,0.3239901,0.0,3.1283321,1.7468209,0.0,0.0,2.5384197,0.3399765,1.1156968,0.0,0.8537637,3.6181579,2.5538912,2.840582,0.0,0.0,0.26143086,0.721725,1.1913579,0.0,0.0,2.212594,1.0560311,0.0,3.9196496,0.0,1.7631935,0.9397602,0.0,0.0,0.0,2.6127813,0.21244046,0.0,4.1848397,0.019270658,3.958946,0.58457726,0.0,0.0,0.75754356,3.3775513,0.0,0.0,0.0,0.0,0.0,4.129291,0.0,0.038968734,0.0,0.33624336,3.4196725,1.9510014,0.0,1.2347704,3.3018184,0.0,3.4888172,0.055345338,0.0,0.0,4.387752,4.247965,0.76368403,0.0,4.3357058,1.6187785,0.055155553,0.0,3.173452,1.0288092,1.1394563,0.0,0.9428198,4.658684,3.3488975,3.362944,0.0,0.0,0.31955612,1.4910893,0.6602187,0.0,0.0,2.553824,1.6568682,0.0,5.0032387,0.0,2.4867847,0.9083612,0.0,0.0,0.3016422,3.2244034,0.3588748
C000018,0.0,4.594108,0.0,4.080994,0.0,0.0,0.0,1.2668654,3.9495687,0.0,0.0,0.0,0.0,0.0,4.416078,0.0,0.10367714,0.0,0.0,3.6952255,2.3321958,0.0,0.6202911,3.3414314,0.0,3.5752459,0.14837685,0.0,0.0,4.6469107,4.158209,0.3187505,0.0,3.9342623,2.0998545,0.0,0.0,3.2318428,0.49575514,1.4438144,0.0,1.0429646,4.7003064,3.2406063,3.7008202,0.0,0.0,0.28095362,0.93960404,1.5060972,0.0,0.0,2.7974977,1.2929994,0.0,5.0424576,0.0,2.2975178,1.2043599,0.0,0.0,0.0,3.2731085,0.23457666,0.0,4.594108,0.0,4.080994,0.0,0.0,0.0,1.2668654,3.9495687,0.0,0.0,0.0,0.0,0.0,4.416078,0.0,0.10367714,0.0,0.0,3.6952255,2.3321958,0.0,0.6202911,3.3414314,0.0,3.5752459,0.14837685,0.0,0.0,4.6469107,4.158209,0.3187505,0.0,3.9342623,2.0998545,0.0,0.0,3.2318428,0.49575514,1.4438144,0.0,1.0429646,4.7003064,3.2406063,3.7008202,0.0,0.0,0.28095362,0.93960404,1.5060972,0.0,0.0,2.7974977,1.2929994,0.0,5.0424576,0.0,2.2975178,1.2043599,0.0,0.0,0.0,3.2731085,0.23457666
C000019,0.0,4.7526464,0.0,4.533727,0.63300705,0.0,0.0,0.18819448,3.6371527,0.0,0.0,0.0,0.0,0.0,4.723888,0.0,0.0,0.0,0.36663106,3.9404864,1.9340087,0.0,1.8152117,3.9643207,0.0,3.8545556,0.0,0.0,0.0,4.8282886,5.1099744,1.0838611,0.0,5.308939,1.4185694,0.0,0.0,3.6295,1.6866724,0.9715862,0.0,0.7607123,5.681675,4.2800055,3.931987,0.0,0.0,0.03321936,1.9046656,0.20287567,0.0,0.0,2.8284936,1.9481394,0.0,6.0849247,0.0,2.6406531,0.7521979,0.0,0.0,0.44130856,3.472383,0.11223167,0.0,3.691907,0.0,3.4336057,0.3892152,0.0,0.0,0.6068919,3.0131292,0.0,0.0,0.0,0.0,0.0,3.6459231,0.0,0.16721463,0.0,0.18331553,3.0603285,1.7822587,0.0,1.0253035,2.9842968,0.0,3.117382,0.0037798658,0.0,0.0,3.8796093,3.6878667,0.6244878,0.0,3.7198753,1.4352233,0.005624149,0.0,2.7883701,0.91691023,1.0558759,0.0,0.7910645,4.184943,3.02098,2.9669704,0.0,0.0014723819,0.21946517,1.2111887,0.7064136,0.0,0.0,2.244896,1.428375,0.0,4.484221,0.0,2.1299334,0.79990077,0.0,0.0,0.2340051,2.7869644,0.31756195
C000020,0.0,3.5881038,0.1815611,3.3401866,0.8617044,0.0,0.0,0.99602014,3.0932198,0.0,0.0,0.0,0.0,0.0,3.612656,0.0,0.24540167,0.0,0.5190673,3.027509,2.0108638,0.0,1.4147751,3.0722797,0.0,3.5984232,0.0,0.0,0.0,4.3571033,3.657172,0.71329665,0.0,3.8662486,1.5807704,0.2528857,0.0,2.7566402,0.9962367,1.3314995,0.0,1.0094818,4.281892,2.9651449,2.8989515,0.0,0.0,0.4822936,1.35285,1.1541276,0.0,0.0,2.4792323,1.5266218,0.0,4.5078554,0.0,2.7183735,1.0751748,0.0,0.0,0.6546297,3.027529,0.6538686,0.0,2.4550273,0.63527274,2.0652492,1.4747031,0.0,0.0,1.9347534,2.0157735,0.0,0.0,0.0,0.7465422,0.71711636,2.343913,0.22642976,1.1367959,0.60098386,1.109875,2.055706,2.1440344,0.20711063,0.7759451,2.3718705,0.0,3.1082692,0.0,0.08867788,0.0,2.9100537,2.2780192,0.45583084,0.4145163,2.32203,1.4651153,1.1506982,0.9532721,2.1735578,0.5233648,2.1196811,0.0,1.369258,2.7436843,1.82923,1.7277786,0.43249425,0.07160978,1.4194407,1.0613414,1.7553784,0.0,0.0,1.4972466,1.3517336,0.0,2.9514043,0.059680216,2.9763393,1.4343687,0.0,0.56543964,1.1084944,2.225955,1.9550073
C000021,0.0,4.365396,0.0,3.930901,0.0,0.0,0.0,1.1732485,3.7636876,0.0,0.0,0.0,0.0,0.0,4.214825,0.0,0.050368816,0.0,0.0,3.5322993,2.2068186,0.0,0.64657336,3.1817873,0.0,3.3572855,0.1566275,0.0,0.0,4.42352,4.010731,0.23750108,0.0,3.7197547,1.902455,0.0,0.0,3.0913744,0.5385255,1.3199968,0.0,0.89876294,4.568469,3.141261,3.5117688,0.0,0.0,0.18718593,0.84615463,1.4058892,0.0,0.0,2.6582088,1.223271,0.0,4.8748875,0.0,2.1157603,1.0688256,0.0,0.0,0.0,3.0660133,0.15126653,0.0,4.365396,0.0,3.930901,0.0,0.0,0.0,1.1732485,3.7636876,0.0,0.0,0.0,0.0,0.0,4.214825,0.0,0.050368816,0.0,0.0,3.5322993,2.2068186,0.0,0.64657336,3.1817873,0.0,3.3572855,0.1566275,0.0,0.0,4.42352,4.010731,0.23750108,0.0,3.7197547,1.902455,0.0,0.0,3.0913744,0.5385255,1.3199968,0.0,0.89876294,4.568469,3.141261,3.5117688,0.0,0.0,0.18718593,0.84615463,1.4058892,0.0,0.0,2.6582088,1.223271,0.0,4.8748875,0.0,2.1157603,1.0688256,0.0,0.0,0.0,3.0660133,0.15126653
C000022,0.0,4.6230297,0.0,4.472222,0.7196617,0.0,0.0,0.15034503,3.5680864,0.0,0.0,0.0,0.0,0.0,4.592583,0.0,0.0,0.0,0.3065084,3.9261777,1.9041913,0.0,1.9311464,3.9232855,0.0,3.8854184,0.0,0.0,0.0,4.906091,5.0787306,0.85398954,0.0,5.042968,1.3750933,0.0,0.0,3.5787349,1.7266849,0.85650706,0.0,0.70689416,5.810027,4.162309,3.8152313,0.0,0.0,0.0,1.6749288,0.25542763,0.0,0.0,2.8281717,1.9030188,0.0,6.079744,0.0,2.5469322,0.6738691,0.0,0.0,0.4630025,3.3840513,0.0,0.0,3.4505281,0.0,3.2913613,0.44932947,0.0,0.0,0.5253695,2.8384404,0.0,0.0,0.0,0.0,0.0,3.427778,0.0,0.12458547,0.0,0.1532542,2.916908,1.678327,0.0,1.1057194,2.8449087,0.0,2.9596765,0.0062979236,0.0,0.0,3.742003,3.5548258,0.45147318,0.0,3.4095478,1.262711,0.0036669727,0.0,2.661223,0.9684267,0.8891829,0.0,0.64845324,4.1443524,2.8751051,2.7652454,0.0,0.0057306625,0.12474505,1.0283489,0.6524351,0.0,0.0,2.1557343,1.3543502,0.0,4.3613806,0.0,1.9509873,0.6588466,0.0,0.0,0.2793327,2.5776045,0.18977042
C000023,0.0,3.4205127,0.0,3.3513718,0.47087768,0.0,0.0,0.071426034,2.770732,0.0,0.0,0.0,0.0,0.0,3.3950763,0.0,0.0,0.0,0.41205359,2.8470168,1.414002,0.0,1.5238917,3.039489,0.0,2.7462,0.0,0.0,0.0,3.5150661,3.7632196,0.5260326,0.0,3.7025285,0.9650551,0.0,0.0,2.5593724,1.3794029,0.68420804,0.0,0.3125491,4.0753083,3.0771546,2.837589,0.0,0.0,0.0,1.0548643,0.21209356,0.0,0.0,1.9546177,1.4957683,0.0,4.5686007,0.0,1.6799738,0.39387813,0.0,0.0,0.4035046,2.229904,0.0,0.0,2.586506,0.10989722,2.5051224,0.62180334,0.0,0.0,0.6107614,2.190899,0.0,0.0,0.0,0.06539383,0.0,2.572407,0.0,0.18419151,0.0331461,0.4568756,2.18005,1.4518851,0.0,0.9692622,2.380162,0.0,2.3891442,0.0016370043,0.0,0.0,2.9338903,2.6420739,0.3438308,0.0,2.6071653,1.0369452,0.27568993,0.10352922,2.1163275,0.7905931,1.0072235,0.0,0.58073986,3.0179574,2.112391,2.0403786,0.0,0.0024239868,0.4183509,0.79999566,0.66999024,0.0,0.0,1.5285536,1.2905817,0.0,3.3632898,0.0,1.7435347,0.57130045,0.0,0.0,0.4065968,1.9005362,0.5291609
C000024,0.0,1.3721474,0.0,1.4017606,0.4470283,0.0,0.0,0.71443605,1.3189613,0.0,0.0,0.0,0.18650487,0.004660256,1.2887417,0.0,0.25579482,0.0,0.22087134,1.2811589,1.0060527,0.0,0.3218092,1.2417108,0.0,1.4151449,0.0,0.0,0.0,1.5994747,1.2903622,0.0,0.0,0.99302113,0.61014855,0.25279662,0.07476515,1.2459394,0.059995174,0.7155333,0.0,0.13367446,1.5612364,1.0804012,1.0086365,0.023290552,0.027006134,0.3071918,0.21572343,0.79873383,0.0,0.0,0.8389912,0.6004097,0.0,1.7431097,0.0,0.9828164,0.39375642,0.0,0.0,0.23567638,0.9031067,0.45707476,0.0,1.960243,2.2572343,1.4856603,3.666099,0.0,0.0,5.384759,1.4030163,0.46883532,0.0,0.0,3.3086224,3.561484,1.5509008,1.9683079,4.117087,2.6956556,3.1398497,1.4486121,3.996822,2.2630239,0.4723885,2.2697098,0.0,4.6400156,0.0,2.1769173,0.0,2.275994,1.5730587,0.10962805,2.5483406,1.4847906,2.2826111,3.6332228,3.4910166,2.1090746,0.3444114,4.7832627,0.29289332,2.9686553,1.9850767,1.143611,1.1596255,2.2364647,0.58018464,3.8441415,0.6423047,4.6288295,0.0,0.0,1.0110517,1.497761,0.0,2.1047845,1.9801762,5.17703,3.1729875,0.0111062,3.76993,2.9033635,1.9794679,4.991769
C000025,0.0,4.2364407,0.0,3.851695,0.0,0.0,0.0,1.1276256,3.6617959,0.0,0.0,0.0,0.0,0.0,4.1016097,0.0,0.022582274,0.0,0.0,3.4386058,2.146176,0.0,0.6643386,3.1011117,0.0,3.2407303,0.16193718,0.0,0.0,4.3028345,3.928115,0.18104115,0.0,3.59376,1.7935318,0.0,0.0,3.0167894,0.5670839,1.2544296,0.0,0.81761307,4.4987144,3.0805655,3.401005,0.0,0.0,0.13691115,0.7912637,1.3570081,0.0,0.0,2.5869007,1.1849428,0.0,4.785444,0.0,2.0186238,0.9924681,0.0,0.0,0.0,2.9460726,0.111315206,0.0,4.2364407,0.0,3.851695,0.0,0.0,0.0,1.1276256,3.6617959,0.0,0.0,0.0,0.0,0.0,4.1016097,0.0,0.022582274,0.0,0.0,3.4386058,2.146176,0.0,0.6643386,3.1011117,0.0,3.2407303,0.16193718,0.0,0.0,4.3028345,3.928115,0.18104115,0.0,3.59376,1.7935318,0.0,0.0,3.0167894,0.5670839,1.2544296,0.0,0.81761307,4.4987144,3.0805655,3.401005,0.0,0.0,0.13691115,0.7912637,1.3570081,0.0,0.0,2.5869007,1.1849428,0.0,4.785444,0.0,2.0186238,0.9924681,0.0,0.0,0.0,2.9460726,0.111315206
C000026,0.0,5.2659802,0.0,4.5480413,0.0,0.0,0.0,1.5478469,4.5064483,0.0,0.0,0.0,0.0,0.0,5.0286765,0.0,0.24344437,0.0,0.0,4.170088,2.7167761,0.0,0.55687636,3.811788,0.0,4.215868,0.12780133,0.0,0.0,5.329979,4.6106067,0.54409236,0.0,4.5735846,2.679678,0.0,0.0,3.6608446,0.40588516,1.8074943,0.0,1.4677275,5.1383047,3.5457587,4.256547,0.0,0.0,0.5676535,1.1990026,1.8102305,0.0,0.0,3.2121224,1.4881855,0.0,5.5953703,0.0,2.8431854,1.6064732,0.0,0.0,0.0,3.900533,0.4882537,0.0,5.2659802,0.0,4.5480413,0.0,0.0,0.0,1.5478469,4.5064483,0.0,0.0,0.0,0.0,0.0,5.0286765,0.0,0.24344437,0.0,0.0,4.170088,2.7167761,0.0,0.55687636,3.811788,0.0,4.215868,0.12780133,0.0,0.0,5.329979,4.6106067,0.54409236,0.0,4.5735846,2.679678,0.0,0.0,3.6608446,0.40588516,1.8074943,0.0,1.4677275,5.1383047,3.5457587,4.256547,0.0,0.0,0.5676535,1.1990026,1.8102305,0.0,0.0,3.2121224,1.4881855,0.0,5.5953703,0.0,2.8431854,1.6064732,0.0,0.0,0.0,3.900533,0.4882537
C000027,0.0,2.8676257,0.0,2.7155137,0.0,0.0,0.0,0.71273774,2.5477748,0.0,0.0,0.0,0.0,0.0,2.8264916,0.0,0.032875776,0.0,0.0,2.4133768,1.5173278,0.0,0.45967144,2.1660411,0.0,2.2901254,0.11476899,0.0,0.0,2.9805274,2.6929412,0.107588656,0.0,2.460782,1.2081721,0.0,0.0,2.0824335,0.3952063,0.7721345,0.0,0.48731193,3.1447186,2.192318,2.2639563,0.0,0.0,0.038781326,0.48148543,0.96449333,0.0,0.0,1.7958424,0.8416642,0.0,3.3432157,0.0,1.3122096,0.59927404,0.0,0.0,0.0139224455,2.0224462,0.030195912,0.0,3.004495,0.37094176,2.694873,1.0401257,0.0,0.0,1.4053118,2.4113536,0.0,0.0,0.0,0.2686808,0.38639536,2.8999395,0.11697807,0.707425,0.21097875,0.69851315,2.4565768,1.9298538,0.17243055,0.88626325,2.543307,0.0,3.1451716,0.028692247,0.0,0.0,3.3922973,2.9201455,0.54297656,0.2429944,2.8467903,1.5069482,0.61436653,0.40000308,2.4152765,0.7138135,1.5976791,0.0,1.1487416,3.405993,2.229984,2.2002301,0.18330856,0.07193563,0.88108826,1.1543539,1.294096,0.0,0.0,1.8213482,1.3652172,0.0,3.5464153,0.0,2.5992944,1.1851848,0.0,0.30315986,0.6881244,2.6021733,1.1496968
C000028,0.0,4.8295536,0.0,4.2426066,0.0,0.0,0.0,1.3509032,4.1465945,0.0,0.0,0.0,0.0,0.0,4.628681,0.0,0.14447023,0.0,0.0,3.8634048,2.4584599,0.0,0.6024993,3.510633,0.0,3.7917423,0.14153293,0.0,0.0,4.884644,4.3183684,0.39917353,0.0,4.1606746,2.300349,0.0,0.0,3.381959,0.46803138,1.5631235,0.0,1.1856955,4.849792,3.3485336,3.898463,0.0,0.0,0.37243396,1.0291177,1.6036185,0.0,0.0,2.9475756,1.3663222,0.0,5.2330713,0.0,2.4750426,1.3401322,0.0,0.0,0.0,3.4887705,0.3097754,0.0,4.8295536,0.0,4.2426066,0.0,0.0,0.0,1.3509032,4.1465945,0.0,0.0,0.0,0.0,0.0,4.628681,0.0,0.14447023,0.0,0.0,3.8634048,2.4584599,0.0,0.6024993,3.510633,0.0,3.7917423,0.14153293,0.0,0.0,4.884644,4.3183684,0.39917353,0.0,4.1606746,2.300349,0.0,0.0,3.381959,0.46803138,1.5631235,0.0,1.1856955,4.849792,3.3485336,3.898463,0.0,0.0,0.37243396,1.0291177,1.6036185,0.0,0.0,2.9475756,1.3663222,0.0,5.2330713,0.0,2.4750426,1.3401322,0.0,0.0,0.0,3.4887705,0.3097754
C000029,0.0,5.1719646,0.0,4.483232,0.0,0.0,0.0,1.494397,4.431928,0.0,0.0,0.0,0.0,0.0,4.944562,0.0,0.21410017,0.0,0.0,4.1032906,2.6543455,0.0,0.56954753,3.7479706,0.0,4.117673,0.13112259,0.0,0.0,5.2333393,4.5499883,0.5148298,0.0,4.4879475,2.5963287,0.0,0.0,3.6012723,0.42493197,1.7452637,0.0,1.402808,5.076772,3.504819,4.183442,0.0,0.0,0.5173289,1.1610245,1.7578404,0.0,0.0,3.1594954,1.464017,0.0,5.5209675,0.0,2.754617,1.5455703,0.0,0.0,0.0,3.8106258,0.4368088,0.0,5.1719646,0.0,4.483232,0.0,0.0,0.0,1.494397,4.431928,0.0,0.0,0.0,0.0,0.0,4.944562,0.0,0.21410017,0.0,0.0,4.1032906,2.6543455,0.0,0.56954753,3.7479706,0.0,4.117673,0.13112259,0.0,0.0,5.2333393,4.5499883,0.5148298,0.0,4.4879475,2.5963287,0.0,0.0,3.6012723,0.42493197,1.7452637,0.0,1.402808,5.076772,3.504819,4.183442,0.0,0.0,0.5173289,1.1610245,1.7578404,0.0,0.0,3.1594954,1.464017,0.0,5.5209675,0.0,2.754617,1.5455703,0.0,0.0,0.0,3.8106258,0.4368088
C000030,0.0,2.4703078,0.0,2.5141025,1.0875653,0.0,0.0,0.0837568,1.93602,0.0,0.0,0.0,0.0,0.0,2.3189156,0.0,0.0,0.0,0.65359837,2.2457662,0.830874,0.0,1.6452432,2.3827581,0.0,2.3954782,0.0,0.0,0.0,2.8077295,3.157247,0.9094848,0.0,2.841209,0.5453602,0.09668447,0.0,1.8833561,1.0545378,0.62894726,0.0,0.49768725,3.2138934,2.35831,1.778154,0.0,0.0,0.07233782,1.455331,0.0,0.0,0.0,1.6555166,1.3187369,0.0,3.2023447,0.0,1.8659724,0.35484284,0.0,0.0,0.8149943,2.3133178,0.25789115,0.0,2.326686,4.5604115,2.016996,6.993704,0.0,0.0,9.132048,1.5109982,0.35930505,0.0,0.0,6.916029,7.5030036,1.6606059,3.742515,7.7552195,5.8374805,6.2190056,1.7461019,6.6385098,4.625196,1.0323201,3.4929793,0.0,7.5303826,0.0,4.632909,0.0,2.9075713,2.1482713,0.26246542,4.7276297,2.249398,3.1031914,6.431755,7.107871,2.8066766,0.7635667,8.090065,0.37342644,5.174008,2.3683784,1.5891802,1.673741,4.654663,1.0802184,7.112003,0.4963306,8.640972,0.0,0.0,1.1177276,2.053025,0.0,2.842309,4.0964947,8.694874,5.0782657,0.0022083323,8.205022,5.2187476,2.4766378,8.624394
C000031,0.0,3.6159344,0.4626922,3.8480237,2.6096644,0.0,0.0,0.7992115,2.6534543,0.0,0.0,0.0,0.03900063,0.0,3.9344754,0.0,0.0,0.9415352,2.0147288,3.4336176,2.2513084,0.0,3.0853517,3.5080166,0.0,4.3550134,0.0,0.0,0.0,4.2060747,4.8045263,1.2996341,0.0,5.29943,1.011308,0.858171,0.6888163,2.9605339,2.7030606,1.0936508,0.0,1.0452044,5.189928,4.2163625,3.4759345,0.0,0.0,0.17814882,1.9479198,0.60859644,0.0,0.0,2.604175,2.098506,0.0,5.7956147,0.0,3.0402703,0.2625937,0.0,0.0,1.7206192,3.1142433,1.0136474,0.0,4.075489,1.9218841,3.840066,3.1577084,0.0,0.0,5.0623,3.3298972,0.0,0.0,0.0,2.332165,2.2834642,4.0119452,1.1288116,3.1784482,2.180531,2.7798834,3.3989158,4.5077987,0.9335712,1.2814839,3.9782846,0.0,6.060011,0.0016879924,0.69165295,0.0,4.628571,4.1118155,0.45642957,1.6197295,4.1222086,2.9515193,2.8437521,2.4910903,3.6636372,0.87795174,4.836219,0.0,3.0831244,4.5186377,3.215623,3.3628893,1.3903446,0.13380727,3.360791,1.3721726,4.561749,0.0,0.0,2.651245,2.151364,0.0,5.0263124,0.7533486,5.726852,3.059672,0.0,2.6798003,2.7958703,3.7717338,4.5631614
C000032,0.0,4.517453,0.0,4.030518,0.0,0.0,0.0,1.2357278,3.8872411,0.0,0.0,0.0,0.0,0.0,4.348421,0.0,0.087601274,0.0,0.0,3.6410933,2.288518,0.0,0.6286283,3.286436,0.0,3.5031018,0.15119177,0.0,0.0,4.5712194,4.10885,0.2926127,0.0,3.8636827,2.033347,0.0,0.0,3.18525,0.50784117,1.4016508,0.0,0.99505746,4.6559,3.2087321,3.6379929,0.0,0.0,0.24875264,0.90989894,1.471957,0.0,0.0,2.7493343,1.2697273,0.0,4.9852586,0.0,2.2367656,1.1581706,0.0,0.0,0.0,3.2038324,0.20541912,0.0,4.517453,0.0,4.030518,0.0,0.0,0.0,1.2357278,3.8872411,0.0,0.0,0.0,0.0,0.0,4.348421,0.0,0.087601274,0.0,0.0,3.6410933,2.288518,0.0,0.6286283,3.286436,0.0,3.5031018,0.15119177,0.0,0.0,4.5712194,4.10885,0.2926127,0.0,3.8636827,2.033347,0.0,0.0,3.18525,0.50784117,1.4016508,0.0,0.99505746,4.6559,3.2087321,3.6379929,0.0,0.0,0.24875264,0.90989894,1.471957,0.0,0.0,2.7493343,1.2697273,0.0,4.9852586,0.0,2.2367656,1.1581706,0.0,0.0,0.0,3.2038324,0.20541912
C000033,0.0,4.9106903,0.0,4.300963,0.0,0.0,0.0,1.3791767,4.2158093,0.0,0.0,0.0,0.0,0.0,4.7044935,0.0,0.15785436,0.0,0.0,3.9206975,2.5011885,0.0,0.59680986,3.5690007,0.0,3.8655152,0.1392026,0.0,0.0,4.9690547,4.375079,0.42668068,0.0,4.241102,2.3696866,0.0,0.0,3.435846,0.46065027,1.6025869,0.0,1.2348424,4.904898,3.3874612,3.9682565,0.0,0.0,0.40254334,1.059376,1.6367652,0.0,0.0,3.000523,1.3919424,0.0,5.3023477,0.0,2.5360367,1.3864878,0.0,0.0,0.0,3.5647528,0.3335089,0.0,4.9106903,0.0,4.300963,0.0,0.0,0.0,1.3791767,4.2158093,0.0,0.0,0.0,0.0,0.0,4.7044935,0.0,0.15785436,0.0,0.0,3.9206975,2.5011885,0.0,0.59680986,3.5690007,0.0,3.8655152,0.1392026,0.0,0.0,4.9690547,4.375079,0.42668068,0.0,4.241102,2.3696866,0.0,0.0,3.435846,0.46065027,1.6025869,0.0,1.2348424,4.904898,3.3874612,3.9682565,0.0,0.0,0.40254334,1.059376,1.6367652,0.0,0.0,3.000523,1.3919424,0.0,5.3023477,0.0,2.5360367,1.3864878,0.0,0.0,0.0,3.5647528,0.3335089
C000034,0.0,5.2659802,0.0,4.5480413,0.0,0.0,0.0,1.5478469,4.5064483,0.0,0.0,0.0,0.0,0.0,5.0286765,0.0,0.24344437,0.0,0.0,4.170088,2.7167761,0.0,0.55687636,3.811788,0.0,4.215868,0.12780133,0.0,0.0,5.329979,4.6106067,0.54409236,0.0,4.5735846,2.679678,0.0,0.0,3.6608446,0.40588516,1.8074943,0.0,1.4677275,5.1383047,3.5457587,4.256547,0.0,0.0,0.5676535,1.1990026,1.8102305,0.0,0.0,3.2121224,1.4881855,0.0,5.5953703,0.0,2.8431854,1.6064732,0.0,0.0,0.0,3.900533,0.4882537,0.0,5.2659802,0.0,4.5480413,0.0,0.0,0.0,1.5478469,4.5064483,0.0,0.0,0.0,0.0,0.0,5.0286765,0.0,0.24344437,0.0,0.0,4.170088,2.7167761,0.0,0.55687636,3.811788,0.0,4.215868,0.12780133,0.0,0.0,5.329979,4.6106067,0.54409236,0.0,4.5735846,2.679678,0.0,0.0,3.6608446,0.40588516,1.8074943,0.0,1.4677275,5.1383047,3.5457587,4.256547,0.0,0.0,0.5676535,1.1990026,1.8102305,0.0,0.0,3.2121224,1.4881855,0.0,5.5953703,0.0,2.8431854,1.6064732,0.0,0.0,0.0,3.900533,0.4882537
C000035,0.0,0.8612146,3.25139,0.752094,5.9511275,0.0,0.0,6.41666,0.06588125,1.0656939,0.0,0.0,5.666885,5.2529254,0.4154592,3.4219875,5.351454,4.925758,5.234067,0.507151,4.647854,4.037223,1.3091002,2.0502608,0.0,4.9908004,0.0,4.296736,0.0,0.7054572,0.92675924,0.0,3.7107782,1.1511482,1.7065479,5.415226,5.642761,1.0616394,0.89490503,5.454869,0.4103729,3.4221015,1.2324133,0.9225671,0.5076847,3.5316608,0.8912936,4.5490227,0.0,5.708344,0.0,0.0,0.3399502,1.7166917,0.0,1.3952221,4.6479607,5.2974896,2.9601047,0.0,6.002916,4.595009,0.56217754,6.2469015,0.0,1.3643346,3.521859,1.1905912,6.263927,0.0,0.0,7.757707,0.8728998,1.0123218,0.0,0.0,6.1360373,5.9584727,0.9730007,3.8335545,6.179913,5.2829614,5.496775,1.1504226,5.526955,4.4690676,1.1176867,2.3495538,0.0,6.0315723,0.00091649656,4.593228,0.0,1.5089846,1.4231273,0.06324408,4.345441,1.3720835,2.3697693,5.779837,6.23843,1.6929069,0.6864789,6.4724045,0.42528704,4.101375,1.7271,1.139907,1.0497953,4.00364,1.0147773,5.257833,0.21382338,6.9881606,0.0,0.0,0.74188,1.8811704,0.0,2.1227531,4.704657,6.3784103,3.7094705,0.0012708447,6.8069253,4.9895787,1.35088,7.084292
C000036,0.0,2.8380165,0.0,2.69635,0.0,0.0,0.0,0.7248532,2.523502,0.0,0.0,0.0,0.0,0.0,2.8002396,0.0,0.03951536,0.0,0.0,2.3914776,1.5127621,0.0,0.45460725,2.153362,0.0,2.2683072,0.11423711,0.0,0.0,2.955205,2.6730902,0.0920998,0.0,2.4181604,1.1889119,0.0,0.0,2.0677474,0.38766646,0.77440655,0.0,0.47609285,3.1159408,2.1681309,2.2380867,0.0,0.0,0.039638024,0.47420162,0.9678693,0.0,0.0,1.7808049,0.8318372,0.0,3.314078,0.0,1.3095523,0.58812666,0.0,0.0,0.018298477,1.9942173,0.043584,0.0,3.625408,0.0,3.5668254,0.52021426,0.0,0.0,0.50008357,2.9616952,0.0,0.0,0.0,0.0,0.0,3.5814583,0.0,0.01975768,0.0,0.25357786,3.0280871,1.6595657,0.0,1.2927898,2.9171467,0.0,3.0753107,0.057118554,0.0,0.0,3.9655123,3.8400474,0.5214929,0.0,3.7049758,1.284976,0.0374247,0.0,2.7516382,1.0462449,0.75545293,0.0,0.6742707,4.4098134,3.0090668,2.8836393,0.0,0.0,0.019819012,1.1306592,0.5150511,0.0,0.0,2.2587824,1.4554474,0.0,4.6061535,0.0,2.0394545,0.6423145,0.0,0.0,0.2722841,2.775098,0.021792
C000037,0.0,4.44118,0.0,3.9804492,0.0,0.0,0.0,1.2045172,3.8252444,0.0,0.0,0.0,0.0,0.0,4.2812924,0.0,0.069955856,0.0,0.0,3.5867972,2.2465672,0.0,0.6373542,3.23307,0.0,3.4304752,0.15394661,0.0,0.0,4.4966474,4.0596786,0.26560825,0.0,3.7922544,1.9674802,0.0,0.0,3.138443,0.52192837,1.3603028,0.0,0.946996,4.6119156,3.1757183,3.5749917,0.0,0.0,0.2174189,0.8788609,1.4384847,0.0,0.0,2.7027626,1.2464758,0.0,4.9292917,0.0,2.1761575,1.1129113,0.0,0.0,0.0,3.134778,0.17753105,0.0,4.44118,0.0,3.9804492,0.0,0.0,0.0,1.2045172,3.8252444,0.0,0.0,0.0,0.0,0.0,4.2812924,0.0,0.069955856,0.0,0.0,3.5867972,2.2465672,0.0,0.6373542,3.23307,0.0,3.4304752,0.15394661,0.0,0.0,4.4966474,4.0596786,0.26560825,0.0,3.7922544,1.9674802,0.0,0.0,3.138443,0.52192837,1.3603028,0.0,0.946996,4.6119156,3.1757183,3.5749917,0.0,0.0,0.2174189,0.8788609,1.4384847,0.0,0.0,2.7027626,1.2464758,0.0,4.9292917,0.0,2.1761575,1.1129113,0.0,0.0,0.0,3.134778,0.17753105
C000038,0.0,4.9106903,0.0,4.300963,0.0,0.0,0.0,1.3791767,4.2158093,0.0,0.0,0.0,0.0,0.0,4.7044935,0.0,0.15785436,0.0,0.0,3.9206975,2.5011885,0.0,0.59680986,3.5690007,0.0,3.8655152,0.1392026,0.0,0.0,4.9690547,4.375079,0.42668068,0.0,4.241102,2.3696866,0.0,0.0,3.435846,0.46065027,1.6025869,0.0,1.2348424,4.904898,3.3874612,3.9682565,0.0,0.0,0.40254334,1.059376,1.6367652,0.0,0.0,3.000523,1.3919424,0.0,5.3023477,0.0,2.5360367,1.3864878,0.0,0.0,0.0,3.5647528,0.3335089,0.0,4.9106903,0.0,4.300963,0.0,0.0,0.0,1.3791767,4.2158093,0.0,0.0,0.0,0.0,0.0,4.7044935,0.0,0.15785436,0.0,0.0,3.9206975,2.5011885,0.0,0.59680986,3.5690007,0.0,3.8655152,0.1392026,0.0,0.0,4.9690547,4.375079,0.42668068,0.0,4.241102,2.3696866,0.0,0.0,3.435846,0.46065027,1.6025869,0.0,1.2348424,4.904898,3.3874612,3.9682565,0.0,0.0,0.40254334,1.059376,1.6367652,0.0,0.0,3.000523,1.3919424,0.0,5.3023477,0.0,2.5360367,1.3864878,0.0,0.0,0.0,3.5647528,0.3335089
C000039,0.0,4.8368626,0.42025805,4.0640306,0.5481467,0.0,0.0,3.1493952,3.9212635,0.0,0.0,0.0,0.20906076,0.64408654,4.2377353,0.0,1.6210296,0.0,0.23236795,3.5445807,3.5141263,0.0,0.16599941,3.9652312,0.0,4.447512,0.0,0.0,0.0,4.9288225,3.9125688,0.0,0.0,3.8954315,3.0267384,0.6839781,0.0,3.874422,0.0,3.2756143,0.0,1.7788917,4.449506,2.9504871,3.5591843,0.0,0.0,2.158412,0.9318911,3.0532634,0.0,0.0,3.0881405,1.4341873,0.0,4.568268,0.0,4.0099583,2.2248805,0.0,0.3507191,0.39286464,3.4228504,2.2613285,0.0,5.898381,0.28315866,6.1358843,1.1576409,0.0,0.0,1.9474336,4.6986504,0.0,0.0,0.0,0.10453038,0.32204327,5.7857537,0.0,0.8105148,0.5201405,1.1697202,5.238464,3.304784,0.0,1.9231894,5.25951,0.0,5.6151114,0.0,0.0,0.0,6.8110924,6.310104,0.65953517,0.0,6.77809,2.944623,1.1730163,0.0,5.0527105,2.0047727,2.2421026,0.0,2.0310736,6.9786706,5.297455,4.999452,0.0,0.0,1.3198029,1.8606715,1.9501239,0.0,0.0,3.9471736,2.6478233,0.0,7.678892,0.0,4.6080275,1.662075,0.0,0.17535955,0.9895426,4.8884153,1.4890356
C000040,0.0,3.3639793,0.0,3.0635357,0.0,0.0,0.0,0.8203041,2.9839902,0.0,0.0,0.0,0.0,0.0,3.2754388,0.0,0.05792321,0.0,0.0,2.7930706,1.7409942,0.0,0.46449122,2.5291305,0.0,2.751655,0.11488245,0.0,0.0,3.478726,3.0657969,0.2755861,0.0,2.9631152,1.599076,0.0,0.0,2.4153311,0.3608217,1.005688,0.0,0.75573254,3.5037913,2.4670258,2.6910791,0.0,0.0,0.1893685,0.66003406,1.1187708,0.0,0.0,2.1029902,0.99918604,0.0,3.7757144,0.0,1.6316925,0.8444147,0.0,0.0,0.0,2.4641302,0.14142051,0.0,4.206584,0.060584985,3.9498835,0.5837206,0.0,0.0,0.8185927,3.4262295,0.0,0.0,0.0,0.0,0.0,4.161153,0.0,0.028961604,0.0,0.29887044,3.4368134,2.000339,0.0,1.2124186,3.3193576,0.0,3.5627053,0.057441223,0.0,0.0,4.4847555,4.242491,0.77135426,0.0,4.323352,1.7056903,0.0961487,0.0,3.195831,0.97714424,1.200318,0.0,1.0059688,4.6773806,3.3105512,3.3793545,0.0,0.0,0.3640353,1.4785633,0.7413277,0.0,0.0,2.5613003,1.685798,0.0,5.0261774,0.0,2.5658615,0.9662168,0.0,0.0,0.26692146,3.2884874,0.40077358
C000041,0.0,5.1719646,0.0,4.483232,0.0,0.0,0.0,1.494397,4.431928,0.0,0.0,0.0,0.0,0.0,4.944562,0.0,0.21410017,0.0,0.0,4.1032906,2.6543455,0.0,0.56954753,3.7479706,0.0,4.117673,0.13112259,0.0,0.0,5.2333393,4.5499883,0.5148298,0.0,4.4879475,2.5963287,0.0,0.0,3.6012723,0.42493197,1.7452637,0.0,1.402808,5.076772,3.504819,4.183442,0.0,0.0,0.5173289,1.1610245,1.7578404,0.0,0.0,3.1594954,1.464017,0.0,5.5209675,0.0,2.754617,1.5455703,0.0,0.0,0.0,3.8106258,0.4368088,0.0,5.1719646,0.0,4.483232,0.0,0.0,0.0,1.494397,4.431928,0.0,0.0,0.0,0.0,0.0,4.944562,0.0,0.21410017,0.0,0.0,4.1032906,2.6543455,0.0,0.56954753,3.7479706,0.0,4.117673,0.13112259,0.0,0.0,5.2333393,4.5499883,0.5148298,0.0,4.4879475,2.5963287,0.0,0.0,3.6012723,0.42493197,1.7452637,0.0,1.402808,5.076772,3.504819,4.183442,0.0,0.0,0.5173289,1.1610245,1.7578404,0.0,0.0,3.1594954,1.464017,0.0,5.5209675,0.0,2.754617,1.5455703,0.0,0.0,0.0,3.8106258,0.4368088
C000042,0.0,4.7537317,0.028519958,4.4627914,0.7636791,0.0,0.0,0.34218675,3.5804179,0.0,0.0,0.0,0.0,0.0,4.7987075,0.0,0.0,0.0,0.66193444,4.024095,2.0543933,0.0,1.757944,3.9670374,0.0,3.8342228,0.0,0.0,0.0,4.7466135,5.08769,1.2521522,0.0,5.5470223,1.5665312,0.08746323,0.0,3.5924766,1.7294433,1.1554441,0.0,0.865354,5.3515587,4.2739525,3.934444,0.0,0.0,0.30478984,2.016422,0.25759876,0.0,0.0,2.7880468,2.1312518,0.0,6.0943265,0.0,2.8079722,0.8704548,0.0,0.0,0.5685131,3.531345,0.497375,0.0,3.8367138,0.05979471,3.4816883,0.4723251,0.0,0.0,0.82662416,3.0572805,0.0,0.0,0.0,0.0,0.0,3.784226,0.0,0.27929035,0.0,0.33096722,3.183158,1.9516871,0.0,0.972275,3.0909705,0.0,3.2626743,0.0,0.0,0.0,3.9728425,3.736245,0.73450357,0.0,3.9772375,1.6473389,0.11470616,0.0,2.877934,0.86472166,1.3118515,0.0,0.9647049,4.080871,3.0572467,3.052503,0.0,0.0,0.5016964,1.3350108,0.852771,0.0,0.0,2.293592,1.5479012,0.0,4.534693,0.0,2.3987849,0.9726274,0.0,0.0,0.29243445,2.934995,0.6622925
C000043,0.0,2.4583788,0.14189345,2.7002082,1.224046,0.0,0.0,0.0,1.8593227,0.0,0.0,0.0,0.0,0.0,2.547895,0.0,0.0,0.0,0.91065407,2.2540214,1.2367865,0.0,1.5018475,2.4595144,0.0,2.5820513,0.0,0.0,0.0,2.663053,2.9797392,0.79595566,0.0,3.1644592,0.58195984,0.28228316,0.0,2.223526,1.2143682,0.5947045,0.0,0.32819712,3.393646,2.5954654,2.051194,0.0,0.0,0.17803077,1.3947811,0.0,0.0,0.0,1.5983243,1.4407375,0.0,3.6092849,0.0,1.9338391,0.31189996,0.0,0.0,0.65086323,1.8896816,0.5294708,0.0,2.8955085,0.485085,2.6278956,1.3204161,0.0,0.0,1.7696275,2.4323208,0.0,0.0,0.0,0.31028986,0.53192836,2.7438152,0.08723097,0.90392715,0.2990026,0.9386794,2.4440746,2.0817983,0.11730522,0.8652422,2.6324513,0.0,3.305518,0.0011245811,0.058076527,0.0,3.478176,2.7936924,0.5742515,0.20203964,2.775272,1.5466948,0.81808335,0.54152864,2.406714,0.57960564,1.901413,0.0,1.3603399,3.3535364,2.1134682,2.1022234,0.15824737,0.03612371,1.1831443,1.2504746,1.5852569,0.0,0.0,1.8895556,1.377297,0.0,3.4280238,0.0085434,3.0130546,1.2790929,0.0,0.32782716,0.91188127,2.6228082,1.5160102
C000044,0.0,3.1102922,0.4028997,2.7992327,1.1917307,0.0,0.0,1.1116886,2.6364734,0.0,0.0,0.0,0.6268717,0.2846667,2.9983296,0.0,0.44519448,0.29179162,0.9900606,2.6502223,2.0302134,0.0,1.3039966,2.9340768,0.0,3.072393,0.0,0.0,0.0,3.2987726,3.1628382,0.27840367,0.0,3.2367706,1.304716,0.76437455,0.67907584,2.2381256,1.3405006,1.4601879,0.0,0.81647253,3.2558453,2.6435819,2.4115686,0.0,0.0,0.9142268,0.78022814,1.5163126,0.0,0.0,1.7344812,1.6846879,0.0,4.1028843,0.0,2.2730355,0.9042907,0.0,0.28644928,0.96779275,2.1904616,1.0001545,0.0,1.4203128,3.2684593,0.96943814,4.936707,0.0,0.0,7.6665897,1.079419,0.8678472,0.0,0.0,5.075956,5.538863,1.1037672,3.2331147,6.0488873,3.8794756,4.2136626,0.99566734,5.143209,3.7932832,0.25975955,1.9485714,0.0,5.448031,0.0,3.6392834,0.0,1.6848462,0.98244697,0.025295822,4.1287317,0.80713344,2.7849507,5.04337,4.9290204,1.9608732,0.18972518,6.460717,0.6535041,3.8659384,1.3566538,0.61022335,0.6989008,3.431306,1.0683023,5.4520035,0.34153983,6.524164,0.0,0.0,0.674036,1.4542012,0.0,1.3698109,3.1931071,6.4303217,4.383839,0.058775894,5.954832,3.8642354,1.7924592,6.83619
C000045,0.0,3.6482036,0.0,3.268125,0.0,0.0,0.0,0.93284285,3.2170393,0.0,0.0,0.0,0.0,0.0,3.5227656,0.0,0.09880272,0.0,0.0,2.9951782,1.8958826,0.0,0.4588679,2.7471933,0.0,3.01582,0.10912443,0.0,0.0,3.775004,3.2722938,0.34527096,0.0,3.229753,1.8307627,0.0,0.0,2.6098866,0.3299334,1.1776644,0.0,0.9107253,3.697145,2.606505,2.9270978,0.0,0.0,0.30204225,0.7565571,1.2424346,0.0,0.0,2.2787275,1.087908,0.0,4.006547,0.0,1.8438684,0.99403965,0.0,0.0,0.0,2.7022557,0.2520293,0.0,4.2586236,0.029769242,4.0265684,0.5947317,0.0,0.0,0.7911595,3.4329767,0.0,0.0,0.0,0.0,0.0,4.208042,0.0,0.04940136,0.0,0.35649827,3.4832811,1.9925125,0.0,1.2369995,3.3653612,0.0,3.5521705,0.054562215,0.0,0.0,4.447958,4.3203206,0.78956944,0.0,4.4233837,1.6554494,0.05046445,0.0,3.2326593,1.0368029,1.1879199,0.0,0.9735297,4.7179832,3.4114993,3.4304948,0.0,0.0,0.35438353,1.5339019,0.68118554,0.0,0.0,2.5985682,1.6855122,0.0,5.0728397,0.0,2.5478957,0.94007623,0.0,0.0,0.32155994,3.2859254,0.40073416
C000046,0.0,4.5857534,0.0,4.4320316,0.73932135,0.0,0.0,0.14748085,3.5433185,0.0,0.0,0.0,0.0,0.0,4.548174,0.0,0.0,0.0,0.30296558,3.9198735,1.8915157,0.0,1.9542606,3.8780584,0.0,3.8775642,0.0,0.0,0.0,4.9223633,5.0293965,0.8332051,0.0,5.0080757,1.3858275,0.0,0.0,3.5409403,1.7354679,0.8174101,0.0,0.71601784,5.7862563,4.114059,3.7796817,0.0,0.0,0.0,1.6354185,0.27530673,0.0,0.0,2.8186514,1.9124324,0.0,6.0699997,0.0,2.5292606,0.66269785,0.0,0.0,0.466512,3.3511298,0.0,0.0,3.3994172,0.0,3.2502308,0.46615013,0.0,0.0,0.52848995,2.7978263,0.0,0.0,0.0,0.0,0.0,3.3752327,0.0,0.12962475,0.0,0.15148279,2.8840194,1.6629105,0.0,1.1170948,2.8030486,0.0,2.9290729,0.0045865215,0.0,0.0,3.7169468,3.503061,0.42645884,0.0,3.355619,1.2433653,0.009574294,0.0,2.6249049,0.9686743,0.8637019,0.0,0.636086,4.105533,2.8279705,2.7176294,0.0,0.0043170303,0.12655878,0.99949753,0.6602645,0.0,0.0,2.1326718,1.3491921,0.0,4.3240204,0.0,1.9305563,0.6388142,0.0,0.0,0.28837916,2.5262036,0.19099185
C000047,0.0,2.0824728,1.6453348,2.330477,3.5427036,0.0,0.0,3.4764392,1.5193449,0.0,0.0,0.0,2.7556894,2.218709,2.1821694,1.0404556,2.5487587,2.7698047,2.9440122,2.0225759,3.3849928,1.4124546,1.6278977,2.538072,0.0,4.2483616,0.0,1.5470781,0.0,2.4818623,2.5971642,0.0,1.0477049,2.9975963,1.3119683,2.8258615,2.8872287,1.823235,1.6722473,2.9808595,0.0,2.202822,2.7840447,2.4338226,1.918113,1.3835344,0.20542361,2.1566205,0.38424072,3.5190098,0.0,0.0,1.5221679,1.6599275,0.0,3.4260025,1.6450024,3.639499,1.3375874,0.0,2.7079678,2.7675936,1.7760856,3.160773,0.0,1.3382782,3.5739903,1.2115332,5.9143577,0.0,0.0,7.586938,0.9362974,0.8862154,0.0,0.0,5.995353,5.777595,1.1400963,3.6700234,6.0308714,5.104249,5.1693115,1.0977091,5.298398,4.2860146,0.95184976,2.2243857,0.0,5.7111297,0.0,4.389088,0.0,1.5111597,1.3441616,0.00286732,4.1470785,1.2631619,2.2944484,5.5754604,6.090701,1.6591485,0.5785046,6.3896666,0.46026897,4.0813036,1.531283,1.0665754,1.0743473,3.7456062,1.0391172,5.20298,0.18978982,6.832289,0.0,0.0,0.7809928,1.8214753,0.0,1.9526689,4.3918633,6.1887307,3.7612991,0.06226034,6.8113585,4.7704844,1.3634753,6.931777
C000048,0.0,4.8297434,0.45731026,4.0329695,0.5646642,0.0,0.0,3.203192,3.889426,0.0,0.0,0.0,0.25397187,0.6871613,4.2388806,0.0,1.6911932,0.0,0.26457435,3.5256405,3.5214617,0.0,0.1409178,3.9728622,0.0,4.481479,0.0,0.0,0.0,4.9169245,3.8847806,0.0,0.0,3.916875,3.0823698,0.719036,0.0,3.85251,0.0,3.3181834,0.0,1.8252153,4.424196,2.9382753,3.5330133,0.0,0.0,2.21187,0.91994774,3.0821579,0.0,0.0,3.0852537,1.4400069,0.0,4.5224714,0.0,4.023401,2.273656,0.0,0.39773738,0.41954452,3.4460535,2.3224254,0.0,2.6253428,4.3549013,2.7964027,7.812195,0.0,0.0,9.958112,1.787565,0.913033,0.0,0.0,7.254412,6.9072886,2.247436,4.487841,7.5695305,6.707412,7.205317,2.2359397,7.2812257,4.9844193,1.8582381,3.7137625,0.0,8.294787,0.0,5.342217,0.0,3.1686041,2.919579,0.0,5.080522,3.0535717,3.2721786,7.1002417,7.461563,2.7099156,1.4413425,8.089604,0.2366797,5.280103,3.3659787,2.288102,2.1558719,4.934237,1.0129849,6.4962993,0.633705,8.763786,0.0,0.0,1.7399514,2.6714063,0.0,4.107673,5.4578314,8.319535,4.5043173,0.0,8.040109,6.474452,2.5396397,8.817245
C000049,0.0,4.9106903,0.0,4.300963,0.0,0.0,0.0,1.3791767,4.2158093,0.0,0.0,0.0,0.0,0.0,4.7044935,0.0,0.15785436,0.0,0.0,3.9206975,2.5011885,0.0,0.59680986,3.5690007,0.0,3.8655152,0.1392026,0.0,0.0,4.9690547,4.375079,0.42668068,0.0,4.241102,2.3696866,0.0,0.0,3.435846,0.46065027,1.6025869,0.0,1.2348424,4.904898,3.3874612,3.9682565,0.0,0.0,0.40254334,1.059376,1.6367652,0.0,0.0,3.000523,1.3919424,0.0,5.3023477,0.0,2.5360367,1.3864878,0.0,0.0,0.0,3.5647528,0.3335089,0.0,4.9106903,0.0,4.300963,0.0,0.0,0.0,1.3791767,4.2158093,0.0,0.0,0.0,0.0,0.0,4.7044935,0.0,0.15785436,0.0,0.0,3.9206975,2.5011885,0.0,0.59680986,3.5690007,0.0,3.8655152,0.1392026,0.0,0.0,4.9690547,4.375079,0.42668068,0.0,4.241102,2.3696866,0.0,0.0,3.435846,0.46065027,1.6025869,0.0,1.2348424,4.904898,3.3874612,3.9682565,0.0,0.0,0.40254334,1.059376,1.6367652,0.0,0.0,3.000523,1.3919424,0.0,5.3023477,0.0,2.5360367,1.3864878,0.0,0.0,0.0,3.5647528,0.3335089
C000050,0.0,2.1747038,0.0,2.0923629,0.14541017,0.0,0.0,0.7734047,1.9505702,0.0,0.0,0.0,0.0,0.0,2.1573744,0.0,0.28229856,0.0,0.0,1.8257737,1.3433762,0.0,0.26707023,1.8348058,0.0,1.9992887,0.025822476,0.0,0.0,2.3041182,1.9212232,0.05452068,0.0,1.9324518,1.1743146,0.018554855,0.0,1.6550792,0.12126153,0.8848394,0.0,0.48567384,2.2590575,1.6381578,1.627819,0.0,0.0,0.33633593,0.3712649,0.99841225,0.0,0.0,1.4191039,0.68743855,0.0,2.3653357,0.0,1.2451477,0.5799218,0.0,0.0,0.07974449,1.5793699,0.44084784,0.0,2.4435332,0.18524933,2.638108,1.0704302,0.0,0.0,0.839354,1.9943295,0.0,0.0,0.0,0.09140573,0.0,2.4333622,0.0,0.20382662,0.22625232,0.7632823,2.2077327,1.5772496,0.0,1.1203231,2.3572009,0.0,2.5193737,0.008607492,0.0,0.0,2.93733,2.7106087,0.24405152,0.0,2.7346032,1.0306116,0.70930076,0.22542028,2.120916,0.8842973,1.0003682,0.0,0.70844555,3.0190952,2.1151,1.9242729,0.10634748,0.0,0.53308934,0.8538699,0.6700079,0.0,0.0,1.4776789,1.4581442,0.0,3.3653104,0.0,2.0511436,0.5457131,0.0,0.0,0.67669463,1.9000663,0.7354076
C000051,0.0,4.6711755,0.0,4.1321087,0.0,0.0,0.0,1.2967612,4.0125737,0.0,0.0,0.0,0.0,0.0,4.4840894,0.0,0.11891499,0.0,0.0,3.7499034,2.3751965,0.0,0.61289674,3.396669,0.0,3.6470957,0.14580995,0.0,0.0,4.7230945,4.208521,0.34497592,0.0,4.005937,2.1660519,0.0,0.0,3.2791052,0.48450363,1.4850314,0.0,1.0904719,4.745928,3.2735968,3.7641635,0.0,0.0,0.31250042,0.96931064,1.5395072,0.0,0.0,2.8459854,1.3164245,0.0,5.1011653,0.0,2.357296,1.249969,0.0,0.0,0.0,3.3426545,0.26232406,0.0,4.6711755,0.0,4.1321087,0.0,0.0,0.0,1.2967612,4.0125737,0.0,0.0,0.0,0.0,0.0,4.4840894,0.0,0.11891499,0.0,0.0,3.7499034,2.3751965,0.0,0.61289674,3.396669,0.0,3.6470957,0.14580995,0.0,0.0,4.7230945,4.208521,0.34497592,0.0,4.005937,2.1660519,0.0,0.0,3.2791052,0.48450363,1.4850314,0.0,1.0904719,4.745928,3.2735968,3.7641635,0.0,0.0,0.31250042,0.96931064,1.5395072,0.0,0.0,2.8459854,1.3164245,0.0,5.1011653,0.0,2.357296,1.249969,0.0,0.0,0.0,3.3426545,0.26232406
C000052,0.0,2.8552775,0.0,2.7103438,0.0,0.0,0.0,0.7208806,2.5443907,0.0,0.0,0.0,0.0,0.0,2.8166575,0.0,0.033651862,0.0,0.0,2.4091609,1.5215302,0.0,0.46040142,2.160609,0.0,2.2819571,0.11643305,0.0,0.0,2.9733815,2.6918364,0.0939182,0.0,2.4346814,1.1949159,0.0,0.0,2.0781388,0.39541173,0.7733523,0.0,0.47929603,3.1408136,2.183938,2.2554889,0.0,0.0,0.036074404,0.47724557,0.9705863,0.0,0.0,1.7903215,0.83985406,0.0,3.343353,0.0,1.3104287,0.59163225,0.0,0.0,0.021592103,2.010485,0.035821337,0.0,3.5549517,0.0,3.544255,0.5629432,0.0,0.0,0.5027443,2.911872,0.0,0.0,0.0,0.0,0.0,3.542617,0.0,0.016825931,0.0,0.27933565,2.9875011,1.6487846,0.0,1.2852588,2.8844886,0.0,3.0419807,0.058216523,0.0,0.0,3.884412,3.8240507,0.48608887,0.0,3.61217,1.2159929,0.023990497,0.0,2.708111,1.0393618,0.76340413,0.0,0.61046076,4.3846154,2.9948754,2.8441033,0.0,0.0,0.018037202,1.0960592,0.50464654,0.0,0.0,2.2167673,1.4150231,0.0,4.5432487,0.0,1.9948053,0.59930104,0.0,0.0,0.29794276,2.7033896,0.029876584
C000053,0.0,1.5292423,1.2417128,1.921626,3.437358,0.0,0.0,2.0231957,1.3794731,0.0,0.0,0.0,2.7686975,2.3001986,1.5491166,0.82869977,1.6491469,2.4105031,3.1014113,1.758292,2.4769187,1.0384712,2.28798,2.4812799,0.0,3.371872,0.0,1.2389834,0.0,2.0398164,2.5214581,0.0,0.83330494,2.6423123,0.44720152,2.0124307,3.3372798,1.3552881,2.3635345,2.35398,0.0,1.1622874,2.2907875,2.2467651,1.7761135,1.6333064,0.09145418,1.5330944,0.0,2.7539897,0.0,0.0,1.1573899,1.7822965,0.0,3.7160916,1.552099,2.4484525,0.6298104,0.0,2.536406,2.64976,0.7090112,2.318625,0.0,1.9576167,3.6937947,1.661568,5.602627,0.0,0.0,7.7299542,1.1805208,0.5114268,0.0,0.0,5.527839,5.8965893,1.2533612,3.128112,6.340998,4.6876554,5.188631,1.3245628,5.3067036,3.758965,0.9538559,2.9383647,0.0,6.2648277,0.0,3.7482347,0.0,2.3960738,1.6313689,0.03145379,3.8125265,1.7012147,2.8694303,5.6307735,5.89934,2.3796291,0.70943034,6.8079505,0.30848104,4.3865495,2.0098038,1.2020348,1.1611738,3.635226,0.77173537,5.7803965,0.35181063,6.9334755,0.0,0.0,0.89644754,1.8717215,0.0,2.3859932,3.3392632,7.1008983,4.198739,0.0078455685,6.413454,4.3970356,2.022398,7.340564
C000054,0.0,3.648368,0.0,3.484444,0.39105645,0.0,0.0,0.17549077,3.0262275,0.0,0.0,0.0,0.0,0.0,3.5767474,0.0,0.0,0.0,0.25304052,3.0489984,1.524088,0.0,1.5483565,3.1945868,0.0,3.0245862,0.0,0.0,0.0,3.9224062,3.8462086,0.5158123,0.0,3.83322,1.2124145,0.0,0.0,2.7647038,1.3062327,0.83633864,0.0,0.5103667,4.344733,3.0917263,2.980864,0.0,0.0,0.0,1.0906353,0.3897267,0.0,0.0,2.1832058,1.5560637,0.0,4.7810087,0.0,1.9218217,0.52581495,0.0,0.0,0.30204517,2.4829693,0.0,0.0,2.3360894,0.5384736,2.017532,1.1220798,0.0,0.0,1.7296544,1.9397954,0.0,0.0,0.0,0.7151326,0.78732127,2.2126064,0.27061453,1.1291289,0.45885968,0.8374257,1.836644,1.9412644,0.33095282,0.6551471,2.162661,0.0,2.7865543,0.0,0.1687144,0.0,2.639063,2.1161933,0.23131773,0.57489216,2.013986,1.400729,0.8770718,0.76849985,2.013938,0.44521013,1.783962,0.0,1.1121323,2.6155438,1.6143031,1.6569462,0.43371242,0.0866926,1.1430829,0.69763976,1.5989634,0.0,0.0,1.3744619,1.2075999,0.0,2.755406,0.04608263,2.4275181,1.2673479,0.0,0.7451358,0.8128657,1.9023366,1.4722885
C000055,0.0,5.2659802,0.0,4.5480413,0.0,0.0,0.0,1.5478469,4.5064483,0.0,0.0,0.0,0.0,0.0,5.0286765,0.0,0.24344437,0.0,0.0,4.170088,2.7167761,0.0,0.55687636,3.811788,0.0,4.215868,0.12780133,0.0,0.0,5.329979,4.6106067,0.54409236,0.0,4.5735846,2.679678,0.0,0.0,3.6608446,0.40588516,1.8074943,0.0,1.4677275,5.1383047,3.5457587,4.256547,0.0,0.0,0.5676535,1.1990026,1.8102305,0.0,0.0,3.2121224,1.4881855,0.0,5.5953703,0.0,2.8431854,1.6064732,0.0,0.0,0.0,3.900533,0.4882537,0.0,5.2659802,0.0,4.5480413,0.0,0.0,0.0,1.5478469,4.5064483,0.0,0.0,0.0,0.0,0.0,5.0286765,0.0,0.24344437,0.0,0.0,4.170088,2.7167761,0.0,0.55687636,3.811788,0.0,4.215868,0.12780133,0.0,0.0,5.329979,4.6106067,0.54409236,0.0,4.5735846,2.679678,0.0,0.0,3.6608446,0.40588516,1.8074943,0.0,1.4677275,5.1383047,3.5457587,4.256547,0.0,0.0,0.5676535,1.1990026,1.8102305,0.0,0.0,3.2121224,1.4881855,0.0,5.5953703,0.0,2.8431854,1.6064732,0.0,0.0,0.0,3.900533,0.4882537
C000056,0.0,0.0,19.217512,0.0,31.390648,0.0,0.0,40.24619,0.0,6.967412,0.0,0.0,34.123154,33.593975,0.0,22.802055,33.65928,29.147015,28.081068,0.0,24.3559,26.636286,2.4060016,5.009498,0.0,23.608374,0.0,27.690014,0.0,0.0,0.0,0.0,24.597336,0.0,9.075463,30.408464,32.99748,1.8010681,0.48333168,31.557468,3.9661434,20.250862,0.0,0.0,0.0,22.26133,6.0329227,27.225508,0.0,35.871124,0.0,0.0,0.0,4.38058,0.0,0.0,27.415472,27.691845,18.171364,1.0641725,40.346127,24.739925,0.0,36.18503,0.0,1.0342025,9.491678,0.82217664,16.348383,0.0,0.0,19.062033,0.69968075,3.1379008,0.0,0.0,17.336212,16.233671,0.7071723,11.096282,15.982379,14.94166,14.330579,0.79869354,12.798872,12.861096,2.7574842,3.6755586,0.0,12.901056,0.0,13.439077,0.0,1.1542429,1.3386244,0.0066064275,11.713666,1.63182,4.3939867,14.864763,17.2478,1.6962796,2.198944,15.757934,1.4183443,9.943209,1.0930794,1.5517662,1.187355,10.92405,2.9921112,13.073034,0.2521939,17.589453,0.0,0.0,0.47654942,3.4380946,0.0,2.3984234,13.728873,14.23229,8.543773,0.3410628,19.34638,13.008214,1.1551815,17.855862
C000057,0.0,2.8309639,0.0,2.6805592,0.0,0.0,0.0,0.7828318,2.439547,0.0,0.0,0.0,0.0,0.0,2.7696822,0.0,0.08276639,0.0,0.0,2.3055289,1.494828,0.0,0.42326912,2.1934938,0.0,2.2377658,0.086010225,0.0,0.0,2.9088821,2.6021435,0.101736486,0.0,2.4291086,1.2200154,0.0,0.0,2.0897768,0.33385012,0.8338758,0.0,0.5040783,3.0006044,2.1078095,2.191383,0.0,0.0,0.1340508,0.48567826,0.9712891,0.0,0.0,1.8089465,0.7858264,0.0,3.1770968,0.0,1.3852843,0.6268418,0.0,0.0,0.0,1.9418312,0.13687341,0.0,1.696416,2.9238143,1.1896031,4.540828,0.0,0.0,6.8551683,1.2381841,0.72263414,0.0,0.0,4.4990945,4.8544707,1.2788687,2.7756658,5.3826947,3.5771878,3.8747585,1.2222605,4.811542,3.3033268,0.33670062,2.142594,0.0,5.2713494,0.0061435876,3.192325,0.0,1.9587735,1.2335598,0.08181421,3.5516472,1.131147,2.5587068,4.543445,4.4920716,2.0468814,0.20973155,5.893766,0.5042342,3.6084898,1.6447165,0.88901436,0.9802104,3.0498145,0.86638844,4.859474,0.47937804,5.9423485,0.0,0.0,0.8322343,1.4144113,0.0,1.6426069,2.8673794,6.0429344,3.9013646,0.01195819,5.2499804,3.5074692,1.8827763,6.1868906
C000058,0.0,5.1719646,0.0,4.483232,0.0,0.0,0.0,1.494397,4.431928,0.0,0.0,0.0,0.0,0.0,4.944562,0.0,0.21410017,0.0,0.0,4.1032906,2.6543455,0.0,0.56954753,3.7479706,0.0,4.117673,0.13112259,0.0,0.0,5.2333393,4.5499883,0.5148298,0.0,4.4879475,2.5963287,0.0,0.0,3.6012723,0.42493197,1.7452637,0.0,1.402808,5.076772,3.504819,4.183442,0.0,0.0,0.5173289,1.1610245,1.7578404,0.0,0.0,3.1594954,1.464017,0.0,5.5209675,0.0,2.754617,1.5455703,0.0,0.0,0.0,3.8106258,0.4368088,0.0,5.1719646,0.0,4.483232,0.0,0.0,0.0,1.494397,4.431928,0.0,0.0,0.0,0.0,0.0,4.944562,0.0,0.21410017,0.0,0.0,4.1032906,2.6543455,0.0,0.56954753,3.7479706,0.0,4.117673,0.13112259,0.0,0.0,5.2333393,4.5499883,0.5148298,0.0,4.4879475,2.5963287,0.0,0.0,3.6012723,0.42493197,1.7452637,0.0,1.402808,5.076772,3.504819,4.183442,0.0,0.0,0.5173289,1.1610245,1.7578404,0.0,0.0,3.1594954,1.464017,0.0,5.5209675,0.0,2.754617,1.5455703,0.0,0.0,0.0,3.8106258,0.4368088
C000059,0.0,4.2902927,0.0,3.8823357,0.0,0.0,0.0,1.145171,3.7044387,0.0,0.0,0.0,0.0,0.0,4.1480355,0.0,0.034182936,0.0,0.0,3.4782727,2.1696503,0.0,0.6561631,3.1334074,0.0,3.288463,0.15946442,0.0,0.0,4.353773,3.9609628,0.20830801,0.0,3.6472192,1.8406935,0.0,0.0,3.0456429,0.554196,1.2810378,0.0,0.8527434,4.525694,3.1058564,3.448229,0.0,0.0,0.15776369,0.814541,1.3768015,0.0,0.0,2.615044,1.2019055,0.0,4.821518,0.0,2.0583134,1.0249199,0.0,0.0,0.0,2.9982934,0.12739614,0.0,4.2902927,0.0,3.8823357,0.0,0.0,0.0,1.145171,3.7044387,0.0,0.0,0.0,0.0,0.0,4.1480355,0.0,0.034182936,0.0,0.0,3.4782727,2.1696503,0.0,0.6561631,3.1334074,0.0,3.288463,0.15946442,0.0,0.0,4.353773,3.9609628,0.20830801,0.0,3.6472192,1.8406935,0.0,0.0,3.0456429,0.554196,1.2810378,0.0,0.8527434,4.525694,3.1058564,3.448229,0.0,0.0,0.15776369,0.814541,1.3768015,0.0,0.0,2.615044,1.2019055,0.0,4.821518,0.0,2.0583134,1.0249199,0.0,0.0,0.0,2.9982934,0.12739614
C000060,0.0,4.504675,0.0,4.385734,0.7002424,0.0,0.0,0.14598861,3.4477425,0.0,0.0,0.0,0.0,0.0,4.53292,0.0,0.0,0.0,0.39151806,3.7983508,1.8436174,0.0,1.8156681,3.8466828,0.0,3.713401,0.0,0.0,0.0,4.611834,4.9946194,0.9443631,0.0,5.0026407,1.252908,0.0,0.0,3.4945927,1.6914449,0.8882146,0.0,0.62862915,5.578759,4.1543775,3.7346401,0.0,0.0,0.0,1.7625663,0.15067261,0.0,0.0,2.7094831,1.8426725,0.0,5.8734555,0.0,2.5009532,0.63623005,0.0,0.0,0.4870399,3.2791176,0.056181043,0.0,3.5278525,0.0,3.333957,0.42434612,0.0,0.0,0.56473356,2.888622,0.0,0.0,0.0,0.0,0.0,3.5160189,0.0,0.15311287,0.0,0.19575903,2.9596581,1.7124523,0.0,1.0311929,2.9006114,0.0,3.004527,0.004622504,0.0,0.0,3.7332222,3.60475,0.54349864,0.0,3.5282762,1.3188977,0.002491841,0.0,2.6963694,0.92998165,0.9858708,0.0,0.69744635,4.1087637,2.9387777,2.8383508,0.0,0.00052716956,0.17929631,1.1231244,0.65779483,0.0,0.0,2.1674182,1.3659898,0.0,4.3525715,0.0,2.0239866,0.716245,0.0,0.0,0.2618719,2.652125,0.26683885
C000061,0.0,5.1719646,0.0,4.483232,0.0,0.0,0.0,1.494397,4.431928,0.0,0.0,0.0,0.0,0.0,4.944562,0.0,0.21410017,0.0,0.0,4.1032906,2.6543455,0.0,0.56954753,3.7479706,0.0,4.117673,0.13112259,0.0,0.0,5.2333393,4.5499883,0.5148298,0.0,4.4879475,2.5963287,0.0,0.0,3.6012723,0.42493197,1.7452637,0.0,1.402808,5.076772,3.504819,4.183442,0.0,0.0,0.5173289,1.1610245,1.7578404,0.0,0.0,3.1594954,1.464017,0.0,5.5209675,0.0,2.754617,1.5455703,0.0,0.0,0.0,3.8106258,0.4368088,0.0,5.1719646,0.0,4.483232,0.0,0.0,0.0,1.494397,4.431928,0.0,0.0,0.0,0.0,0.0,4.944562,0.0,0.21410017,0.0,0.0,4.1032906,2.6543455,0.0,0.56954753,3.7479706,0.0,4.117673,0.13112259,0.0,0.0,5.2333393,4.5499883,0.5148298,0.0,4.4879475,2.5963287,0.0,0.0,3.6012723,0.42493197,1.7452637,0.0,1.402808,5.076772,3.504819,4.183442,0.0,0.0,0.5173289,1.1610245,1.7578404,0.0,0.0,3.1594954,1.464017,0.0,5.5209675,0.0,2.754617,1.5455703,0.0,0.0,0.0,3.8106258,0.4368088
C000062,0.0,2.6504157,0.17349748,2.6761642,0.9841072,0.0,0.0,0.765381,2.4178991,0.0,0.0,0.0,0.0,0.0,2.6172042,0.0,0.22156462,0.14697826,0.7839236,2.4058897,1.5038989,0.0,1.4169047,2.6428516,0.0,2.8841953,0.0,0.0,0.0,3.4415894,3.0207891,0.523612,0.0,2.9909477,1.103097,0.40963653,0.15844178,2.0266557,1.0777408,1.0804516,0.0,0.6882211,3.3625746,2.4213638,2.1181068,0.0,0.0,0.45287308,1.0474255,0.9105073,0.0,0.0,1.8898903,1.3101698,0.0,3.641185,0.0,2.1843467,0.66561687,0.0,0.0,0.7523632,2.2425776,0.5855486,0.0,2.1937215,1.2604092,1.7101021,2.1523364,0.0,0.0,2.9568596,1.6087356,0.010586522,0.0,0.0,1.579234,1.8044739,1.8706776,0.7177328,2.1039228,1.2610128,1.7908365,1.7018186,2.6095402,0.9107823,0.68555444,2.231103,0.0,3.4817102,0.0,0.7681336,0.0,2.5331366,1.8545475,0.33006895,1.1019142,1.8918842,1.6046822,1.9419707,1.7975138,2.000942,0.4287509,2.9063764,0.024515254,1.844613,2.2315989,1.3975409,1.345609,1.0487055,0.24750032,2.212528,0.8476839,2.5921733,0.0,0.0,1.1693366,1.3803124,0.0,2.4227278,0.6041903,3.6022642,1.931023,0.0,1.687285,1.5966251,1.963847,2.8855405
C000063,0.0,4.550855,0.0,4.4135118,0.6844356,0.0,0.0,0.1483289,3.4865413,0.0,0.0,0.0,0.0,0.0,4.567152,0.0,0.0,0.0,0.37764007,3.8267357,1.856657,0.0,1.8201665,3.867784,0.0,3.7437658,0.0,0.0,0.0,4.655629,5.01749,0.96676975,0.0,5.0561047,1.2822328,0.0,0.0,3.5203335,1.6911709,0.8953476,0.0,0.6517378,5.607587,4.177722,3.771552,0.0,0.0,0.0,1.7831857,0.15922159,0.0,0.0,2.7324345,1.8616543,0.0,5.9167757,0.0,2.5231392,0.65606034,0.0,0.0,0.47576487,3.317183,0.054487884,0.0,3.5513825,0.0,3.3482685,0.4163894,0.0,0.0,0.56582856,2.9085028,0.0,0.0,0.0,0.0,0.0,3.5336218,0.0,0.15296784,0.0,0.18882003,2.974273,1.7191521,0.0,1.0334752,2.9114273,0.0,3.0200558,0.004675612,0.0,0.0,3.7556174,3.6166868,0.5547898,0.0,3.5554552,1.3337984,0.0023213848,0.0,2.7095373,0.93000454,0.989378,0.0,0.70911646,4.1237755,2.950835,2.8573148,0.0,0.0005145632,0.17919506,1.1335262,0.6621405,0.0,0.0,2.1791956,1.3756155,0.0,4.3749065,0.0,2.0351791,0.7262963,0.0,0.0,0.2562109,2.6715908,0.26580948
C000064,0.0,4.594108,0.0,4.080994,0.0,0.0,0.0,1.2668654,3.9495687,0.0,0.0,0.0,0.0,0.0,4.416078,0.0,0.10367714,0.0,0.0,3.6952255,2.3321958,0.0,0.6202911,3.3414314,0.0,3.5752459,0.14837685,0.0,0.0,4.6469107,4.158209,0.3187505,0.0,3.9342623,2.0998545,0.0,0.0,3.2318428,0.49575514,1.4438144,0.0,1.0429646,4.7003064,3.2406063,3.7008202,0.0,0.0,0.28095362,0.93960404,1.5060972,0.0,0.0,2.7974977,1.2929994,0.0,5.0424576,0.0,2.2975178,1.2043599,0.0,0.0,0.0,3.2731085,0.23457666,0.0,4.594108,0.0,4.080994,0.0,0.0,0.0,1.2668654,3.9495687,0.0,0.0,0.0,0.0,0.0,4.416078,0.0,0.10367714,0.0,0.0,3.6952255,2.3321958,0.0,0.6202911,3.3414314,0.0,3.5752459,0.14837685,0.0,0.0,4.6469107,4.158209,0.3187505,0.0,3.9342623,2.0998545,0.0,0.0,3.2318428,0.49575514,1.4438144,0.0,1.0429646,4.7003064,3.2406063,3.7008202,0.0,0.0,0.28095362,0.93960404,1.5060972,0.0,0.0,2.7974977,1.2929994,0.0,5.0424576,0.0,2.2975178,1.2043599,0.0,0.0,0.0,3.2731085,0.23457666
C000065,0.0,1.4994743,5.7575564,1.7526323,10.929944,0.0,0.0,11.741165,0.24409914,2.0431564,0.0,0.0,10.315667,9.4348545,0.75076103,6.3551636,9.607827,9.333061,9.974926,1.1413361,8.816456,7.3509226,2.96369,3.3914428,0.0,9.105968,0.0,8.433703,0.0,1.6516479,1.8490921,0.0,7.2361927,2.6260605,3.100796,9.866563,10.275275,1.9181826,1.9249263,9.57754,0.5327009,6.0914545,2.3844702,1.7275987,1.6070724,6.8299522,1.3074198,7.7288017,0.0,10.415005,0.0,0.0,0.7496058,2.962358,0.0,3.2263489,9.203383,9.399172,4.7923822,0.0,10.859291,8.586667,0.68821776,10.947351,0.0,1.3311276,5.392525,1.3354554,9.546958,0.0,0.0,11.45724,0.75499177,1.6168636,0.0,0.0,9.575933,9.062915,0.8781105,6.0525966,9.310035,8.431202,8.626602,1.215073,8.056083,7.014328,1.7987595,3.0302992,0.0,8.428355,0.0,7.3822246,0.0,1.4536393,1.5774246,0.0020345706,6.7235413,1.7305367,3.1740224,8.793136,9.602869,1.841655,1.1464133,9.298395,0.61249065,5.9521847,1.8755746,1.421017,1.2420185,6.2126164,1.5476123,7.7231565,0.1983768,10.330772,0.0,0.0,0.6896567,2.5797982,0.0,2.6228323,7.6325407,8.879713,5.098178,0.011312911,10.613523,7.702645,1.3001008,10.416001
C000066,0.0,2.0673726,4.5070114,1.6471255,7.664976,0.0,0.0,8.646454,0.21245527,0.9447438,0.0,0.0,7.6695642,6.912633,1.2839046,4.25224,7.238503,6.380828,7.206837,1.3632963,6.7055063,5.25638,2.0489442,3.274164,0.0,7.112543,0.0,5.596521,0.0,1.5244625,2.0095258,0.0,4.540566,2.8990493,2.8788528,7.2033014,7.845622,2.0332084,1.9168499,7.4949074,0.27061754,4.642192,1.9970008,1.9635334,1.5207312,4.2931614,1.1055121,5.841495,0.0,8.126109,0.0,0.0,0.93612295,2.6366572,0.0,3.0040226,6.250397,7.0539913,3.771906,0.0,8.292735,6.350361,0.87391174,8.600812,0.0,1.7347269,3.5237107,1.6159632,5.9534492,0.0,0.0,7.441294,0.84474075,0.6095014,0.0,0.0,5.6544194,5.44489,1.3067838,3.2618756,5.704285,4.9934025,5.3170176,1.4380784,5.335769,3.904307,1.3196967,2.7357712,0.0,6.068843,0.0,3.9513035,0.0,1.9072574,1.8566433,0.0,3.686777,2.0570226,2.512926,5.7019897,5.8272715,2.0564413,0.9398729,6.244713,0.24952073,4.1152716,2.0065823,1.5981814,1.3051761,3.6356552,0.76157176,5.105653,0.24342792,6.571316,0.0,0.0,0.9163081,2.0847065,0.0,2.6159024,4.0724335,6.447674,3.601078,0.0,6.3113194,4.8509893,1.7577355,6.9119864
C000067,0.0,2.8526123,0.0,2.7081828,0.0,0.0,0.0,0.72149384,2.5411656,0.0,0.0,0.0,0.0,0.0,2.814122,0.0,0.034557108,0.0,0.0,2.4064302,1.5201764,0.0,0.45950666,2.1594903,0.0,2.279849,0.11609403,0.0,0.0,2.9705749,2.6889424,0.09363746,0.0,2.4321299,1.1939887,0.0,0.0,2.076534,0.3942159,0.7735151,0.0,0.47880143,3.1369736,2.1814976,2.2528026,0.0,0.0,0.036624577,0.47677565,0.9701667,0.0,0.0,1.7888521,0.838616,0.0,3.3388329,0.0,1.3102932,0.5910909,0.0,0.0,0.021083415,2.007973,0.037019923,0.0,4.028651,0.0,3.8602889,0.4979936,0.0,0.0,0.7113885,3.3154044,0.0,0.0,0.0,0.0,0.0,3.9539623,0.0,0.017278554,0.0,0.2248145,3.3243678,1.9002701,0.0,1.2697762,3.223514,0.0,3.468862,0.058047015,0.0,0.0,4.4187994,4.116597,0.64764273,0.0,4.097905,1.6073887,0.07281146,0.0,3.0317469,0.9844552,1.0041342,0.0,0.93513715,4.684233,3.1880846,3.2124739,0.0,0.0,0.14891459,1.3029116,0.7373085,0.0,0.0,2.497743,1.6006885,0.0,4.9451447,0.0,2.390086,0.857627,0.0,0.0,0.23001438,3.1387844,0.19456252
C000068,0.0,2.810372,0.0,2.811337,0.7779652,0.0,0.0,0.36274356,2.3851926,0.0,0.0,0.0,0.0,0.0,2.8205688,0.0,0.012180522,0.07345298,0.5909746,2.5612476,1.528845,0.0,1.4236277,2.6050456,0.0,2.670206,0.0,0.0,0.0,3.4159327,3.0590844,0.20774035,0.0,3.0663016,1.0122852,0.24945672,0.0,2.1463969,1.2302849,0.7784997,0.0,0.43303823,3.6495433,2.4849517,2.233915,0.0,0.0,0.0,0.78071475,0.67653805,0.0,0.0,1.8252494,1.4122636,0.0,4.1722317,0.0,1.7331954,0.28801885,0.0,0.0,0.5618473,1.8638599,0.15683837,0.0,1.5955224,3.1632056,0.9943396,4.6069965,0.0,0.0,7.512843,1.1044364,0.926051,0.0,0.0,4.738994,5.305026,1.1361753,3.173922,5.890855,3.5893967,4.0165067,1.0149814,5.0684714,3.60186,0.16008092,1.960645,0.0,5.3278093,0.0,3.4545448,0.0,1.7879107,0.9800943,0.020774035,4.048266,0.72119594,2.925998,4.8983917,4.607774,2.0806224,0.123028494,6.3327513,0.6404543,3.817119,1.3494996,0.5248549,0.7329992,3.3060558,1.0225168,5.341359,0.39553508,6.26426,0.0,0.0,0.67224264,1.4712821,0.0,1.3054157,3.0855966,6.3275137,4.403911,0.07224624,5.6583414,3.6988308,1.8488947,6.6798577
C000069,0.0,0.0,6.894884,0.0,11.697073,0.0,0.0,14.677531,0.0,2.2121742,0.0,0.0,12.423156,12.647299,0.0,8.273949,12.330143,10.440344,10.251085,0.0,9.147731,9.960648,0.71046054,1.8395612,0.0,8.741834,0.0,10.10618,0.0,0.0,0.0,0.0,8.877926,0.0,3.080574,10.852874,11.851304,0.65101063,0.11014032,11.234912,1.408714,7.289108,0.0,0.0,0.0,8.442579,2.4004307,10.111701,0.0,13.074258,0.0,0.0,0.0,1.7193156,0.0,0.0,9.808998,10.135712,6.5185547,0.17563,14.464943,8.849576,0.0,12.872736,0.0,1.1049871,4.543913,0.9055822,7.847274,0.0,0.0,9.577559,0.68254286,1.1806214,0.0,0.0,8.009528,7.8231483,0.8052022,4.9552655,7.982996,6.7795467,6.777238,0.86494493,6.673484,5.9390635,1.0998658,2.3713508,0.0,6.9357266,0.0,5.9678783,0.0,1.2911159,1.0902681,0.0,5.483675,1.2159185,2.5906987,7.1824164,7.979948,1.6061889,0.8219494,8.0339775,0.6431043,5.011888,1.2668986,1.0105972,0.9701335,5.1397505,1.479703,6.6953044,0.12299642,8.803522,0.0,0.0,0.48923492,1.9166158,0.0,1.7611896,5.9396653,7.622953,4.5204706,0.0539841,8.985203,5.99199,1.0366758,8.745924
C000070,0.0,4.748954,0.0,4.1849966,0.0,0.0,0.0,1.322895,4.077856,0.0,0.0,0.0,0.0,0.0,4.553611,0.0,0.13127246,0.0,0.0,3.8062406,2.4160001,0.0,0.60812235,3.4525928,0.0,3.7182646,0.1438452,0.0,0.0,4.801029,4.2620254,0.37172046,0.0,4.080956,2.2314837,0.0,0.0,3.32861,0.4756386,1.5236974,0.0,1.1368798,4.7953997,3.3099542,3.8292518,0.0,0.0,0.3423121,0.99895215,1.570714,0.0,0.0,2.8951707,1.3407818,0.0,5.1645555,0.0,2.4144711,1.2940309,0.0,0.0,0.0,3.4134014,0.28599963,0.0,4.748954,0.0,4.1849966,0.0,0.0,0.0,1.322895,4.077856,0.0,0.0,0.0,0.0,0.0,4.553611,0.0,0.13127246,0.0,0.0,3.8062406,2.4160001,0.0,0.60812235,3.4525928,0.0,3.7182646,0.1438452,0.0,0.0,4.801029,4.2620254,0.37172046,0.0,4.080956,2.2314837,0.0,0.0,3.32861,0.4756386,1.5236974,0.0,1.1368798,4.7953997,3.3099542,3.8292518,0.0,0.0,0.3423121,0.99895215,1.570714,0.0,0.0,2.8951707,1.3407818,0.0,5.1645555,0.0,2.4144711,1.2940309,0.0,0.0,0.0,3.4134014,0.28599963
C000071,0.0,5.1719646,0.0,4.483232,0.0,0.0,0.0,1.494397,4.431928,0.0,0.0,0.0,0.0,0.0,4.944562,0.0,0.21410017,0.0,0.0,4.1032906,2.6543455,0.0,0.56954753,3.7479706,0.0,4.117673,0.13112259,0.0,0.0,5.2333393,4.5499883,0.5148298,0.0,4.4879475,2.5963287,0.0,0.0,3.6012723,0.42493197,1.7452637,0.0,1.402808,5.076772,3.504819,4.183442,0.0,0.0,0.5173289,1.1610245,1.7578404,0.0,0.0,3.1594954,1.464017,0.0,5.5209675,0.0,2.754617,1.5455703,0.0,0.0,0.0,3.8106258,0.4368088,0.0,5.1719646,0.0,4.483232,0.0,0.0,0.0,1.494397,4.431928,0.0,0.0,0.0,0.0,0.0,4.944562,0.0,0.21410017,0.0,0.0,4.1032906,2.6543455,0.0,0.56954753,3.7479706,0.0,4.117673,0.13112259,0.0,0.0,5.2333393,4.5499883,0.5148298,0.0,4.4879475,2.5963287,0.0,0.0,3.6012723,0.42493197,1.7452637,0.0,1.402808,5.076772,3.504819,4.183442,0.0,0.0,0.5173289,1.1610245,1.7578404,0.0,0.0,3.1594954,1.464017,0.0,5.5209675,0.0,2.754617,1.5455703,0.0,0.0,0.0,3.8106258,0.4368088
C000072,0.0,5.1719646,0.0,4.483232,0.0,0.0,0.0,1.494397,4.431928,0.0,0.0,0.0,0.0,0.0,4.944562,0.0,0.21410017,0.0,0.0,4.1032906,2.6543455,0.0,0.56954753,3.7479706,0.0,4.117673,0.13112259,0.0,0.0,5.2333393,4.5499883,0.5148298,0.0,4.4879475,2.5963287,0.0,0.0,3.6012723,0.42493197,1.7452637,0.0,1.402808,5.076772,3.504819,4.183442,0.0,0.0,0.5173289,1.1610245,1.7578404,0.0,0.0,3.1594954,1.464017,0.0,5.5209675,0.0,2.754617,1.5455703,0.0,0.0,0.0,3.8106258,0.4368088,0.0,5.1719646,0.0,4.483232,0.0,0.0,0.0,1.494397,4.431928,0.0,0.0,0.0,0.0,0.0,4.944562,0.0,0.21410017,0.0,0.0,4.1032906,2.6543455,0.0,0.56954753,3.7479706,0.0,4.117673,0.13112259,0.0,0.0,5.2333393,4.5499883,0.5148298,0.0,4.4879475,2.5963287,0.0,0.0,3.6012723,0.42493197,1.7452637,0.0,1.402808,5.076772,3.504819,4.183442,0.0,0.0,0.5173289,1.1610245,1.7578404,0.0,0.0,3.1594954,1.464017,0.0,5.5209675,0.0,2.754617,1.5455703,0.0,0.0,0.0,3.8106258,0.4368088
C000073,0.0,2.0706146,0.0,2.0179348,0.10583777,0.0,0.0,0.55437624,1.8984386,0.0,0.0,0.0,0.0,0.0,2.0757003,0.0,0.114861906,0.0,0.0,1.7880921,1.1909726,0.0,0.3102864,1.6981465,0.0,1.8215978,0.061128378,0.0,0.0,2.2307515,1.9002397,0.077521026,0.0,1.8484991,1.0232254,0.0,0.0,1.563954,0.21021338,0.6547443,0.0,0.38083065,2.259402,1.6152703,1.5777748,0.0,0.0,0.13723661,0.32460788,0.8220355,0.0,0.0,1.3659368,0.6638468,0.0,2.3805463,0.0,1.029669,0.45609784,0.0,0.0,0.04027408,1.5276823,0.1841453,0.0,2.8509252,0.20055033,2.8717287,0.9655075,0.0,0.0,0.9375276,2.3060334,0.0,0.0,0.0,0.04856597,0.0,2.7961533,0.0,0.19203497,0.087461166,0.6034241,2.402723,1.7035342,0.0,1.0424013,2.5685194,0.0,2.7276506,0.020376125,0.0,0.0,3.3074064,2.940963,0.36333084,0.0,2.9357681,1.2718524,0.5362956,0.10244808,2.3675945,0.7914591,1.1188589,0.0,0.84861946,3.316707,2.223865,2.2162092,0.025150374,0.0,0.6136616,0.9855096,0.7837836,0.0,0.0,1.7204274,1.5094544,0.0,3.628812,0.0,2.2505438,0.7375,0.0,0.0,0.4907627,2.2351835,0.69585896
C000074,0.0,4.6711755,0.0,4.1321087,0.0,0.0,0.0,1.2967612,4.0125737,0.0,0.0,0.0,0.0,0.0,4.4840894,0.0,0.11891499,0.0,0.0,3.7499034,2.3751965,0.0,0.61289674,3.396669,0.0,3.6470957,0.14580995,0.0,0.0,4.7230945,4.208521,0.34497592,0.0,4.005937,2.1660519,0.0,0.0,3.2791052,0.48450363,1.4850314,0.0,1.0904719,4.745928,3.2735968,3.7641635,0.0,0.0,0.31250042,0.96931064,1.5395072,0.0,0.0,2.8459854,1.3164245,0.0,5.1011653,0.0,2.357296,1.249969,0.0,0.0,0.0,3.3426545,0.26232406,0.0,4.6711755,0.0,4.1321087,0.0,0.0,0.0,1.2967612,4.0125737,0.0,0.0,0.0,0.0,0.0,4.4840894,0.0,0.11891499,0.0,0.0,3.7499034,2.3751965,0.0,0.61289674,3.396669,0.0,3.6470957,0.14580995,0.0,0.0,4.7230945,4.208521,0.34497592,0.0,4.005937,2.1660519,0.0,0.0,3.2791052,0.48450363,1.4850314,0.0,1.0904719,4.745928,3.2735968,3.7641635,0.0,0.0,0.31250042,0.96931064,1.5395072,0.0,0.0,2.8459854,1.3164245,0.0,5.1011653,0.0,2.357296,1.249969,0.0,0.0,0.0,3.3426545,0.26232406
C000075,0.0,4.991828,0.0,4.3593183,0.0,0.0,0.0,1.4074498,4.2850237,0.0,0.0,0.0,0.0,0.0,4.780303,0.0,0.1712386,0.0,0.0,3.9779902,2.543917,0.0,0.5911205,3.6273685,0.0,3.9392896,0.13687241,0.0,0.0,5.053466,4.431791,0.45418775,0.0,4.321529,2.4390233,0.0,0.0,3.4897325,0.45326936,1.6420499,0.0,1.2839893,4.960003,3.4263883,4.0380507,0.0,0.0,0.43265262,1.0896341,1.6699125,0.0,0.0,3.053471,1.4175625,0.0,5.3716235,0.0,2.597031,1.4328427,0.0,0.0,0.0,3.6407344,0.35724187,0.0,4.991828,0.0,4.3593183,0.0,0.0,0.0,1.4074498,4.2850237,0.0,0.0,0.0,0.0,0.0,4.780303,0.0,0.1712386,0.0,0.0,3.9779902,2.543917,0.0,0.5911205,3.6273685,0.0,3.9392896,0.13687241,0.0,0.0,5.053466,4.431791,0.45418775,0.0,4.321529,2.4390233,0.0,0.0,3.4897325,0.45326936,1.6420499,0.0,1.2839893,4.960003,3.4263883,4.0380507,0.0,0.0,0.43265262,1.0896341,1.6699125,0.0,0.0,3.053471,1.4175625,0.0,5.3716235,0.0,2.597031,1.4328427,0.0,0.0,0.0,3.6407344,0.35724187
C000076,0.0,1.8017368,1.2154016,2.114271,2.1128795,0.0,0.0,2.3214521,1.3223664,0.0,0.0,0.0,2.0587301,2.068837,1.4826748,0.2500652,2.1546702,1.7355688,2.18474,1.577046,2.2195566,1.0242454,1.104149,2.507232,0.0,3.2093773,0.0,0.85881174,0.0,2.4605615,1.9139858,0.0,0.82117534,2.1362448,1.3964819,1.979702,1.9597086,1.5191758,0.9473028,2.327649,0.0,1.4230325,2.0988233,1.6658936,1.3135089,0.89620614,0.070587516,1.9791095,0.29658753,2.5564282,0.0,0.0,1.0715892,1.2016568,0.0,2.6348867,0.5894104,2.8805485,1.1112604,0.0,1.9284226,1.6064001,1.2187546,2.3895707,0.0,1.5039524,1.8240329,1.1065333,2.9179587,0.0,0.0,3.9493842,1.033944,0.25000218,0.0,0.0,2.7300205,2.8842816,1.092065,1.3752681,3.160999,2.0893013,2.6265504,1.0676078,3.0229685,1.7184304,0.49100924,1.8783736,0.0,3.5401056,0.0,1.8136646,0.0,1.7345146,1.1114087,0.01678712,1.9784626,1.0912648,1.6319572,2.8423324,2.8109806,1.5978196,0.28554723,3.5966794,0.1414726,2.1109612,1.4959124,0.8037614,0.73209804,1.8649784,0.43341714,2.970141,0.42351973,3.467454,0.0,0.0,0.6414041,1.296761,0.0,1.6449596,1.534802,3.905671,2.3452659,0.0,2.9381492,2.2733116,1.3544316,3.8485098
C000077,0.0,1.809023,0.0,1.8167171,0.13262598,0.0,0.0,0.46029383,1.7080075,0.0,0.0,0.0,0.0,0.0,1.8349696,0.0,0.07908501,0.0,0.0,1.6335769,1.058378,0.0,0.29786143,1.4674551,0.0,1.5669413,0.07169878,0.0,0.0,2.02403,1.7311779,0.06283643,0.0,1.5405215,0.80842257,0.0,0.0,1.40276,0.2131177,0.48201898,0.0,0.2849575,2.0693038,1.4710225,1.3819038,0.0,0.0,0.024669271,0.2703313,0.72003657,0.0,0.0,1.1909035,0.601844,0.0,2.2179892,0.0,0.8543579,0.3318633,0.0,0.0,0.046212442,1.352523,0.061147735,0.0,2.172,2.4222143,1.7330829,3.9520578,0.0,0.0,5.8176956,1.6537694,0.38328722,0.0,0.0,3.6064365,3.7457817,1.7800164,2.0695474,4.367393,2.9339707,3.4198456,1.6794611,4.305118,2.3746512,0.6784453,2.4699054,0.0,5.048344,0.005974898,2.2339613,0.0,2.465789,1.8909674,0.11668626,2.7262027,1.7582442,2.4082563,3.845744,3.764615,2.2766092,0.35914692,5.086005,0.19450109,3.159599,2.331975,1.3218243,1.459421,2.3750825,0.5094845,4.057841,0.57872844,5.0939775,0.0,0.0,1.2327396,1.6243806,0.0,2.4301307,2.096457,5.4541,3.2878227,0.0,4.090636,3.1714833,2.1743178,5.2660737
C000078,0.0,5.1719646,0.0,4.483232,0.0,0.0,0.0,1.494397,4.431928,0.0,0.0,0.0,0.0,0.0,4.944562,0.0,0.21410017,0.0,0.0,4.1032906,2.6543455,0.0,0.56954753,3.7479706,0.0,4.117673,0.13112259,0.0,0.0,5.2333393,4.5499883,0.5148298,0.0,4.4879475,2.5963287,0.0,0.0,3.6012723,0.42493197,1.7452637,0.0,1.402808,5.076772,3.504819,4.183442,0.0,0.0,0.5173289,1.1610245,1.7578404,0.0,0.0,3.1594954,1.464017,0.0,5.5209675,0.0,2.754617,1.5455703,0.0,0.0,0.0,3.8106258,0.4368088,0.0,5.1719646,0.0,4.483232,0.0,0.0,0.0,1.494397,4.431928,0.0,0.0,0.0,0.0,0.0,4.944562,0.0,0.21410017,0.0,0.0,4.1032906,2.6543455,0.0,0.56954753,3.7479706,0.0,4.117673,0.13112259,0.0,0.0,5.2333393,4.5499883,0.5148298,0.0,4.4879475,2.5963287,0.0,0.0,3.6012723,0.42493197,1.7452637,0.0,1.402808,5.076772,3.504819,4.183442,0.0,0.0,0.5173289,1.1610245,1.7578404,0.0,0.0,3.1594954,1.464017,0.0,5.5209675,0.0,2.754617,1.5455703,0.0,0.0,0.0,3.8106258,0.4368088
C000079,0.0,4.517453,0.0,4.030518,0.0,0.0,0.0,1.2357278,3.8872411,0.0,0.0,0.0,0.0,0.0,4.348421,0.0,0.087601274,0.0,0.0,3.6410933,2.288518,0.0,0.6286283,3.286436,0.0,3.5031018,0.15119177,0.0,0.0,4.5712194,4.10885,0.2926127,0.0,3.8636827,2.033347,0.0,0.0,3.18525,0.50784117,1.4016508,0.0,0.99505746,4.6559,3.2087321,3.6379929,0.0,0.0,0.24875264,0.90989894,1.471957,0.0,0.0,2.7493343,1.2697273,0.0,4.9852586,0.0,2.2367656,1.1581706,0.0,0.0,0.0,3.2038324,0.20541912,0.0,4.517453,0.0,4.030518,0.0,0.0,0.0,1.2357278,3.8872411,0.0,0.0,0.0,0.0,0.0,4.348421,0.0,0.087601274,0.0,0.0,3.6410933,2.288518,0.0,0.6286283,3.286436,0.0,3.5031018,0.15119177,0.0,0.0,4.5712194,4.10885,0.2926127,0.0,3.8636827,2.033347,0.0,0.0,3.18525,0.50784117,1.4016508,0.0,0.99505746,4.6559,3.2087321,3.6379929,0.0,0.0,0.24875264,0.90989894,1.471957,0.0,0.0,2.7493343,1.2697273,0.0,4.9852586,0.0,2.2367656,1.1581706,0.0,0.0,0.0,3.2038324,0.20541912
C000080,0.0,3.1918244,0.0,2.9423475,0.0,0.0,0.0,0.7680713,2.8314373,0.0,0.0,0.0,0.0,0.0,3.121308,0.0,0.0424566,0.0,0.0,2.6599731,1.6523194,0.0,0.46604913,2.3998647,0.0,2.5875416,0.11587443,0.0,0.0,3.301826,2.934701,0.22265148,0.0,2.8004637,1.4620019,0.0,0.0,2.2990127,0.3778311,0.9120801,0.0,0.66168755,3.3857908,2.3778987,2.5433736,0.0,0.0,0.13001578,0.5970408,1.0538417,0.0,0.0,1.9991329,0.9417508,0.0,3.6266968,0.0,1.511208,0.755641,0.0,0.0,0.0,2.3131096,0.088533856,0.0,3.7015963,0.24185364,3.405289,0.88908005,0.0,0.0,0.9849904,2.9156733,0.0,0.0,0.0,0.0,0.0,3.5430634,0.0,0.13368054,0.0,0.5531353,3.0106058,1.7742882,0.0,1.1450505,3.0554287,0.0,3.428175,0.038624812,0.0,0.0,4.0476236,3.7294388,0.820378,0.0,3.7726228,1.544597,0.26701042,0.0,2.7883263,0.8395569,1.3550687,0.0,1.1040833,4.1940303,2.838915,2.7770023,0.0,0.0,0.5655297,1.5869316,0.75330144,0.0,0.0,2.2660627,1.5449854,0.0,4.3018627,0.0,2.6553724,0.98300904,0.0,0.0,0.5481828,3.1862862,0.70692605
C000081,0.0,4.4682274,1.7287533,5.7837677,4.0734673,0.0,0.0,4.0168,3.7971697,0.0,0.0,0.0,2.2516868,1.2749991,4.9982038,0.20767146,2.4411287,3.6567135,4.2492504,4.7980404,4.3194065,0.0,3.3467956,5.208393,0.0,6.798298,0.0,0.22812796,0.0,5.967399,6.041949,0.18773389,0.0,6.8150377,2.5005364,3.868185,3.375924,4.1541486,3.3272085,3.7339888,0.0,3.0647297,6.321982,5.267252,4.4575458,1.1547046,0.0,2.6584706,1.1583897,4.3574157,0.0,0.0,3.5066936,3.361867,0.0,8.043804,0.40911126,5.731645,1.7466209,0.0,2.289981,3.7563348,3.9581027,3.5170124,0.0,2.4792933,3.1533754,2.2084806,5.1209307,0.0,0.0,7.3185244,1.6986841,0.75416857,0.0,0.0,4.779558,4.8785114,1.964105,2.7095995,5.6288576,4.1186285,4.6571903,1.8742846,5.348255,3.176658,0.87364876,3.1251285,0.0,6.2490807,0.0,3.1415486,0.0,2.8571682,2.150728,0.023466736,3.3561764,2.247091,3.042987,5.23337,4.986068,2.663963,0.6343661,6.283823,0.41110826,4.0816236,2.657334,1.6082073,1.6427542,3.0615146,0.68538177,5.166771,0.60448647,6.426085,0.0,0.0,1.3585682,2.0657904,0.0,2.9491985,3.0183065,6.7845445,3.9582198,0.016354714,5.393796,4.09716,2.373388,6.6964
C000082,0.0,2.7125545,0.3106934,3.041195,1.5600153,0.0,0.0,0.8266505,1.9876757,0.0,0.0,0.0,0.41435784,0.0,2.5431044,0.0,0.40509915,1.0571265,1.5233405,2.64567,1.8126789,0.0,1.8004825,2.9160528,0.0,3.0996568,0.0,0.0,0.0,3.145885,3.2528985,0.18811929,0.0,3.6513634,1.0845318,1.5625017,0.9592191,2.1920137,1.7556527,1.2339964,0.0,0.8201208,3.3563316,2.8729155,2.138759,0.09723294,0.0,0.51221055,0.857287,0.9118097,0.0,0.0,1.6143113,1.8418342,0.0,4.4633293,0.0,2.4399595,0.42896268,0.0,0.0,1.159378,1.8864197,1.166306,0.0,2.6122408,0.8227463,2.6085947,1.6231693,0.0,0.0,2.1129267,1.8888221,0.0,0.0,0.0,0.8856523,0.79079866,2.3971767,0.081493,1.3388786,1.0603682,1.4855067,2.3222787,2.3088574,0.21601085,0.9882002,2.707826,0.0,3.3702176,0.0,0.016745577,0.0,3.1282508,2.6232364,0.14191352,0.2685794,2.897646,1.6829256,1.8187722,1.0818964,2.4031398,0.969364,2.177644,0.0,1.5840058,2.9329665,2.1715667,1.892602,0.39289656,0.045476943,1.5778996,0.822933,1.858284,0.0,0.0,1.4739885,1.6427003,0.0,3.5287104,0.0,3.2071764,1.3123988,0.0,0.8123881,1.2219353,2.190471,2.0849688
C000083,0.0,5.2659802,0.0,4.5480413,0.0,0.0,0.0,1.5478469,4.5064483,0.0,0.0,0.0,0.0,0.0,5.0286765,0.0,0.24344437,0.0,0.0,4.170088,2.7167761,0.0,0.55687636,3.811788,0.0,4.215868,0.12780133,0.0,0.0,5.329979,4.6106067,0.54409236,0.0,4.5735846,2.679678,0.0,0.0,3.6608446,0.40588516,1.8074943,0.0,1.4677275,5.1383047,3.5457587,4.256547,0.0,0.0,0.5676535,1.1990026,1.8102305,0.0,0.0,3.2121224,1.4881855,0.0,5.5953703,0.0,2.8431854,1.6064732,0.0,0.0,0.0,3.900533,0.4882537,0.0,5.2659802,0.0,4.5480413,0.0,0.0,0.0,1.5478469,4.5064483,0.0,0.0,0.0,0.0,0.0,5.0286765,0.0,0.24344437,0.0,0.0,4.170088,2.7167761,0.0,0.55687636,3.811788,0.0,4.215868,0.12780133,0.0,0.0,5.329979,4.6106067,0.54409236,0.0,4.5735846,2.679678,0.0,0.0,3.6608446,0.40588516,1.8074943,0.0,1.4677275,5.1383047,3.5457587,4.256547,0.0,0.0,0.5676535,1.1990026,1.8102305,0.0,0.0,3.2121224,1.4881855,0.0,5.5953703,0.0,2.8431854,1.6064732,0.0,0.0,0.0,3.900533,0.4882537
C000084,0.0,6.440535,1.2371204,7.181997,2.1460915,0.0,0.0,3.106444,5.305875,0.0,0.0,0.0,0.0,0.0,6.6062317,0.0,1.4914575,1.258942,2.0577784,5.8874936,3.7332819,0.0,2.5210862,6.0778008,0.0,7.3289323,0.0,0.0,0.0,8.187611,7.3564296,1.2900283,0.0,8.240238,3.540009,2.198122,0.55356735,5.6839566,2.295523,3.0545955,0.0,3.4540002,7.9012427,6.0752926,5.6145406,0.0,0.0,2.3259566,2.9854407,2.8923066,0.0,0.0,4.493501,2.9268198,0.0,8.561575,0.0,6.7690363,2.2701428,0.0,0.0,1.8459799,6.54712,2.5486345,0.0,2.640725,3.5262303,2.2731578,5.489969,0.0,0.0,8.192232,1.9766877,0.9024977,0.0,0.0,5.17783,5.471838,2.1117961,3.3130126,6.255346,4.273957,4.7812033,2.0777235,5.9302654,3.7894669,0.59344065,3.1733725,0.0,6.880878,0.0,3.7298539,0.0,3.092423,2.3329382,0.31603527,4.0229363,2.300843,3.3518658,5.473416,5.24023,2.9277754,0.39855874,7.1200404,0.5621016,4.5281167,2.733186,1.7036762,1.8120909,3.48183,0.9291988,5.869124,0.9742821,7.1223936,0.0,0.0,1.4163029,1.9512017,0.0,2.879151,3.5286593,7.6939726,4.6264243,0.0,5.929655,4.333089,2.8910196,7.415953
C000085,0.0,4.594108,0.0,4.080994,0.0,0.0,0.0,1.2668654,3.9495687,0.0,0.0,0.0,0.0,0.0,4.416078,0.0,0.10367714,0.0,0.0,3.6952255,2.3321958,0.0,0.6202911,3.3414314,0.0,3.5752459,0.14837685,0.0,0.0,4.6469107,4.158209,0.3187505,0.0,3.9342623,2.0998545,0.0,0.0,3.2318428,0.49575514,1.4438144,0.0,1.0429646,4.7003064,3.2406063,3.7008202,0.0,0.0,0.28095362,0.93960404,1.5060972,0.0,0.0,2.7974977,1.2929994,0.0,5.0424576,0.0,2.2975178,1.2043599,0.0,0.0,0.0,3.2731085,0.23457666,0.0,4.594108,0.0,4.080994,0.0,0.0,0.0,1.2668654,3.9495687,0.0,0.0,0.0,0.0,0.0,4.416078,0.0,0.10367714,0.0,0.0,3.6952255,2.3321958,0.0,0.6202911,3.3414314,0.0,3.5752459,0.14837685,0.0,0.0,4.6469107,4.158209,0.3187505,0.0,3.9342623,2.0998545,0.0,0.0,3.2318428,0.49575514,1.4438144,0.0,1.0429646,4.7003064,3.2406063,3.7008202,0.0,0.0,0.28095362,0.93960404,1.5060972,0.0,0.0,2.7974977,1.2929994,0.0,5.0424576,0.0,2.2975178,1.2043599,0.0,0.0,0.0,3.2731085,0.23457666
C000086,0.0,2.877987,0.0,2.7236686,0.0,0.0,0.0,0.70952576,2.5630767,0.0,0.0,0.0,0.0,0.0,2.836364,0.0,0.029265147,0.0,0.0,2.4255478,1.5238116,0.0,0.4642031,2.170066,0.0,2.2995052,0.11643941,0.0,0.0,2.993938,2.7047045,0.10904414,0.0,2.470315,1.2124797,0.0,0.0,2.087518,0.40136698,0.77036536,0.0,0.48925984,3.1614301,2.202231,2.2751215,0.0,0.0,0.03519312,0.4829874,0.9672482,0.0,0.0,1.8006096,0.8487897,0.0,3.3643546,0.0,1.3113781,0.60089004,0.0,0.0,0.016854376,2.0339901,0.02410098,0.0,3.7336586,0.0,3.6390092,0.5144941,0.0,0.0,0.54103446,3.0561843,0.0,0.0,0.0,0.0,0.0,3.6799145,0.0,0.014632573,0.0,0.24610116,3.0896168,1.711576,0.0,1.2894363,2.9849582,0.0,3.1622515,0.058219705,0.0,0.0,4.060771,3.9099073,0.5589424,0.0,3.81564,1.3547008,0.038589165,0.0,2.815846,1.041011,0.8037242,0.0,0.72829187,4.4807334,3.0571918,2.9731307,0.0,0.0,0.024614798,1.179863,0.5552975,0.0,0.0,2.3161972,1.4920716,0.0,4.6974,0.0,2.1088698,0.6915505,0.0,0.0,0.26229376,2.8640418,0.050939586
C000087,0.0,1.3100042,1.140907,1.4086504,3.2301805,0.0,0.0,2.6100893,1.1643796,0.0,0.0,0.0,2.8775768,2.5958152,1.2877488,1.396879,2.170894,2.5116193,2.3991604,1.2583483,3.01791,1.3243845,1.3892301,2.1026707,0.0,3.462235,0.0,1.5313967,0.0,1.8592778,1.8638517,0.0,1.2354474,2.0719576,0.69426477,2.1669097,3.0734289,1.2031864,1.7010039,2.592907,0.0,1.6238582,1.8857019,1.9500706,1.5382407,1.5906346,0.32812375,1.9998338,0.0,3.3779516,0.0,0.0,1.0647626,1.1226263,0.0,2.5795267,1.7885401,2.876927,1.1583058,0.0,3.0711496,2.4534733,0.9172596,2.6823246,0.0,1.6351062,2.2834854,1.1979251,3.6193242,0.0,0.0,5.0279336,1.2217442,0.32975626,0.0,0.0,3.4045305,3.5799704,1.3244741,1.8514352,3.9469438,2.6631389,3.0634828,1.2420892,3.7045317,2.264934,0.6198884,2.0334158,0.0,4.318647,0.0,2.2638361,0.0,1.9076018,1.3469592,0.17073406,2.4814427,1.3454953,1.8997184,3.3821042,3.50407,1.828373,0.45731613,4.4780736,0.27315736,2.796892,1.6814301,1.0738971,1.0566871,2.2052588,0.5829884,3.7118268,0.5010611,4.457632,0.0,0.0,0.8861347,1.3220508,0.0,1.76593,2.0171454,4.825443,2.9334588,0.0144265955,3.8208451,2.7601392,1.7182477,4.7091036
C000088,0.0,1.3593174,0.14681207,1.9229068,1.4837577,0.0,0.0,0.34473145,1.3264419,0.0,0.0,0.0,0.45063496,0.10975541,1.6218946,0.0,0.4477269,0.6935445,1.1574234,1.6712209,1.1589484,0.0,1.5277066,1.9589155,0.0,2.365119,0.0,0.11448965,0.0,2.2691443,2.0310478,0.0,0.0,2.0627198,0.58519506,0.7665149,0.65182704,1.4310886,1.2133956,0.7578943,0.0,0.2662211,2.5745509,1.7236097,1.1389854,0.21963057,0.0,0.12339776,0.4236779,0.69566524,0.0,0.0,1.1457967,1.1702852,0.0,2.8088279,0.19112197,1.5053504,0.012294412,0.0,0.0,1.056309,1.0399396,0.5911372,0.0,2.3466434,0.57804453,2.115441,1.4863185,0.0,0.0,1.769832,1.907863,0.0,0.0,0.0,0.70413965,0.68494505,2.2461317,0.067883015,1.0582274,0.54884696,1.0976824,2.0285542,2.0665243,0.12246641,0.8053801,2.2451642,0.0,2.958785,0.0,0.01908161,0.0,2.8904488,2.1929486,0.27764812,0.3178186,2.1356456,1.3696827,1.1218717,0.85816735,1.9988307,0.6377019,1.8654814,0.0,1.2174182,2.6518328,1.6391107,1.5564286,0.44809684,0.07317834,1.2478738,0.8395541,1.6801802,0.0,0.0,1.3656945,1.3912992,0.0,2.8956156,0.03185366,2.678632,1.1938972,0.0,0.47884968,1.0342995,1.9978701,1.6312251
C000089,0.0,1.8459742,0.0,1.8262371,0.2100083,0.0,0.0,0.61450285,1.7206893,0.0,0.0,0.0,0.0,0.0,1.8152975,0.0,0.14883457,0.0,0.0,1.6451888,1.1413696,0.0,0.2952464,1.4792663,0.0,1.60611,0.066641696,0.0,0.0,2.039661,1.7535154,0.0,0.0,1.4510103,0.79692775,0.0,0.0,1.453643,0.15767798,0.57976705,0.0,0.27305618,2.0900962,1.4542303,1.3944383,0.0,0.0,0.085871726,0.3106592,0.8069336,0.0,0.0,1.2139504,0.62145114,0.0,2.2497149,0.0,0.9637035,0.37958387,0.0,0.0,0.09139312,1.3213137,0.17297775,0.0,2.4345875,0.4232633,2.1580045,1.2618022,0.0,0.0,1.8038374,2.0935323,0.0,0.0,0.0,0.62637764,0.661869,2.3347008,0.29090834,1.0110134,0.47681394,0.87884206,2.0310137,2.0235817,0.36402878,0.78817576,2.2030425,0.0,2.9240425,0.011106949,0.179227,0.0,2.8964927,2.3074157,0.33647403,0.50427216,2.2020428,1.4503666,0.92197394,0.81012845,2.0964682,0.6047118,1.7845439,0.0,1.1930922,2.8496788,1.7634388,1.7648987,0.42680112,0.09354363,1.0786895,0.8219003,1.7032517,0.0,0.0,1.5558337,1.2586539,0.0,2.9812715,0.082862765,2.6046867,1.2596498,0.0,0.64961237,0.87780684,2.110756,1.5202259
C000090,0.0,2.801328,0.0,2.678347,0.0009087473,0.0,0.0,0.750626,2.497886,0.0,0.0,0.0,0.0,0.0,2.768619,0.0,0.050686833,0.0,0.0,2.3666465,1.5157022,0.0,0.4507036,2.141223,0.0,2.243598,0.115430064,0.0,0.0,2.9272175,2.654478,0.061275423,0.0,2.3550367,1.1603616,0.0,0.0,2.0555222,0.37865224,0.7809399,0.0,0.45962754,3.0876803,2.1376362,2.205503,0.0,0.0,0.040126342,0.46529138,0.9798344,0.0,0.0,1.7668437,0.819759,0.0,3.287349,0.0,1.3118128,0.57102466,0.0,0.0,0.029686414,1.9552097,0.06557494,0.0,3.6786647,0.0,3.6244676,0.51438487,0.0,0.0,0.5148892,3.0131881,0.0,0.0,0.0,0.0,0.0,3.6352675,0.0,0.025343416,0.0,0.23984496,3.0926914,1.6948931,0.0,1.324282,2.9721692,0.0,3.1325636,0.057715032,0.0,0.0,4.0553937,3.9021208,0.51321924,0.0,3.750294,1.3117511,0.031220526,0.0,2.8073225,1.0595851,0.768245,0.0,0.6899572,4.499776,3.0612068,2.9282668,0.0,0.0,0.020063171,1.1380212,0.5439681,0.0,0.0,2.3082879,1.4754596,0.0,4.692275,0.0,2.0836766,0.65957296,0.0,0.0,0.27450395,2.8222554,0.03278747
C000091,0.0,3.451507,0.0,3.4084952,0.5167917,0.0,0.0,0.073902875,2.775673,0.0,0.0,0.0,0.0,0.0,3.4389834,0.0,0.0,0.0,0.4635769,2.876306,1.4353664,0.0,1.5620954,3.0836756,0.0,2.7623024,0.0,0.0,0.0,3.5120409,3.8382273,0.5408191,0.0,3.7770004,0.93901145,0.0,0.0,2.5895162,1.4382508,0.68183494,0.0,0.30049762,4.105352,3.1487603,2.8792033,0.0,0.0,0.0,1.086848,0.19053063,0.0,0.0,1.9565645,1.5265707,0.0,4.6344495,0.0,1.6945109,0.39266557,0.0,0.0,0.4473188,2.2437654,0.0,0.0,2.4203315,0.61276436,2.1352186,1.326193,0.0,0.0,1.541105,1.7992513,0.0,0.0,0.0,0.7058829,0.71105796,2.2767062,0.26988384,0.9493383,0.6100153,1.1123409,1.9415519,1.9049447,0.21497783,0.80641496,2.3380294,0.0,2.7877166,0.00027537532,0.24522658,0.0,2.6232696,2.2961357,0.2523943,0.3884779,2.3529356,1.2126942,1.0426176,0.9227313,2.0809453,0.57931787,1.7874397,0.0,1.0733181,2.626781,1.8449323,1.695514,0.55300426,0.057959154,1.1855872,0.87733585,1.3524741,0.0,0.0,1.2950789,1.4007194,0.0,2.958531,0.17663671,2.4710474,1.1412336,0.0,0.6760786,1.0106022,1.8665813,1.5860096
C000092,0.0,5.1719646,0.0,4.483232,0.0,0.0,0.0,1.494397,4.431928,0.0,0.0,0.0,0.0,0.0,4.944562,0.0,0.21410017,0.0,0.0,4.1032906,2.6543455,0.0,0.56954753,3.7479706,0.0,4.117673,0.13112259,0.0,0.0,5.2333393,4.5499883,0.5148298,0.0,4.4879475,2.5963287,0.0,0.0,3.6012723,0.42493197,1.7452637,0.0,1.402808,5.076772,3.504819,4.183442,0.0,0.0,0.5173289,1.1610245,1.7578404,0.0,0.0,3.1594954,1.464017,0.0,5.5209675,0.0,2.754617,1.5455703,0.0,0.0,0.0,3.8106258,0.4368088,0.0,5.1719646,0.0,4.483232,0.0,0.0,0.0,1.494397,4.431928,0.0,0.0,0.0,0.0,0.0,4.944562,0.0,0.21410017,0.0,0.0,4.1032906,2.6543455,0.0,0.56954753,3.7479706,0.0,4.117673,0.13112259,0.0,0.0,5.2333393,4.5499883,0.5148298,0.0,4.4879475,2.5963287,0.0,0.0,3.6012723,0.42493197,1.7452637,0.0,1.402808,5.076772,3.504819,4.183442,0.0,0.0,0.5173289,1.1610245,1.7578404,0.0,0.0,3.1594954,1.464017,0.0,5.5209675,0.0,2.754617,1.5455703,0.0,0.0,0.0,3.8106258,0.4368088
C000093,0.0,4.991828,0.0,4.3593183,0.0,0.0,0.0,1.4074498,4.2850237,0.0,0.0,0.0,0.0,0.0,4.780303,0.0,0.1712386,0.0,0.0,3.9779902,2.543917,0.0,0.5911205,3.6273685,0.0,3.9392896,0.13687241,0.0,0.0,5.053466,4.431791,0.45418775,0.0,4.321529,2.4390233,0.0,0.0,3.4897325,0.45326936,1.6420499,0.0,1.2839893,4.960003,3.4263883,4.0380507,0.0,0.0,0.43265262,1.0896341,1.6699125,0.0,0.0,3.053471,1.4175625,0.0,5.3716235,0.0,2.597031,1.4328427,0.0,0.0,0.0,3.6407344,0.35724187,0.0,4.991828,0.0,4.3593183,0.0,0.0,0.0,1.4074498,4.2850237,0.0,0.0,0.0,0.0,0.0,4.780303,0.0,0.1712386,0.0,0.0,3.9779902,2.543917,0.0,0.5911205,3.6273685,0.0,3.9392896,0.13687241,0.0,0.0,5.053466,4.431791,0.45418775,0.0,4.321529,2.4390233,0.0,0.0,3.4897325,0.45326936,1.6420499,0.0,1.2839893,4.960003,3.4263883,4.0380507,0.0,0.0,0.43265262,1.0896341,1.6699125,0.0,0.0,3.053471,1.4175625,0.0,5.3716235,0.0,2.597031,1.4328427,0.0,0.0,0.0,3.6407344,0.35724187
C000094,0.0,0.0,6.9123974,0.1223622,11.546343,0.0,0.0,13.636732,0.0,2.753344,0.0,0.0,12.018224,11.650836,0.0,7.7177634,11.575122,10.443296,10.969846,0.0,8.824272,9.021956,1.9048744,2.368049,0.0,8.695456,0.0,10.149087,0.0,0.0,0.16721255,0.0,8.766143,0.39025307,3.2716591,11.206615,11.892494,0.7695172,0.73953843,11.007848,1.316499,6.747344,0.32976067,0.09916389,0.0,8.01169,1.9965022,9.394057,0.0,11.9578,0.0,0.0,0.0,2.4190006,0.0,0.776883,10.262098,9.893233,6.284188,0.1055609,13.413204,9.520237,0.0,12.815963,0.0,1.2933843,6.3185277,1.0567603,10.691906,0.0,0.0,12.798771,0.7718479,1.8716245,0.0,0.0,10.936934,10.424188,0.84911,6.826987,10.437473,9.483458,9.555886,0.95274526,8.828793,8.003063,1.9109386,2.9350035,0.0,9.030655,0.0,8.46491,0.0,1.3176678,1.337755,0.019686809,7.6048665,1.5135475,3.3929312,9.81134,10.850198,1.7870324,1.1311826,10.412901,0.7579852,6.721962,1.4342307,1.1640935,1.0761266,6.990808,1.7932388,8.8427515,0.25542876,11.553286,0.0,0.0,0.6018942,2.6981204,0.0,2.132141,8.67641,9.8857355,5.8620667,0.07935032,12.21083,8.545159,1.339184,11.807807
C000095,0.0,2.8068147,0.0,2.6829057,0.00051549077,0.0,0.0,0.7494497,2.504525,0.0,0.0,0.0,0.0,0.0,2.7739594,0.0,0.04886144,0.0,0.0,2.372296,1.5185268,0.0,0.452569,2.143572,0.0,2.2479367,0.11614243,0.0,0.0,2.9330993,2.6604788,0.06188888,0.0,2.3603344,1.162326,0.0,0.0,2.058878,0.38110867,0.7806463,0.0,0.46062762,3.095667,2.1427102,2.211029,0.0,0.0,0.038938556,0.46625292,0.9806708,0.0,0.0,1.7699304,0.8223209,0.0,3.296724,0.0,1.3121257,0.57210255,0.0,0.0,0.03075768,1.9603803,0.06306857,0.0,3.855829,0.0,3.7497027,0.50131816,0.0,0.0,0.6063131,3.1713161,0.0,0.0,0.0,0.0,0.0,3.798614,0.0,0.02443072,0.0,0.22978185,3.2227836,1.7937614,0.0,1.31535,3.1070418,0.0,3.307892,0.058071215,0.0,0.0,4.252751,4.0242734,0.56908894,0.0,3.9271052,1.4601676,0.043780535,0.0,2.9265301,1.0324547,0.8695259,0.0,0.8059888,4.6199074,3.1382754,3.0717633,0.0,0.0,0.029772023,1.2171477,0.63882685,0.0,0.0,2.4160438,1.544389,0.0,4.8425307,0.0,2.2386804,0.7561367,0.0,0.0,0.25475612,2.985559,0.09032568
C000096,0.0,5.07775,0.0,4.419758,0.0,0.0,0.0,1.4447359,4.3565764,0.0,0.0,0.0,0.0,0.0,4.8604884,0.0,0.18976656,0.0,0.0,4.0375113,2.59401,0.0,0.58173215,3.685242,0.0,4.0227776,0.13439447,0.0,0.0,5.1387243,4.489235,0.4841375,0.0,4.403348,2.512756,0.0,0.0,3.5437078,0.44164065,1.6871576,0.0,1.3397741,5.0171843,3.46518,4.108858,0.0,0.0,0.47038698,1.1237433,1.7091242,0.0,0.0,3.1054587,1.4398807,0.0,5.443994,0.0,2.669736,1.4856623,0.0,0.0,0.0,3.7228658,0.38978177,0.0,5.07775,0.0,4.419758,0.0,0.0,0.0,1.4447359,4.3565764,0.0,0.0,0.0,0.0,0.0,4.8604884,0.0,0.18976656,0.0,0.0,4.0375113,2.59401,0.0,0.58173215,3.685242,0.0,4.0227776,0.13439447,0.0,0.0,5.1387243,4.489235,0.4841375,0.0,4.403348,2.512756,0.0,0.0,3.5437078,0.44164065,1.6871576,0.0,1.3397741,5.0171843,3.46518,4.108858,0.0,0.0,0.47038698,1.1237433,1.7091242,0.0,0.0,3.1054587,1.4398807,0.0,5.443994,0.0,2.669736,1.4856623,0.0,0.0,0.0,3.7228658,0.38978177
C000097,0.0,2.7696536,0.0,2.8464332,0.71820724,0.0,0.0,0.048143804,2.2288802,0.0,0.0,0.0,0.0,0.0,2.7591019,0.0,0.0,0.0,0.64922726,2.4546416,1.3186126,0.0,1.5331249,2.6195521,0.0,2.3877962,0.0,0.0,0.0,2.9342504,3.238659,0.28786284,0.0,3.1584084,0.6870724,0.18259639,0.0,2.1184168,1.3982236,0.54829335,0.0,0.16301963,3.4735515,2.6793942,2.317696,0.0,0.0,0.0,0.79794836,0.19234112,0.0,0.0,1.5839126,1.4352902,0.0,4.1071854,0.0,1.4253635,0.16022587,0.0,0.0,0.5815547,1.681466,0.035559714,0.0,1.9094481,2.8139622,1.5219951,4.3009095,0.0,0.0,6.524346,1.3862649,0.505334,0.0,0.0,4.348229,4.698592,1.3803177,2.6513019,5.1709976,3.381427,3.7421205,1.3623109,4.7509437,3.072547,0.41497013,2.2813783,0.0,5.25793,0.0,2.9069595,0.0,2.0963318,1.4366416,0.04797714,3.3191488,1.3379368,2.4899275,4.216617,4.1934066,2.0883105,0.26379672,5.6057243,0.30382442,3.5091965,1.8362817,0.9399504,1.1680453,2.843232,0.7172045,4.5799623,0.30506527,5.6846333,0.0,0.0,0.96796495,1.4659468,0.0,1.9098202,2.7224338,5.8349533,3.579829,0.0,5.057387,3.340243,1.9174237,5.795053
C000098,0.0,4.6711755,0.0,4.1321087,0.0,0.0,0.0,1.2967612,4.0125737,0.0,0.0,0.0,0.0,0.0,4.4840894,0.0,0.11891499,0.0,0.0,3.7499034,2.3751965,0.0,0.61289674,3.396669,0.0,3.6470957,0.14580995,0.0,0.0,4.7230945,4.208521,0.34497592,0.0,4.005937,2.1660519,0.0,0.0,3.2791052,0.48450363,1.4850314,0.0,1.0904719,4.745928,3.2735968,3.7641635,0.0,0.0,0.31250042,0.96931064,1.5395072,0.0,0.0,2.8459854,1.3164245,0.0,5.1011653,0.0,2.357296,1.249969,0.0,0.0,0.0,3.3426545,0.26232406,0.0,4.6711755,0.0,4.1321087,0.0,0.0,0.0,1.2967612,4.0125737,0.0,0.0,0.0,0.0,0.0,4.4840894,0.0,0.11891499,0.0,0.0,3.7499034,2.3751965,0.0,0.61289674,3.396669,0.0,3.6470957,0.14580995,0.0,0.0,4.7230945,4.208521,0.34497592,0.0,4.005937,2.1660519,0.0,0.0,3.2791052,0.48450363,1.4850314,0.0,1.0904719,4.745928,3.2735968,3.7641635,0.0,0.0,0.31250042,0.96931064,1.5395072,0.0,0.0,2.8459854,1.3164245,0.0,5.1011653,0.0,2.357296,1.249969,0.0,0.0,0.0,3.3426545,0.26232406
C000099,0.0,3.4728494,1.0413433,4.0388346,2.5997941,0.0,0.0,1.9731464,2.1636753,0.0,0.0,0.0,0.8518583,0.057759643,3.40902,0.0,1.2376179,1.8730469,2.8820515,3.2543025,2.7544444,0.0,2.376384,4.1546326,0.0,4.716447,0.0,0.0,0.0,4.0799956,4.0257936,0.27949286,0.0,4.929732,1.8636879,3.0192666,1.4949045,3.2233129,2.3776417,2.230004,0.0,1.8358713,4.6898103,3.7782078,2.8468897,0.37888926,0.0,1.602056,1.3627255,1.6131631,0.0,0.0,2.2048464,2.5246177,0.0,5.351006,0.1496557,4.0867653,1.2371999,0.0,0.3422172,2.2771606,2.9973938,2.6283467,0.0,1.4727525,4.852632,1.0903645,7.4121337,0.0,0.0,10.853007,0.9645756,1.346905,0.0,0.0,7.608627,7.994077,1.0974753,4.963008,8.582827,6.2149305,6.491336,1.0396329,7.109757,5.753705,0.46896192,2.423888,0.0,7.418878,0.0,5.7355423,0.0,1.6128347,1.1003796,0.018632857,5.9541926,1.0282768,3.5270922,7.4325175,7.3699436,2.1911554,0.20974858,8.916849,0.9076592,5.5134945,1.4352431,0.7282083,0.7767832,5.132391,1.5026374,7.622215,0.38021904,9.190154,0.0,0.0,0.69839615,1.8871634,0.0,1.4858404,5.3857203,8.737018,5.8011804,0.062958874,8.910156,5.895137,2.013788,9.69266
C000100,0.0,1.2440803,4.2693667,2.001942,8.733188,0.0,0.0,9.954319,1.0110935,0.5680261,0.0,0.0,8.620451,8.250973,1.3861569,5.164143,8.095951,7.787732,7.1110606,1.9121892,7.593836,6.503254,1.7091794,2.900115,0.0,7.902014,0.0,6.1899395,0.0,1.8941325,2.1285722,0.0,5.250831,2.4643624,2.4094558,7.121019,8.382616,1.4610953,1.6213288,7.8593206,0.0,5.386838,2.1830196,2.2222476,1.8352519,5.2340107,1.4279461,6.133913,0.0,9.7842,0.0,0.0,1.3487259,1.9004978,0.0,3.18012,6.4632726,7.6135783,3.4852269,0.0,9.596812,6.5773892,1.3840194,8.399509,0.0,1.3499731,4.6429987,1.1702435,8.111638,0.0,0.0,9.983749,0.78745973,1.2459501,0.0,0.0,8.26832,7.943759,0.91490483,5.1680803,8.183184,7.147768,7.061499,1.1370434,7.076995,6.1031637,1.2919228,2.5898993,0.0,7.3525543,0.0,6.1451197,0.0,1.4865417,1.3671055,0.0,5.638513,1.4777107,2.8013215,7.4194508,8.318796,1.6700113,0.85923517,8.243329,0.5303645,5.376472,1.5774091,1.2108347,1.2216338,5.1474185,1.4254583,6.7906075,0.21314743,9.140157,0.0,0.0,0.7252363,2.147176,0.0,2.2005002,6.265716,7.935213,4.6162996,0.04855162,9.272201,6.378705,1.3641944,9.045581
C000101,0.0,4.629719,0.03745182,3.9992883,0.5217984,0.0,0.0,1.0373329,3.8886914,0.0,0.0,0.0,0.0,0.0,4.350588,0.0,0.0,0.0,0.20277986,3.7880237,2.0395494,0.0,1.4390569,3.7325644,0.0,4.131434,0.0,0.0,0.0,5.0107007,4.5296955,1.0303264,0.0,4.5172324,1.8140926,0.030648977,0.0,3.2417672,1.0345547,1.6282874,0.0,1.2065804,5.114603,3.6118252,3.5735033,0.0,0.0,0.5006012,1.6161807,1.055306,0.0,0.0,2.8803186,1.7302592,0.0,5.3705573,0.0,2.9310882,1.3030822,0.0,0.0,0.4683058,3.6448092,0.636825,0.0,2.9443789,0.27931976,2.5410323,1.2145649,0.0,0.0,1.4217225,2.5263872,0.0,0.0,0.0,0.3018528,0.34550115,2.838196,0.1365689,0.6178735,0.3541336,0.78518856,2.513718,1.8738145,0.17502604,1.1808231,2.6899233,0.0,3.2460349,0.0,0.060248643,0.0,3.3775537,3.0100784,0.7370186,0.26107734,2.9107637,1.3425571,0.70363593,0.6474049,2.4060233,0.93638146,1.7306944,0.0,1.1756738,3.4687247,2.4444346,2.2356825,0.22066873,0.062137626,0.91315424,1.2261268,1.3500106,0.0,0.0,1.9483631,1.3909006,0.0,3.640897,0.0,2.7000039,1.2058249,0.0,0.30792835,0.94549006,2.5650818,1.3660223
C000102,0.0,3.7988985,0.0,3.7219057,0.9644476,0.0,0.0,0.5811641,3.1597545,0.0,0.0,0.0,0.0,0.0,3.774939,0.0,0.0,0.0,0.49809068,3.297738,1.7015947,0.0,1.837868,3.3388777,0.0,3.5482235,0.0,0.0,0.0,4.6046553,4.2479825,0.8580758,0.0,4.3091335,1.4168925,0.033175647,0.0,2.9769337,1.3853455,0.91143954,0.0,0.8930627,4.998082,3.4143558,3.048758,0.0,0.0,0.02187854,1.6261655,0.4696415,0.0,0.0,2.698811,1.6617966,0.0,5.0192733,0.0,2.6201236,0.7321068,0.0,0.0,0.6973183,3.246742,0.17209384,0.0,3.0660958,0.23678108,2.8409789,0.9406517,0.0,0.0,1.2997745,2.6156564,0.0,0.0,0.0,0.04841237,0.21005464,3.0026162,0.0,0.5193431,0.07548706,0.5339004,2.573761,1.9389538,0.0,0.9314826,2.6192224,0.0,3.1641717,0.0015726015,0.0,0.0,3.6176124,3.0466232,0.5950043,0.0054944176,3.0388708,1.4600053,0.4037934,0.14299388,2.48072,0.63811237,1.4806604,0.0,1.1136044,3.61494,2.381785,2.3343349,0.0,0.023103366,0.71079034,1.2576734,1.1868435,0.0,0.0,2.048575,1.3028007,0.0,3.7031066,0.0,2.6541057,1.0377953,0.0,0.03505781,0.63287216,2.6736398,1.0002528
C000103,0.0,1.2177256,0.50740737,1.1617994,1.0913852,0.0,0.0,1.6768107,1.181433,0.0,0.0,0.0,1.0171752,0.79390216,0.8634965,0.0,1.2184559,0.22269858,1.0390644,1.0803022,1.5124259,0.17387402,0.41863644,1.3370609,0.0,1.868983,0.0,0.6774439,0.0,1.2705765,1.0239232,0.0,0.74248475,0.86281645,0.99918896,1.2969416,0.6385028,1.3593658,0.0,1.7149359,0.0,0.46858582,1.523997,0.8985472,0.7166899,0.46236342,0.31320295,1.2894796,0.0,1.6346186,0.0,0.0,0.5917002,0.69656354,0.0,1.3800671,0.39862436,1.7811537,0.9459958,0.0,0.87457836,0.8495549,0.71093166,1.5693388,0.0,1.9008657,2.6337996,1.7405859,4.140609,0.0,0.0,5.31737,1.1089369,0.26818582,0.0,0.0,3.7976434,4.128969,1.2533727,1.8591527,4.263609,3.163474,3.8255718,1.2915088,3.9630082,2.277963,0.8936394,2.509383,0.0,4.8001575,0.0,2.5374982,0.0,2.3537695,1.6060177,0.020279896,2.641034,1.7130178,2.1161592,3.9368498,3.9845927,1.940276,0.40866998,4.8074985,0.0866069,2.919606,1.8953735,1.1287128,0.9207654,2.654845,0.43015227,3.982093,0.464362,4.6770105,0.0,0.0,0.8883765,1.5992851,0.0,2.2354827,2.2573876,5.3156233,2.9267519,0.0,4.1597643,3.1311882,1.6307421,5.1247063
C000104,0.0,5.07775,0.0,4.419758,0.0,0.0,0.0,1.4447359,4.3565764,0.0,0.0,0.0,0.0,0.0,4.8604884,0.0,0.18976656,0.0,0.0,4.0375113,2.59401,0.0,0.58173215,3.685242,0.0,4.0227776,0.13439447,0.0,0.0,5.1387243,4.489235,0.4841375,0.0,4.403348,2.512756,0.0,0.0,3.5437078,0.44164065,1.6871576,0.0,1.3397741,5.0171843,3.46518,4.108858,0.0,0.0,0.47038698,1.1237433,1.7091242,0.0,0.0,3.1054587,1.4398807,0.0,5.443994,0.0,2.669736,1.4856623,0.0,0.0,0.0,3.7228658,0.38978177,0.0,5.07775,0.0,4.419758,0.0,0.0,0.0,1.4447359,4.3565764,0.0,0.0,0.0,0.0,0.0,4.8604884,0.0,0.18976656,0.0,0.0,4.0375113,2.59401,0.0,0.58173215,3.685242,0.0,4.0227776,0.13439447,0.0,0.0,5.1387243,4.489235,0.4841375,0.0,4.403348,2.512756,0.0,0.0,3.5437078,0.44164065,1.6871576,0.0,1.3397741,5.0171843,3.46518,4.108858,0.0,0.0,0.47038698,1.1237433,1.7091242,0.0,0.0,3.1054587,1.4398807,0.0,5.443994,0.0,2.669736,1.4856623,0.0,0.0,0.0,3.7228658,0.38978177
C000105,0.0,2.3053198,0.54966384,2.533258,1.4370856,0.0,0.0,1.4105114,2.086276,0.0,0.0,0.0,0.87816656,0.87548745,2.3438523,0.0,1.2593942,0.8226818,1.2357208,2.1702833,2.028369,0.0,1.1480689,2.6084375,0.0,3.2501738,0.0,0.0,0.0,3.189709,2.495384,0.0,0.122508414,2.6639328,1.3846809,0.91174805,0.7591392,1.9270338,0.8912008,1.6767405,0.0,0.9812129,2.946019,2.0017662,1.7973852,0.10336928,0.0,0.97137415,0.66529286,1.7755036,0.0,0.0,1.6690317,1.2465197,0.0,3.260223,0.0,2.5837274,0.7853075,0.0,0.5743364,0.9977454,1.8521731,1.3318224,0.0,2.0751426,2.1575396,1.5701884,3.330699,0.0,0.0,5.122657,1.5957242,0.1158027,0.0,0.0,3.0818121,3.441351,1.6968755,1.5675955,3.9739132,2.3807726,2.842257,1.6043702,3.8902044,1.9826686,0.46001822,2.2874553,0.0,4.6081724,0.0,1.7400855,0.0,2.5618086,1.6244403,0.13206127,2.2790685,1.5492603,2.250085,3.1692224,3.0687897,2.14573,0.35393864,4.484626,0.15770009,2.8617713,2.1061006,1.1391506,1.1631155,2.0214667,0.5251371,3.7278426,0.6601652,4.5328217,0.0,0.0,1.1126528,1.3511225,0.0,2.0498126,1.4782233,5.091175,3.0209718,0.0,3.4842257,2.5131943,2.235833,4.643743
C000106,0.0,4.517453,0.0,4.030518,0.0,0.0,0.0,1.2357278,3.8872411,0.0,0.0,0.0,0.0,0.0,4.348421,0.0,0.087601274,0.0,0.0,3.6410933,2.288518,0.0,0.6286283,3.286436,0.0,3.5031018,0.15119177,0.0,0.0,4.5712194,4.10885,0.2926127,0.0,3.8636827,2.033347,0.0,0.0,3.18525,0.50784117,1.4016508,0.0,0.99505746,4.6559,3.2087321,3.6379929,0.0,0.0,0.24875264,0.90989894,1.471957,0.0,0.0,2.7493343,1.2697273,0.0,4.9852586,0.0,2.2367656,1.1581706,0.0,0.0,0.0,3.2038324,0.20541912,0.0,4.517453,0.0,4.030518,0.0,0.0,0.0,1.2357278,3.8872411,0.0,0.0,0.0,0.0,0.0,4.348421,0.0,0.087601274,0.0,0.0,3.6410933,2.288518,0.0,0.6286283,3.286436,0.0,3.5031018,0.15119177,0.0,0.0,4.5712194,4.10885,0.2926127,0.0,3.8636827,2.033347,0.0,0.0,3.18525,0.50784117,1.4016508,0.0,0.99505746,4.6559,3.2087321,3.6379929,0.0,0.0,0.24875264,0.90989894,1.471957,0.0,0.0,2.7493343,1.2697273,0.0,4.9852586,0.0,2.2367656,1.1581706,0.0,0.0,0.0,3.2038324,0.20541912
C000107,0.0,4.76048,0.0,4.632843,0.7722882,0.0,0.0,0.2178219,3.7255166,0.0,0.0,0.0,0.0,0.0,4.744571,0.0,0.0,0.0,0.2338642,4.137075,1.9837556,0.0,2.0518332,4.058035,0.0,4.124469,0.0,0.0,0.0,5.2576175,5.232287,0.8073673,0.0,5.16413,1.5381783,0.0,0.0,3.694759,1.785871,0.8656455,0.0,0.82998294,6.08095,4.2519355,3.9449072,0.0,0.0,0.0,1.6320578,0.40966347,0.0,0.0,2.996736,1.9574435,0.0,6.325933,0.0,2.6646328,0.7232751,0.0,0.0,0.47771937,3.5114126,0.0,0.0,3.4337459,0.0,3.326692,0.5060351,0.0,0.0,0.58010745,2.854102,0.0,0.0,0.0,0.0,0.0,3.4364824,0.0,0.1363053,0.0,0.1169321,2.9515705,1.7060424,0.0,1.1682371,2.8624353,0.0,3.0160139,0.0013041012,0.0,0.0,3.8371794,3.5788636,0.40368366,0.0,3.3731742,1.2729399,0.018250372,0.0,2.6824715,0.9918015,0.87710583,0.0,0.6533091,4.2323837,2.8707538,2.7634642,0.0,0.0018255468,0.12907727,0.9810528,0.73484933,0.0,0.0,2.1927485,1.3627964,0.0,4.422785,0.0,1.9791679,0.6460395,0.0,0.0,0.3199779,2.549548,0.19055717
C000108,0.0,5.07775,0.0,4.419758,0.0,0.0,0.0,1.4447359,4.3565764,0.0,0.0,0.0,0.0,0.0,4.8604884,0.0,0.18976656,0.0,0.0,4.0375113,2.59401,0.0,0.58173215,3.685242,0.0,4.0227776,0.13439447,0.0,0.0,5.1387243,4.489235,0.4841375,0.0,4.403348,2.512756,0.0,0.0,3.5437078,0.44164065,1.6871576,0.0,1.3397741,5.0171843,3.46518,4.108858,0.0,0.0,0.47038698,1.1237433,1.7091242,0.0,0.0,3.1054587,1.4398807,0.0,5.443994,0.0,2.669736,1.4856623,0.0,0.0,0.0,3.7228658,0.38978177,0.0,5.07775,0.0,4.419758,0.0,0.0,0.0,1.4447359,4.3565764,0.0,0.0,0.0,0.0,0.0,4.8604884,0.0,0.18976656,0.0,0.0,4.0375113,2.59401,0.0,0.58173215,3.685242,0.0,4.0227776,0.13439447,0.0,0.0,5.1387243,4.489235,0.4841375,0.0,4.403348,2.512756,0.0,0.0,3.5437078,0.44164065,1.6871576,0.0,1.3397741,5.0171843,3.46518,4.108858,0.0,0.0,0.47038698,1.1237433,1.7091242,0.0,0.0,3.1054587,1.4398807,0.0,5.443994,0.0,2.669736,1.4856623,0.0,0.0,0.0,3.7228658,0.38978177
C000109,0.0,2.259015,7.673642,2.2251356,11.914881,0.0,0.0,17.193142,1.6962221,1.3433518,0.0,0.0,12.611966,13.677125,1.3691865,7.5953593,14.361222,10.478899,9.765024,1.9106356,12.101461,8.962098,0.028897047,3.8501706,0.0,12.85516,0.0,8.5509815,0.0,2.981779,1.9552646,0.0,8.867816,2.0623918,5.5593643,11.529035,11.439713,3.4585593,0.0,14.3355055,1.0361513,9.497161,2.2413607,1.7886732,1.881639,7.957631,2.488481,12.478174,0.0,15.843753,0.0,0.0,1.2093544,1.9265821,0.0,2.079305,8.212933,14.513768,9.225887,0.0,15.109896,8.9791155,3.6218379,15.282148,0.0,1.675642,3.530602,1.1670754,5.3858094,0.0,0.0,8.207315,1.2487515,0.8127673,0.0,0.0,5.4414754,5.940806,1.1650692,3.2802672,6.554316,4.2462497,4.6308823,1.1622785,5.6068597,3.9075382,0.25926787,2.2551825,0.0,6.053415,0.0,3.8859944,0.0,2.0050626,1.1611037,0.054235823,4.364297,0.98845994,2.9610598,5.449318,5.291158,2.2039742,0.13544989,6.9818144,0.61095846,4.213862,1.6058496,0.78509706,0.9114906,3.7086723,1.1000732,5.8955564,0.40857768,7.0814567,0.0,0.0,0.7849928,1.453513,0.0,1.4805015,3.4354458,7.0911307,4.68185,0.029822037,6.4041967,4.159384,1.988088,7.371316
C000110,0.0,4.991828,0.0,4.3593183,0.0,0.0,0.0,1.4074498,4.2850237,0.0,0.0,0.0,0.0,0.0,4.780303,0.0,0.1712386,0.0,0.0,3.9779902,2.543917,0.0,0.5911205,3.6273685,0.0,3.9392896,0.13687241,0.0,0.0,5.053466,4.431791,0.45418775,0.0,4.321529,2.4390233,0.0,0.0,3.4897325,0.45326936,1.6420499,0.0,1.2839893,4.960003,3.4263883,4.0380507,0.0,0.0,0.43265262,1.0896341,1.6699125,0.0,0.0,3.053471,1.4175625,0.0,5.3716235,0.0,2.597031,1.4328427,0.0,0.0,0.0,3.6407344,0.35724187,0.0,4.991828,0.0,4.3593183,0.0,0.0,0.0,1.4074498,4.2850237,0.0,0.0,0.0,0.0,0.0,4.780303,0.0,0.1712386,0.0,0.0,3.9779902,2.543917,0.0,0.5911205,3.6273685,0.0,3.9392896,0.13687241,0.0,0.0,5.053466,4.431791,0.45418775,0.0,4.321529,2.4390233,0.0,0.0,3.4897325,0.45326936,1.6420499,0.0,1.2839893,4.960003,3.4263883,4.0380507,0.0,0.0,0.43265262,1.0896341,1.6699125,0.0,0.0,3.053471,1.4175625,0.0,5.3716235,0.0,2.597031,1.4328427,0.0,0.0,0.0,3.6407344,0.35724187
C000111,0.0,4.2364407,0.0,3.851695,0.0,0.0,0.0,1.1276256,3.6617959,0.0,0.0,0.0,0.0,0.0,4.1016097,0.0,0.022582274,0.0,0.0,3.4386058,2.146176,0.0,0.6643386,3.1011117,0.0,3.2407303,0.16193718,0.0,0.0,4.3028345,3.928115,0.18104115,0.0,3.59376,1.7935318,0.0,0.0,3.0167894,0.5670839,1.2544296,0.0,0.81761307,4.4987144,3.0805655,3.401005,0.0,0.0,0.13691115,0.7912637,1.3570081,0.0,0.0,2.5869007,1.1849428,0.0,4.785444,0.0,2.0186238,0.9924681,0.0,0.0,0.0,2.9460726,0.111315206,0.0,4.2364407,0.0,3.851695,0.0,0.0,0.0,1.1276256,3.6617959,0.0,0.0,0.0,0.0,0.0,4.1016097,0.0,0.022582274,0.0,0.0,3.4386058,2.146176,0.0,0.6643386,3.1011117,0.0,3.2407303,0.16193718,0.0,0.0,4.3028345,3.928115,0.18104115,0.0,3.59376,1.7935318,0.0,0.0,3.0167894,0.5670839,1.2544296,0.0,0.81761307,4.4987144,3.0805655,3.401005,0.0,0.0,0.13691115,0.7912637,1.3570081,0.0,0.0,2.5869007,1.1849428,0.0,4.785444,0.0,2.0186238,0.9924681,0.0,0.0,0.0,2.9460726,0.111315206
C000112,0.0,4.2902927,0.0,3.8823357,0.0,0.0,0.0,1.145171,3.7044387,0.0,0.0,0.0,0.0,0.0,4.1480355,0.0,0.034182936,0.0,0.0,3.4782727,2.1696503,0.0,0.6561631,3.1334074,0.0,3.288463,0.15946442,0.0,0.0,4.353773,3.9609628,0.20830801,0.0,3.6472192,1.8406935,0.0,0.0,3.0456429,0.554196,1.2810378,0.0,0.8527434,4.525694,3.1058564,3.448229,0.0,0.0,0.15776369,0.814541,1.3768015,0.0,0.0,2.615044,1.2019055,0.0,4.821518,0.0,2.0583134,1.0249199,0.0,0.0,0.0,2.9982934,0.12739614,0.0,4.2902927,0.0,3.8823357,0.0,0.0,0.0,1.145171,3.7044387,0.0,0.0,0.0,0.0,0.0,4.1480355,0.0,0.034182936,0.0,0.0,3.4782727,2.1696503,0.0,0.6561631,3.1334074,0.0,3.288463,0.15946442,0.0,0.0,4.353773,3.9609628,0.20830801,0.0,3.6472192,1.8406935,0.0,0.0,3.0456429,0.554196,1.2810378,0.0,0.8527434,4.525694,3.1058564,3.448229,0.0,0.0,0.15776369,0.814541,1.3768015,0.0,0.0,2.615044,1.2019055,0.0,4.821518,0.0,2.0583134,1.0249199,0.0,0.0,0.0,2.9982934,0.12739614
C000113,0.0,3.2363594,0.0,2.9466577,0.0,0.0,0.0,1.1013849,2.7504654,0.0,0.0,0.0,0.0,0.0,3.1391375,0.0,0.24967144,0.0,0.0,2.576717,1.8122392,0.0,0.39075255,2.5348036,0.0,2.6695752,0.034111112,0.0,0.0,3.3418956,2.883032,0.18580201,0.0,2.8374324,1.6394795,0.0,0.0,2.4164271,0.20697992,1.2351022,0.0,0.76377094,3.206054,2.28548,2.5272045,0.0,0.0,0.47935212,0.6365763,1.267362,0.0,0.0,2.085744,0.93126965,0.0,3.4345646,0.0,1.8028457,0.9319953,0.0,0.0,0.0,2.2859614,0.48840162,0.0,3.4965582,0.0017534941,3.4692607,0.60104716,0.0,0.0,0.66693914,2.7867327,0.0,0.0,0.0,0.0,0.0,3.4987183,0.0,0.12483572,0.0,0.4981653,2.9878998,1.7011588,0.0,1.2706784,2.876669,0.0,2.9975762,0.017055556,0.0,0.0,3.821404,3.7262273,0.52977914,0.0,3.8091683,1.3489623,0.35024056,0.0,2.7715194,1.0823942,0.92513216,0.0,0.7816585,4.019448,2.919045,2.7990463,0.0,0.0,0.25582904,1.1808679,0.633681,0.0,0.0,2.20481,1.5660927,0.0,4.3952312,0.0,2.2340007,0.70497507,0.0,0.0,0.40947008,2.7079515,0.3824443
C000114,0.0,3.0607884,0.6438071,2.7620301,2.5166843,0.0,0.0,1.1334212,2.6355128,0.0,0.0,0.0,1.5040846,1.0112374,3.0184293,0.05861914,0.9780583,1.4931678,1.8175354,2.5910125,2.6645014,0.0,2.024367,3.2303562,0.0,3.906597,0.0,0.0,0.0,3.4254785,3.6586013,0.24442288,0.0,3.9814086,1.1002603,1.1944126,2.1590915,2.1127422,2.3854887,2.048767,0.0,1.0699637,3.3667274,3.1679268,3.1355808,0.35635084,0.0,0.93399715,0.21529734,2.702806,0.0,0.0,1.8132048,1.9017854,0.0,4.91082,0.07860112,2.7825184,0.9740817,0.0,1.5094385,1.7117945,1.8207101,1.3993499,0.0,1.9364362,2.0926383,1.4145373,3.5532672,0.0,0.0,4.488325,1.4541769,0.27578783,0.0,0.0,3.1194549,3.2547517,1.5567988,1.5777905,3.5576892,2.553235,2.8966122,1.5191807,3.664734,1.9186583,0.7897407,2.2902603,0.0,4.3755608,0.0,1.8266386,0.0,2.309845,1.7199916,0.10922843,2.0828056,1.7929713,1.8630111,3.1402097,3.3989866,1.9564755,0.62389815,4.237629,0.1485396,2.6399784,1.9526372,1.3708701,1.3589154,1.9620755,0.50094813,3.397833,0.5731612,4.3053126,0.0,0.0,1.0084256,1.4338126,0.0,2.2529545,1.7077166,4.7884364,2.727687,0.0,3.4090352,2.6478431,1.890953,4.4149446
C000115,0.0,1.5570483,3.5534832,1.8861704,7.1395802,0.0,0.0,5.614699,1.0146314,0.0,0.0,0.0,6.844757,6.516857,1.1302549,3.220975,4.883067,5.862729,6.5135365,1.6566708,5.1675363,3.9668694,3.1538532,3.2114031,0.0,5.8670073,0.0,3.879279,0.0,1.6415697,2.7529058,0.0,2.7158456,3.3190188,0.7438096,5.1161,7.80507,1.447679,3.5961065,5.8064837,0.0,3.2355232,1.7445519,2.5871933,2.0293648,4.483531,0.74017876,4.5773005,0.0,6.7324686,0.0,0.0,0.79852533,2.6086943,0.0,4.465375,4.55117,5.117002,2.1060166,0.0,7.1241646,5.49969,0.31049,6.1993217,0.0,1.769837,4.5752044,1.5893139,6.895058,0.0,0.0,9.455667,1.0426658,0.62712026,0.0,0.0,6.9477367,7.4415803,0.9909237,3.9818153,7.91954,5.9562073,6.334312,1.1709313,6.255629,4.878771,0.95149183,3.0894802,0.0,7.2899623,0.0,4.877546,0.0,2.3252466,1.5523075,0.0,4.8366966,1.6478873,3.1920264,6.8416495,7.404089,2.3847458,0.671758,8.222035,0.37085053,5.3037877,1.8681211,1.1846626,1.0619736,4.595321,1.0030044,7.039363,0.26276088,8.616631,0.0,0.0,0.79627377,1.8772225,0.0,2.2340305,4.3517323,8.402454,5.0060062,0.007500995,8.140463,5.3457093,2.1103666,8.954258
C000116,0.0,1.2076733,0.5623384,1.6405888,1.9352136,0.0,0.0,0.8155138,1.1639261,0.0,0.0,0.0,0.91277695,0.21685451,1.5551655,0.0,0.435014,1.0020077,1.6572772,1.3729331,1.3500258,0.0,1.6238375,1.8174549,0.0,2.2974982,0.0,0.49601978,0.0,1.6977243,1.9396496,0.23136821,0.19619724,2.0647116,0.32178444,1.2079169,0.99762905,1.3049166,1.3542669,1.0094248,0.0,0.4945966,2.2367325,1.8166717,1.0964818,0.48833352,0.0,0.7179864,0.6827809,0.7289374,0.0,0.0,1.030715,1.3013033,0.0,2.3825338,0.6335244,1.8155053,0.4097435,0.0,0.34344074,1.5605459,1.0504353,1.140668,0.0,1.9957664,1.2125629,1.5511029,2.1093771,0.0,0.0,3.2561584,1.6208309,0.058883034,0.0,0.0,1.7146658,1.8713496,1.7551941,0.77985156,2.3254268,1.2712418,1.7089754,1.5503526,2.713436,1.0039673,0.45445338,1.996892,0.0,3.409842,0.0006107118,0.8577529,0.0,2.3589768,1.637036,0.11245141,1.3172877,1.5155652,1.7066704,1.9400679,1.8107021,1.918915,0.27827564,2.9827042,0.017032456,1.8593051,2.1089096,1.2079512,1.2323992,1.1211668,0.28537664,2.2867508,0.6913191,2.8505788,0.0,0.0,1.1392663,1.1962564,0.0,2.111716,0.70772994,3.525165,2.0434551,0.0,1.7956511,1.5798569,1.9211006,2.9668012
C000117,0.0,2.14996,0.32227436,2.1131232,1.2327712,0.0,0.0,1.3658495,2.008722,0.0,0.0,0.0,0.33853498,0.34083617,2.0532463,0.0,0.54415226,0.33887887,0.81973255,1.9456131,1.6245533,0.0,0.9962491,2.1644282,0.0,2.8107822,0.0,0.0,0.0,2.8135247,2.3593857,0.52230084,0.0,2.2664661,0.91644675,0.74454856,0.47427803,1.6187087,0.7005673,1.4163704,0.0,0.9030595,2.7836118,1.9536102,1.5702412,0.015783966,0.0,0.8333721,0.8933568,1.2745996,0.0,0.0,1.5829489,0.99551886,0.0,2.746437,0.0,2.2075515,0.8369573,0.0,0.021791205,1.0955956,2.0379105,1.1942335,0.0,1.7857448,2.009596,1.2738612,3.172809,0.0,0.0,5.036974,1.4188634,0.5162407,0.0,0.0,2.961628,3.2776253,1.4609138,1.8203495,3.791271,2.2215688,2.655907,1.3034972,3.6552284,2.1343868,0.30607674,1.8658351,0.0,4.138758,0.0,2.0128353,0.0,2.056143,1.3329809,0.11908477,2.4748392,1.1508805,2.1881459,3.216455,2.9681306,1.9164581,0.2308986,4.395445,0.35080373,2.6415968,1.752411,0.8942873,0.99548745,2.0353594,0.65184706,3.568165,0.5793684,4.242135,0.0,0.0,0.93285614,1.2895471,0.0,1.749226,1.7274208,4.6638293,3.0785296,0.05261327,3.3873076,2.48808,1.8642883,4.5601115
C000118,0.0,4.6711755,0.0,4.1321087,0.0,0.0,0.0,1.2967612,4.0125737,0.0,0.0,0.0,0.0,0.0,4.4840894,0.0,0.11891499,0.0,0.0,3.7499034,2.3751965,0.0,0.61289674,3.396669,0.0,3.6470957,0.14580995,0.0,0.0,4.7230945,4.208521,0.34497592,0.0,4.005937,2.1660519,0.0,0.0,3.2791052,0.48450363,1.4850314,0.0,1.0904719,4.745928,3.2735968,3.7641635,0.0,0.0,0.31250042,0.96931064,1.5395072,0.0,0.0,2.8459854,1.3164245,0.0,5.1011653,0.0,2.357296,1.249969,0.0,0.0,0.0,3.3426545,0.26232406,0.0,4.6711755,0.0,4.1321087,0.0,0.0,0.0,1.2967612,4.0125737,0.0,0.0,0.0,0.0,0.0,4.4840894,0.0,0.11891499,0.0,0.0,3.7499034,2.3751965,0.0,0.61289674,3.396669,0.0,3.6470957,0.14580995,0.0,0.0,4.7230945,4.208521,0.34497592,0.0,4.005937,2.1660519,0.0,0.0,3.2791052,0.48450363,1.4850314,0.0,1.0904719,4.745928,3.2735968,3.7641635,0.0,0.0,0.31250042,0.96931064,1.5395072,0.0,0.0,2.8459854,1.3164245,0.0,5.1011653,0.0,2.357296,1.249969,0.0,0.0,0.0,3.3426545,0.26232406
C000119,0.0,4.2902927,0.0,3.8823357,0.0,0.0,0.0,1.145171,3.7044387,0.0,0.0,0.0,0.0,0.0,4.1480355,0.0,0.034182936,0.0,0.0,3.4782727,2.1696503,0.0,0.6561631,3.1334074,0.0,3.288463,0.15946442,0.0,0.0,4.353773,3.9609628,0.20830801,0.0,3.6472192,1.8406935,0.0,0.0,3.0456429,0.554196,1.2810378,0.0,0.8527434,4.525694,3.1058564,3.448229,0.0,0.0,0.15776369,0.814541,1.3768015,0.0,0.0,2.615044,1.2019055,0.0,4.821518,0.0,2.0583134,1.0249199,0.0,0.0,0.0,2.9982934,0.12739614,0.0,4.2902927,0.0,3.8823357,0.0,0.0,0.0,1.145171,3.7044387,0.0,0.0,0.0,0.0,0.0,4.1480355,0.0,0.034182936,0.0,0.0,3.4782727,2.1696503,0.0,0.6561631,3.1334074,0.0,3.288463,0.15946442,0.0,0.0,4.353773,3.9609628,0.20830801,0.0,3.6472192,1.8406935,0.0,0.0,3.0456429,0.554196,1.2810378,0.0,0.8527434,4.525694,3.1058564,3.448229,0.0,0.0,0.15776369,0.814541,1.3768015,0.0,0.0,2.615044,1.2019055,0.0,4.821518,0.0,2.0583134,1.0249199,0.0,0.0,0.0,2.9982934,0.12739614
C000120,0.0,5.1719646,0.0,4.483232,0.0,0.0,0.0,1.494397,4.431928,0.0,0.0,0.0,0.0,0.0,4.944562,0.0,0.21410017,0.0,0.0,4.1032906,2.6543455,0.0,0.56954753,3.7479706,0.0,4.117673,0.13112259,0.0,0.0,5.2333393,4.5499883,0.5148298,0.0,4.4879475,2.5963287,0.0,0.0,3.6012723,0.42493197,1.7452637,0.0,1.402808,5.076772,3.504819,4.183442,0.0,0.0,0.5173289,1.1610245,1.7578404,0.0,0.0,3.1594954,1.464017,0.0,5.5209675,0.0,2.754617,1.5455703,0.0,0.0,0.0,3.8106258,0.4368088,0.0,5.1719646,0.0,4.483232,0.0,0.0,0.0,1.494397,4.431928,0.0,0.0,0.0,0.0,0.0,4.944562,0.0,0.21410017,0.0,0.0,4.1032906,2.6543455,0.0,0.56954753,3.7479706,0.0,4.117673,0.13112259,0.0,0.0,5.2333393,4.5499883,0.5148298,0.0,4.4879475,2.5963287,0.0,0.0,3.6012723,0.42493197,1.7452637,0.0,1.402808,5.076772,3.504819,4.183442,0.0,0.0,0.5173289,1.1610245,1.7578404,0.0,0.0,3.1594954,1.464017,0.0,5.5209675,0.0,2.754617,1.5455703,0.0,0.0,0.0,3.8106258,0.4368088
C000121,0.0,4.365396,0.0,3.930901,0.0,0.0,0.0,1.1732485,3.7636876,0.0,0.0,0.0,0.0,0.0,4.214825,0.0,0.050368816,0.0,0.0,3.5322993,2.2068186,0.0,0.64657336,3.1817873,0.0,3.3572855,0.1566275,0.0,0.0,4.42352,4.010731,0.23750108,0.0,3.7197547,1.902455,0.0,0.0,3.0913744,0.5385255,1.3199968,0.0,0.89876294,4.568469,3.141261,3.5117688,0.0,0.0,0.18718593,0.84615463,1.4058892,0.0,0.0,2.6582088,1.223271,0.0,4.8748875,0.0,2.1157603,1.0688256,0.0,0.0,0.0,3.0660133,0.15126653,0.0,4.365396,0.0,3.930901,0.0,0.0,0.0,1.1732485,3.7636876,0.0,0.0,0.0,0.0,0.0,4.214825,0.0,0.050368816,0.0,0.0,3.5322993,2.2068186,0.0,0.64657336,3.1817873,0.0,3.3572855,0.1566275,0.0,0.0,4.42352,4.010731,0.23750108,0.0,3.7197547,1.902455,0.0,0.0,3.0913744,0.5385255,1.3199968,0.0,0.89876294,4.568469,3.141261,3.5117688,0.0,0.0,0.18718593,0.84615463,1.4058892,0.0,0.0,2.6582088,1.223271,0.0,4.8748875,0.0,2.1157603,1.0688256,0.0,0.0,0.0,3.0660133,0.15126653
C000122,0.0,3.6354408,0.0470483,3.5303783,0.7934416,0.0,0.0,0.5495944,2.9998195,0.0,0.0,0.0,0.0,0.0,3.5040076,0.0,0.0,0.0,0.29322022,3.0902498,1.3523867,0.0,1.5358622,3.0563235,0.0,3.3581536,0.0,0.0,0.0,4.0778303,4.125016,1.1647742,0.0,4.252466,1.2620782,0.0,0.0,2.8171415,0.8990435,0.97091377,0.0,0.8786555,4.343255,3.1959643,2.8677487,0.0,0.0,0.2139118,1.7652828,0.08618909,0.0,0.0,2.418524,1.5419137,0.0,4.3829303,0.0,2.5132713,0.7067261,0.0,0.0,0.615592,3.222807,0.30237085,0.0,3.2169127,0.13446718,2.959441,0.87897635,0.0,0.0,0.8628574,2.601017,0.0,0.0,0.0,0.08810291,0.14922261,3.1288579,0.0,0.28175288,0.05625996,0.48551968,2.698368,1.6382356,0.0,1.0997974,2.7072003,0.0,3.0231462,0.0,0.0,0.0,3.5479228,3.3292136,0.83870745,0.032158356,3.385795,1.269585,0.30825555,0.06654887,2.5323849,0.8985231,1.2825081,0.0,0.97524595,3.6744301,2.6165893,2.4873137,0.003519183,0.032103755,0.5835327,1.4384757,0.642499,0.0,0.0,2.0223455,1.4497855,0.0,3.8913093,0.0,2.4320416,0.9179122,0.0,0.07360287,0.6346585,2.7790463,0.76613784
C000123,0.0,4.365396,0.0,3.930901,0.0,0.0,0.0,1.1732485,3.7636876,0.0,0.0,0.0,0.0,0.0,4.214825,0.0,0.050368816,0.0,0.0,3.5322993,2.2068186,0.0,0.64657336,3.1817873,0.0,3.3572855,0.1566275,0.0,0.0,4.42352,4.010731,0.23750108,0.0,3.7197547,1.902455,0.0,0.0,3.0913744,0.5385255,1.3199968,0.0,0.89876294,4.568469,3.141261,3.5117688,0.0,0.0,0.18718593,0.84615463,1.4058892,0.0,0.0,2.6582088,1.223271,0.0,4.8748875,0.0,2.1157603,1.0688256,0.0,0.0,0.0,3.0660133,0.15126653,0.0,4.365396,0.0,3.930901,0.0,0.0,0.0,1.1732485,3.7636876,0.0,0.0,0.0,0.0,0.0,4.214825,0.0,0.050368816,0.0,0.0,3.5322993,2.2068186,0.0,0.64657336,3.1817873,0.0,3.3572855,0.1566275,0.0,0.0,4.42352,4.010731,0.23750108,0.0,3.7197547,1.902455,0.0,0.0,3.0913744,0.5385255,1.3199968,0.0,0.89876294,4.568469,3.141261,3.5117688,0.0,0.0,0.18718593,0.84615463,1.4058892,0.0,0.0,2.6582088,1.223271,0.0,4.8748875,0.0,2.1157603,1.0688256,0.0,0.0,0.0,3.0660133,0.15126653
C000124,0.0,1.0159236,0.82369655,0.81609845,1.6574434,0.0,0.0,2.145199,0.9997177,0.3192628,0.0,0.0,1.5556406,1.1822727,0.41358355,0.30393285,1.7408127,0.6122776,1.7404702,0.8979437,1.6217186,0.59150934,0.64895135,1.2770058,0.0,2.03473,0.0,1.4469703,0.0,0.8149683,0.8523475,0.0,1.3025122,0.5776846,0.9196486,1.9999307,1.1564403,1.2362846,0.0,2.1757042,0.0,0.37453657,1.2984567,0.73221457,0.43861902,0.9593254,0.52558684,1.7045339,0.0,1.9404849,0.0,0.0,0.2560764,0.7549402,0.0,1.1709868,0.89284146,2.0613263,1.3021817,0.0,1.5146291,1.3287828,0.40013477,2.131053,0.0,1.696078,3.0776722,1.3569955,4.838742,0.0,0.0,6.42817,1.0742619,0.5607567,0.0,0.0,4.673688,4.9054713,1.1627505,2.6542296,5.2302623,3.848969,4.33516,1.1760608,4.6353025,3.0678296,0.7195232,2.3733492,0.0,5.251082,0.0,3.3169603,0.0,1.9579415,1.4016199,0.049075563,3.371784,1.3803487,2.309324,4.649102,4.7840896,1.9452817,0.4120955,5.637269,0.3228991,3.4567332,1.684518,1.0181329,0.93899226,3.208483,0.7345995,4.76358,0.35508958,5.7361684,0.0,0.0,0.77848506,1.5992192,0.0,1.9167427,3.041302,5.9204316,3.5972185,0.004524946,5.299471,3.7662408,1.6816492,6.0800467
C000125,0.0,1.8716332,1.7798089,1.8576773,3.663652,0.0,0.0,3.7499995,1.539522,0.108968966,0.0,0.0,2.9037964,2.498042,0.9922889,0.8420271,3.0972865,2.0640397,3.616369,1.6147937,3.243812,1.2835902,1.495784,2.8303308,0.0,3.9640193,0.0,2.0466084,0.0,2.374599,2.0077348,0.0,2.0467794,2.2346785,1.5848163,3.5104928,3.199388,2.1015465,0.7956538,3.7848024,0.0,1.6080768,2.6209118,1.6852891,1.4018929,1.9293631,0.20428799,3.0992413,0.63424623,3.4384568,0.0,0.0,0.9536788,1.7252345,0.0,2.8265176,1.7934434,4.2251077,2.049648,0.0,2.7000332,2.8894966,1.2509547,4.1504154,0.0,2.217725,2.5957315,1.8831539,4.1168313,0.0,0.0,5.485687,1.5556552,0.18511868,0.0,0.0,3.7941086,4.140002,1.6605538,1.8828835,4.532792,3.1598108,3.7249227,1.6627442,4.230799,2.222747,0.73918015,2.7067077,0.0,5.080544,0.0,2.3744369,0.0,2.658974,1.8156784,0.037414204,2.576881,1.9498993,2.290719,3.8358128,3.9509459,2.2004924,0.3109232,4.971014,0.11540311,3.0670772,2.2427704,1.3512183,1.2443439,2.6198587,0.5157331,4.1778717,0.50736177,5.1223173,0.0,0.0,1.0179175,1.6430354,0.0,2.4792929,2.0367494,5.5578885,3.0570915,0.0,4.279707,3.1003585,2.0080497,5.198107
C000126,0.0,2.3229609,0.4238811,2.4313178,1.6982687,0.0,0.0,0.5333687,1.9842227,0.0,0.0,0.0,0.46988875,0.0,2.5097067,0.0,0.19693968,0.6950582,1.3054516,1.9583781,1.6754023,0.0,1.6987133,2.527909,0.0,2.910616,0.0,0.0,0.0,2.7724376,2.9145746,0.49797878,0.0,3.2067575,0.748925,0.6416139,0.8338644,1.9699649,1.670179,1.1240034,0.0,0.59882057,3.0450726,2.551076,2.2158556,0.0,0.0,0.47262663,0.7006372,1.1602556,0.0,0.0,1.6023948,1.4612726,0.0,3.6965432,0.0,2.0943937,0.57741696,0.0,0.028629899,1.1185935,1.7351761,0.83565336,0.0,2.12732,1.5153927,1.6899605,2.5751674,0.0,0.0,3.6227121,1.680718,0.05453679,0.0,0.0,2.0476234,2.217558,1.8234307,0.94743615,2.5976574,1.5902313,2.0459878,1.6333438,3.0321815,1.1272587,0.6216453,2.2800066,0.0,3.836461,0.00063794415,1.0475113,0.0,2.5340772,1.8494949,0.18039781,1.5112787,1.7782845,1.7846466,2.2842467,2.2326546,2.0796316,0.42939815,3.3873985,0.030755484,2.15296,2.2584095,1.4419795,1.4097252,1.325232,0.29893288,2.6852572,0.8093772,3.243222,0.0,0.0,1.2138577,1.3003807,0.0,2.3144457,0.9330433,4.0444484,2.3133485,0.0,2.180246,1.9080786,2.1152678,3.4023645
C000127,0.0,2.8477018,0.0,2.826096,0.55462044,0.0,0.0,0.0,2.3395264,0.0,0.0,0.0,0.0,0.0,2.8344855,0.0,0.0,0.0,0.47882226,2.482524,1.2114133,0.0,1.4627285,2.6202188,0.0,2.376855,0.0,0.0,0.0,3.0525947,3.2301605,0.34686846,0.0,3.1430135,0.75547785,0.0022424161,0.0,2.1561325,1.3083116,0.5299488,0.0,0.17530231,3.5558882,2.6523356,2.3515396,0.0,0.0,0.0,0.8071006,0.16875497,0.0,0.0,1.6504765,1.3867064,0.0,4.053033,0.0,1.3920366,0.21030864,0.0,0.0,0.44004405,1.7985872,0.0,0.0,2.2410538,0.14162512,2.1698177,0.71442634,0.0,0.0,0.68059534,1.8946394,0.0,0.0,0.0,0.19682707,0.13009426,2.1982398,0.0,0.32127953,0.0962613,0.5361631,1.9334377,1.3810802,0.0,0.9003911,2.1207845,0.0,2.1996717,0.0,0.0,0.0,2.638638,2.273487,0.23643382,0.0,2.2296135,0.9526574,0.3819729,0.16753006,1.8609228,0.7038891,0.9882292,0.0,0.5454507,2.6667445,1.8064197,1.6979736,0.0487507,0.009640685,0.45886242,0.6497688,0.73022157,0.0,0.0,1.3196613,1.20687,0.0,2.9945095,0.0,1.6575903,0.51778716,0.0,0.0,0.4507749,1.6171694,0.6088659
C000128,0.0,2.928519,0.0,2.7519016,0.0,0.0,0.0,0.73161024,2.5687957,0.0,0.0,0.0,0.0,0.0,2.8770044,0.0,0.040028,0.0,0.0,2.4283195,1.5245137,0.0,0.45160457,2.2204711,0.0,2.3268151,0.10508723,0.0,0.0,3.0224876,2.7133117,0.1382983,0.0,2.5417676,1.2669787,0.0,0.0,2.1302683,0.3782064,0.8102802,0.0,0.5296867,3.1522918,2.2084594,2.301319,0.0,0.0,0.08267096,0.5071539,0.9707621,0.0,0.0,1.8462458,0.84488773,0.0,3.351504,0.0,1.3701966,0.64107335,0.0,0.0,0.0,2.0623708,0.06494499,0.0,2.940522,0.120393984,2.7094033,0.55774987,0.0,0.0,0.9386657,2.4451265,0.0,0.0,0.0,0.099114634,0.17993109,2.8999615,0.0,0.38207433,0.0,0.31879827,2.4430084,1.6832051,0.0,0.71912426,2.3642266,0.0,2.722154,0.035029076,0.0,0.0,3.2079105,2.8515851,0.41795912,0.022589749,2.7897065,1.339131,0.2689772,0.03387639,2.2772932,0.646021,1.1406833,0.0,0.8270481,3.283786,2.2477634,2.2645836,0.0,0.041068543,0.44029248,0.91330737,0.9625662,0.0,0.0,1.79801,1.1826646,0.0,3.501981,0.0,2.0241773,0.86342305,0.0,0.07850196,0.32651043,2.3441074,0.60156375
C000129,0.0,2.7782383,0.0,2.6512175,0.0,0.0,0.0,0.7505658,2.4420595,0.0,0.0,0.0,0.0,0.0,2.741271,0.0,0.06767987,0.0,0.0,2.3208857,1.4837708,0.0,0.43056947,2.1361616,0.0,2.2239823,0.10344096,0.0,0.0,2.8829432,2.6030965,0.08143199,0.0,2.3599882,1.1698103,0.0,0.0,2.0415235,0.35379273,0.7887228,0.0,0.4699611,3.0228107,2.110104,2.1724207,0.0,0.0,0.064747006,0.46548712,0.96002746,0.0,0.0,1.7555823,0.7962223,0.0,3.1955144,0.0,1.3213326,0.5797775,0.0,0.0,0.0044273734,1.9312837,0.0825899,0.0,3.3705397,0.0,3.3602307,0.530151,0.0,0.0,0.4421725,2.7235248,0.0,0.0,0.0,0.0,0.0,3.337953,0.0,0.033839934,0.0,0.29108083,2.8525662,1.541468,0.0,1.2554098,2.7307649,0.0,2.8700824,0.05172048,0.0,0.0,3.7098982,3.6253893,0.46232188,0.0,3.4618478,1.164508,0.08292331,0.0,2.5746822,1.0259812,0.67761683,0.0,0.58934534,4.133981,2.8322623,2.6600976,0.0,0.0,0.032373503,1.0404034,0.48001373,0.0,0.0,2.1023293,1.3835113,0.0,4.3265867,0.0,1.9013026,0.54619133,0.0,0.0,0.27950138,2.5580335,0.04129495
C000130,0.0,5.07775,0.0,4.419758,0.0,0.0,0.0,1.4447359,4.3565764,0.0,0.0,0.0,0.0,0.0,4.8604884,0.0,0.18976656,0.0,0.0,4.0375113,2.59401,0.0,0.58173215,3.685242,0.0,4.0227776,0.13439447,0.0,0.0,5.1387243,4.489235,0.4841375,0.0,4.403348,2.512756,0.0,0.0,3.5437078,0.44164065,1.6871576,0.0,1.3397741,5.0171843,3.46518,4.108858,0.0,0.0,0.47038698,1.1237433,1.7091242,0.0,0.0,3.1054587,1.4398807,0.0,5.443994,0.0,2.669736,1.4856623,0.0,0.0,0.0,3.7228658,0.38978177,0.0,5.07775,0.0,4.419758,0.0,0.0,0.0,1.4447359,4.3565764,0.0,0.0,0.0,0.0,0.0,4.8604884,0.0,0.18976656,0.0,0.0,4.0375113,2.59401,0.0,0.58173215,3.685242,0.0,4.0227776,0.13439447,0.0,0.0,5.1387243,4.489235,0.4841375,0.0,4.403348,2.512756,0.0,0.0,3.5437078,0.44164065,1.6871576,0.0,1.3397741,5.0171843,3.46518,4.108858,0.0,0.0,0.47038698,1.1237433,1.7091242,0.0,0.0,3.1054587,1.4398807,0.0,5.443994,0.0,2.669736,1.4856623,0.0,0.0,0.0,3.7228658,0.38978177
C000131,0.0,4.770676,0.0,4.55093,0.64886737,0.0,0.0,0.17892185,3.6746778,0.0,0.0,0.0,0.0,0.0,4.7076135,0.0,0.0,0.0,0.2900022,3.9809492,1.9397268,0.0,1.8914592,3.9767175,0.0,3.9303234,0.0,0.0,0.0,4.9563084,5.137995,0.9863283,0.0,5.243262,1.4444982,0.0,0.0,3.6511278,1.7054124,0.91101503,0.0,0.7655612,5.8196974,4.2480917,3.931014,0.0,0.0,0.0,1.8077929,0.25226653,0.0,0.0,2.8743622,1.9488232,0.0,6.157448,0.0,2.6256623,0.7494027,0.0,0.0,0.42512304,3.4971924,0.013287723,0.0,3.5906005,0.0,3.3710713,0.40366185,0.0,0.0,0.55378777,2.9463582,0.0,0.0,0.0,0.0,0.0,3.5441813,0.0,0.13249257,0.0,0.1450011,2.9973,1.7239666,0.0,1.0790778,2.9158666,0.0,3.0422096,0.005975224,0.0,0.0,3.8337228,3.6311712,0.5429389,0.0,3.5777411,1.354372,8.969754e-05,0.0,2.732626,0.95122814,0.9506211,0.0,0.7185402,4.188364,2.951266,2.880373,0.0,0.0033295602,0.14554878,1.1185937,0.67330915,0.0,0.0,2.214176,1.3969641,0.0,4.449519,0.0,2.0314767,0.73221076,0.0,0.0,0.2452668,2.695001,0.21428394
C000132,0.0,4.6711755,0.0,4.1321087,0.0,0.0,0.0,1.2967612,4.0125737,0.0,0.0,0.0,0.0,0.0,4.4840894,0.0,0.11891499,0.0,0.0,3.7499034,2.3751965,0.0,0.61289674,3.396669,0.0,3.6470957,0.14580995,0.0,0.0,4.7230945,4.208521,0.34497592,0.0,4.005937,2.1660519,0.0,0.0,3.2791052,0.48450363,1.4850314,0.0,1.0904719,4.745928,3.2735968,3.7641635,0.0,0.0,0.31250042,0.96931064,1.5395072,0.0,0.0,2.8459854,1.3164245,0.0,5.1011653,0.0,2.357296,1.249969,0.0,0.0,0.0,3.3426545,0.26232406,0.0,4.6711755,0.0,4.1321087,0.0,0.0,0.0,1.2967612,4.0125737,0.0,0.0,0.0,0.0,0.0,4.4840894,0.0,0.11891499,0.0,0.0,3.7499034,2.3751965,0.0,0.61289674,3.396669,0.0,3.6470957,0.14580995,0.0,0.0,4.7230945,4.208521,0.34497592,0.0,4.005937,2.1660519,0.0,0.0,3.2791052,0.48450363,1.4850314,0.0,1.0904719,4.745928,3.2735968,3.7641635,0.0,0.0,0.31250042,0.96931064,1.5395072,0.0,0.0,2.8459854,1.3164245,0.0,5.1011653,0.0,2.357296,1.249969,0.0,0.0,0.0,3.3426545,0.26232406
C000133,0.0,4.517453,0.0,4.030518,0.0,0.0,0.0,1.2357278,3.8872411,0.0,0.0,0.0,0.0,0.0,4.348421,0.0,0.087601274,0.0,0.0,3.6410933,2.288518,0.0,0.6286283,3.286436,0.0,3.5031018,0.15119177,0.0,0.0,4.5712194,4.10885,0.2926127,0.0,3.8636827,2.033347,0.0,0.0,3.18525,0.50784117,1.4016508,0.0,0.99505746,4.6559,3.2087321,3.6379929,0.0,0.0,0.24875264,0.90989894,1.471957,0.0,0.0,2.7493343,1.2697273,0.0,4.9852586,0.0,2.2367656,1.1581706,0.0,0.0,0.0,3.2038324,0.20541912,0.0,4.517453,0.0,4.030518,0.0,0.0,0.0,1.2357278,3.8872411,0.0,0.0,0.0,0.0,0.0,4.348421,0.0,0.087601274,0.0,0.0,3.6410933,2.288518,0.0,0.6286283,3.286436,0.0,3.5031018,0.15119177,0.0,0.0,4.5712194,4.10885,0.2926127,0.0,3.8636827,2.033347,0.0,0.0,3.18525,0.50784117,1.4016508,0.0,0.99505746,4.6559,3.2087321,3.6379929,0.0,0.0,0.24875264,0.90989894,1.471957,0.0,0.0,2.7493343,1.2697273,0.0,4.9852586,0.0,2.2367656,1.1581706,0.0,0.0,0.0,3.2038324,0.20541912
C000134,0.0,5.07775,0.0,4.419758,0.0,0.0,0.0,1.4447359,4.3565764,0.0,0.0,0.0,0.0,0.0,4.8604884,0.0,0.18976656,0.0,0.0,4.0375113,2.59401,0.0,0.58173215,3.685242,0.0,4.0227776,0.13439447,0.0,0.0,5.1387243,4.489235,0.4841375,0.0,4.403348,2.512756,0.0,0.0,3.5437078,0.44164065,1.6871576,0.0,1.3397741,5.0171843,3.46518,4.108858,0.0,0.0,0.47038698,1.1237433,1.7091242,0.0,0.0,3.1054587,1.4398807,0.0,5.443994,0.0,2.669736,1.4856623,0.0,0.0,0.0,3.7228658,0.38978177,0.0,5.07775,0.0,4.419758,0.0,0.0,0.0,1.4447359,4.3565764,0.0,0.0,0.0,0.0,0.0,4.8604884,0.0,0.18976656,0.0,0.0,4.0375113,2.59401,0.0,0.58173215,3.685242,0.0,4.0227776,0.13439447,0.0,0.0,5.1387243,4.489235,0.4841375,0.0,4.403348,2.512756,0.0,0.0,3.5437078,0.44164065,1.6871576,0.0,1.3397741,5.0171843,3.46518,4.108858,0.0,0.0,0.47038698,1.1237433,1.7091242,0.0,0.0,3.1054587,1.4398807,0.0,5.443994,0.0,2.669736,1.4856623,0.0,0.0,0.0,3.7228658,0.38978177
C000135,0.0,4.007521,0.0,3.7987087,0.40015525,0.0,0.0,0.3699143,3.3635626,0.0,0.0,0.0,0.0,0.0,3.9645834,0.0,0.0,0.0,0.18716452,3.4344854,1.7777046,0.0,1.5955389,3.4986653,0.0,3.453091,0.0,0.0,0.0,4.4936695,4.1451545,0.55015975,0.0,4.168784,1.5269084,0.0,0.0,3.0755835,1.3143332,1.0301385,0.0,0.76035845,4.796043,3.3318923,3.3179965,0.0,0.0,0.043897577,1.224778,0.6668197,0.0,0.0,2.5144753,1.6474512,0.0,5.2161407,0.0,2.2966259,0.7059132,0.0,0.0,0.28967747,2.8711884,0.037768498,0.0,2.5008826,0.49302042,2.118066,1.0583094,0.0,0.0,1.7247006,2.0522966,0.0,0.0,0.0,0.6702613,0.73800653,2.3463442,0.21857652,1.0805798,0.44716835,0.74864304,2.0308669,1.9786234,0.3224563,0.70836246,2.2113094,0.0,2.8606203,0.0,0.14555235,0.0,2.9121518,2.2282062,0.3220418,0.42586002,2.1749282,1.4985816,0.8581718,0.6928719,2.0987375,0.55165416,1.7919463,0.0,1.2001369,2.7392097,1.7082806,1.7859011,0.35489553,0.08806597,1.1113815,0.75933754,1.6493696,0.0,0.0,1.4872642,1.2256621,0.0,2.9474576,0.07814433,2.5212848,1.2676661,0.0,0.62012935,0.7354017,2.049611,1.4154723
C000136,0.0,1.9437647,0.0,1.9169277,0.094290525,0.0,0.0,0.48880613,1.7922026,0.0,0.0,0.0,0.0,0.0,1.9561105,0.0,0.08068143,0.0,0.0,1.6945007,1.1126959,0.0,0.3025897,1.5875329,0.0,1.6806749,0.06341883,0.0,0.0,2.108727,1.8015597,0.07452725,0.0,1.713404,0.9181477,0.0,0.0,1.470448,0.22338285,0.5487582,0.0,0.32425255,2.1497772,1.536252,1.4739676,0.0,0.0,0.07921255,0.2955016,0.7513671,0.0,0.0,1.2924272,0.621216,0.0,2.2814448,0.0,0.9315153,0.39274207,0.0,0.0,0.030018672,1.4218372,0.10402631,0.0,2.3512602,1.6893349,2.0363407,2.7787116,0.0,0.0,4.1089125,1.7816569,0.04380349,0.0,0.0,2.2341952,2.4539318,2.0044029,0.96756935,3.0266764,1.9121362,2.3475437,1.8483557,3.3299417,1.261603,0.6290566,2.535684,0.0,4.3124046,0.0048783715,1.0837661,0.0,2.8780239,2.048199,0.11145619,1.5614454,2.1353288,2.0706997,2.7003121,2.529551,2.2840981,0.27060524,3.763153,0.0,2.5009675,2.5356383,1.605119,1.5215127,1.4238703,0.22844961,2.94919,0.871398,3.667391,0.0,0.0,1.3582333,1.442272,0.0,2.6453834,0.91395,4.577871,2.4535093,0.0,2.411357,2.0702655,2.292017,3.8361392
C000137,0.0,4.991828,0.0,4.3593183,0.0,0.0,0.0,1.4074498,4.2850237,0.0,0.0,0.0,0.0,0.0,4.780303,0.0,0.1712386,0.0,0.0,3.9779902,2.543917,0.0,0.5911205,3.6273685,0.0,3.9392896,0.13687241,0.0,0.0,5.053466,4.431791,0.45418775,0.0,4.321529,2.4390233,0.0,0.0,3.4897325,0.45326936,1.6420499,0.0,1.2839893,4.960003,3.4263883,4.0380507,0.0,0.0,0.43265262,1.0896341,1.6699125,0.0,0.0,3.053471,1.4175625,0.0,5.3716235,0.0,2.597031,1.4328427,0.0,0.0,0.0,3.6407344,0.35724187,0.0,4.991828,0.0,4.3593183,0.0,0.0,0.0,1.4074498,4.2850237,0.0,0.0,0.0,0.0,0.0,4.780303,0.0,0.1712386,0.0,0.0,3.9779902,2.543917,0.0,0.5911205,3.6273685,0.0,3.9392896,0.13687241,0.0,0.0,5.053466,4.431791,0.45418775,0.0,4.321529,2.4390233,0.0,0.0,3.4897325,0.45326936,1.6420499,0.0,1.2839893,4.960003,3.4263883,4.0380507,0.0,0.0,0.43265262,1.0896341,1.6699125,0.0,0.0,3.053471,1.4175625,0.0,5.3716235,0.0,2.597031,1.4328427,0.0,0.0,0.0,3.6407344,0.35724187
C000138,0.0,3.56374,0.0,3.6674707,0.949139,0.0,0.0,0.0,2.790151,0.0,0.0,0.0,0.0,0.0,3.6457973,0.0,0.0,0.0,0.39890993,3.272344,1.4610538,0.0,1.8724176,3.2827356,0.0,3.3640623,0.0,0.0,0.0,4.135253,4.1743402,0.7358091,0.0,4.2027426,1.0665133,0.0,0.0,2.9305701,1.617826,0.473144,0.0,0.5454234,4.9042554,3.5045013,2.9624796,0.0,0.0,0.0,1.3671699,0.10557225,0.0,0.0,2.3212636,1.6855246,0.0,5.089732,0.0,2.0591593,0.38514504,0.0,0.0,0.53165054,2.7085478,0.0,0.0,3.5446377,0.19530593,3.3391247,0.85617656,0.0,0.0,0.8600169,2.865774,0.0,0.0,0.0,0.0,0.0,3.491784,0.0,0.09163784,0.0,0.3630375,2.963377,1.7789354,0.0,1.2097777,3.0070057,0.0,3.3369858,0.0006266584,0.0,0.0,4.000853,3.6613119,0.7817816,0.0,3.5709207,1.4074984,0.15328413,0.0,2.765278,0.85505414,1.2449197,0.0,1.0229697,4.2199616,2.7896826,2.7159014,0.0,0.0011050155,0.5407388,1.4060569,0.7219265,0.0,0.0,2.194764,1.5714799,0.0,4.283701,0.0,2.5280297,0.8809479,0.0,0.0,0.515348,3.0105188,0.6159686
C000139,0.0,5.1719646,0.0,4.483232,0.0,0.0,0.0,1.494397,4.431928,0.0,0.0,0.0,0.0,0.0,4.944562,0.0,0.21410017,0.0,0.0,4.1032906,2.6543455,0.0,0.56954753,3.7479706,0.0,4.117673,0.13112259,0.0,0.0,5.2333393,4.5499883,0.5148298,0.0,4.4879475,2.5963287,0.0,0.0,3.6012723,0.42493197,1.7452637,0.0,1.402808,5.076772,3.504819,4.183442,0.0,0.0,0.5173289,1.1610245,1.7578404,0.0,0.0,3.1594954,1.464017,0.0,5.5209675,0.0,2.754617,1.5455703,0.0,0.0,0.0,3.8106258,0.4368088,0.0,5.1719646,0.0,4.483232,0.0,0.0,0.0,1.494397,4.431928,0.0,0.0,0.0,0.0,0.0,4.944562,0.0,0.21410017,0.0,0.0,4.1032906,2.6543455,0.0,0.56954753,3.7479706,0.0,4.117673,0.13112259,0.0,0.0,5.2333393,4.5499883,0.5148298,0.0,4.4879475,2.5963287,0.0,0.0,3.6012723,0.42493197,1.7452637,0.0,1.402808,5.076772,3.504819,4.183442,0.0,0.0,0.5173289,1.1610245,1.7578404,0.0,0.0,3.1594954,1.464017,0.0,5.5209675,0.0,2.754617,1.5455703,0.0,0.0,0.0,3.8106258,0.4368088
C000140,0.0,2.3037767,0.0,2.391744,1.3880847,0.0,0.0,0.06626256,1.8248082,0.0,0.0,0.0,0.0,0.0,2.4545298,0.0,0.0,0.049053907,0.9746145,2.0578282,1.1788151,0.0,1.8155303,2.1744707,0.0,2.498908,0.0,0.0,0.0,2.8788257,2.9130378,0.47533652,0.0,2.8067944,0.4826775,0.53595984,0.16754335,1.9314146,1.4426842,0.3790037,0.0,0.23556069,3.3177724,2.3259661,1.691339,0.0,0.0,0.0,0.91078055,0.23711875,0.0,0.0,1.6174619,1.4377923,0.0,3.4969969,0.0,1.6075945,0.32247996,0.0,0.0,0.9591699,1.6917545,0.25147784,0.0,2.3301673,0.5722848,2.104889,1.4079887,0.0,0.0,1.823656,2.0300708,0.0,0.0,0.0,0.7538895,0.8532239,2.2772732,0.16245103,1.1314071,0.5954505,1.1014984,1.8972274,1.9937469,0.3339707,0.81586903,2.3337197,0.0,2.9492526,0.0,0.15664639,0.0,2.8361685,2.2526605,0.22854482,0.4892664,2.1049213,1.2764385,1.0044262,0.92544156,1.9713546,0.5224069,1.921396,0.0,1.1240466,2.739437,1.7194914,1.6246297,0.4304687,0.091397144,1.2398682,0.7681709,1.7533537,0.0,0.0,1.4775257,1.294178,0.0,2.8728821,0.029680267,2.611611,1.2053305,0.0,0.76930696,1.0281644,1.9486104,1.6077379
C000141,0.0,1.3474011,0.0,1.3828503,0.4293813,0.0,0.0,0.6745522,1.2964792,0.0,0.0,0.0,0.17648326,0.0,1.2781365,0.0,0.23769006,0.0,0.20837611,1.2594314,0.97580636,0.0,0.3203152,1.2282631,0.0,1.3879617,0.0017789826,0.0,0.0,1.5648904,1.2653584,0.0,0.0,0.9829159,0.6043276,0.22921264,0.048699845,1.2171516,0.06554446,0.6849813,0.0,0.12967837,1.54104,1.0702724,0.9843442,0.0,0.027034849,0.27958545,0.20185262,0.76311505,0.0,0.0,0.83210015,0.5918983,0.0,1.7053016,0.0,0.9557191,0.37653843,0.0,0.0,0.22108692,0.8964038,0.4204005,0.0,2.3263729,0.25784326,2.2872105,1.076494,0.0,0.0,1.3660856,2.0258937,0.0,0.0,0.0,0.30699834,0.35223117,2.2713664,0.024046266,0.77445287,0.26723942,0.7730846,2.0212877,1.769175,0.07527509,0.8312537,2.1903899,0.0,2.637749,0.0002964971,0.024620377,0.0,3.0365422,2.2455661,0.14646088,0.17493433,2.2160444,1.2699353,0.687807,0.43276063,1.9952072,0.55810994,1.3932649,0.0,0.90851307,2.8592274,1.7092509,1.6430006,0.15118356,0.027810877,0.77933645,0.7318342,1.4110769,0.0,0.0,1.5196304,1.2636993,0.0,3.0395348,0.0,2.3307874,0.81995636,0.0,0.21949983,0.6412868,1.8710207,1.063608
C000142,0.0,5.3598413,0.0,4.616248,0.0,0.0,0.0,1.6095928,4.579143,0.0,0.0,0.0,0.0,0.0,5.1125546,0.0,0.2840252,0.0,0.0,4.239031,2.7836053,0.0,0.54288125,3.8784797,0.0,4.3215804,0.12448905,0.0,0.0,5.4313593,4.6707053,0.57014066,0.0,4.6618876,2.762447,0.0,0.0,3.7247481,0.38174075,1.8787977,0.0,1.5370854,5.2044034,3.5896854,4.3263035,0.0,0.0,0.6253228,1.2384818,1.8709615,0.0,0.0,3.2618294,1.5122188,0.0,5.664124,0.0,2.9400327,1.6693242,0.0,0.0,0.0,3.9952252,0.5492611,0.0,5.3598413,0.0,4.616248,0.0,0.0,0.0,1.6095928,4.579143,0.0,0.0,0.0,0.0,0.0,5.1125546,0.0,0.2840252,0.0,0.0,4.239031,2.7836053,0.0,0.54288125,3.8784797,0.0,4.3215804,0.12448905,0.0,0.0,5.4313593,4.6707053,0.57014066,0.0,4.6618876,2.762447,0.0,0.0,3.7247481,0.38174075,1.8787977,0.0,1.5370854,5.2044034,3.5896854,4.3263035,0.0,0.0,0.6253228,1.2384818,1.8709615,0.0,0.0,3.2618294,1.5122188,0.0,5.664124,0.0,2.9400327,1.6693242,0.0,0.0,0.0,3.9952252,0.5492611
C000143,0.0,4.1556025,0.0,3.8672714,0.3398653,0.0,0.0,0.44562596,3.4564614,0.0,0.0,0.0,0.0,0.0,4.0515547,0.0,0.0,0.0,0.18747628,3.4558256,1.8303268,0.0,1.5307019,3.5501862,0.0,3.5302448,0.0,0.0,0.0,4.5341377,4.192432,0.63786304,0.0,4.2820096,1.6432434,0.0,0.0,3.127922,1.2345748,1.1111674,0.0,0.83705515,4.7442036,3.3248596,3.4072459,0.0,0.0,0.14815775,1.2971072,0.681558,0.0,0.0,2.5494487,1.694545,0.0,5.237513,0.0,2.3780675,0.80758417,0.0,0.0,0.22959456,2.9430475,0.12766394,0.0,2.66183,0.29706937,2.3229804,0.8337978,0.0,0.0,1.3448992,2.2450871,0.0,0.0,0.0,0.35924464,0.4008032,2.5654707,0.11906811,0.72334087,0.2545522,0.5591612,2.173056,1.8407198,0.17512704,0.75757617,2.319789,0.0,2.785593,0.0,0.0,0.0,3.0705,2.4387517,0.37110308,0.24545589,2.411474,1.4521663,0.59777874,0.433017,2.2065926,0.63685125,1.5462494,0.0,1.0323328,2.9150186,1.8959402,1.9783394,0.18533184,0.077834584,0.85344326,0.8637873,1.3629539,0.0,0.0,1.6117332,1.2687254,0.0,3.2185729,0.0,2.3322744,1.1042219,0.0,0.3063431,0.5630395,2.157309,1.1180195
C000144,0.0,3.118336,0.0,2.8910885,0.0,0.0,0.0,0.74457365,2.7711527,0.0,0.0,0.0,0.0,0.0,3.0548384,0.0,0.035150066,0.0,0.0,2.6083117,1.6170034,0.0,0.4691977,2.341806,0.0,2.5198917,0.11794462,0.0,0.0,3.2292662,2.8821661,0.19779068,0.0,2.7274566,1.4008178,0.0,0.0,2.2476315,0.3879978,0.8700143,0.0,0.6192325,3.3421474,2.3433642,2.4818537,0.0,0.0,0.09935513,0.56912774,1.0274783,0.0,0.0,1.95203,0.91954756,0.0,3.5697298,0.0,1.4555308,0.7151182,0.0,0.0,0.0,2.2502022,0.061737254,0.0,3.7877655,0.0,3.681229,0.5494794,0.0,0.0,0.5698912,3.0797262,0.0,0.0,0.0,0.0,0.0,3.744347,0.0,0.017575033,0.0,0.2877676,3.1196897,1.7243037,0.0,1.2521861,3.024099,0.0,3.1853652,0.05897231,0.0,0.0,4.035223,3.9619522,0.6080049,0.0,3.8874762,1.358511,0.018954605,0.0,2.8573127,1.0329283,0.8715288,0.0,0.7390661,4.4569664,3.1103966,3.0324674,0.0,0.0,0.08497676,1.2481691,0.5298918,0.0,0.0,2.3363678,1.485401,0.0,4.682164,0.0,2.1467268,0.70456994,0.0,0.0,0.27239418,2.895155,0.12042775
C000145,0.0,5.3598413,0.0,4.616248,0.0,0.0,0.0,1.6095928,4.579143,0.0,0.0,0.0,0.0,0.0,5.1125546,0.0,0.2840252,0.0,0.0,4.239031,2.7836053,0.0,0.54288125,3.8784797,0.0,4.3215804,0.12448905,0.0,0.0,5.4313593,4.6707053,0.57014066,0.0,4.6618876,2.762447,0.0,0.0,3.7247481,0.38174075,1.8787977,0.0,1.5370854,5.2044034,3.5896854,4.3263035,0.0,0.0,0.6253228,1.2384818,1.8709615,0.0,0.0,3.2618294,1.5122188,0.0,5.664124,0.0,2.9400327,1.6693242,0.0,0.0,0.0,3.9952252,0.5492611,0.0,5.3598413,0.0,4.616248,0.0,0.0,0.0,1.6095928,4.579143,0.0,0.0,0.0,0.0,0.0,5.1125546,0.0,0.2840252,0.0,0.0,4.239031,2.7836053,0.0,0.54288125,3.8784797,0.0,4.3215804,0.12448905,0.0,0.0,5.4313593,4.6707053,0.57014066,0.0,4.6618876,2.762447,0.0,0.0,3.7247481,0.38174075,1.8787977,0.0,1.5370854,5.2044034,3.5896854,4.3263035,0.0,0.0,0.6253228,1.2384818,1.8709615,0.0,0.0,3.2618294,1.5122188,0.0,5.664124,0.0,2.9400327,1.6693242,0.0,0.0,0.0,3.9952252,0.5492611
C000146,0.0,3.5504096,0.0,3.1957145,0.0,0.0,0.0,0.8873715,3.140652,0.0,0.0,0.0,0.0,0.0,3.4392061,0.0,0.07762472,0.0,0.0,2.9304874,1.841454,0.0,0.46201167,2.670652,0.0,2.92514,0.112004705,0.0,0.0,3.671939,3.2045982,0.3251464,0.0,3.134729,1.7501533,0.0,0.0,2.543125,0.34216866,1.1156446,0.0,0.8565416,3.6299767,2.5608554,2.8484552,0.0,0.0,0.25887436,0.7239307,1.1933447,0.0,0.0,2.2166028,1.0594337,0.0,3.9311423,0.0,1.7654293,0.9415813,0.0,0.0,0.0,2.6217148,0.20857331,0.0,4.1449084,0.0,3.9535654,0.58149743,0.0,0.0,0.7050358,3.3508177,0.0,0.0,0.0,0.0,0.0,4.097407,0.0,0.03881236,0.0,0.34081596,3.3979788,1.9094527,0.0,1.23815,3.285264,0.0,3.4546664,0.056002352,0.0,0.0,4.3210382,4.252371,0.7442585,0.0,4.295517,1.5595055,0.009923473,0.0,3.1301427,1.0451955,1.0848408,0.0,0.8907937,4.6616645,3.3593564,3.3514953,0.0,0.0,0.24935435,1.4637799,0.61523557,0.0,0.0,2.5393405,1.6214837,0.0,4.9773083,0.0,2.4093008,0.85558116,0.0,0.0,0.31172162,3.1730385,0.29986846
C000147,0.0,2.5329146,5.2723308,2.0486023,8.04273,0.0,0.0,10.909471,1.3164133,1.7942778,0.0,0.0,7.9324846,7.5442324,1.4696031,4.852455,8.565289,6.4287024,7.584695,1.1368947,7.656459,5.0792074,1.1580245,3.6359658,0.0,8.320902,0.0,5.697702,0.0,2.4404175,1.8746058,0.0,5.931875,2.1875682,4.0669584,8.41873,7.651795,2.8934746,0.0,9.708909,0.80086374,5.464653,2.5629058,1.0813116,1.4402337,5.1657834,0.88899195,7.8790193,0.50804615,9.279928,0.0,0.0,1.0516002,2.6755626,0.0,2.571421,6.2797008,9.649267,6.075603,0.0,8.566833,6.553737,1.9273446,10.444752,0.0,2.0531964,3.5645483,1.6085281,5.5045643,0.0,0.0,7.9425807,1.2794036,0.9739575,0.0,0.0,5.3954854,5.5236163,1.3593154,3.3462107,6.2163563,4.5265613,4.9275365,1.3386198,5.5269227,3.838456,0.5755417,2.6700604,0.0,6.237053,0.0015769185,3.9197123,0.0,2.194322,1.5431085,0.019840924,4.0997205,1.5406018,3.0887249,5.65844,5.4329853,2.2808554,0.106914334,6.780924,0.5071849,4.3379073,2.0845103,1.1381837,1.1436778,3.5584047,0.8507438,5.6142106,0.47236428,6.8230004,0.0,0.0,0.9976904,1.7692229,0.0,2.0013497,3.879001,7.0619235,4.3950043,0.011735473,6.0769897,4.3793163,2.116838,7.36792
C000148,0.0,2.6024196,0.0,3.3416321,1.5231819,0.0,0.0,0.0,1.9776284,0.0,0.0,0.0,0.0,0.0,2.7165275,0.0,0.0,0.7655791,1.4500756,2.7971616,1.1629262,0.0,2.4296818,2.831684,0.0,2.8645935,0.0,0.0,0.0,3.2485852,3.6975083,0.4258309,0.0,4.103408,0.6056976,1.1782477,0.15144011,2.3604507,2.3943086,0.0021373779,0.0,0.32572898,4.1941886,3.3129964,2.3006897,0.0,0.0,0.0,1.0356411,0.0,0.0,0.0,1.8380641,1.896565,0.0,4.9067793,0.0,1.8174314,0.0,0.0,0.0,1.1432043,2.014677,0.16035211,0.0,2.106775,1.4956603,1.8879478,3.1612794,0.0,0.0,3.54524,1.5053823,0.2704895,0.0,0.0,2.3787055,2.3730342,1.8963181,1.374655,2.5329227,2.1352165,2.6658487,1.7521908,3.0663917,1.5478451,1.1411263,2.3978,0.0,3.881328,0.0,1.6283312,0.0,2.4681268,2.1625602,0.17171988,1.7723604,2.2167356,1.4784787,2.5711012,2.4788322,1.8953283,0.8253459,3.207821,0.078585654,2.0565915,2.51411,1.719793,1.4476943,1.551811,0.42117724,2.4304836,0.7330616,3.0200214,0.0,0.0,1.277974,1.5831302,0.0,2.8104856,1.7340904,3.8681717,1.8216016,0.0,2.4599757,2.4379652,1.8308794,3.2673478
C000149,0.0,5.1354337,0.0,4.7701163,0.61516476,0.0,0.0,0.3678251,3.9750378,0.0,0.0,0.0,0.0,0.0,5.034308,0.0,0.0,0.0,0.31646404,4.2137957,2.159631,0.0,1.8412079,4.1880455,0.0,4.2473774,0.0,0.0,0.0,5.3031554,5.325039,1.1542052,0.0,5.6238275,1.7795104,0.0,0.0,3.857668,1.6400676,1.1297616,0.0,1.0018495,5.945176,4.365448,4.22029,0.0,0.0,0.13353625,1.9975958,0.42448568,0.0,0.0,3.0850544,2.1100059,0.0,6.4386253,0.0,2.9231803,0.98694754,0.0,0.0,0.3684164,3.8198545,0.20845696,0.0,3.7993045,0.0,3.4946089,0.38439375,0.0,0.0,0.66166365,3.1146765,0.0,0.0,0.0,0.0,0.0,3.7261958,0.0,0.14443608,0.0,0.15823202,3.1310081,1.8466845,0.0,1.0476354,3.0415494,0.0,3.2279463,0.0044737346,0.0,0.0,4.0318074,3.736164,0.63643193,0.0,3.7942364,1.5467045,0.004862327,0.0,2.848816,0.9091393,1.0829467,0.0,0.858063,4.257979,3.01816,3.042642,0.0,0.0012466852,0.22930059,1.2248147,0.7741364,0.0,0.0,2.3318903,1.4850104,0.0,4.5987077,0.0,2.2043629,0.8672565,0.0,0.0,0.20868765,2.8793817,0.32898158
C000150,0.0,2.9124103,0.0,2.9112794,1.1751096,0.0,0.0,0.60138327,2.436369,0.0,0.0,0.0,0.0,0.0,2.8273568,0.0,0.0,0.0,0.5973815,2.7137926,1.2880802,0.0,1.5086299,2.720231,0.0,3.001661,0.0,0.0,0.0,3.62388,3.4000368,0.8246015,0.0,3.1618223,1.0388633,0.15285373,0.0,2.2311983,1.0067259,0.95250976,0.0,0.7981857,3.8001676,2.6191034,2.1113822,0.0,0.0,0.17097574,1.3531716,0.36672518,0.0,0.0,2.0999591,1.4053679,0.0,3.746296,0.0,2.2077274,0.5600022,0.0,0.0,0.7939996,2.621778,0.3466512,0.0,2.7041812,0.05250741,2.5308464,1.0926467,0.0,0.0,0.8776535,2.2001922,0.0,0.0,0.0,0.08802934,0.1341097,2.6440198,0.0,0.22918755,0.08500719,0.63872087,2.3409781,1.5427816,0.005192414,1.0945017,2.4307141,0.0,2.7663894,0.0,0.0,0.0,3.19662,2.8514366,0.54969853,0.056341317,2.6567307,1.0522244,0.39929125,0.182468,2.1204774,0.8893535,1.1815678,0.0,0.76443195,3.357152,2.1964512,1.9679438,0.04867334,0.016485484,0.42015636,1.0636754,0.7970662,0.0,0.0,1.770723,1.3547626,0.0,3.458259,0.0,2.105278,0.72268695,0.0,0.094110176,0.7344624,2.2197986,0.7130017
C000151,0.0,4.594108,0.0,4.080994,0.0,0.0,0.0,1.2668654,3.9495687,0.0,0.0,0.0,0.0,0.0,4.416078,0.0,0.10367714,0.0,0.0,3.6952255,2.3321958,0.0,0.6202911,3.3414314,0.0,3.5752459,0.14837685,0.0,0.0,4.6469107,4.158209,0.3187505,0.0,3.9342623,2.0998545,0.0,0.0,3.2318428,0.49575514,1.4438144,0.0,1.0429646,4.7003064,3.2406063,3.7008202,0.0,0.0,0.28095362,0.93960404,1.5060972,0.0,0.0,2.7974977,1.2929994,0.0,5.0424576,0.0,2.2975178,1.2043599,0.0,0.0,0.0,3.2731085,0.23457666,0.0,4.594108,0.0,4.080994,0.0,0.0,0.0,1.2668654,3.9495687,0.0,0.0,0.0,0.0,0.0,4.416078,0.0,0.10367714,0.0,0.0,3.6952255,2.3321958,0.0,0.6202911,3.3414314,0.0,3.5752459,0.14837685,0.0,0.0,4.6469107,4.158209,0.3187505,0.0,3.9342623,2.0998545,0.0,0.0,3.2318428,0.49575514,1.4438144,0.0,1.0429646,4.7003064,3.2406063,3.7008202,0.0,0.0,0.28095362,0.93960404,1.5060972,0.0,0.0,2.7974977,1.2929994,0.0,5.0424576,0.0,2.2975178,1.2043599,0.0,0.0,0.0,3.2731085,0.23457666
C000152,0.0,6.4866514,0.17323673,8.15425,2.558839,0.0,0.0,0.58355445,5.3073874,0.0,0.0,0.0,0.0,0.0,6.9337087,0.0,0.0,1.9830177,2.7626452,6.82978,3.2673573,0.0,4.2217283,6.875976,0.0,7.1660156,0.0,0.0,0.0,8.518739,8.615464,1.0320963,0.0,9.763546,2.75332,2.3249643,0.5436983,6.074819,4.528413,1.4192228,0.0,2.2904963,9.504972,7.90049,6.4803505,0.0,0.0,0.6059711,2.315859,1.5438746,0.0,0.0,4.8440604,3.865341,0.0,11.269463,0.0,5.1483016,0.8655087,0.0,0.0,2.1828854,5.675735,1.0417148,0.0,7.8897653,0.88175803,8.054469,2.1441336,0.0,0.0,3.9186366,6.411669,0.0,0.0,0.0,0.3875619,0.66014165,7.9308267,0.0,1.1277574,0.6610059,2.060251,6.867798,4.758701,0.09185445,2.371926,6.9634957,0.0,8.178151,0.0,0.0,0.0,8.943562,8.477811,1.4675058,0.27472198,8.57512,4.1733346,1.4241276,0.4553683,6.3191185,1.893381,4.3758416,0.0,3.0413952,9.05306,6.620384,6.6367707,0.071342885,0.00019571309,2.3425252,2.7480724,3.605975,0.0,0.0,5.3233523,3.4114895,0.0,9.891946,0.0,6.7870846,2.8191369,0.0,0.5278621,1.9644238,6.706234,3.0249207
C000153,0.0,4.991828,0.0,4.3593183,0.0,0.0,0.0,1.4074498,4.2850237,0.0,0.0,0.0,0.0,0.0,4.780303,0.0,0.1712386,0.0,0.0,3.9779902,2.543917,0.0,0.5911205,3.6273685,0.0,3.9392896,0.13687241,0.0,0.0,5.053466,4.431791,0.45418775,0.0,4.321529,2.4390233,0.0,0.0,3.4897325,0.45326936,1.6420499,0.0,1.2839893,4.960003,3.4263883,4.0380507,0.0,0.0,0.43265262,1.0896341,1.6699125,0.0,0.0,3.053471,1.4175625,0.0,5.3716235,0.0,2.597031,1.4328427,0.0,0.0,0.0,3.6407344,0.35724187,0.0,4.991828,0.0,4.3593183,0.0,0.0,0.0,1.4074498,4.2850237,0.0,0.0,0.0,0.0,0.0,4.780303,0.0,0.1712386,0.0,0.0,3.9779902,2.543917,0.0,0.5911205,3.6273685,0.0,3.9392896,0.13687241,0.0,0.0,5.053466,4.431791,0.45418775,0.0,4.321529,2.4390233,0.0,0.0,3.4897325,0.45326936,1.6420499,0.0,1.2839893,4.960003,3.4263883,4.0380507,0.0,0.0,0.43265262,1.0896341,1.6699125,0.0,0.0,3.053471,1.4175625,0.0,5.3716235,0.0,2.597031,1.4328427,0.0,0.0,0.0,3.6407344,0.35724187
C000154,0.0,4.991828,0.0,4.3593183,0.0,0.0,0.0,1.4074498,4.2850237,0.0,0.0,0.0,0.0,0.0,4.780303,0.0,0.1712386,0.0,0.0,3.9779902,2.543917,0.0,0.5911205,3.6273685,0.0,3.9392896,0.13687241,0.0,0.0,5.053466,4.431791,0.45418775,0.0,4.321529,2.4390233,0.0,0.0,3.4897325,0.45326936,1.6420499,0.0,1.2839893,4.960003,3.4263883,4.0380507,0.0,0.0,0.43265262,1.0896341,1.6699125,0.0,0.0,3.053471,1.4175625,0.0,5.3716235,0.0,2.597031,1.4328427,0.0,0.0,0.0,3.6407344,0.35724187,0.0,4.991828,0.0,4.3593183,0.0,0.0,0.0,1.4074498,4.2850237,0.0,0.0,0.0,0.0,0.0,4.780303,0.0,0.1712386,0.0,0.0,3.9779902,2.543917,0.0,0.5911205,3.6273685,0.0,3.9392896,0.13687241,0.0,0.0,5.053466,4.431791,0.45418775,0.0,4.321529,2.4390233,0.0,0.0,3.4897325,0.45326936,1.6420499,0.0,1.2839893,4.960003,3.4263883,4.0380507,0.0,0.0,0.43265262,1.0896341,1.6699125,0.0,0.0,3.053471,1.4175625,0.0,5.3716235,0.0,2.597031,1.4328427,0.0,0.0,0.0,3.6407344,0.35724187
C000155,0.0,3.002174,7.8929996,5.248499,17.013405,0.0,0.0,16.263151,2.0116923,1.0684507,0.0,0.0,15.232852,13.043277,3.4479048,9.031435,12.871108,15.182072,14.86228,4.0132775,13.416487,10.384368,6.900116,6.326276,0.0,14.782652,0.0,11.98627,0.0,4.211722,6.1139784,0.0,9.330882,7.5321927,3.7332935,12.815242,15.708582,3.4162273,6.5354786,12.780583,0.0,9.483247,5.7619815,6.2465672,5.532808,9.498508,1.5717802,9.390403,0.0,15.945639,0.0,0.0,3.282442,4.8954463,0.0,9.044857,13.062488,12.677102,4.631216,0.0,16.398678,13.6673355,2.524691,14.326696,0.0,2.3141074,5.44629,2.0955653,9.46972,0.0,0.0,11.420106,1.2158406,1.1088468,0.0,0.0,9.071079,8.716616,1.5367417,5.447256,9.092534,8.119327,8.6307535,1.8606331,8.265786,6.346442,2.3199925,3.7953794,0.0,9.091028,0.0,6.7988,0.0,2.4809167,2.487853,0.0,6.292748,2.9137268,3.5336115,8.581602,9.232743,2.639149,1.7507077,9.421711,0.40697286,6.2350693,2.7959807,2.105546,1.9901693,5.870179,1.243028,7.861913,0.41438946,10.235065,0.0,0.0,1.2673233,2.856278,0.0,3.6636555,6.886652,9.5306635,5.247018,0.0,10.049042,7.673703,2.170093,10.527151
C000156,0.0,1.2309406,3.5116694,1.0997741,6.7057133,0.0,0.0,6.741727,0.03356445,0.94931924,0.0,0.0,6.6104627,5.5965376,0.59904456,3.6166258,5.6352067,5.445918,6.1277227,0.98390937,5.2235413,4.511059,2.0746956,2.439654,0.0,5.660996,0.0,5.095643,0.0,0.98547995,1.6344092,0.0,3.779935,2.1305804,1.6844528,5.9585457,6.9037375,1.3534057,1.9507258,5.8311424,0.2601753,3.216794,1.4224463,1.5447721,1.0053905,3.8905208,0.9018814,4.3420763,0.0,6.4968166,0.0,0.0,0.5158533,2.1805344,0.0,2.518384,5.419689,5.3882933,2.63865,0.0,6.8348227,5.4454412,0.075549126,6.838705,0.0,1.4320257,2.8889256,1.3200288,5.1459985,0.0,0.0,6.3018956,0.834406,0.5755725,0.0,0.0,4.959756,4.831688,1.0835143,2.832826,4.9390907,4.231691,4.569164,1.2257094,4.6680307,3.449909,1.0908105,2.2881763,0.0,5.211329,0.0,3.529206,0.0,1.7124165,1.4321492,0.0,3.3116984,1.5302039,2.0284443,4.7443066,5.008806,1.6035101,0.7514189,5.3194137,0.18680221,3.3595533,1.7062948,1.1725194,1.0027686,3.2246845,0.69105756,4.281246,0.20253293,5.683152,0.0,0.0,0.7916641,1.694781,0.0,2.15553,3.6427999,5.4830923,2.968804,0.0,5.3333383,4.0441494,1.2948934,5.8147473
C000157,0.0,2.7909484,0.0,2.6775832,0.010334589,0.0,0.0,0.7645465,2.49334,0.0,0.0,0.0,0.0,0.0,2.7616045,0.0,0.055936296,0.0,0.0,2.362157,1.5223327,0.0,0.45092237,2.1403654,0.0,2.2381806,0.116665624,0.0,0.0,2.921907,2.6537015,0.046901543,0.0,2.330625,1.149751,0.0,0.0,2.0563061,0.3765835,0.78620046,0.0,0.4535252,3.084675,2.129897,2.1966023,0.0,0.0,0.039514508,0.46256495,0.9870687,0.0,0.0,1.7652215,0.8170166,0.0,3.2856433,0.0,1.3158033,0.56433666,0.0,0.0,0.036901,1.9430963,0.074580744,0.0,2.4465654,2.3080149,1.9283736,3.4396415,0.0,0.0,5.2577367,1.9094497,0.06865278,0.0,0.0,3.1059382,3.5550523,1.968549,1.4490962,4.0770607,2.443932,2.918126,1.8628275,4.0741687,1.919527,0.53295404,2.6485498,0.0,4.9943776,0.008974278,1.7802652,0.0,2.9805539,1.9807382,0.07135617,2.3419473,2.0142195,2.4177396,3.2296143,3.1995854,2.4511833,0.29792914,4.759981,0.023543213,3.0345714,2.5214136,1.4565809,1.5635728,1.9453359,0.4645154,3.9053802,0.9327209,4.6834073,0.0,0.0,1.3752594,1.4442713,0.0,2.4995196,1.4458295,5.545599,3.181423,0.0,3.5338757,2.5631032,2.5541396,4.8436465
C000158,0.0,4.311656,0.2717721,3.7364018,0.87850714,0.0,0.0,0.82152224,3.3497,0.0,0.0,0.0,0.0,0.0,4.408532,0.0,0.0,0.0,0.85110486,3.4681387,2.1567774,0.0,1.5402672,3.2524126,0.0,3.7540445,0.0,0.0,0.0,4.0443873,4.4619904,0.5951985,0.0,4.5976133,1.279236,0.23419288,0.20097637,3.0871296,1.6564553,1.3417449,0.0,0.7248976,4.545068,3.6986055,3.3720527,0.0,0.0,0.39970866,1.0470802,1.3113534,0.0,0.0,2.5428617,1.9156263,0.0,5.4126773,0.0,2.39685,1.0525542,0.0,0.0,1.0456845,2.8982484,0.66084266,0.0,2.0505185,1.2373719,1.6652756,2.069693,0.0,0.0,2.7761757,1.4813135,0.0012498125,0.0,0.0,1.8065999,1.9098574,1.801183,0.7075403,2.0578165,1.3987362,1.9008694,1.532076,2.4037166,1.2026575,0.70372105,2.2181792,0.0,3.170918,0.0,0.9754841,0.0,2.2355468,1.7979634,0.1190397,1.2245308,1.7783912,1.4137151,1.9237406,1.9319092,1.8254439,0.54818904,2.7304664,0.0,1.5990313,2.1014478,1.3819549,1.2691674,1.1313424,0.2772457,2.0613515,0.51871413,2.538327,0.0,0.0,1.058134,1.3952204,0.0,2.419104,0.6420559,3.1032276,1.710418,0.0,1.9059689,1.603989,1.570768,2.6502109
C000159,0.0,0.38066316,5.574289,1.6468163,12.141878,0.0,0.0,11.297154,0.43947506,1.4251328,0.0,0.0,11.883965,10.303448,0.56361556,7.006858,9.689662,10.942093,9.980743,1.6075902,8.878096,8.584869,3.7454274,3.2667763,0.0,9.205473,0.0,8.824545,0.0,1.0455341,2.2657032,0.0,7.0336847,2.9694352,1.8636944,9.433076,12.003312,0.76815844,3.7000809,9.0881,0.0,6.1622972,2.1519547,2.690728,2.0753505,7.1698475,1.6076399,6.9693246,0.0,11.344374,0.0,0.0,0.980469,2.8451464,0.0,4.0234995,9.778069,8.591594,3.3934588,0.0,12.571558,9.148642,0.29122758,10.176611,0.0,0.98374426,9.285652,0.95336664,16.399519,0.0,0.0,19.105452,0.6192465,3.0327334,0.0,0.0,17.16169,16.300674,0.5669066,11.054659,16.149961,14.905897,14.298573,0.7785637,12.979353,12.971213,2.7134528,3.7475746,0.0,12.953987,0.0007945169,13.499648,0.0,1.0937091,1.1259878,0.0,11.880435,1.5293372,4.381445,14.732757,17.00886,1.5629814,1.9599401,15.4029045,1.3270936,9.856656,1.2601603,1.353892,1.2049501,10.978595,2.8257704,12.939168,0.19112474,17.57458,0.0,0.0,0.4655691,3.4177423,0.0,2.482523,13.836985,14.095092,8.084115,0.19564784,19.322662,12.866751,0.8484994,17.315004
C000160,0.0,3.8563669,0.25163943,3.325162,0.28610957,0.0,0.0,2.2033346,3.1511943,0.0,0.0,0.0,0.006971255,0.21367674,3.564867,0.0,1.0658878,0.0,0.077071525,2.885641,2.6191492,0.0,0.21144259,3.1588109,0.0,3.5252452,0.0,0.0,0.0,3.96025,3.185614,0.008625811,0.0,3.2905154,2.3656704,0.3999351,0.0,3.0038955,0.0,2.3131144,0.0,1.3179653,3.615624,2.4800167,2.869119,0.0,0.0,1.4269781,0.76034164,2.1834304,0.0,0.0,2.472036,1.1363163,0.0,3.7230477,0.0,2.8660927,1.621166,0.0,0.0,0.26266837,2.7677066,1.5223998,0.0,4.427426,0.23444214,4.4311,0.93799984,0.0,0.0,1.4251888,3.5121212,0.0,0.0,0.0,0.0034856275,0.10683837,4.4006906,0.0,0.5329439,0.33957952,0.86325526,3.8938508,2.4686713,0.0,1.4779196,3.8583393,0.0,4.123017,0.0,0.0,0.0,4.9863257,4.6879454,0.5376334,0.0,5.0127583,2.1032493,0.9260445,0.0,3.7094936,1.4138372,1.7137868,0.0,1.4296347,5.0621634,3.8229263,3.641376,0.0,0.0,0.95877016,1.466104,1.2542235,0.0,0.0,2.871089,2.0921926,0.0,5.6550035,0.0,3.3628638,1.2697718,0.0,0.0,0.78804654,3.6427522,1.1574094
C000161,0.0,5.3598413,0.0,4.616248,0.0,0.0,0.0,1.6095928,4.579143,0.0,0.0,0.0,0.0,0.0,5.1125546,0.0,0.2840252,0.0,0.0,4.239031,2.7836053,0.0,0.54288125,3.8784797,0.0,4.3215804,0.12448905,0.0,0.0,5.4313593,4.6707053,0.57014066,0.0,4.6618876,2.762447,0.0,0.0,3.7247481,0.38174075,1.8787977,0.0,1.5370854,5.2044034,3.5896854,4.3263035,0.0,0.0,0.6253228,1.2384818,1.8709615,0.0,0.0,3.2618294,1.5122188,0.0,5.664124,0.0,2.9400327,1.6693242,0.0,0.0,0.0,3.9952252,0.5492611,0.0,5.3598413,0.0,4.616248,0.0,0.0,0.0,1.6095928,4.579143,0.0,0.0,0.0,0.0,0.0,5.1125546,0.0,0.2840252,0.0,0.0,4.239031,2.7836053,0.0,0.54288125,3.8784797,0.0,4.3215804,0.12448905,0.0,0.0,5.4313593,4.6707053,0.57014066,0.0,4.6618876,2.762447,0.0,0.0,3.7247481,0.38174075,1.8787977,0.0,1.5370854,5.2044034,3.5896854,4.3263035,0.0,0.0,0.6253228,1.2384818,1.8709615,0.0,0.0,3.2618294,1.5122188,0.0,5.664124,0.0,2.9400327,1.6693242,0.0,0.0,0.0,3.9952252,0.5492611
C000162,0.0,3.4311094,0.0,3.6364317,1.079367,0.0,0.0,0.0,2.6888592,0.0,0.0,0.0,0.0,0.0,3.5691142,0.0,0.0,0.0,0.4755946,3.2077553,1.4303817,0.0,1.8994879,3.2524743,0.0,3.3215616,0.0,0.0,0.0,4.085153,4.148177,0.6547385,0.0,4.0514855,0.9729428,0.0,0.0,2.892757,1.6529489,0.44783372,0.0,0.47324318,4.9058466,3.4769762,2.8893967,0.0,0.0,0.0,1.3164465,0.09982821,0.0,0.0,2.2881155,1.6509598,0.0,5.031489,0.0,2.0231705,0.3245344,0.0,0.0,0.58644265,2.6436827,0.0,0.0,1.9747387,1.6734108,1.5737822,2.8702521,0.0,0.0,4.0313044,1.4736831,0.46564624,0.0,0.0,2.4898887,2.687142,1.674991,1.6201164,2.993726,1.8860376,2.3119285,1.4897662,3.1363552,1.8555454,0.62322575,2.0837977,0.0,3.9025328,0.0,1.8098793,0.0,2.2589061,1.7419312,0.2793369,2.067951,1.5343655,1.7813176,2.581395,2.5233233,1.9646816,0.38268045,3.6182992,0.29041514,2.2572076,2.2344851,1.1957538,1.1807272,1.7164327,0.48400512,2.8107166,0.72292894,3.3490334,0.0,0.0,1.0357643,1.3706199,0.0,2.0888243,1.6364731,4.1065164,2.438017,0.0,2.8549914,2.226645,1.9590342,3.644102
C000163,0.0,3.356826,0.0,3.0424428,0.0,0.0,0.0,0.9243223,2.9065197,0.0,0.0,0.0,0.0,0.0,3.2504337,0.0,0.114291266,0.0,0.0,2.7230456,1.7696564,0.0,0.43695316,2.5677323,0.0,2.7388368,0.08110378,0.0,0.0,3.4620128,3.0191894,0.26112542,0.0,2.9684687,1.6551985,0.0,0.0,2.4411833,0.29341644,1.110658,0.0,0.77476,3.3925364,2.4057922,2.661988,0.0,0.0,0.3205248,0.6635885,1.173588,0.0,0.0,2.1276765,0.97402483,0.0,3.6622107,0.0,1.7181065,0.9007295,0.0,0.0,0.0,2.4108708,0.29095617,0.0,3.7510538,0.0,3.622585,0.5837554,0.0,0.0,0.64913464,2.987312,0.0,0.0,0.0,0.0,0.0,3.7145905,0.0,0.057145633,0.0,0.3932132,3.127565,1.7424529,0.0,1.2408085,2.9888027,0.0,3.115955,0.04055189,0.0,0.0,3.9799054,3.907072,0.63388395,0.0,3.9656,1.4178239,0.16090116,0.0,2.8845232,1.0461295,0.9500481,0.0,0.8094033,4.2292852,3.0471482,3.0028863,0.0,0.0,0.23562935,1.3027976,0.586794,0.0,0.0,2.3109457,1.5657043,0.0,4.5879602,0.0,2.2583518,0.7597717,0.0,0.0,0.338539,2.8708463,0.30257833
C000164,0.0,4.991828,0.0,4.3593183,0.0,0.0,0.0,1.4074498,4.2850237,0.0,0.0,0.0,0.0,0.0,4.780303,0.0,0.1712386,0.0,0.0,3.9779902,2.543917,0.0,0.5911205,3.6273685,0.0,3.9392896,0.13687241,0.0,0.0,5.053466,4.431791,0.45418775,0.0,4.321529,2.4390233,0.0,0.0,3.4897325,0.45326936,1.6420499,0.0,1.2839893,4.960003,3.4263883,4.0380507,0.0,0.0,0.43265262,1.0896341,1.6699125,0.0,0.0,3.053471,1.4175625,0.0,5.3716235,0.0,2.597031,1.4328427,0.0,0.0,0.0,3.6407344,0.35724187,0.0,4.991828,0.0,4.3593183,0.0,0.0,0.0,1.4074498,4.2850237,0.0,0.0,0.0,0.0,0.0,4.780303,0.0,0.1712386,0.0,0.0,3.9779902,2.543917,0.0,0.5911205,3.6273685,0.0,3.9392896,0.13687241,0.0,0.0,5.053466,4.431791,0.45418775,0.0,4.321529,2.4390233,0.0,0.0,3.4897325,0.45326936,1.6420499,0.0,1.2839893,4.960003,3.4263883,4.0380507,0.0,0.0,0.43265262,1.0896341,1.6699125,0.0,0.0,3.053471,1.4175625,0.0,5.3716235,0.0,2.597031,1.4328427,0.0,0.0,0.0,3.6407344,0.35724187
C000165,0.0,4.5344977,0.23601297,3.9072723,0.4632813,0.0,0.0,2.7485826,3.7744288,0.0,0.0,0.0,0.035152078,0.41935477,4.005632,0.0,1.2761574,0.0,0.114265524,3.4031072,3.2409809,0.0,0.25275642,3.692568,0.0,4.057763,0.0,0.0,0.0,4.662608,3.7725656,0.0,0.0,3.5899024,2.648941,0.49603647,0.0,3.6702216,0.0,2.858531,0.0,1.4833224,4.272418,2.831263,3.3976846,0.0,0.0,1.7932196,0.90342385,2.726649,0.0,0.0,2.912919,1.3352191,0.0,4.4509,0.0,3.6164887,1.904084,0.0,0.15888247,0.31171802,3.1448946,1.8713965,0.0,3.6971393,4.7426367,3.9280975,8.686849,0.0,0.0,11.040703,2.3819804,1.1499038,0.0,0.0,7.560844,7.1823816,3.1190925,4.7106385,8.140122,7.3818784,8.14797,3.1403766,8.286545,5.0281987,2.3154655,4.7786007,0.0,9.749525,0.0,5.671976,0.0,4.2368374,4.0224214,0.0,5.40382,4.3673553,4.0483227,8.237589,7.9280863,3.6535983,1.5768163,9.092188,0.3453737,5.9558363,4.5468235,3.1632037,3.1040046,5.250181,0.98371994,7.4252996,0.8577812,9.574028,0.0,0.0,2.2777543,3.2681663,0.0,5.449376,6.040124,9.677176,5.208257,0.0,8.429809,7.288809,3.2714357,9.826147
C000166,0.0,4.9106903,0.0,4.300963,0.0,0.0,0.0,1.3791767,4.2158093,0.0,0.0,0.0,0.0,0.0,4.7044935,0.0,0.15785436,0.0,0.0,3.9206975,2.5011885,0.0,0.59680986,3.5690007,0.0,3.8655152,0.1392026,0.0,0.0,4.9690547,4.375079,0.42668068,0.0,4.241102,2.3696866,0.0,0.0,3.435846,0.46065027,1.6025869,0.0,1.2348424,4.904898,3.3874612,3.9682565,0.0,0.0,0.40254334,1.059376,1.6367652,0.0,0.0,3.000523,1.3919424,0.0,5.3023477,0.0,2.5360367,1.3864878,0.0,0.0,0.0,3.5647528,0.3335089,0.0,4.9106903,0.0,4.300963,0.0,0.0,0.0,1.3791767,4.2158093,0.0,0.0,0.0,0.0,0.0,4.7044935,0.0,0.15785436,0.0,0.0,3.9206975,2.5011885,0.0,0.59680986,3.5690007,0.0,3.8655152,0.1392026,0.0,0.0,4.9690547,4.375079,0.42668068,0.0,4.241102,2.3696866,0.0,0.0,3.435846,0.46065027,1.6025869,0.0,1.2348424,4.904898,3.3874612,3.9682565,0.0,0.0,0.40254334,1.059376,1.6367652,0.0,0.0,3.000523,1.3919424,0.0,5.3023477,0.0,2.5360367,1.3864878,0.0,0.0,0.0,3.5647528,0.3335089
C000167,0.0,3.4080756,0.057910442,3.5210679,0.95226514,0.0,0.0,0.19429809,2.5740442,0.0,0.0,0.0,0.0,0.0,3.5008261,0.0,0.0,0.0,0.6754322,2.9299355,1.6080444,0.0,1.4499218,3.115407,0.0,3.1596642,0.0,0.0,0.0,3.4616854,3.9023564,1.0562879,0.0,4.080019,0.90926373,0.0,0.0,2.8358145,1.294914,0.88178754,0.0,0.55672204,4.2517996,3.4059474,2.9022121,0.0,0.0,0.26707917,1.7823131,0.047065437,0.0,0.0,2.1341512,1.5608182,0.0,4.519885,0.0,2.3555903,0.5708821,0.0,0.0,0.6105442,2.5922287,0.5341028,0.0,3.2589092,0.37686875,2.9813194,1.1974005,0.0,0.0,1.5921341,2.631015,0.0,0.0,0.0,0.27419114,0.2511574,3.090846,0.08278151,0.6630045,0.2292999,0.79012376,2.6701639,2.042657,0.1156342,0.9339647,2.8082788,0.0,3.4733992,0.0012415672,0.0037957628,0.0,3.776397,3.1542196,0.73457384,0.17316441,3.2478511,1.6296406,0.6855235,0.36378098,2.5715592,0.6902054,1.7997475,0.0,1.3773335,3.6543086,2.407248,2.361449,0.15157026,0.045811728,1.0295292,1.4633613,1.3043324,0.0,0.0,2.026432,1.4488125,0.0,3.7543728,0.0,3.0916684,1.2643403,0.0,0.20426075,0.7973132,2.9291933,1.3623673
C000168,0.0,3.2995238,0.035803467,3.179943,0.7887372,0.0,0.0,0.08241902,2.602532,0.0,0.0,0.0,0.0,0.0,3.2449415,0.0,0.0,0.0,0.5967802,2.8493013,1.2665124,0.0,1.6509936,2.9615438,0.0,2.8267808,0.0,0.0,0.0,3.4329247,3.7150505,1.0585756,0.0,3.836102,0.9065283,0.017184466,0.0,2.478763,1.3988729,0.75480783,0.0,0.5782673,3.9419172,3.1231856,2.6563973,0.0,0.0,0.21895644,1.6344793,0.0,0.0,0.0,1.9922183,1.5520577,0.0,4.2901793,0.0,2.1002576,0.52517176,0.0,0.0,0.6089282,2.636958,0.25970063,0.0,2.576462,0.18208256,2.3975196,0.95549697,0.0,0.0,1.0212395,2.2028537,0.0,0.0,0.0,0.21774764,0.23931941,2.5115979,0.0,0.42042804,0.16021574,0.6254999,2.2265677,1.6175187,0.0,0.9676431,2.3782306,0.0,2.7169917,0.0016651407,0.0,0.0,2.9898207,2.6310906,0.4908306,0.11002646,2.5496898,1.1590931,0.48819962,0.37411004,2.13243,0.69074076,1.3241698,0.0,0.86878014,3.0518594,2.121922,1.9444664,0.19049297,0.009689443,0.66351306,1.0264525,0.9713687,0.0,0.0,1.6509072,1.2743509,0.0,3.2218661,0.033815403,2.1749778,0.8412241,0.0,0.1307492,0.6902874,2.1667583,0.95419824
C000169,0.0,2.4441729,0.0005251616,2.6503625,0.9902199,0.0,0.0,0.3506661,2.159614,0.0,0.0,0.0,0.0,0.0,2.5906918,0.0,0.17280053,0.24127513,0.69562376,2.4427047,1.4386697,0.0,1.439961,2.5177658,0.0,2.772122,0.0,0.0,0.0,3.3437343,2.8761675,0.2550416,0.0,2.9771972,1.0571978,0.2925967,0.0409306,2.0923285,1.2149842,0.8173451,0.0,0.5365594,3.4520502,2.3833482,2.0642385,0.0,0.0,0.050326988,0.8063114,0.75234103,0.0,0.0,1.7912068,1.3265909,0.0,3.8196938,0.0,1.8150406,0.34323615,0.0,0.0,0.64463025,1.8954,0.28830543,0.0,2.1961498,0.64866066,1.8850136,1.6579473,0.0,0.0,1.971904,1.7842304,0.008761517,0.0,0.0,0.9493762,0.9354928,2.1298945,0.39098862,1.2637291,0.7941329,1.3047028,1.9086198,2.1144583,0.4795731,0.8145633,2.198344,0.0,3.0278182,0.0,0.346309,0.0,2.7001631,2.1109169,0.34998518,0.6061353,2.1160026,1.3366172,1.2689788,1.1571323,1.9651129,0.63028234,2.0881772,0.0,1.3288329,2.5858858,1.6436136,1.4868069,0.6372481,0.12450821,1.3617227,0.87808436,1.837696,0.0,0.0,1.3377962,1.3390363,0.0,2.7923236,0.27186033,2.8412821,1.3189887,0.0,0.8664996,1.2573985,1.955471,1.939603
C000170,0.0,4.7929955,0.0,4.5298624,0.6345582,0.0,0.0,0.21068269,3.6833851,0.0,0.0,0.0,0.0,0.0,4.715923,0.0,0.0,0.0,0.32238176,3.9755783,1.9607745,0.0,1.8535345,3.9518714,0.0,3.9223194,0.0,0.0,0.0,4.940611,5.0981317,1.0444273,0.0,5.295769,1.4860142,0.0,0.0,3.6383867,1.680047,0.9355954,0.0,0.7966356,5.737597,4.233287,3.9405394,0.0,0.0,0.0,1.8554945,0.264463,0.0,0.0,2.8666494,1.9791378,0.0,6.1435475,0.0,2.648919,0.7847474,0.0,0.0,0.41456187,3.5095007,0.06611845,0.0,3.626334,0.0,3.372792,0.3942914,0.0,0.0,0.5833803,2.9669468,0.0,0.0,0.0,0.0,0.0,3.5650806,0.0,0.14501098,0.0,0.16119088,3.0102253,1.7465293,0.0,1.0536605,2.922412,0.0,3.0640388,0.004263282,0.0,0.0,3.8485427,3.6207201,0.5812035,0.0,3.6284258,1.3990064,0.0055325143,0.0,2.7379682,0.9284982,0.9860982,0.0,0.7550032,4.151791,2.9505334,2.9007506,0.0,0.0012953598,0.16291688,1.1534004,0.69382274,0.0,0.0,2.2214901,1.4190335,0.0,4.44847,0.0,2.066832,0.76561,0.0,0.0,0.231846,2.7224824,0.2585292
C000171,0.0,4.8014627,0.43583804,4.346795,0.98674554,0.0,0.0,2.1555877,4.1567745,0.0,0.0,0.0,0.0,0.0,4.6007237,0.0,0.64349073,0.0,0.3080512,3.8077295,2.833836,0.0,1.1096315,3.780874,0.0,4.914714,0.0,0.0,0.0,5.5751333,4.602255,1.1114993,0.0,4.8052845,2.3761487,0.32362995,0.0,3.5267744,0.54647887,2.295746,0.0,1.9021788,5.2456484,3.5099735,3.7867928,0.0,0.0,1.1388988,1.960922,1.8520893,0.0,0.0,3.2453592,1.5513133,0.0,5.291937,0.0,3.9707232,1.7095345,0.0,0.0,0.6793199,4.405485,1.3751365,0.0,3.007536,0.3917148,2.6167476,0.9262454,0.0,0.0,1.6571077,2.5357227,0.0,0.0,0.0,0.22982742,0.35906273,2.888287,0.0,0.7898136,0.17301561,0.51041096,2.4261577,2.1299691,0.04809931,0.6249071,2.4546096,0.0,3.2506597,0.0,0.0,0.0,3.4084547,2.7336402,0.5551192,0.097486585,2.8121028,1.6663494,0.62397635,0.25189185,2.3745615,0.4933058,1.8294783,0.0,1.3207632,3.177127,2.1098938,2.24924,0.042450085,0.06747573,1.049136,1.1334417,1.5323888,0.0,0.0,1.8953402,1.2200875,0.0,3.369914,0.0,2.7576575,1.3210458,0.0,0.20083964,0.6220732,2.6570568,1.3800633
C000172,0.0,4.365396,0.0,3.930901,0.0,0.0,0.0,1.1732485,3.7636876,0.0,0.0,0.0,0.0,0.0,4.214825,0.0,0.050368816,0.0,0.0,3.5322993,2.2068186,0.0,0.64657336,3.1817873,0.0,3.3572855,0.1566275,0.0,0.0,4.42352,4.010731,0.23750108,0.0,3.7197547,1.902455,0.0,0.0,3.0913744,0.5385255,1.3199968,0.0,0.89876294,4.568469,3.141261,3.5117688,0.0,0.0,0.18718593,0.84615463,1.4058892,0.0,0.0,2.6582088,1.223271,0.0,4.8748875,0.0,2.1157603,1.0688256,0.0,0.0,0.0,3.0660133,0.15126653,0.0,4.365396,0.0,3.930901,0.0,0.0,0.0,1.1732485,3.7636876,0.0,0.0,0.0,0.0,0.0,4.214825,0.0,0.050368816,0.0,0.0,3.5322993,2.2068186,0.0,0.64657336,3.1817873,0.0,3.3572855,0.1566275,0.0,0.0,4.42352,4.010731,0.23750108,0.0,3.7197547,1.902455,0.0,0.0,3.0913744,0.5385255,1.3199968,0.0,0.89876294,4.568469,3.141261,3.5117688,0.0,0.0,0.18718593,0.84615463,1.4058892,0.0,0.0,2.6582088,1.223271,0.0,4.8748875,0.0,2.1157603,1.0688256,0.0,0.0,0.0,3.0660133,0.15126653
C000173,0.0,1.5075945,0.024303332,1.54139,0.32675752,0.0,0.0,0.7758862,1.404464,0.0,0.0,0.0,0.20528206,0.042977482,1.5033426,0.0,0.38129187,0.0,0.16776542,1.3605778,1.1199253,0.0,0.24265543,1.4090892,0.0,1.57238,0.0,0.0,0.0,1.6281193,1.335868,0.0,0.0,1.255574,0.8590188,0.23510481,0.0,1.2773213,0.07645124,0.81479406,0.0,0.33594793,1.6847969,1.2146606,1.046576,0.0,0.06092779,0.41579542,0.14966518,0.9122971,0.0,0.0,0.98160446,0.5797239,0.0,1.697049,0.0,1.0663756,0.44753364,0.0,0.0,0.21848825,1.095297,0.5320793,0.0,2.451746,0.7295727,2.4124935,1.6050497,0.0,0.0,1.892688,1.804711,0.0,0.0,0.0,0.7429998,0.7727559,2.1741421,0.12829943,1.0665132,0.77726567,1.3304201,2.0585926,2.0873508,0.10959885,0.93381625,2.4216838,0.0,3.0569835,0.0,0.21798524,0.0,3.0659237,2.353044,0.13108411,0.25818372,2.469635,1.434293,1.4233773,0.9012701,2.102013,0.67590266,1.921389,0.0,1.3191046,2.7020507,1.7622856,1.6089153,0.56085074,0.033841066,1.3809793,0.8337778,1.6647667,0.0,0.0,1.3891609,1.4634613,0.0,3.0929084,0.18016131,2.8880532,1.1207314,0.0,0.5441661,1.0676333,1.9528977,1.7765687
C000174,0.0,4.2365913,0.24622978,4.535196,1.2003176,0.0,0.0,1.0767982,3.4293892,0.0,0.0,0.0,0.0,0.0,4.342451,0.0,0.25761858,0.45413107,1.024077,3.9998984,2.2871091,0.0,1.850304,3.8424435,0.0,4.2951736,0.0,0.0,0.0,5.335153,4.729403,0.7642373,0.0,5.093893,2.0571063,0.73344624,0.0,3.436908,1.7521157,1.2354144,0.0,1.5158862,5.5186977,3.8821244,3.581636,0.0,0.0,0.55187565,1.5389208,1.3659575,0.0,0.0,2.9316087,2.0242553,0.0,5.956833,0.0,3.3500154,0.8942255,0.0,0.0,0.8751727,3.5022914,0.5630658,0.0,3.1906092,0.47521785,3.2020679,1.213657,0.0,0.0,2.0030427,2.6536229,0.0,0.0,0.0,0.48909765,0.59684473,3.0354452,0.0,1.1455309,0.53079754,0.92659146,2.7985258,2.4493504,0.04299412,0.88984084,2.9094565,0.0,3.6946824,0.0,0.0,0.0,3.92446,3.0839248,0.29505172,0.19542877,3.1518962,1.9031286,1.0467166,0.5304972,2.6467278,0.6997469,1.9528044,0.0,1.4635524,3.7411158,2.4639142,2.3946767,0.19883785,0.019552395,1.2023897,0.9601876,2.0657916,0.0,0.0,2.070462,1.4425886,0.0,3.9702115,0.0,3.1909266,1.2041765,0.0,0.38458878,0.814177,2.6095896,1.5196257
C000175,0.0,4.0151515,0.25641787,3.397657,1.3016062,0.0,0.0,0.24725118,2.7849956,0.0,0.0,0.0,0.0,0.0,3.919213,0.0,0.0,0.20329499,1.1844369,3.178942,2.01926,0.0,1.9187016,3.301804,0.0,3.5852337,0.0,0.0,0.0,3.7849667,4.292432,0.8134804,0.0,4.726221,0.93588746,0.63639235,0.46142197,2.7307382,2.041351,1.0694675,0.0,0.54102063,4.3425827,3.800902,3.1169093,0.0,0.0,0.33644783,1.4371545,0.6201806,0.0,0.0,2.1506195,2.0525112,0.0,5.2909937,0.0,2.4004998,0.75499564,0.0,0.0,1.1389722,2.6653593,0.69033265,0.0,2.4913864,0.92335796,2.1227202,2.073935,0.0,0.0,2.4178512,2.0857923,0.0,0.0,0.0,1.4066913,1.2896074,2.3741236,0.48963755,1.557358,1.0218304,1.65807,2.1389153,2.4320674,0.54309493,1.1186342,2.6332028,0.0,3.5751634,0.0,0.38255218,0.0,2.7752945,2.5064836,0.43179545,0.85337555,2.4663246,1.4477704,1.5903693,1.5885012,2.1706295,0.8559545,2.5502486,0.0,1.5155307,2.888304,2.1152415,1.8628067,0.79943144,0.11188527,1.7430592,0.9744996,2.2512708,0.0,0.0,1.512517,1.4888325,0.0,3.1632404,0.3841985,3.256646,1.5771872,0.0,1.2368971,1.5982002,2.1710908,2.4270892
C000176,0.0,4.44118,0.0,3.9804492,0.0,0.0,0.0,1.2045172,3.8252444,0.0,0.0,0.0,0.0,0.0,4.2812924,0.0,0.069955856,0.0,0.0,3.5867972,2.2465672,0.0,0.6373542,3.23307,0.0,3.4304752,0.15394661,0.0,0.0,4.4966474,4.0596786,0.26560825,0.0,3.7922544,1.9674802,0.0,0.0,3.138443,0.52192837,1.3603028,0.0,0.946996,4.6119156,3.1757183,3.5749917,0.0,0.0,0.2174189,0.8788609,1.4384847,0.0,0.0,2.7027626,1.2464758,0.0,4.9292917,0.0,2.1761575,1.1129113,0.0,0.0,0.0,3.134778,0.17753105,0.0,4.44118,0.0,3.9804492,0.0,0.0,0.0,1.2045172,3.8252444,0.0,0.0,0.0,0.0,0.0,4.2812924,0.0,0.069955856,0.0,0.0,3.5867972,2.2465672,0.0,0.6373542,3.23307,0.0,3.4304752,0.15394661,0.0,0.0,4.4966474,4.0596786,0.26560825,0.0,3.7922544,1.9674802,0.0,0.0,3.138443,0.52192837,1.3603028,0.0,0.946996,4.6119156,3.1757183,3.5749917,0.0,0.0,0.2174189,0.8788609,1.4384847,0.0,0.0,2.7027626,1.2464758,0.0,4.9292917,0.0,2.1761575,1.1129113,0.0,0.0,0.0,3.134778,0.17753105
C000177,0.0,3.033848,0.9591446,2.9236054,2.1751823,0.0,0.0,3.1760798,2.700013,0.0,0.0,0.0,0.98737353,1.4877936,2.7218258,0.0,1.9005913,0.82389927,1.3817005,2.4567816,3.085177,0.0,1.0742133,2.951572,0.0,4.6045837,0.0,0.11546397,0.0,3.8839216,3.0717983,0.4143264,0.5753552,3.1439128,1.9217906,1.4893954,1.0764587,2.4815428,0.39216524,2.9784534,0.0,1.9963794,3.6381142,2.4931493,2.3355725,0.42178255,0.07166536,2.1828907,1.3087361,2.8063207,0.0,0.0,2.275343,1.1132921,0.0,3.2646613,0.21888661,4.114765,1.906291,0.0,1.0831136,1.7726583,3.1495667,2.690043,0.0,1.8051013,2.7403414,1.3531259,4.2662544,0.0,0.0,6.545614,1.3829852,0.7053263,0.0,0.0,4.1216497,4.4773335,1.5236053,2.598879,5.0150905,3.2267256,3.5333104,1.3401241,4.6575956,3.0054245,0.3777906,2.1251998,0.0,5.1368456,0.0,2.8901553,0.0,2.113868,1.4122044,0.22247478,3.2997456,1.3209391,2.598484,4.2713146,4.0321703,2.1327844,0.31836435,5.664821,0.5295098,3.4653637,1.7768555,1.0090712,1.0860837,2.7581275,0.87606955,4.6883273,0.6341977,5.555357,0.0,0.0,0.95743793,1.4436622,0.0,1.8296696,2.60146,5.8962984,3.8730597,0.04395227,4.7523894,3.3077765,2.081653,5.915016
C000178,0.0,0.0,24.534563,0.0,40.113037,0.0,0.0,50.619915,0.0,10.839824,0.0,0.0,44.157524,43.326492,0.0,30.266857,42.10704,37.35273,34.67023,0.0,30.824928,34.38483,2.607183,4.082976,0.0,28.444332,0.0,36.13014,0.0,0.0,0.0,0.0,32.092525,0.0,10.73087,38.72317,42.297924,1.0049539,0.0,40.174984,6.013898,25.296402,0.0,0.0,0.0,28.481594,8.742399,34.91134,0.0,45.221333,0.0,0.0,0.0,5.905957,0.0,0.0,36.444366,34.734295,23.99825,2.1381972,51.733025,31.73962,0.0,45.85328,0.0,0.52932495,13.221776,0.56926835,22.02721,0.0,0.0,26.149942,0.32281497,4.745596,0.0,0.0,23.660965,22.469585,0.3010107,15.305041,22.173834,20.443344,19.39914,0.49605814,16.884373,17.573162,3.13952,4.3834596,0.0,16.899761,0.0,18.728046,0.0,0.6653067,1.3025963,0.0,16.264645,1.6098862,5.954805,20.63728,23.582813,1.9538822,2.3992577,21.966602,2.3643496,13.608353,0.8918212,1.7907894,1.3489535,14.997002,4.320051,18.419682,0.040211454,24.23425,0.0,0.0,0.18196456,4.0799713,0.0,2.379788,18.866245,19.475758,12.198967,0.5911478,26.95109,17.447784,0.944119,24.684593
C000179,0.0,4.517453,0.0,4.030518,0.0,0.0,0.0,1.2357278,3.8872411,0.0,0.0,0.0,0.0,0.0,4.348421,0.0,0.087601274,0.0,0.0,3.6410933,2.288518,0.0,0.6286283,3.286436,0.0,3.5031018,0.15119177,0.0,0.0,4.5712194,4.10885,0.2926127,0.0,3.8636827,2.033347,0.0,0.0,3.18525,0.50784117,1.4016508,0.0,0.99505746,4.6559,3.2087321,3.6379929,0.0,0.0,0.24875264,0.90989894,1.471957,0.0,0.0,2.7493343,1.2697273,0.0,4.9852586,0.0,2.2367656,1.1581706,0.0,0.0,0.0,3.2038324,0.20541912,0.0,4.517453,0.0,4.030518,0.0,0.0,0.0,1.2357278,3.8872411,0.0,0.0,0.0,0.0,0.0,4.348421,0.0,0.087601274,0.0,0.0,3.6410933,2.288518,0.0,0.6286283,3.286436,0.0,3.5031018,0.15119177,0.0,0.0,4.5712194,4.10885,0.2926127,0.0,3.8636827,2.033347,0.0,0.0,3.18525,0.50784117,1.4016508,0.0,0.99505746,4.6559,3.2087321,3.6379929,0.0,0.0,0.24875264,0.90989894,1.471957,0.0,0.0,2.7493343,1.2697273,0.0,4.9852586,0.0,2.2367656,1.1581706,0.0,0.0,0.0,3.2038324,0.20541912
C000180,0.0,3.3449068,0.0,3.4366684,0.92989343,0.0,0.0,0.0,2.559656,0.0,0.0,0.0,0.0,0.0,3.4344935,0.0,0.0,0.0,0.4694417,3.0241454,1.3581777,0.0,1.7261858,3.0839005,0.0,3.1129441,0.0,0.0,0.0,3.769932,3.932023,0.7669918,0.0,3.968317,0.9206719,0.0,0.0,2.736031,1.5364246,0.4576832,0.0,0.45819876,4.5489125,3.3038116,2.7684777,0.0,0.0,0.0,1.377754,0.0,0.0,0.0,2.127357,1.5975873,0.0,4.73909,0.0,1.9492629,0.33817655,0.0,0.0,0.50233036,2.5362387,0.0,0.0,2.9042141,0.10376585,2.7024894,0.6775688,0.0,0.0,0.8078505,2.3931766,0.0,0.0,0.0,0.06366536,0.12137432,2.8921475,0.0,0.33006397,0.0,0.33262205,2.44892,1.5817564,0.0,0.86579126,2.429121,0.0,2.754744,0.002313871,0.0,0.0,3.2366982,2.9194102,0.53448045,0.0070911176,2.8500037,1.232291,0.16880485,0.017338436,2.2871907,0.74186236,1.074513,0.0,0.81278706,3.402142,2.3042912,2.2286289,0.0,0.031210568,0.44196498,1.0487857,0.7717221,0.0,0.0,1.8163109,1.2653506,0.0,3.563413,0.0,2.0417597,0.79531723,0.0,0.04726055,0.4184187,2.4018333,0.5724574
C000181,0.0,4.203951,0.29646772,3.7211792,1.1515448,0.0,0.0,1.5735134,3.4848037,0.0,0.0,0.0,0.0,0.0,4.079005,0.0,0.5098672,0.0,0.5008078,3.324183,2.516695,0.0,1.2938472,3.395049,0.0,4.2343554,0.0,0.0,0.0,4.679423,4.0730486,0.69056666,0.0,3.9386294,1.7990375,0.2661211,0.0,2.985511,1.0417776,1.74798,0.0,1.4360617,4.684298,3.175023,3.046464,0.0,0.0,0.8682347,1.3785219,1.7578886,0.0,0.0,2.7701333,1.5153902,0.0,4.7230377,0.0,3.1509557,1.3795528,0.0,0.0,0.7928329,3.5108416,1.0287559,0.0,2.3034103,0.5769896,1.9402623,1.4457488,0.0,0.0,2.0387237,1.9677209,0.0,0.0,0.0,0.84209245,0.89436746,2.1793854,0.20153622,1.3124982,0.62250876,1.0903143,1.8726729,2.095938,0.3508763,0.7052853,2.1831229,0.0,3.031617,0.0,0.20003839,0.0,2.7673538,2.104133,0.21512248,0.5664037,1.9968671,1.4031549,1.0954348,1.0299128,1.9858276,0.47357026,2.0435855,0.0,1.2719189,2.6292133,1.591797,1.5842099,0.50454587,0.0996536,1.3269722,0.735123,1.9861735,0.0,0.0,1.4376291,1.2509438,0.0,2.7731009,0.07729588,2.7012823,1.3406396,0.0,0.7798446,1.0180897,1.9681168,1.7880205
C000182,0.0,3.2834566,0.0,3.0078673,0.0,0.0,0.0,0.79285663,2.9158783,0.0,0.0,0.0,0.0,0.0,3.204388,0.0,0.049703483,0.0,0.0,2.7336206,1.6997378,0.0,0.46652696,2.4666343,0.0,2.67558,0.11662673,0.0,0.0,3.3970132,3.0063553,0.25045165,0.0,2.8865633,1.5326666,0.0,0.0,2.3601828,0.37101218,0.95807385,0.0,0.71087193,3.4537778,2.4278173,2.623131,0.0,0.0,0.15701945,0.63043624,1.0876223,0.0,0.0,2.053675,0.973386,0.0,3.710703,0.0,1.5722705,0.8007466,0.0,0.0,0.0,2.3954976,0.111173,0.0,3.5131195,0.19381793,3.3018444,0.9637849,0.0,0.0,0.978245,2.756934,0.0,0.0,0.0,0.0,0.0,3.3529072,0.0,0.09604951,7.658204e-05,0.63791424,2.8767788,1.713041,0.0,1.1779964,2.9332848,0.0,3.2620552,0.038875576,0.0,0.0,3.8381326,3.6095257,0.7544715,0.0,3.6368473,1.4032259,0.35944298,0.11180946,2.6591425,0.8803942,1.280038,0.0,1.0041815,4.0616517,2.7611845,2.636229,0.0,0.0,0.53049237,1.521835,0.6721861,0.0,0.0,2.172436,1.5223331,0.0,4.1711764,0.0,2.5377305,0.8726201,0.0,0.0,0.64042336,2.9829094,0.7051666
C000183,0.0,4.8295536,0.0,4.2426066,0.0,0.0,0.0,1.3509032,4.1465945,0.0,0.0,0.0,0.0,0.0,4.628681,0.0,0.14447023,0.0,0.0,3.8634048,2.4584599,0.0,0.6024993,3.510633,0.0,3.7917423,0.14153293,0.0,0.0,4.884644,4.3183684,0.39917353,0.0,4.1606746,2.300349,0.0,0.0,3.381959,0.46803138,1.5631235,0.0,1.1856955,4.849792,3.3485336,3.898463,0.0,0.0,0.37243396,1.0291177,1.6036185,0.0,0.0,2.9475756,1.3663222,0.0,5.2330713,0.0,2.4750426,1.3401322,0.0,0.0,0.0,3.4887705,0.3097754,0.0,4.8295536,0.0,4.2426066,0.0,0.0,0.0,1.3509032,4.1465945,0.0,0.0,0.0,0.0,0.0,4.628681,0.0,0.14447023,0.0,0.0,3.8634048,2.4584599,0.0,0.6024993,3.510633,0.0,3.7917423,0.14153293,0.0,0.0,4.884644,4.3183684,0.39917353,0.0,4.1606746,2.300349,0.0,0.0,3.381959,0.46803138,1.5631235,0.0,1.1856955,4.849792,3.3485336,3.898463,0.0,0.0,0.37243396,1.0291177,1.6036185,0.0,0.0,2.9475756,1.3663222,0.0,5.2330713,0.0,2.4750426,1.3401322,0.0,0.0,0.0,3.4887705,0.3097754
C000184,0.0,3.9021409,0.0,3.6204143,0.9893129,0.0,0.0,0.5761692,3.2349155,0.0,0.0,0.0,0.0,0.0,3.9158888,0.0,0.0,0.0,0.64335823,3.268056,1.941999,0.0,1.9691994,3.3554926,0.0,3.8223305,0.0,0.0,0.0,4.4626555,4.5282927,0.8014368,0.0,4.2991443,1.0855188,0.16650656,0.0,2.97241,1.6629782,1.13711,0.0,0.67864984,4.7778363,3.5906563,3.2838442,0.0,0.0,0.12621285,1.21743,0.89187354,0.0,0.0,2.5747378,1.7077973,0.0,5.2925196,0.0,2.4690757,0.8595429,0.0,0.0,0.9184954,2.9226317,0.39062637,0.0,2.4432988,1.0618864,2.0716982,2.0852497,0.0,0.0,2.6411633,1.9623247,0.01044662,0.0,0.0,1.3852025,1.3932168,2.2958114,0.5630345,1.7014087,1.1910819,1.6541201,2.0882678,2.6014256,0.714314,1.0459112,2.5111234,0.0,3.6035533,0.0,0.5669843,0.0,2.821686,2.4218001,0.43125835,0.87068236,2.491872,1.4839809,1.7084806,1.691911,2.2745814,0.78440535,2.77858,0.0,1.7208096,2.7706406,2.036942,1.940889,0.8753894,0.17331441,1.8670315,0.99613744,2.40233,0.0,0.0,1.5019683,1.4653375,0.0,3.1179194,0.47899038,3.4992378,1.7520225,0.0,1.4401156,1.6616474,2.1945958,2.653552
C000185,0.0,3.1299348,0.0,3.129284,0.49497727,0.0,0.0,0.0074909925,2.6129267,0.0,0.0,0.0,0.0,0.0,3.161543,0.0,0.0,0.0,0.36612183,2.7355886,1.3118815,0.0,1.5055236,2.8903923,0.0,2.6247025,0.0,0.0,0.0,3.3797166,3.551635,0.3696216,0.0,3.3555558,0.86539066,0.0,0.0,2.4041512,1.3298128,0.6050942,0.0,0.22335406,4.011954,2.897109,2.6129472,0.0,0.0,0.0,0.87839115,0.2055673,0.0,0.0,1.8745353,1.4069252,0.0,4.36201,0.0,1.5542331,0.26700348,0.0,0.0,0.42059994,2.0597713,0.0,0.0,2.54944,0.3832353,2.2520208,1.0539825,0.0,0.0,1.3111397,2.078742,0.0,0.0,0.0,0.3895121,0.4837096,2.4025726,0.045410424,0.7723572,0.28175324,0.8026612,2.0920672,1.8261528,0.0,0.83461475,2.3357718,0.0,2.855081,8.0589205e-05,0.0,0.0,2.9572093,2.423587,0.28767127,0.19504124,2.345083,1.2422488,0.68308914,0.58017266,2.0839005,0.5561085,1.5368843,0.0,0.9644436,2.9408064,1.8776793,1.7670803,0.27774152,0.02537723,0.90013057,0.88116884,1.2712376,0.0,0.0,1.515161,1.2760266,0.0,3.1067548,0.0,2.354071,1.0005125,0.0,0.29526085,0.76110864,2.007168,1.2101868
C000186,0.0,3.2869403,0.020600706,3.209942,0.79613674,0.0,0.0,0.19141035,2.6033568,0.0,0.0,0.0,0.0,0.0,3.1552634,0.0,0.0,0.0,0.39586505,2.7782583,1.1159885,0.0,1.5165102,2.8572168,0.0,2.8538108,0.0,0.0,0.0,3.3490744,3.907627,1.2159958,0.0,3.7445266,0.8584815,0.0,0.0,2.460269,0.97963095,0.7390902,0.0,0.6494599,3.9884536,3.0126946,2.5732489,0.0,0.0,0.16447414,1.7887996,0.0,0.0,0.0,2.0823545,1.4248016,0.0,3.919303,0.0,2.1754684,0.5613141,0.0,0.0,0.6949694,2.9767098,0.17732725,0.0,2.4014456,0.37031242,2.1196074,1.1947032,0.0,0.0,1.6172755,2.0491045,0.0,0.0,0.0,0.5185685,0.5856073,2.300624,0.18214871,0.95183074,0.35600942,0.8158043,1.9803532,1.875781,0.2073859,0.7150139,2.128259,0.0,2.8106203,0.0,0.10861823,0.0,2.7835932,2.320633,0.37767693,0.38491037,2.1847737,1.3033073,0.84389025,0.61596024,2.0377665,0.50564396,1.6963128,0.0,1.07605,2.7829034,1.7834715,1.7327695,0.334869,0.08067887,0.9909222,0.9355759,1.4731514,0.0,0.0,1.5311534,1.1991808,0.0,2.872047,0.13052283,2.4367354,1.195065,0.0,0.50372213,0.8871933,2.12116,1.4092182
C000187,0.0,3.4223752,0.0,3.4619865,0.89295936,0.0,0.0,0.0,2.5856771,0.0,0.0,0.0,0.0,0.0,3.5074701,0.0,0.0,0.0,0.5371848,2.9939475,1.4050157,0.0,1.619816,3.0947056,0.0,3.0620668,0.0,0.0,0.0,3.66707,3.94546,0.89334965,0.0,4.0706096,0.91584957,0.0,0.0,2.7528887,1.4902954,0.5634801,0.0,0.46410176,4.441667,3.3479943,2.821496,0.0,0.0,0.0,1.533026,0.0,0.0,0.0,2.122281,1.5914707,0.0,4.6822443,0.0,2.0206242,0.4049859,0.0,0.0,0.5027858,2.5810366,0.08411938,0.0,2.1160624,1.7045091,1.6929903,2.8131638,0.0,0.0,3.9429257,1.5265949,0.33637556,0.0,0.0,2.4159644,2.6532078,1.7554559,1.4528182,2.966498,1.9047858,2.2827637,1.6147544,3.05995,1.7767633,0.6187476,2.198107,0.0,3.9857838,0.001311035,1.6799334,0.0,2.4382803,1.8868273,0.283984,1.9040947,1.7967876,1.8012657,2.5436814,2.4773374,2.0095055,0.39340645,3.565035,0.19881357,2.3388085,2.3075185,1.3797613,1.2699623,1.6241215,0.4331759,2.7946167,0.84552085,3.2633786,0.0,0.0,1.1699954,1.314481,0.0,2.1758869,1.5164452,4.2258525,2.4162583,0.0,2.705725,2.1385028,2.152117,3.598791
C000188,0.0,4.9106903,0.0,4.300963,0.0,0.0,0.0,1.3791767,4.2158093,0.0,0.0,0.0,0.0,0.0,4.7044935,0.0,0.15785436,0.0,0.0,3.9206975,2.5011885,0.0,0.59680986,3.5690007,0.0,3.8655152,0.1392026,0.0,0.0,4.9690547,4.375079,0.42668068,0.0,4.241102,2.3696866,0.0,0.0,3.435846,0.46065027,1.6025869,0.0,1.2348424,4.904898,3.3874612,3.9682565,0.0,0.0,0.40254334,1.059376,1.6367652,0.0,0.0,3.000523,1.3919424,0.0,5.3023477,0.0,2.5360367,1.3864878,0.0,0.0,0.0,3.5647528,0.3335089,0.0,4.9106903,0.0,4.300963,0.0,0.0,0.0,1.3791767,4.2158093,0.0,0.0,0.0,0.0,0.0,4.7044935,0.0,0.15785436,0.0,0.0,3.9206975,2.5011885,0.0,0.59680986,3.5690007,0.0,3.8655152,0.1392026,0.0,0.0,4.9690547,4.375079,0.42668068,0.0,4.241102,2.3696866,0.0,0.0,3.435846,0.46065027,1.6025869,0.0,1.2348424,4.904898,3.3874612,3.9682565,0.0,0.0,0.40254334,1.059376,1.6367652,0.0,0.0,3.000523,1.3919424,0.0,5.3023477,0.0,2.5360367,1.3864878,0.0,0.0,0.0,3.5647528,0.3335089
C000189,0.0,5.184124,0.5669041,4.284396,0.68931186,0.0,0.0,3.5844746,4.1556034,0.0,0.0,0.0,0.3552776,0.8634171,4.492391,0.0,1.9495624,0.0,0.36439657,3.7661464,3.8520575,0.0,0.119598486,4.2843366,0.0,4.865935,0.0,0.0,0.0,5.2763753,4.133321,0.0,0.0,4.184207,3.3726165,0.8831936,0.0,4.1622987,0.0,3.708632,0.0,2.030928,4.7243686,3.109126,3.7648647,0.0,0.0,2.5100472,0.98705566,3.4309115,0.0,0.0,3.2914138,1.5742869,0.0,4.800004,0.0,4.4614034,2.5328047,0.0,0.5551532,0.489804,3.7205935,2.6574163,0.0,2.8934443,3.99113,2.6206186,6.841334,0.0,0.0,9.276223,2.0010207,1.0217289,0.0,0.0,6.411116,6.3089156,2.3328965,3.9887276,7.0633874,5.7905407,6.154062,2.2932956,6.8157997,4.360472,1.3044298,3.6570547,0.0,7.851986,0.0,4.6295505,0.0,3.1471865,2.8042548,0.089752026,4.557208,2.9555912,3.5619004,6.635407,6.6266656,3.013633,0.8111904,7.8580575,0.4945793,5.056849,3.2485573,2.170238,2.3916175,4.1599727,0.9066338,6.382002,0.65672535,8.264104,0.0,0.0,1.7163142,2.5920131,0.0,3.8686743,4.703728,8.155688,4.830177,0.0,7.3490014,5.6429114,2.703223,8.334157
C000190,0.0,3.8562067,0.0,3.483354,0.72841465,0.0,0.0,0.3160948,2.9834042,0.0,0.0,0.0,0.0,0.0,3.6662905,0.0,0.0,0.0,0.52662736,3.2515557,1.4990395,0.0,1.6688182,3.1859975,0.0,3.2211285,0.0,0.0,0.0,3.8726203,4.3455186,0.98295856,0.0,4.2829103,0.9430587,0.043302447,0.0,2.8009527,1.3263308,1.0085366,0.0,0.5378215,4.4625177,3.6308057,3.1894555,0.0,0.0,0.17617139,1.6451275,0.16681969,0.0,0.0,2.2830524,1.5338861,0.0,4.776231,0.0,2.297393,0.7328,0.0,0.0,0.75787485,2.9853477,0.36554515,0.0,3.139573,0.32711232,2.7498608,1.174341,0.0,0.0,1.286372,2.612267,0.0,0.0,0.0,0.25743935,0.33434182,3.0308518,0.13094369,0.6106345,0.2576359,0.79647577,2.6933212,1.9000623,0.16771176,1.2170248,2.8319483,0.0,3.3094616,0.0,0.062421527,0.0,3.458641,3.293021,0.89603513,0.2599501,3.2622256,1.3461306,0.63164026,0.49891335,2.608807,1.007174,1.717056,0.0,1.1558247,3.6171541,2.7359586,2.4889722,0.22003329,0.05923776,0.929462,1.4406161,1.1787,0.0,0.0,2.00367,1.423069,0.0,3.861995,0.0,2.7854326,1.2256753,0.0,0.30295363,0.94322765,2.7640653,1.3718017
C000191,0.0,2.0070977,8.06945,2.2300506,13.496765,0.0,0.0,17.88111,0.9929557,2.6719933,0.0,0.0,14.036406,13.602162,1.1323612,9.311661,14.493029,12.085215,12.556699,1.6737796,11.824217,9.593702,1.6394131,4.7011137,0.0,12.4072075,0.0,10.294111,0.0,1.7433895,2.1306114,0.0,9.960616,2.2786973,5.478661,13.893294,13.827625,3.022283,0.35370255,14.763943,1.7179203,9.013739,2.2248704,1.4990562,1.5343915,9.210966,2.0763988,12.689498,0.0,16.071676,0.0,0.0,0.8848516,3.6750746,0.0,3.2269335,10.984325,13.741579,8.936723,0.0,16.336723,11.517016,1.9253616,16.370445,0.0,1.8099718,4.401279,1.7243204,7.7423453,0.0,0.0,9.780681,1.3116006,1.2950319,0.0,0.0,7.7193127,7.384861,1.4188019,4.797837,7.8732524,6.748607,6.8270936,1.5300035,7.005148,5.4706855,1.3286272,2.9980612,0.0,7.547054,0.0,5.672274,0.0,2.1393466,1.8765508,0.053162914,5.3981934,1.947795,3.1826563,7.2789826,7.7930846,2.1840067,0.8368637,8.186409,0.6010611,5.231657,2.18906,1.5635371,1.617185,4.8676844,1.2664307,6.653425,0.4491929,8.936826,0.0,0.0,1.0385629,2.3413267,0.0,2.824109,5.7861485,8.052944,4.732605,0.04729685,8.585319,6.171978,1.8261398,8.883513
C000192,0.0,2.3570786,0.28784606,2.3206546,1.0527972,0.0,0.0,0.6564605,1.992428,0.0,0.0,0.0,0.17249104,0.0,2.3183498,0.0,0.0,0.091120735,0.7073857,2.1050208,1.4009156,0.0,1.1576605,2.4004657,0.0,2.4886422,0.0,0.0,0.0,2.563898,2.6837115,0.8626935,0.0,2.6825604,0.73016745,0.4896638,0.31473735,1.8507862,1.0233744,1.1201912,0.0,0.66158223,2.735628,2.4735365,1.9268144,0.0,0.0,0.8049227,1.1496418,0.633812,0.0,0.0,1.4406354,1.133946,0.0,3.082752,0.0,1.9816744,0.7768004,0.0,0.0,0.981007,2.078926,0.9862174,0.0,2.499916,0.30902156,2.2145326,1.1792594,0.0,0.0,1.2886566,2.0952773,0.0,0.0,0.0,0.24116322,0.26290825,2.4569926,0.077392496,0.5439273,0.24068461,0.7975273,2.09748,1.7322947,0.10128855,0.98524284,2.3240325,0.0,2.8043306,0.0,0.021934154,0.0,2.9653835,2.5601642,0.5866283,0.1798002,2.5041087,1.170353,0.7193152,0.5102332,2.0971375,0.7816844,1.5541756,0.0,1.001088,2.9165435,2.059273,1.8968151,0.1527797,0.04449817,0.89810795,1.0903742,1.2163582,0.0,0.0,1.6540333,1.2657839,0.0,3.121239,0.0,2.394034,1.064789,0.0,0.2204471,0.9106814,2.2013547,1.2678181
C000193,0.0,4.2902927,0.0,3.8823357,0.0,0.0,0.0,1.145171,3.7044387,0.0,0.0,0.0,0.0,0.0,4.1480355,0.0,0.034182936,0.0,0.0,3.4782727,2.1696503,0.0,0.6561631,3.1334074,0.0,3.288463,0.15946442,0.0,0.0,4.353773,3.9609628,0.20830801,0.0,3.6472192,1.8406935,0.0,0.0,3.0456429,0.554196,1.2810378,0.0,0.8527434,4.525694,3.1058564,3.448229,0.0,0.0,0.15776369,0.814541,1.3768015,0.0,0.0,2.615044,1.2019055,0.0,4.821518,0.0,2.0583134,1.0249199,0.0,0.0,0.0,2.9982934,0.12739614,0.0,4.2902927,0.0,3.8823357,0.0,0.0,0.0,1.145171,3.7044387,0.0,0.0,0.0,0.0,0.0,4.1480355,0.0,0.034182936,0.0,0.0,3.4782727,2.1696503,0.0,0.6561631,3.1334074,0.0,3.288463,0.15946442,0.0,0.0,4.353773,3.9609628,0.20830801,0.0,3.6472192,1.8406935,0.0,0.0,3.0456429,0.554196,1.2810378,0.0,0.8527434,4.525694,3.1058564,3.448229,0.0,0.0,0.15776369,0.814541,1.3768015,0.0,0.0,2.615044,1.2019055,0.0,4.821518,0.0,2.0583134,1.0249199,0.0,0.0,0.0,2.9982934,0.12739614
C000194,0.0,2.8358252,0.0,2.703454,0.0,0.0,0.0,0.98620725,2.41678,0.0,0.0,0.0,0.0,0.0,2.7507122,0.0,0.20493792,0.0,0.0,2.2817984,1.6128151,0.0,0.37596437,2.288034,0.0,2.2877865,0.06728556,0.0,0.0,2.9019227,2.596767,0.04643538,0.0,2.3387537,1.2492285,0.0,0.0,2.1654692,0.2535041,0.996948,0.0,0.51648206,2.9513667,2.082848,2.183552,0.0,0.0,0.28482515,0.4992203,1.1050137,0.0,0.0,1.8436443,0.7602825,0.0,3.1147,0.0,1.5705173,0.67785186,0.0,0.0,0.013913095,1.8879814,0.3138731,0.0,3.3892665,0.0,3.540918,0.5522883,0.0,0.0,0.5576415,2.6850715,0.0,0.0,0.0,0.0,0.0,3.3172317,0.0,0.10246896,0.0,0.40847617,2.9790587,1.6093298,0.0,1.2977825,2.828398,0.0,2.944713,0.03364278,0.0,0.0,3.8402107,3.6761918,0.4004571,0.0,3.574939,1.2548478,0.25904766,0.0,2.7006938,1.0927268,0.6883055,0.0,0.70073754,4.1689506,2.9015296,2.6632276,0.0,0.0,0.14241257,1.0407996,0.55250686,0.0,0.0,2.1785629,1.423865,0.0,4.3767467,0.0,2.1249287,0.5262569,0.0,0.0,0.33166924,2.5319455,0.15693656
C000195,0.0,3.4392843,0.0,3.1125789,0.0,0.0,0.0,0.85401386,3.0412326,0.0,0.0,0.0,0.0,0.0,3.3379467,0.0,0.06851147,0.0,0.0,2.84436,1.7812614,0.0,0.46010992,2.590854,0.0,2.8221335,0.11093361,0.0,0.0,3.5547266,3.117281,0.2983625,0.0,3.0330887,1.6662352,0.0,0.0,2.4672968,0.34644946,1.0602462,0.0,0.7995943,3.540663,2.498361,2.751493,0.0,0.0,0.22872041,0.68751657,1.1513119,0.0,0.0,2.1493096,1.0222611,0.0,3.8278184,0.0,1.6931511,0.88889366,0.0,0.0,0.0,2.5235054,0.18294527,0.0,3.3191175,0.5756466,2.9466884,1.3581629,0.0,0.0,1.731438,2.557817,0.0,0.0,0.0,0.42983234,0.48720247,3.1334343,0.19027457,0.7592381,0.4084922,1.0122125,2.7008655,2.0988834,0.15960279,0.98617995,2.9393573,0.0,3.5941734,0.027733402,0.0,0.0,3.6791449,3.2010417,0.7348441,0.27377528,3.3588386,1.6530279,0.9026296,0.67272234,2.6242418,0.6323179,2.0347803,0.0,1.4455045,3.6821227,2.5117853,2.4085097,0.2941241,0.029178374,1.1694868,1.5394297,1.3030983,0.0,0.0,1.9993155,1.5665636,0.0,3.850212,0.026986323,3.19119,1.3495772,0.0,0.4012193,1.0391432,2.9893885,1.6046728
C000196,0.0,0.0,5.181258,0.0,8.782219,0.0,0.0,10.247338,0.0,2.0161948,0.0,0.0,8.738377,8.696128,0.0,5.5876846,8.6820345,7.466092,8.025387,0.0,6.5331335,6.397084,1.7568591,1.6500702,0.0,6.5230217,0.0,7.674751,0.0,0.063868254,0.27615485,0.0,6.5698853,0.0,2.044167,8.462863,9.059763,0.7894899,0.40148175,8.291445,0.9381964,5.0073066,0.38383213,0.0,0.0,6.166946,1.4117376,7.405374,0.0,9.085611,0.0,0.0,0.0,1.6123453,0.0,0.22241771,7.4229774,7.8129168,4.9589934,0.1450551,9.959606,7.0036325,0.0051324964,9.654934,0.0,1.9431674,2.9740086,1.4471416,4.6896124,0.0,0.0,6.211191,1.1923866,0.5411321,0.0,0.0,4.442362,4.689595,1.412158,2.5533683,5.0588436,3.6813571,4.2021585,1.3274264,4.6530404,2.8651211,0.77356005,2.4883325,0.00036150453,5.2217813,0.0,2.988478,0.0,2.1299648,1.5089842,0.067537405,3.1649964,1.6259623,2.3797705,4.556951,4.687421,2.1122189,0.54878604,5.6088133,0.28597108,3.4169295,1.7657318,1.1427331,1.1198982,3.0602462,0.6854715,4.7106066,0.48492482,5.610051,0.0,0.0,0.8197523,1.7280855,0.0,2.125356,2.669947,5.9559,3.6432161,0.012268137,5.039107,3.6764948,1.858435,6.042192
C000197,0.0,3.8909137,0.0,3.660995,0.363594,0.0,0.0,0.30493534,3.2313795,0.0,0.0,0.0,0.0,0.0,3.7994716,0.0,0.0,0.0,0.21506755,3.24448,1.6659379,0.0,1.5360852,3.360857,0.0,3.266562,0.0,0.0,0.0,4.2106256,4.008334,0.5769054,0.0,4.046206,1.4184234,0.0,0.0,2.9376502,1.2645266,0.96797186,0.0,0.6695481,4.528984,3.200891,3.1849573,0.0,0.0,0.06264346,1.193418,0.5287007,0.0,0.0,2.3549986,1.6204443,0.0,4.9895487,0.0,2.141155,0.6618748,0.0,0.0,0.26245672,2.7035737,0.035836503,0.0,2.2680938,0.7267462,1.8572123,1.4382801,0.0,0.0,2.0951493,1.8427839,0.0,0.0,0.0,1.031314,1.0588726,2.084253,0.4915739,1.378635,0.75522894,1.1071789,1.8083413,2.1261244,0.50358754,0.62867194,2.1750398,0.0,2.9506958,0.0,0.3793127,0.0,2.6026268,2.009479,0.2474821,0.72857094,1.9602051,1.4570159,1.2672236,1.1020346,2.024947,0.46320707,2.144261,0.010459254,1.3459505,2.4496572,1.5680667,1.5175154,0.69130963,0.1601524,1.4872143,0.81303376,1.851476,0.0,0.0,1.2672983,1.2765977,0.0,2.659164,0.28739744,2.809297,1.5030698,0.0,1.0030134,1.1031086,1.9636148,1.98531
C000198,0.0,2.8941002,0.81273603,2.7822754,1.8388516,0.0,0.0,2.2069914,2.5740926,0.0,0.0,0.0,1.0540881,1.2483664,2.8300085,0.0,1.6206131,0.8601308,1.3732989,2.4774349,2.6571565,0.0,1.1505703,2.7116551,0.0,3.839856,0.0,0.0,0.0,3.602148,2.8694077,0.1292389,0.25661334,2.9461126,1.636848,0.98407793,1.095779,2.225276,0.94006604,2.1110892,0.0,1.5278573,3.3404038,2.303506,2.1986349,0.30346164,0.0,1.5090739,0.81583714,2.5789595,0.0,0.0,2.0361354,1.3402858,0.0,3.4891005,0.0,3.207273,1.3232388,0.0,0.94830215,1.260252,2.507693,1.7402079,0.0,1.9196646,1.5114714,1.4334615,2.6787412,0.0,0.0,3.7607114,1.5558474,0.08489699,0.0,0.0,2.3659248,2.5265808,1.6150292,1.0705509,2.8689163,1.7792491,2.207578,1.460289,3.0481436,1.363617,0.60127026,2.1022067,0.0,3.7360017,0.0,1.229024,0.0,2.2998521,1.5778172,0.046509683,1.6424983,1.478038,1.6968143,2.4013784,2.4352136,1.843303,0.39551005,3.4101813,0.040203173,2.0631137,2.0057576,1.1453618,1.1546029,1.5102619,0.38059422,2.6888146,0.55429906,3.4226623,0.0,0.0,1.045255,1.3062508,0.0,2.0977583,1.0368224,3.891148,2.2200322,0.0,2.509576,1.9656781,1.7687843,3.4509919
C000199,0.0,4.517453,0.0,4.030518,0.0,0.0,0.0,1.2357278,3.8872411,0.0,0.0,0.0,0.0,0.0,4.348421,0.0,0.087601274,0.0,0.0,3.6410933,2.288518,0.0,0.6286283,3.286436,0.0,3.5031018,0.15119177,0.0,0.0,4.5712194,4.10885,0.2926127,0.0,3.8636827,2.033347,0.0,0.0,3.18525,0.50784117,1.4016508,0.0,0.99505746,4.6559,3.2087321,3.6379929,0.0,0.0,0.24875264,0.90989894,1.471957,0.0,0.0,2.7493343,1.2697273,0.0,4.9852586,0.0,2.2367656,1.1581706,0.0,0.0,0.0,3.2038324,0.20541912,0.0,4.517453,0.0,4.030518,0.0,0.0,0.0,1.2357278,3.8872411,0.0,0.0,0.0,0.0,0.0,4.348421,0.0,0.087601274,0.0,0.0,3.6410933,2.288518,0.0,0.6286283,3.286436,0.0,3.5031018,0.15119177,0.0,0.0,4.5712194,4.10885,0.2926127,0.0,3.8636827,2.033347,0.0,0.0,3.18525,0.50784117,1.4016508,0.0,0.99505746,4.6559,3.2087321,3.6379929,0.0,0.0,0.24875264,0.90989894,1.471957,0.0,0.0,2.7493343,1.2697273,0.0,4.9852586,0.0,2.2367656,1.1581706,0.0,0.0,0.0,3.2038324,0.20541912
C000200,0.0,3.8829386,0.029100657,3.843272,0.7950561,0.0,0.0,0.06730062,2.9358454,0.0,0.0,0.0,0.0,0.0,3.9333029,0.0,0.0,0.0,0.5769328,3.2860186,1.616129,0.0,1.6181209,3.4064462,0.0,3.3115125,0.0,0.0,0.0,3.9706793,4.2725472,1.1709311,0.0,4.6650705,1.1435848,0.0,0.0,3.0417285,1.5196736,0.82616884,0.0,0.6563496,4.6359367,3.6638699,3.215277,0.0,0.0,0.19224854,1.8463233,0.024440527,0.0,0.0,2.330744,1.7479038,0.0,5.087546,0.0,2.354124,0.60297537,0.0,0.0,0.4964385,2.9149728,0.33112785,0.0,3.8554275,0.15454492,3.5912342,0.708525,0.0,0.0,0.896477,3.1089423,0.0,0.0,0.0,0.0,0.0,3.7817314,0.0,0.13010302,0.0,0.39242706,3.1763527,1.8260638,0.0,1.1122453,3.139945,0.0,3.4313962,0.0020106111,0.0,0.0,4.160816,3.9034855,0.9031932,0.0,4.083294,1.6154356,0.14792939,0.0,2.975253,0.8550069,1.3436875,0.0,1.0775877,4.2713428,3.0301507,3.054725,0.0,0.0,0.56322426,1.6085815,0.6748721,0.0,0.0,2.3591862,1.6228356,0.0,4.5335994,0.0,2.650122,0.9857133,0.0,0.0,0.4294324,3.221033,0.66208845
C000201,0.0,3.2747698,0.0,3.0010133,0.0,0.0,0.0,0.7928064,2.9044726,0.0,0.0,0.0,0.0,0.0,3.196214,0.0,0.049651153,0.0,0.0,2.7231545,1.6941094,0.0,0.46505716,2.4627674,0.0,2.6662173,0.11511364,0.0,0.0,3.3862143,2.9977505,0.24883777,0.0,2.8799891,1.5281703,0.0,0.0,2.355625,0.36948103,0.9567111,0.0,0.7070523,3.4417236,2.4206524,2.6147418,0.0,0.0,0.15928835,0.6276078,1.0844464,0.0,0.0,2.0498183,0.968817,0.0,3.6975486,0.0,1.5697937,0.79899055,0.0,0.0,0.0,2.3859324,0.11384543,0.0,3.133796,0.35017908,2.7980242,1.0348926,0.0,0.0,1.4811115,2.549735,0.0,0.0,0.0,0.2656712,0.35251567,3.0231233,0.12179624,0.68618876,0.21530706,0.70945865,2.5577426,1.9751972,0.15595523,0.8813657,2.6366186,0.0,3.241664,0.02877841,0.05946652,0.0,3.4909406,3.046481,0.6234465,0.25574327,3.0322227,1.5780103,0.60073006,0.43982756,2.5180528,0.6878334,1.6372169,0.0,1.1931715,3.514995,2.346485,2.3494549,0.21645962,0.056306604,0.8937496,1.2168679,1.2983676,0.0,0.0,1.9248106,1.4125848,0.0,3.6715426,0.0,2.6509848,1.2064341,0.0,0.2935817,0.708535,2.689878,1.1907761
C000202,0.0,0.0,10.66703,0.0,19.492891,0.0,0.0,19.915987,0.0,4.3365493,0.0,0.0,20.524557,19.290167,0.0,13.383852,17.823845,17.824863,16.663101,0.0,13.066158,16.029839,3.6188493,1.9115865,0.0,12.116028,0.0,17.295519,0.0,0.0,0.0,0.0,13.5905905,0.0,2.79288,16.225258,20.181156,0.0,2.3459709,15.79195,1.9321539,10.112483,0.0,0.0,0.0,13.033018,3.7597947,13.619577,0.0,18.86773,0.0,0.0,0.0,3.013943,0.0,0.0,18.006273,13.449339,7.645336,0.77020556,22.810032,14.545977,0.0,18.033426,0.0,1.6579942,7.4651866,1.6939434,12.483797,0.0,0.0,15.173255,1.3466159,2.3752716,0.0,0.0,13.00056,12.525238,1.4236027,8.113434,12.641832,11.196141,10.976726,1.4130183,10.270836,9.4364395,1.9403021,3.4819846,0.0,10.801169,0.0,9.949181,0.0,2.0832798,1.7452431,0.12453272,8.985443,1.8817399,3.988468,11.353999,12.888951,2.0941696,1.0971007,12.749283,1.1383734,8.088637,1.9161435,1.556204,1.4946941,8.17303,2.196977,10.64752,0.41863272,14.009522,0.0,0.0,1.0297682,2.7329867,0.0,2.4813917,10.067595,12.038117,7.1230383,0.25792602,14.550277,9.75447,1.753844,14.0024
C000203,0.0,4.6711755,0.0,4.1321087,0.0,0.0,0.0,1.2967612,4.0125737,0.0,0.0,0.0,0.0,0.0,4.4840894,0.0,0.11891499,0.0,0.0,3.7499034,2.3751965,0.0,0.61289674,3.396669,0.0,3.6470957,0.14580995,0.0,0.0,4.7230945,4.208521,0.34497592,0.0,4.005937,2.1660519,0.0,0.0,3.2791052,0.48450363,1.4850314,0.0,1.0904719,4.745928,3.2735968,3.7641635,0.0,0.0,0.31250042,0.96931064,1.5395072,0.0,0.0,2.8459854,1.3164245,0.0,5.1011653,0.0,2.357296,1.249969,0.0,0.0,0.0,3.3426545,0.26232406,0.0,4.6711755,0.0,4.1321087,0.0,0.0,0.0,1.2967612,4.0125737,0.0,0.0,0.0,0.0,0.0,4.4840894,0.0,0.11891499,0.0,0.0,3.7499034,2.3751965,0.0,0.61289674,3.396669,0.0,3.6470957,0.14580995,0.0,0.0,4.7230945,4.208521,0.34497592,0.0,4.005937,2.1660519,0.0,0.0,3.2791052,0.48450363,1.4850314,0.0,1.0904719,4.745928,3.2735968,3.7641635,0.0,0.0,0.31250042,0.96931064,1.5395072,0.0,0.0,2.8459854,1.3164245,0.0,5.1011653,0.0,2.357296,1.249969,0.0,0.0,0.0,3.3426545,0.26232406
C000204,0.0,4.517453,0.0,4.030518,0.0,0.0,0.0,1.2357278,3.8872411,0.0,0.0,0.0,0.0,0.0,4.348421,0.0,0.087601274,0.0,0.0,3.6410933,2.288518,0.0,0.6286283,3.286436,0.0,3.5031018,0.15119177,0.0,0.0,4.5712194,4.10885,0.2926127,0.0,3.8636827,2.033347,0.0,0.0,3.18525,0.50784117,1.4016508,0.0,0.99505746,4.6559,3.2087321,3.6379929,0.0,0.0,0.24875264,0.90989894,1.471957,0.0,0.0,2.7493343,1.2697273,0.0,4.9852586,0.0,2.2367656,1.1581706,0.0,0.0,0.0,3.2038324,0.20541912,0.0,4.517453,0.0,4.030518,0.0,0.0,0.0,1.2357278,3.8872411,0.0,0.0,0.0,0.0,0.0,4.348421,0.0,0.087601274,0.0,0.0,3.6410933,2.288518,0.0,0.6286283,3.286436,0.0,3.5031018,0.15119177,0.0,0.0,4.5712194,4.10885,0.2926127,0.0,3.8636827,2.033347,0.0,0.0,3.18525,0.50784117,1.4016508,0.0,0.99505746,4.6559,3.2087321,3.6379929,0.0,0.0,0.24875264,0.90989894,1.471957,0.0,0.0,2.7493343,1.2697273,0.0,4.9852586,0.0,2.2367656,1.1581706,0.0,0.0,0.0,3.2038324,0.20541912
C000205,0.0,5.1987095,0.0,4.813013,0.60665804,0.0,0.0,0.40728146,4.0451837,0.0,0.0,0.0,0.0,0.0,5.076191,0.0,0.0,0.0,0.2483258,4.31593,2.2102215,0.0,1.8763323,4.246457,0.0,4.403531,0.0,0.0,0.0,5.486108,5.3831625,1.0890346,0.0,5.6103926,1.9153279,0.0,0.0,3.8981383,1.6144328,1.1522785,0.0,1.0895959,6.04098,4.3434634,4.2758975,0.0,0.0,0.0995247,1.9251657,0.52260256,0.0,0.0,3.1725862,2.1137881,0.0,6.5141287,0.0,2.994654,1.0334048,0.0,0.0,0.3382337,3.8656006,0.17918059,0.0,3.7175298,0.0,3.4421027,0.3927403,0.0,0.0,0.65688014,3.052929,0.0,0.0,0.0,0.0,0.0,3.6449351,0.0,0.13116907,0.0,0.1241629,3.0883417,1.8211251,0.0,1.0751799,2.9953737,0.0,3.1995416,0.0039022118,0.0,0.0,4.0073643,3.6809115,0.565299,0.0,3.670887,1.5218772,0.010860708,0.0,2.8063545,0.9040888,1.0389559,0.0,0.8346075,4.227537,2.9453545,2.9716122,0.0,0.0046117865,0.18041602,1.149566,0.78183544,0.0,0.0,2.315792,1.450751,0.0,4.544033,0.0,2.1697571,0.83162344,0.0,0.0,0.21525154,2.794383,0.28599557
C000206,0.0,2.8081443,0.0,2.8171725,1.1757064,0.0,0.0,0.16668394,2.203703,0.0,0.0,0.0,0.0,0.0,2.9153965,0.0,0.0,0.0,0.81132483,2.462043,1.2653747,0.0,1.7270687,2.5464108,0.0,2.673198,0.0,0.0,0.0,3.3139515,3.2967818,0.6676526,0.0,3.2611775,0.7613681,0.35088,0.0,2.2286844,1.3795649,0.49891806,0.0,0.3137347,3.8599293,2.6411974,2.1464164,0.0,0.0,0.0,1.2216797,0.10005501,0.0,0.0,1.8727473,1.5724747,0.0,4.006942,0.0,1.8852983,0.38273898,0.0,0.0,0.73787224,2.1667728,0.13950449,0.0,2.3098998,0.249425,2.0823317,0.90599847,0.0,0.0,1.2511646,2.0207245,0.0,0.0,0.0,0.357239,0.40236756,2.2805507,0.04450878,0.70517415,0.2777231,0.6224678,1.9685911,1.6656171,0.12660743,0.7209862,2.082897,0.0,2.5733387,0.00050056475,0.055260744,0.0,2.7599475,2.2205572,0.23804827,0.23370977,2.0956306,1.2013608,0.5505617,0.4555173,1.9224467,0.5179956,1.3792033,0.0,0.83839875,2.730871,1.7372686,1.6986356,0.16279584,0.04223476,0.6970799,0.6866692,1.3153802,0.0,0.0,1.4946547,1.1193937,0.0,2.8936062,0.008325568,2.0610602,0.89187837,0.0,0.3091283,0.6011777,1.8773293,0.97988844
C000207,0.0,4.991828,0.0,4.3593183,0.0,0.0,0.0,1.4074498,4.2850237,0.0,0.0,0.0,0.0,0.0,4.780303,0.0,0.1712386,0.0,0.0,3.9779902,2.543917,0.0,0.5911205,3.6273685,0.0,3.9392896,0.13687241,0.0,0.0,5.053466,4.431791,0.45418775,0.0,4.321529,2.4390233,0.0,0.0,3.4897325,0.45326936,1.6420499,0.0,1.2839893,4.960003,3.4263883,4.0380507,0.0,0.0,0.43265262,1.0896341,1.6699125,0.0,0.0,3.053471,1.4175625,0.0,5.3716235,0.0,2.597031,1.4328427,0.0,0.0,0.0,3.6407344,0.35724187,0.0,4.991828,0.0,4.3593183,0.0,0.0,0.0,1.4074498,4.2850237,0.0,0.0,0.0,0.0,0.0,4.780303,0.0,0.1712386,0.0,0.0,3.9779902,2.543917,0.0,0.5911205,3.6273685,0.0,3.9392896,0.13687241,0.0,0.0,5.053466,4.431791,0.45418775,0.0,4.321529,2.4390233,0.0,0.0,3.4897325,0.45326936,1.6420499,0.0,1.2839893,4.960003,3.4263883,4.0380507,0.0,0.0,0.43265262,1.0896341,1.6699125,0.0,0.0,3.053471,1.4175625,0.0,5.3716235,0.0,2.597031,1.4328427,0.0,0.0,0.0,3.6407344,0.35724187
C000208,0.0,3.99201,0.34932733,3.3734825,0.86852026,0.0,0.0,1.0146713,3.2763858,0.0,0.0,0.0,0.0,0.0,3.7384071,0.0,0.18268627,0.0,0.44655132,3.205846,2.0611954,0.0,1.3151782,3.4244752,0.0,3.663313,0.0,0.0,0.0,4.2953444,3.7794647,0.67767954,0.0,3.762573,1.7181158,0.27974054,0.0,2.7762296,1.0500696,1.5128214,0.0,1.1451011,4.1233797,2.9654996,2.8406081,0.0,0.0,0.8148024,1.3515457,1.2434365,0.0,0.0,2.3093536,1.6659861,0.0,4.4635873,0.0,2.7890859,1.1966485,0.0,0.0,0.58803725,3.083927,0.81150174,0.0,2.2605107,0.8042426,1.785578,1.7498739,0.0,0.0,2.3429646,1.8777035,0.0,0.0,0.0,1.167765,1.2240988,2.0885837,0.44736242,1.5849707,0.8886666,1.3412554,1.834689,2.2894835,0.50704277,0.72823143,2.2484212,0.0,3.210136,0.0,0.45017752,0.0,2.6728742,2.0207682,0.21666697,0.81270033,1.9385369,1.4797453,1.4382322,1.3752989,1.99906,0.49288675,2.3639047,0.005819309,1.4621928,2.4850967,1.5661371,1.4672345,0.7399152,0.15143721,1.6613195,0.82121676,2.2018497,0.0,0.0,1.3024324,1.3390206,0.0,2.6522353,0.36724687,3.0555801,1.6061723,0.0,1.1203666,1.3093694,1.9947032,2.2500226
C000209,0.0,4.7349973,0.0,4.449547,0.48330787,0.0,0.0,0.8465372,4.037834,0.0,0.0,0.0,0.0,0.0,4.7207646,0.0,0.04761505,0.0,0.22807857,4.0675364,2.3595533,0.0,1.6214046,4.0942564,0.0,4.3216686,0.0,0.0,0.0,5.4774003,4.7469254,0.7037112,0.0,4.942748,2.1972709,0.0,0.0,3.6435528,1.2883017,1.5199208,0.0,1.2541339,5.487292,3.7630785,3.971201,0.0,0.0,0.3438214,1.5385587,1.2206204,0.0,0.0,3.1052923,1.8831372,0.0,5.9874105,0.0,3.0467944,1.1534383,0.0,0.0,0.31804878,3.6134648,0.4036619,0.0,2.7783275,0.55271745,2.4049766,1.3687623,0.0,0.0,1.914565,2.2985475,0.0,0.0,0.0,0.74953943,0.83972996,2.6457927,0.31101438,1.1248236,0.48395973,1.066444,2.2663348,2.2569108,0.24497104,0.85828507,2.6328154,0.0,3.3613105,0.0,0.24942362,0.0,3.331582,2.578887,0.28400952,0.5587217,2.5342348,1.627666,0.99188197,0.87625957,2.343821,0.56705445,2.0400567,0.0,1.3173134,3.2102373,1.9394498,1.8773693,0.49799722,0.078674555,1.2651373,1.0366317,1.7794507,0.0,0.0,1.7032902,1.4390948,0.0,3.3223944,0.16198236,2.9929798,1.431039,0.0,0.65116423,1.0344115,2.3297296,1.6797149
C000210,0.0,3.2502897,0.0020764768,3.1937943,0.84172,0.0,0.0,0.79702437,2.925138,0.0,0.0,0.0,0.0,0.0,3.285001,0.0,0.057783455,0.0,0.5599551,2.8637862,1.6433526,0.0,1.468868,2.9137127,0.0,3.1576903,0.0,0.0,0.0,4.001606,3.5590277,0.6014938,0.0,3.5866857,1.4225752,0.055153087,0.0,2.4898338,1.0634031,1.0734376,0.0,0.782828,4.1685143,2.8120747,2.637951,0.0,0.0,0.22940317,1.2595032,0.82894415,0.0,0.0,2.3714921,1.465708,0.0,4.307302,0.0,2.3321745,0.74825376,0.0,0.0,0.6812756,2.810834,0.30329263,0.0,2.2407594,0.90937734,1.8015342,1.7661834,0.0,0.0,2.7956975,1.7931099,0.10559711,0.0,0.0,1.3065823,1.4893951,1.9601152,0.62102234,1.9448286,0.91923165,1.4492168,1.7188424,2.4835026,0.777961,0.57438016,2.122096,0.0,3.2460563,0.0,0.6260565,0.0,2.6134539,1.891698,0.20009086,1.0728889,1.7659147,1.710673,1.6478946,1.3941989,2.0492697,0.40894684,2.6174674,0.06885486,1.5856714,2.4401793,1.3638833,1.4273816,0.8720992,0.21237738,1.8972211,0.72584754,2.4461892,0.0,0.0,1.2770361,1.2711844,0.0,2.4984145,0.4687872,3.2225828,1.8182721,0.0,1.4394275,1.3554122,1.9709822,2.4839284
C000211,0.0,8.170969,0.27700207,9.785684,2.5583177,0.0,0.0,1.0971633,6.5512033,0.0,0.0,0.0,0.0,0.0,8.701788,0.0,0.0,2.1106992,2.9546475,8.42243,4.078075,0.0,4.5597,8.190437,0.0,8.467583,0.0,0.0,0.0,10.340688,10.465482,1.4675943,0.0,11.760323,3.6701887,2.4926076,0.44604015,7.375793,5.114973,1.9536357,0.0,3.0528407,11.261693,9.475349,8.13169,0.0,0.0,0.85374916,2.86828,2.0442991,0.0,0.0,5.9715366,4.5529556,0.0,13.477772,0.0,6.290595,1.4490607,0.0,0.0,2.3915546,7.2165184,1.2505314,0.0,6.7707195,0.85741293,6.868586,2.1290064,0.0,0.0,3.2532885,5.3324666,0.0,0.0,0.0,0.71818256,1.2094462,6.353112,0.0,1.7567966,1.0874145,2.1455054,6.0191793,4.4483175,0.21807839,2.27985,6.3138924,0.0,7.163888,0.0,0.0,0.0,7.879848,7.0991764,0.73379713,0.52559835,7.7250266,3.91601,2.3877163,0.7223136,5.9337397,2.5574865,3.6737325,0.0,2.9635143,7.929536,5.97927,5.737952,0.14857295,0.024877869,2.3866167,2.0062726,3.4582722,0.0,0.0,4.470093,3.249669,0.0,8.970508,0.0,6.1900134,2.573589,0.0,0.98558813,1.7970791,5.6115785,2.8855386
C000212,0.0,3.6642017,0.011277556,3.5513406,0.8461365,0.0,0.0,0.46398684,3.024191,0.0,0.0,0.0,0.0,0.0,3.526557,0.0,0.0,0.0,0.25843218,3.0999107,1.3720149,0.0,1.6082158,3.2431817,0.0,3.4096384,0.0,0.0,0.0,4.1164827,4.148295,1.1911663,0.0,4.1189785,1.2696786,0.0,0.0,2.8060036,0.8860538,1.020465,0.0,0.94672316,4.453731,3.1687055,2.796198,0.0,0.0,0.21074946,1.7600958,0.08240092,0.0,0.0,2.4875739,1.56915,0.0,4.3623705,0.0,2.565638,0.7752061,0.0,0.0,0.6192266,3.3284783,0.25140315,0.0,1.9520323,4.5846004,1.7127714,6.874585,0.0,0.0,10.225046,1.3587053,1.0443481,0.0,0.0,7.0964823,7.606439,1.3550156,4.5539923,8.178947,5.7787066,5.960556,1.398631,6.81911,5.239559,0.51466656,2.8945606,0.0,7.5784235,0.0,5.1547656,0.0,2.3348613,1.653732,0.2953392,5.4370456,1.4670246,3.4456744,6.7681603,6.830484,2.6007304,0.3298558,8.570547,0.7121748,5.4509172,2.0163932,1.0951382,1.2725091,4.7321134,1.2443583,7.2677827,0.6265089,8.837723,0.0,0.0,1.0150343,1.8458118,0.0,1.9456818,4.719779,8.763654,5.5210824,0.004894449,8.538314,5.333953,2.5544152,9.066345
C000213,0.0,5.2659802,0.0,4.5480413,0.0,0.0,0.0,1.5478469,4.5064483,0.0,0.0,0.0,0.0,0.0,5.0286765,0.0,0.24344437,0.0,0.0,4.170088,2.7167761,0.0,0.55687636,3.811788,0.0,4.215868,0.12780133,0.0,0.0,5.329979,4.6106067,0.54409236,0.0,4.5735846,2.679678,0.0,0.0,3.6608446,0.40588516,1.8074943,0.0,1.4677275,5.1383047,3.5457587,4.256547,0.0,0.0,0.5676535,1.1990026,1.8102305,0.0,0.0,3.2121224,1.4881855,0.0,5.5953703,0.0,2.8431854,1.6064732,0.0,0.0,0.0,3.900533,0.4882537,0.0,5.2659802,0.0,4.5480413,0.0,0.0,0.0,1.5478469,4.5064483,0.0,0.0,0.0,0.0,0.0,5.0286765,0.0,0.24344437,0.0,0.0,4.170088,2.7167761,0.0,0.55687636,3.811788,0.0,4.215868,0.12780133,0.0,0.0,5.329979,4.6106067,0.54409236,0.0,4.5735846,2.679678,0.0,0.0,3.6608446,0.40588516,1.8074943,0.0,1.4677275,5.1383047,3.5457587,4.256547,0.0,0.0,0.5676535,1.1990026,1.8102305,0.0,0.0,3.2121224,1.4881855,0.0,5.5953703,0.0,2.8431854,1.6064732,0.0,0.0,0.0,3.900533,0.4882537
C000214,0.0,4.594108,0.0,4.080994,0.0,0.0,0.0,1.2668654,3.9495687,0.0,0.0,0.0,0.0,0.0,4.416078,0.0,0.10367714,0.0,0.0,3.6952255,2.3321958,0.0,0.6202911,3.3414314,0.0,3.5752459,0.14837685,0.0,0.0,4.6469107,4.158209,0.3187505,0.0,3.9342623,2.0998545,0.0,0.0,3.2318428,0.49575514,1.4438144,0.0,1.0429646,4.7003064,3.2406063,3.7008202,0.0,0.0,0.28095362,0.93960404,1.5060972,0.0,0.0,2.7974977,1.2929994,0.0,5.0424576,0.0,2.2975178,1.2043599,0.0,0.0,0.0,3.2731085,0.23457666,0.0,4.594108,0.0,4.080994,0.0,0.0,0.0,1.2668654,3.9495687,0.0,0.0,0.0,0.0,0.0,4.416078,0.0,0.10367714,0.0,0.0,3.6952255,2.3321958,0.0,0.6202911,3.3414314,0.0,3.5752459,0.14837685,0.0,0.0,4.6469107,4.158209,0.3187505,0.0,3.9342623,2.0998545,0.0,0.0,3.2318428,0.49575514,1.4438144,0.0,1.0429646,4.7003064,3.2406063,3.7008202,0.0,0.0,0.28095362,0.93960404,1.5060972,0.0,0.0,2.7974977,1.2929994,0.0,5.0424576,0.0,2.2975178,1.2043599,0.0,0.0,0.0,3.2731085,0.23457666
C000215,0.0,4.365396,0.0,3.930901,0.0,0.0,0.0,1.1732485,3.7636876,0.0,0.0,0.0,0.0,0.0,4.214825,0.0,0.050368816,0.0,0.0,3.5322993,2.2068186,0.0,0.64657336,3.1817873,0.0,3.3572855,0.1566275,0.0,0.0,4.42352,4.010731,0.23750108,0.0,3.7197547,1.902455,0.0,0.0,3.0913744,0.5385255,1.3199968,0.0,0.89876294,4.568469,3.141261,3.5117688,0.0,0.0,0.18718593,0.84615463,1.4058892,0.0,0.0,2.6582088,1.223271,0.0,4.8748875,0.0,2.1157603,1.0688256,0.0,0.0,0.0,3.0660133,0.15126653,0.0,4.365396,0.0,3.930901,0.0,0.0,0.0,1.1732485,3.7636876,0.0,0.0,0.0,0.0,0.0,4.214825,0.0,0.050368816,0.0,0.0,3.5322993,2.2068186,0.0,0.64657336,3.1817873,0.0,3.3572855,0.1566275,0.0,0.0,4.42352,4.010731,0.23750108,0.0,3.7197547,1.902455,0.0,0.0,3.0913744,0.5385255,1.3199968,0.0,0.89876294,4.568469,3.141261,3.5117688,0.0,0.0,0.18718593,0.84615463,1.4058892,0.0,0.0,2.6582088,1.223271,0.0,4.8748875,0.0,2.1157603,1.0688256,0.0,0.0,0.0,3.0660133,0.15126653
C000216,0.0,4.748954,0.0,4.1849966,0.0,0.0,0.0,1.322895,4.077856,0.0,0.0,0.0,0.0,0.0,4.553611,0.0,0.13127246,0.0,0.0,3.8062406,2.4160001,0.0,0.60812235,3.4525928,0.0,3.7182646,0.1438452,0.0,0.0,4.801029,4.2620254,0.37172046,0.0,4.080956,2.2314837,0.0,0.0,3.32861,0.4756386,1.5236974,0.0,1.1368798,4.7953997,3.3099542,3.8292518,0.0,0.0,0.3423121,0.99895215,1.570714,0.0,0.0,2.8951707,1.3407818,0.0,5.1645555,0.0,2.4144711,1.2940309,0.0,0.0,0.0,3.4134014,0.28599963,0.0,4.748954,0.0,4.1849966,0.0,0.0,0.0,1.322895,4.077856,0.0,0.0,0.0,0.0,0.0,4.553611,0.0,0.13127246,0.0,0.0,3.8062406,2.4160001,0.0,0.60812235,3.4525928,0.0,3.7182646,0.1438452,0.0,0.0,4.801029,4.2620254,0.37172046,0.0,4.080956,2.2314837,0.0,0.0,3.32861,0.4756386,1.5236974,0.0,1.1368798,4.7953997,3.3099542,3.8292518,0.0,0.0,0.3423121,0.99895215,1.570714,0.0,0.0,2.8951707,1.3407818,0.0,5.1645555,0.0,2.4144711,1.2940309,0.0,0.0,0.0,3.4134014,0.28599963
C000217,0.0,6.3757725,0.6728308,5.7595167,1.2740477,0.0,0.0,2.4966178,4.7305574,0.0,0.0,0.0,0.0,0.0,6.090886,0.0,0.4283559,0.0,0.79063874,4.9050293,3.8839643,0.0,1.3005614,5.568383,0.0,5.71388,0.0,0.0,0.0,6.4691906,6.155234,1.126093,0.0,6.5479107,2.9413364,0.59561473,0.0,5.3388786,0.97719455,3.4435437,0.0,1.8566397,6.658391,5.0739603,5.174752,0.0,0.0,2.1571934,2.4908195,2.064806,0.0,0.0,3.9841027,2.3509815,0.0,7.145141,0.0,5.207388,2.2126338,0.0,0.0,0.9224942,4.7348886,2.381691,0.0,3.1384156,1.7730352,2.6594794,2.9105291,0.0,0.0,4.7877927,2.4514318,0.10520873,0.0,0.0,2.398918,2.5134866,2.781696,1.2324945,3.2251208,1.971344,2.5118327,2.3876169,3.9713933,1.2987691,0.7528176,3.0759583,0.0,5.0547338,0.0007327402,1.1991059,0.0,3.5260468,2.7562418,0.19576497,1.777514,2.7123907,2.5842464,2.9042025,2.4548883,2.9096339,0.48836565,4.380891,0.017609965,2.7173433,3.2969308,2.0852811,2.1983294,1.5731355,0.32192376,3.3416312,0.99766046,4.111696,0.0,0.0,1.8091127,1.7336221,0.0,3.4525375,1.0475968,5.089336,2.8741312,0.0,2.6690435,2.4310577,2.85635,4.285976
C000218,0.0,2.1145854,0.75989014,2.0974765,2.4173303,0.0,0.0,1.485879,1.833997,0.0,0.0,0.0,1.9364219,1.5907662,2.0570383,0.42768824,1.370887,1.807531,2.0730262,1.8331547,2.6249135,0.4014172,1.7191195,2.5407445,0.0,3.2113776,0.0,0.32406807,0.0,2.2719953,2.6509948,0.0,0.14892682,2.9138362,0.6917027,1.5612891,2.5562756,1.6306002,2.1145458,1.9722556,0.0,0.97382057,2.4748893,2.535086,2.450939,0.9149274,0.14072917,1.2522767,0.0,2.7285614,0.0,0.0,1.353588,1.6202321,0.0,3.941691,0.58450747,2.2541707,0.8081457,0.0,2.2809236,1.9713566,1.1459324,1.7173581,0.0,1.9173287,1.8784304,1.4192723,3.158675,0.0,0.0,4.2797594,1.4306179,0.14307058,0.0,0.0,2.7381303,2.9314613,1.5517755,1.3753904,3.2564373,2.2046793,2.5963962,1.4830912,3.4561071,1.6320314,0.7014757,2.2343063,0.0,4.134993,0.0,1.5060658,0.0,2.2756538,1.6516471,0.14514996,1.8898216,1.622264,1.8155829,2.9075992,3.023383,2.0043077,0.53671706,3.9775116,0.09211627,2.5015268,1.9950762,1.3249809,1.2782689,1.795448,0.41129896,3.184455,0.7115977,3.903714,0.0,0.0,1.054361,1.3935155,0.0,2.1834953,1.3831549,4.5204453,2.6037304,0.0,3.0213525,2.4037795,1.9318085,4.158887
C000219,0.0,2.5962386,0.16772588,2.4043288,1.0556852,0.0,0.0,0.7219092,2.3364341,0.0,0.0,0.0,0.12396431,0.0,2.447963,0.0,0.23606971,0.07234442,0.7914072,2.312028,1.4089823,0.0,1.2608057,2.7105877,0.0,2.9657617,0.0,0.0,0.0,3.1974056,2.820228,0.47097275,0.0,2.7459178,1.084967,0.44735247,0.17580472,1.9252552,0.91953796,1.1546198,0.0,0.67425066,3.2671833,2.2947526,1.7965543,0.0,0.0,0.50494355,1.098094,0.81385523,0.0,0.0,1.8313203,1.289284,0.0,3.23006,0.0,2.0804448,0.67985505,0.0,0.0,0.8542488,2.1780791,0.7984172,0.0,2.6306932,0.40861368,2.2292178,1.4312865,0.0,0.0,1.5688833,2.1970944,0.0,0.0,0.0,0.43509743,0.5015073,2.5005972,0.14143483,0.8526738,0.38338265,0.999971,2.2310276,1.9294354,0.19453897,1.0506246,2.4589057,0.0,3.1115324,0.0,0.03704363,0.0,3.0982914,2.6151347,0.56724966,0.32575637,2.5222583,1.3272924,0.95855635,0.7143401,2.1940396,0.8650816,1.7729214,0.0,1.1936958,3.0716426,2.0593147,1.8332845,0.25897095,0.07444019,1.0637095,1.1387994,1.4678814,0.0,0.0,1.666124,1.3959491,0.0,3.1922853,0.0,2.7199326,1.2409242,0.0,0.42147467,1.0529709,2.335015,1.5540237
C000220,0.0,0.505862,4.24125,1.6295711,8.994403,0.0,0.0,8.4315405,0.16449332,0.6853254,0.0,0.0,8.433225,7.692871,0.35563672,5.036088,7.1111917,8.077759,7.872122,1.0139892,6.5324874,6.2939706,3.290278,2.5354486,0.0,6.887934,0.0,6.984445,0.0,1.1002175,1.906908,0.0,5.1612234,2.5282536,1.2327974,7.0945973,8.835607,0.80461395,3.0590153,6.482529,0.0,4.513031,1.8263862,2.163469,1.6805999,5.458235,0.8538761,4.9963045,0.0,8.356047,0.0,0.0,0.8481274,2.148364,0.0,3.2495427,7.3054,6.1709137,2.2464132,0.0,9.305005,7.0088315,0.18632197,7.508914,0.0,1.3840604,4.697117,1.0845726,8.51058,0.0,0.0,9.31118,0.58210075,1.0796988,0.0,0.0,8.194081,7.7365437,0.9002386,5.003778,7.5661697,7.2643604,7.531868,1.1015887,6.915558,5.998175,2.1706505,2.7181184,0.0,7.336976,0.0,6.396652,0.0,1.3188958,1.661971,0.0,5.410555,2.0065486,2.3406708,7.2621274,8.442373,1.6066377,1.6645786,7.6403255,0.4179347,5.0916324,1.6893604,1.5286119,1.2047119,5.3053346,1.238276,6.294135,0.22843671,8.5966,0.0,0.0,0.6885445,2.3860192,0.0,2.6227336,6.566601,7.5757513,4.022742,0.0,8.925834,6.690775,1.1570454,8.719459
C000221,0.0,4.2143373,0.012018234,3.8560042,0.73398006,0.0,0.0,0.5444179,3.2648096,0.0,0.0,0.0,0.0,0.0,4.331747,0.0,0.0,0.0,0.52221495,3.6259007,1.8739983,0.0,1.3555168,3.5000153,0.0,3.3415174,0.0,0.0,0.0,3.983083,4.505661,1.0001445,0.0,4.564321,1.2375717,0.010450184,0.0,3.0658383,1.4714137,1.1880367,0.0,0.65946865,4.597315,3.79687,3.266449,0.0,0.0,0.38320222,1.5679708,0.6951186,0.0,0.0,2.4034314,1.7121574,0.0,5.169031,0.0,2.419126,0.87829757,0.0,0.0,0.84717643,3.1154943,0.53741693,0.0,2.411672,0.5121816,2.0746784,1.3380365,0.0,0.0,1.7214724,1.9811314,0.0,0.0,0.0,0.834955,0.8837284,2.3455322,0.2041181,1.1468687,0.6200509,1.071532,2.0499525,1.955696,0.4173957,0.7667425,2.2860184,0.0,2.895149,0.0,0.1837694,0.0,2.6996899,2.326446,0.31351385,0.5278362,2.3181074,1.2721231,0.9630375,0.97578907,1.9993013,0.6646222,1.8801385,0.0,1.1045009,2.7284462,1.8677051,1.7152458,0.44963482,0.09102464,1.147602,0.787386,1.7291747,0.0,0.0,1.435996,1.2899427,0.0,2.9843054,0.07869764,2.5263042,1.1608429,0.0,0.7660463,1.0062995,1.9363981,1.5733008
C000222,0.0,2.8210323,0.0,2.687904,0.0,0.0,0.0,0.7370011,2.5123444,0.0,0.0,0.0,0.0,0.0,2.7851224,0.0,0.04444982,0.0,0.0,2.3803134,1.5147378,0.0,0.45299605,2.1476357,0.0,2.2570267,0.11493603,0.0,0.0,2.9421263,2.665052,0.07665631,0.0,2.3876705,1.1748357,0.0,0.0,2.0621927,0.38379666,0.7773865,0.0,0.46820134,3.1033747,2.1538858,2.223189,0.0,0.0,0.03987221,0.47001565,0.9741991,0.0,0.0,1.77427,0.82636344,0.0,3.3026814,0.0,1.3105828,0.5800308,0.0,0.0,0.024132125,1.975995,0.054159496,0.0,1.0797799,4.5514665,0.93995965,7.5212755,0.0,0.0,9.824266,0.67877835,1.5074794,0.0,0.0,7.7084093,7.683299,0.75410825,4.979117,7.9211526,6.5380354,6.5939546,0.7871704,6.523292,5.874521,0.7398891,2.2435586,0.0,6.7962785,0.016419433,6.043265,0.0,1.2121351,0.94021654,0.010950902,5.6872897,0.9300727,2.77272,7.225118,7.766353,1.607706,0.21947278,8.066543,0.78254175,5.0896363,1.2484909,0.7763709,0.77792865,5.080091,1.3458977,6.757656,0.28979486,8.631923,0.0,0.0,0.4929369,1.8677263,0.0,1.4796137,5.9259214,7.749756,4.785132,0.087812826,8.748405,5.8705673,1.2043507,8.853162
C000223,0.0,2.8904285,0.0,2.7992747,0.6411301,0.0,0.0,0.17836377,2.3728607,0.0,0.0,0.0,0.0,0.0,2.813447,0.0,0.0,0.0,0.5092573,2.4953372,1.3848999,0.0,1.4123139,2.608694,0.0,2.5106797,0.0,0.0,0.0,3.2195966,3.1140049,0.31274804,0.0,3.1389933,0.92445123,0.20232874,0.0,2.1496618,1.2350011,0.70589924,0.0,0.33041787,3.5142784,2.532117,2.2968264,0.0,0.0,0.0,0.80311143,0.40167326,0.0,0.0,1.690262,1.4433527,0.0,4.111721,0.0,1.5852903,0.29373825,0.0,0.0,0.44785726,1.8235085,0.07775591,0.0,2.0240805,0.17459105,1.9459109,0.8397908,0.0,0.0,0.84797,1.6958151,0.0,0.0,0.0,0.33616975,0.2957137,1.9586358,0.0,0.443884,0.20941313,0.6310764,1.7648333,1.4031636,0.007548112,0.8318855,1.9295373,0.0,2.115278,0.0,0.0,0.0,2.4726384,2.0165215,0.15563233,0.061767817,1.9877685,0.9121253,0.5723534,0.31876275,1.6884285,0.6410096,1.0515436,0.0,0.5887461,2.4258854,1.5821823,1.4531775,0.18180244,0.019576969,0.5040182,0.56412524,0.8672126,0.0,0.0,1.1788136,1.1732913,0.0,2.757452,0.0,1.6948127,0.52026266,0.0,0.13200496,0.53858143,1.4361032,0.7101488
C000224,0.0,4.2902927,0.0,3.8823357,0.0,0.0,0.0,1.145171,3.7044387,0.0,0.0,0.0,0.0,0.0,4.1480355,0.0,0.034182936,0.0,0.0,3.4782727,2.1696503,0.0,0.6561631,3.1334074,0.0,3.288463,0.15946442,0.0,0.0,4.353773,3.9609628,0.20830801,0.0,3.6472192,1.8406935,0.0,0.0,3.0456429,0.554196,1.2810378,0.0,0.8527434,4.525694,3.1058564,3.448229,0.0,0.0,0.15776369,0.814541,1.3768015,0.0,0.0,2.615044,1.2019055,0.0,4.821518,0.0,2.0583134,1.0249199,0.0,0.0,0.0,2.9982934,0.12739614,0.0,4.2902927,0.0,3.8823357,0.0,0.0,0.0,1.145171,3.7044387,0.0,0.0,0.0,0.0,0.0,4.1480355,0.0,0.034182936,0.0,0.0,3.4782727,2.1696503,0.0,0.6561631,3.1334074,0.0,3.288463,0.15946442,0.0,0.0,4.353773,3.9609628,0.20830801,0.0,3.6472192,1.8406935,0.0,0.0,3.0456429,0.554196,1.2810378,0.0,0.8527434,4.525694,3.1058564,3.448229,0.0,0.0,0.15776369,0.814541,1.3768015,0.0,0.0,2.615044,1.2019055,0.0,4.821518,0.0,2.0583134,1.0249199,0.0,0.0,0.0,2.9982934,0.12739614
C000225,0.0,5.994766,0.43414795,5.486036,1.3276613,0.0,0.0,2.4287891,4.5655503,0.0,0.0,0.0,0.0,0.0,5.5071015,0.0,0.54527813,0.0,0.69881713,4.532195,3.8380144,0.0,1.4427507,5.2845325,0.0,5.561974,0.0,0.0,0.0,6.2535005,5.7320514,0.6306946,0.0,5.883915,2.7035298,0.75714254,0.0,5.0405445,0.92653775,3.1611404,0.0,1.699157,6.4587636,4.576593,4.733452,0.0,0.0,1.892241,2.186347,2.214179,0.0,0.0,3.8381963,2.194615,0.0,6.7472258,0.0,4.9139805,1.9876052,0.0,0.0,0.8678174,4.219915,2.2088091,0.0,6.098481,1.333149,6.3675456,2.63177,0.0,0.0,4.2902536,5.1107583,0.0,0.0,0.0,0.9737816,0.7861937,6.3699183,0.2874481,1.8033259,1.4957621,2.5233922,5.2640114,4.5126715,0.0,1.9569737,5.7788024,0.0,7.285749,0.00237789,0.0,0.0,7.240523,6.52889,1.0874563,0.7979396,6.668077,3.440686,2.01576,1.103035,4.988922,1.3401412,4.5408926,0.0,3.010717,7.0917573,5.2737417,5.1334305,0.39006838,0.0013278902,2.796903,2.409095,3.698167,0.0,0.0,4.2689056,2.7833323,0.0,7.748922,0.0,6.26865,2.7526238,0.0,0.8712036,2.5114703,5.6057715,3.5891767
C000226,0.0,2.6694791,0.0,2.578639,0.001448147,0.0,0.0,0.8058577,2.3428,0.0,0.0,0.0,0.0,0.0,2.6339817,0.0,0.10821514,0.0,0.0,2.2302432,1.4615626,0.0,0.40648127,2.0987074,0.0,2.1589322,0.09329117,0.0,0.0,2.7612972,2.519315,0.036406778,0.0,2.2014318,1.1023748,0.0,0.0,1.9988936,0.30880842,0.8162032,0.0,0.43863556,2.9011514,2.0242028,2.0702677,0.0,0.0,0.086381435,0.44878405,0.9652313,0.0,0.0,1.6968194,0.75348353,0.0,3.0518012,0.0,1.3373265,0.5470312,0.0,0.0,0.015439399,1.8269551,0.14424841,0.0,3.4472337,0.0,3.443959,0.49880713,0.0,0.0,0.5039568,2.7805815,0.0,0.0,0.0,0.0,0.0,3.3843052,0.0,0.05410757,0.0,0.27204505,2.941132,1.5862534,0.0,1.2639972,2.804419,0.0,2.9662817,0.046645585,0.0,0.0,3.836522,3.6783843,0.45334333,0.0,3.5192897,1.2465755,0.099332824,0.0,2.6592166,1.0176543,0.71223164,0.0,0.6647867,4.217475,2.8807998,2.690255,0.0,0.0,0.043190718,1.0599236,0.505873,0.0,0.0,2.1721725,1.4005709,0.0,4.4033403,0.0,2.0127835,0.5809745,0.0,0.0,0.26171437,2.6219249,0.072124206
C000227,0.0,3.7048492,1.3557117,3.0278256,2.0456412,0.0,0.0,2.7397904,2.9133132,0.0,0.0,0.0,1.646385,1.8903868,3.3032005,0.12176266,1.9471512,1.0260525,1.5482637,2.8134716,3.4204054,0.0,1.0327667,3.3454263,0.0,4.5066824,0.0,0.0,0.0,3.7780352,3.129082,0.25215486,0.2904031,3.5283937,2.031888,1.5049089,1.5531074,2.6730216,1.0220801,2.8756382,0.0,2.0624454,3.3083012,2.74095,2.8190536,0.6018467,0.12936905,2.4311626,0.95823425,3.2407475,0.0,0.0,1.8616288,1.7403078,0.0,4.0507884,0.0,3.9070926,1.9945992,0.0,1.7103308,1.4647874,2.8522334,2.6178112,0.0,2.035933,1.8423342,1.5046737,3.0805833,0.0,0.0,4.0977287,1.5915968,0.07834963,0.0,0.0,2.8279138,3.1692414,1.7528594,1.2288649,3.276348,2.188461,2.5647054,1.4730885,3.3739555,1.5439917,0.7098764,2.3639846,0.0,4.128586,0.0,1.417266,0.0,2.4217799,1.7141013,0.031519357,1.8503308,1.6619296,1.6794465,2.662268,3.0234885,1.9238234,0.3424694,3.8393676,0.03600065,2.332565,2.0541131,1.2897565,1.3550208,1.7158988,0.36294544,3.0648685,0.4398173,4.0107718,0.0,0.0,1.1396543,1.46453,0.0,2.278875,1.1635582,4.346556,2.4171023,0.0,3.2154956,2.191034,1.7340276,3.8404405
C000228,0.0,4.488936,0.0,4.3523536,0.73228574,0.0,0.0,0.13761476,3.4471939,0.0,0.0,0.0,0.0,0.0,4.4689317,0.0,0.0,0.0,0.34729356,3.8171816,1.8527534,0.0,1.8868778,3.8174765,0.0,3.757141,0.0,0.0,0.0,4.72974,4.9630084,0.84027326,0.0,4.9165907,1.2977616,0.0,0.0,3.4814227,1.7079577,0.8291596,0.0,0.6476045,5.6364546,4.0761786,3.7049603,0.0,0.0,0.0,1.6531326,0.21219885,0.0,0.0,2.7370853,1.8600427,0.0,5.9158654,0.0,2.4674985,0.6291686,0.0,0.0,0.47478074,3.2618034,0.0,0.0,3.4014258,0.0,3.2371705,0.45128733,0.0,0.0,0.52449524,2.7895844,0.0,0.0,0.0,0.0,0.0,3.3786736,0.0,0.12953685,0.0,0.17364678,2.8744147,1.6586598,0.0,1.0791293,2.8044906,0.0,2.9115512,0.0049280897,0.0,0.0,3.669785,3.5038066,0.45514524,0.0,3.364755,1.2435517,0.0060802847,0.0,2.6189215,0.9527444,0.89035887,0.0,0.6337756,4.057461,2.8362873,2.722892,0.0,0.0047303513,0.13486525,1.0252175,0.63670355,0.0,0.0,2.1185994,1.3374652,0.0,4.2837787,0.0,1.9248555,0.64839876,0.0,0.0,0.27758315,2.5316162,0.2006419
C000229,0.0,2.9922469,0.0,3.0311637,0.9617473,0.0,0.0,0.0,2.1882274,0.0,0.0,0.0,0.0,0.0,3.1027658,0.0,0.0,0.0,0.76251674,2.649226,1.2959673,0.0,1.5602882,2.768417,0.0,2.6704578,0.0,0.0,0.0,3.094106,3.5416074,0.87437373,0.0,3.7494502,0.6772401,0.09464282,0.0,2.4130893,1.4660239,0.55408144,0.0,0.33546427,3.804583,3.0316586,2.4459224,0.0,0.0,0.032212406,1.4679284,0.0,0.0,0.0,1.8239985,1.5319223,0.0,4.1695557,0.0,1.8960996,0.29388687,0.0,0.0,0.6233574,2.2010617,0.29161277,0.0,3.2553272,0.049636375,3.0950184,0.7232609,0.0,0.0,0.82436347,2.6476185,0.0,0.0,0.0,0.0,0.0,3.2079675,0.0,0.13776909,0.0,0.41477513,2.7141097,1.5654627,0.0,1.0558118,2.6659214,0.0,2.9821517,0.0,0.0,0.0,3.6178334,3.3612468,0.6699361,0.0,3.3893402,1.2837249,0.16097908,0.0,2.4698439,0.8126022,1.0831658,0.0,0.84219426,3.7778533,2.5854375,2.4705148,0.0,0.0,0.34889317,1.2599958,0.6757156,0.0,0.0,2.0473998,1.3856668,0.0,3.918393,0.0,2.240453,0.7486766,0.0,0.0,0.46017566,2.692599,0.50166535
C000230,0.0,4.6711755,0.0,4.1321087,0.0,0.0,0.0,1.2967612,4.0125737,0.0,0.0,0.0,0.0,0.0,4.4840894,0.0,0.11891499,0.0,0.0,3.7499034,2.3751965,0.0,0.61289674,3.396669,0.0,3.6470957,0.14580995,0.0,0.0,4.7230945,4.208521,0.34497592,0.0,4.005937,2.1660519,0.0,0.0,3.2791052,0.48450363,1.4850314,0.0,1.0904719,4.745928,3.2735968,3.7641635,0.0,0.0,0.31250042,0.96931064,1.5395072,0.0,0.0,2.8459854,1.3164245,0.0,5.1011653,0.0,2.357296,1.249969,0.0,0.0,0.0,3.3426545,0.26232406,0.0,4.6711755,0.0,4.1321087,0.0,0.0,0.0,1.2967612,4.0125737,0.0,0.0,0.0,0.0,0.0,4.4840894,0.0,0.11891499,0.0,0.0,3.7499034,2.3751965,0.0,0.61289674,3.396669,0.0,3.6470957,0.14580995,0.0,0.0,4.7230945,4.208521,0.34497592,0.0,4.005937,2.1660519,0.0,0.0,3.2791052,0.48450363,1.4850314,0.0,1.0904719,4.745928,3.2735968,3.7641635,0.0,0.0,0.31250042,0.96931064,1.5395072,0.0,0.0,2.8459854,1.3164245,0.0,5.1011653,0.0,2.357296,1.249969,0.0,0.0,0.0,3.3426545,0.26232406
C000231,0.0,1.8087385,0.0,1.8046225,0.17675859,0.0,0.0,0.525015,1.6992908,0.0,0.0,0.0,0.0,0.0,1.8065728,0.0,0.10830302,0.0,0.0,1.6283023,1.0865805,0.0,0.29737568,1.455566,0.0,1.5623728,0.07181365,0.0,0.0,2.023246,1.7237096,0.024721695,0.0,1.4804004,0.79180163,0.0,0.0,1.4097375,0.18820786,0.51855737,0.0,0.27382553,2.0593953,1.4441274,1.3681049,0.0,0.0,0.04653042,0.28264645,0.7578944,0.0,0.0,1.1885808,0.6056705,0.0,2.2207284,0.0,0.88993007,0.34347838,0.0,0.0,0.065529756,1.3233738,0.1147949,0.0,1.755072,2.6459296,1.3131852,4.108773,0.0,0.0,6.2017994,1.3029442,0.7008578,0.0,0.0,4.048071,4.4312873,1.3671558,2.6455102,4.8004346,3.098817,3.4323704,1.2537512,4.417332,3.0416067,0.4694182,2.0888412,0.0,4.8919954,0.007979294,2.970629,0.0,2.0680037,1.3604186,0.1070129,3.3294916,1.2062776,2.421955,4.0272465,3.9236887,2.0551732,0.28886113,5.2762356,0.51133037,3.2390182,1.8196627,0.89955604,0.97195244,2.7738926,0.8107713,4.333143,0.5071771,5.238339,0.0,0.0,0.8691715,1.425515,0.0,1.7223355,2.6499367,5.5784726,3.5901403,0.003871749,4.7771645,3.1531165,1.9260627,5.4991326
C000232,0.0,5.2659802,0.0,4.5480413,0.0,0.0,0.0,1.5478469,4.5064483,0.0,0.0,0.0,0.0,0.0,5.0286765,0.0,0.24344437,0.0,0.0,4.170088,2.7167761,0.0,0.55687636,3.811788,0.0,4.215868,0.12780133,0.0,0.0,5.329979,4.6106067,0.54409236,0.0,4.5735846,2.679678,0.0,0.0,3.6608446,0.40588516,1.8074943,0.0,1.4677275,5.1383047,3.5457587,4.256547,0.0,0.0,0.5676535,1.1990026,1.8102305,0.0,0.0,3.2121224,1.4881855,0.0,5.5953703,0.0,2.8431854,1.6064732,0.0,0.0,0.0,3.900533,0.4882537,0.0,5.2659802,0.0,4.5480413,0.0,0.0,0.0,1.5478469,4.5064483,0.0,0.0,0.0,0.0,0.0,5.0286765,0.0,0.24344437,0.0,0.0,4.170088,2.7167761,0.0,0.55687636,3.811788,0.0,4.215868,0.12780133,0.0,0.0,5.329979,4.6106067,0.54409236,0.0,4.5735846,2.679678,0.0,0.0,3.6608446,0.40588516,1.8074943,0.0,1.4677275,5.1383047,3.5457587,4.256547,0.0,0.0,0.5676535,1.1990026,1.8102305,0.0,0.0,3.2121224,1.4881855,0.0,5.5953703,0.0,2.8431854,1.6064732,0.0,0.0,0.0,3.900533,0.4882537
C000233,0.0,5.2659802,0.0,4.5480413,0.0,0.0,0.0,1.5478469,4.5064483,0.0,0.0,0.0,0.0,0.0,5.0286765,0.0,0.24344437,0.0,0.0,4.170088,2.7167761,0.0,0.55687636,3.811788,0.0,4.215868,0.12780133,0.0,0.0,5.329979,4.6106067,0.54409236,0.0,4.5735846,2.679678,0.0,0.0,3.6608446,0.40588516,1.8074943,0.0,1.4677275,5.1383047,3.5457587,4.256547,0.0,0.0,0.5676535,1.1990026,1.8102305,0.0,0.0,3.2121224,1.4881855,0.0,5.5953703,0.0,2.8431854,1.6064732,0.0,0.0,0.0,3.900533,0.4882537,0.0,5.2659802,0.0,4.5480413,0.0,0.0,0.0,1.5478469,4.5064483,0.0,0.0,0.0,0.0,0.0,5.0286765,0.0,0.24344437,0.0,0.0,4.170088,2.7167761,0.0,0.55687636,3.811788,0.0,4.215868,0.12780133,0.0,0.0,5.329979,4.6106067,0.54409236,0.0,4.5735846,2.679678,0.0,0.0,3.6608446,0.40588516,1.8074943,0.0,1.4677275,5.1383047,3.5457587,4.256547,0.0,0.0,0.5676535,1.1990026,1.8102305,0.0,0.0,3.2121224,1.4881855,0.0,5.5953703,0.0,2.8431854,1.6064732,0.0,0.0,0.0,3.900533,0.4882537
C000234,0.0,0.32999086,7.642136,1.0832195,14.060888,0.0,0.0,15.474167,0.0,2.5401192,0.0,0.0,14.308222,13.002212,0.08316767,9.251731,13.169071,12.930601,12.819208,0.72288865,10.963494,10.13714,3.1665225,3.706023,0.0,11.107037,0.0,11.484606,0.0,0.09462762,1.3861774,0.0,9.164262,2.4646404,3.4897351,13.086036,14.359365,1.7327628,2.7541351,12.358982,1.3479404,8.037287,1.5030373,1.9703082,1.176645,8.886597,2.359747,10.65672,0.0,14.602759,0.0,0.0,0.23060215,3.5153923,0.0,3.065641,12.138971,11.032708,6.033371,0.04480976,16.278742,11.764563,0.27406156,14.462992,0.0,1.4063655,5.462797,1.2862171,9.028724,0.0,0.0,11.822802,0.938753,1.5043148,0.0,0.0,9.22499,9.124403,1.0819509,5.8348956,9.482841,7.8443837,8.041771,1.1592243,7.990692,6.693508,1.168262,2.894563,0.0,8.365583,0.0,6.9478407,0.0,1.5731673,1.4446602,0.044690266,6.688213,1.4844434,3.4759939,8.59004,9.121548,2.0865853,0.64203405,9.690426,0.8106932,6.121625,1.6512595,1.1426796,1.1411304,6.0317764,1.5187818,8.1535845,0.2501502,10.445167,0.0,0.0,0.7513725,2.3976996,0.0,2.1168795,6.9492207,9.301289,5.7309055,0.056061286,10.552751,7.2448006,1.6979585,10.670064
C000235,0.0,2.8546925,0.117670804,2.7778492,0.88723236,0.0,0.0,0.21413787,2.2702348,0.0,0.0,0.0,0.0,0.0,2.7624526,0.0,0.0,0.0,0.6816468,2.5570023,1.2110946,0.0,1.5249556,2.5918036,0.0,2.6888282,0.0,0.0,0.0,3.0273523,3.3917427,1.0453148,0.0,3.5330307,0.696346,0.24409404,0.0,2.158362,1.1694152,0.847118,0.0,0.43206117,3.3627992,2.9445407,2.3990142,0.0,0.0,0.35151827,1.5315164,0.08027774,0.0,0.0,1.7956772,1.3284259,0.0,3.8043733,0.0,2.0055673,0.5207025,0.0,0.0,0.8046844,2.3546166,0.56057644,0.0,2.6593468,0.30922082,2.3616405,1.0981464,0.0,0.0,1.2786728,2.2441676,0.0,0.0,0.0,0.30093345,0.3299195,2.609374,0.111612976,0.59930366,0.25303063,0.7352886,2.297506,1.7317086,0.14602892,0.9933869,2.4030726,0.0,2.902462,0.0,0.057963807,0.0,3.067524,2.7313526,0.7268221,0.21529932,2.722656,1.2537581,0.6501506,0.4791843,2.2414596,0.79411554,1.5669252,0.0,1.0543866,3.060523,2.2217338,2.0657198,0.17976953,0.054898214,0.881088,1.1669513,1.1697367,0.0,0.0,1.7273625,1.3023889,0.0,3.3214848,0.0058124494,2.4836195,1.1018766,0.0,0.29911664,0.83102244,2.3716853,1.2658423
C000236,0.0,4.991828,0.0,4.3593183,0.0,0.0,0.0,1.4074498,4.2850237,0.0,0.0,0.0,0.0,0.0,4.780303,0.0,0.1712386,0.0,0.0,3.9779902,2.543917,0.0,0.5911205,3.6273685,0.0,3.9392896,0.13687241,0.0,0.0,5.053466,4.431791,0.45418775,0.0,4.321529,2.4390233,0.0,0.0,3.4897325,0.45326936,1.6420499,0.0,1.2839893,4.960003,3.4263883,4.0380507,0.0,0.0,0.43265262,1.0896341,1.6699125,0.0,0.0,3.053471,1.4175625,0.0,5.3716235,0.0,2.597031,1.4328427,0.0,0.0,0.0,3.6407344,0.35724187,0.0,4.991828,0.0,4.3593183,0.0,0.0,0.0,1.4074498,4.2850237,0.0,0.0,0.0,0.0,0.0,4.780303,0.0,0.1712386,0.0,0.0,3.9779902,2.543917,0.0,0.5911205,3.6273685,0.0,3.9392896,0.13687241,0.0,0.0,5.053466,4.431791,0.45418775,0.0,4.321529,2.4390233,0.0,0.0,3.4897325,0.45326936,1.6420499,0.0,1.2839893,4.960003,3.4263883,4.0380507,0.0,0.0,0.43265262,1.0896341,1.6699125,0.0,0.0,3.053471,1.4175625,0.0,5.3716235,0.0,2.597031,1.4328427,0.0,0.0,0.0,3.6407344,0.35724187
C000237,0.0,2.8666203,0.0,2.7147303,0.0,0.0,0.0,0.7130849,2.5462325,0.0,0.0,0.0,0.0,0.0,2.8255267,0.0,0.03324771,0.0,0.0,2.4121559,1.5166814,0.0,0.45920995,2.1656685,0.0,2.2892013,0.11459873,0.0,0.0,2.9791813,2.6917775,0.10743198,0.0,2.4598641,1.20775,0.0,0.0,2.0819693,0.39457047,0.77233464,0.0,0.48713043,3.1430552,2.191337,2.2628486,0.0,0.0,0.03916652,0.4813515,0.9642172,0.0,0.0,1.7954062,0.8409265,0.0,3.3410835,0.0,1.3123347,0.59912837,0.0,0.0,0.013616361,2.0212846,0.030831123,0.0,3.6191092,0.0,3.5555835,0.5248384,0.0,0.0,0.49917448,2.9530358,0.0,0.0,0.0,0.0,0.0,3.574085,0.0,0.016623855,0.0,0.25946206,3.010437,1.6523154,0.0,1.2807101,2.903398,0.0,3.064263,0.057299364,0.0,0.0,3.94073,3.8264165,0.5285665,0.0,3.7027721,1.2802044,0.040020153,0.0,2.7379057,1.0426519,0.7567201,0.0,0.67325395,4.385447,2.997054,2.8792944,0.0,0.0,0.01958326,1.134495,0.5062859,0.0,0.0,2.2467332,1.4513516,0.0,4.5849757,0.0,2.0307107,0.63961446,0.0,0.0,0.2709454,2.7681484,0.02534775
C000238,0.0,3.7779262,0.0,3.6123447,0.79531014,0.0,0.0,0.030779481,2.8504176,0.0,0.0,0.0,0.0,0.0,3.8099556,0.0,0.0,0.0,0.5688912,3.2370236,1.516882,0.0,1.7117205,3.197221,0.0,3.1479504,0.0,0.0,0.0,3.972765,4.153457,1.0184873,0.0,4.4367394,1.0841442,0.0,0.0,2.8863919,1.5793436,0.6119977,0.0,0.5445271,4.652285,3.496974,3.07699,0.0,0.0,0.0,1.6403726,0.0,0.0,0.0,2.2672627,1.8046496,0.0,5.0507717,0.0,2.1908755,0.5280689,0.0,0.0,0.4814828,2.8182998,0.04479885,0.0,2.9135437,0.0,2.6808603,0.36541662,0.0,0.0,0.67752916,2.4421694,0.0,0.0,0.0,0.0,0.0,2.8795235,0.0,0.22206776,0.0,0.1896304,2.4402235,1.5340614,0.0,0.7361105,2.3412912,0.0,2.5359526,0.0024598688,0.0,0.0,3.1669133,2.8033695,0.42066744,0.0,2.8023255,1.2548839,0.024430329,0.0,2.198071,0.6194116,0.9313729,0.0,0.676249,3.2413876,2.270734,2.259861,0.0,0.00049912307,0.25140822,0.86135274,0.76559013,0.0,0.0,1.8082271,1.175515,0.0,3.4898129,0.0,1.7508005,0.68829226,0.0,0.0,0.18617119,2.2344115,0.3553674
C000239,0.0,2.6965814,0.0,2.596305,0.0,0.0,0.0,0.78925514,2.372759,0.0,0.0,0.0,0.0,0.0,2.6640453,0.0,0.0972033,0.0,0.0,2.254434,1.4707692,0.0,0.4121986,2.105931,0.0,2.177414,0.09577461,0.0,0.0,2.8012261,2.539089,0.05004087,0.0,2.2463074,1.1252327,0.0,0.0,2.0059953,0.32478443,0.8063793,0.0,0.45015633,2.9348993,2.0461977,2.0988765,0.0,0.0,0.0808603,0.4496193,0.9671807,0.0,0.0,1.7118329,0.7696153,0.0,3.0944622,0.0,1.328482,0.5559671,0.0,0.0,0.012978256,1.8585087,0.12429199,0.0,3.362347,0.0,3.3689542,0.51855135,0.0,0.0,0.4647384,2.7165182,0.0,0.0,0.0,0.0,0.0,3.3211234,0.0,0.04860165,0.0,0.28510913,2.8676507,1.5524359,0.0,1.2652357,2.735505,0.0,2.8825538,0.047887307,0.0,0.0,3.7318742,3.618219,0.4389702,0.0,3.4372647,1.1724477,0.095278636,0.0,2.5911355,1.0247003,0.6779154,0.0,0.59804225,4.1469536,2.8358982,2.6372898,0.0,0.0,0.04043015,1.0261637,0.48359036,0.0,0.0,2.1126995,1.3786172,0.0,4.333618,0.0,1.924741,0.5403638,0.0,0.0,0.27842462,2.5436556,0.062145997
C000240,0.0,4.365396,0.0,3.930901,0.0,0.0,0.0,1.1732485,3.7636876,0.0,0.0,0.0,0.0,0.0,4.214825,0.0,0.050368816,0.0,0.0,3.5322993,2.2068186,0.0,0.64657336,3.1817873,0.0,3.3572855,0.1566275,0.0,0.0,4.42352,4.010731,0.23750108,0.0,3.7197547,1.902455,0.0,0.0,3.0913744,0.5385255,1.3199968,0.0,0.89876294,4.568469,3.141261,3.5117688,0.0,0.0,0.18718593,0.84615463,1.4058892,0.0,0.0,2.6582088,1.223271,0.0,4.8748875,0.0,2.1157603,1.0688256,0.0,0.0,0.0,3.0660133,0.15126653,0.0,4.365396,0.0,3.930901,0.0,0.0,0.0,1.1732485,3.7636876,0.0,0.0,0.0,0.0,0.0,4.214825,0.0,0.050368816,0.0,0.0,3.5322993,2.2068186,0.0,0.64657336,3.1817873,0.0,3.3572855,0.1566275,0.0,0.0,4.42352,4.010731,0.23750108,0.0,3.7197547,1.902455,0.0,0.0,3.0913744,0.5385255,1.3199968,0.0,0.89876294,4.568469,3.141261,3.5117688,0.0,0.0,0.18718593,0.84615463,1.4058892,0.0,0.0,2.6582088,1.223271,0.0,4.8748875,0.0,2.1157603,1.0688256,0.0,0.0,0.0,3.0660133,0.15126653
C000241,0.0,2.3949046,4.3233986,3.8027873,9.405411,0.0,0.0,8.676103,2.2281203,0.0,0.0,0.0,9.303643,7.1723585,3.0663097,4.8165965,7.29303,9.296572,7.73884,3.2987533,7.812936,5.9213185,4.3109097,4.497328,0.0,8.888087,0.0,5.44719,0.0,3.1491208,4.673569,0.0,4.0313344,5.734952,2.174342,7.513151,10.11692,2.8099103,5.033801,7.899413,0.0,5.5484047,4.1224346,4.9857492,4.6273274,4.3293533,1.1472611,4.9715886,0.0,10.380428,0.0,0.0,2.5136352,3.3949733,0.0,7.3265624,6.662822,7.3386497,2.5706844,0.0,10.241602,7.7565317,1.8987293,7.8916807,0.0,1.0804648,4.4668837,0.97560906,7.242651,0.0,0.0,9.529772,0.76702785,1.0970218,0.0,0.0,7.616004,7.41504,0.8620708,4.8058896,7.7717047,6.443182,6.2569013,0.93034923,6.480793,5.590267,1.017046,2.242791,0.0,6.691122,0.0,5.471627,0.0,1.2821833,1.2026377,0.0,5.310119,1.1803696,2.7625685,7.0077205,7.67339,1.822239,0.984064,8.002491,0.69621396,5.080154,1.2825525,1.0211469,1.1026498,4.71428,1.368416,6.5490108,0.16196817,8.690027,0.0,0.0,0.592232,1.9975518,0.0,1.8803936,5.4190536,7.509587,4.720578,0.07228701,8.848372,5.9007626,1.3737171,8.691271
C000242,0.0,4.252919,0.029120386,3.8756099,0.90128285,0.0,0.0,0.22019988,3.252914,0.0,0.0,0.0,0.0,0.0,4.20051,0.0,0.0,0.0,0.50057375,3.59161,1.7479411,0.0,1.7691531,3.6079564,0.0,3.6717062,0.0,0.0,0.0,4.5358515,4.5179033,1.2708251,0.0,4.740591,1.4152628,0.035215348,0.0,3.1773968,1.558017,0.9251501,0.0,0.9193181,4.976154,3.7111988,3.3024578,0.0,0.0,0.15583472,1.9040558,0.22498432,0.0,0.0,2.5719981,1.9107866,0.0,5.259223,0.0,2.7189944,0.90368384,0.0,0.0,0.55886996,3.4321058,0.32184398,0.0,3.004212,0.3250477,2.6691442,0.9893548,0.0,0.0,1.4566021,2.6054716,0.0,0.0,0.0,0.3637565,0.45867223,2.9330742,0.04236859,0.86507034,0.26922414,0.6629668,2.5617092,2.0491157,0.08846624,0.8906714,2.6520185,0.0,3.2985702,0.0016753763,0.07009198,0.0,3.5311286,2.8974018,0.46381235,0.24909456,2.886136,1.5804886,0.5570928,0.4831004,2.4627614,0.66701543,1.7078543,0.0,1.181415,3.449564,2.274477,2.298594,0.15985185,0.032982066,0.8760104,1.0381298,1.5917693,0.0,0.0,1.9506592,1.3400978,0.0,3.662513,0.007847219,2.663732,1.215178,0.0,0.336559,0.6697357,2.5278378,1.2122653
C000243,0.0,5.526485,0.0,5.155001,0.61013484,0.0,0.0,0.4953373,4.3701005,0.0,0.0,0.0,0.0,0.0,5.4297442,0.0,0.0,0.0,0.13347092,4.642604,2.373698,0.0,1.9893899,4.5770693,0.0,4.791143,0.0,0.0,0.0,5.9610176,5.7344503,1.0983591,0.0,5.912581,2.1340356,0.0,0.0,4.1821227,1.6589582,1.2647846,0.0,1.25901,6.5162673,4.5896897,4.575164,0.0,0.0,0.10291171,1.9751115,0.69580746,0.0,0.0,3.4483602,2.1840856,0.0,6.920413,0.0,3.2330449,1.1515067,0.0,0.0,0.33794567,4.1620574,0.16477194,0.0,3.8336287,0.0,3.596853,0.41740096,0.0,0.0,0.70738024,3.1896117,0.0,0.0,0.0,0.0,0.0,3.791819,0.0,0.13004813,0.0,0.06673546,3.2198129,1.9001383,0.0,1.1385493,3.1303632,0.0,3.3610368,0.0041061044,0.0,0.0,4.2056684,3.840754,0.54917955,0.0,3.7676797,1.5841715,0.011240264,0.0,2.9323456,0.9333975,1.0733118,0.0,0.8801,4.463131,3.0500789,3.0918694,0.0,0.002696192,0.17367214,1.1565315,0.8726433,0.0,0.0,2.4276938,1.479605,0.0,4.734352,0.0,2.265967,0.8653894,0.0,0.0,0.24249113,2.8965504,0.26660097
C000244,0.0,1.937994,0.8049174,2.2535665,3.1052778,0.0,0.0,2.2511811,1.7473543,0.0,0.0,0.0,2.496607,1.9261633,2.1948483,0.8935114,1.8154548,2.3729527,2.457343,2.1790953,2.885349,1.321265,1.7671728,2.691313,0.0,3.8067598,0.0,0.9991525,0.0,2.566833,2.580763,0.0,0.71985173,2.6616101,0.9433253,1.8287542,2.6101186,1.4019887,1.9333469,2.0682933,0.0,1.3197715,2.912962,2.4886603,1.8741568,1.0936549,0.23335235,1.1566708,0.02639389,2.7990973,0.0,0.0,1.3908966,1.5633581,0.0,3.7682168,1.3623776,2.558612,0.4582676,0.0,2.3387854,2.0823045,1.1582769,2.0246606,0.0,1.2451553,1.9549176,0.9881932,3.9698565,0.0,0.0,4.4022217,0.895704,0.36129308,0.0,0.0,3.69345,3.4797916,1.0549899,2.0646465,3.566291,3.0593157,3.3342288,1.1586145,3.5000134,2.5392687,0.9865796,1.9560113,0.0,4.027388,0.0,2.4106154,0.0,1.4998072,1.2490042,0.0,2.3223832,1.1894139,1.4177041,3.3461573,3.8859727,1.3124558,0.79313177,3.8958642,0.15674336,2.383134,1.5866108,1.0693325,0.8778894,2.3234801,0.5757624,3.018864,0.13148831,4.1083293,0.0,0.0,0.6978875,1.4548335,0.0,1.9308473,2.5135543,4.0117936,2.0780318,0.0,3.826953,2.966671,1.0131092,4.2068996
C000245,0.0,4.8295536,0.0,4.2426066,0.0,0.0,0.0,1.3509032,4.1465945,0.0,0.0,0.0,0.0,0.0,4.628681,0.0,0.14447023,0.0,0.0,3.8634048,2.4584599,0.0,0.6024993,3.510633,0.0,3.7917423,0.14153293,0.0,0.0,4.884644,4.3183684,0.39917353,0.0,4.1606746,2.300349,0.0,0.0,3.381959,0.46803138,1.5631235,0.0,1.1856955,4.849792,3.3485336,3.898463,0.0,0.0,0.37243396,1.0291177,1.6036185,0.0,0.0,2.9475756,1.3663222,0.0,5.2330713,0.0,2.4750426,1.3401322,0.0,0.0,0.0,3.4887705,0.3097754,0.0,4.8295536,0.0,4.2426066,0.0,0.0,0.0,1.3509032,4.1465945,0.0,0.0,0.0,0.0,0.0,4.628681,0.0,0.14447023,0.0,0.0,3.8634048,2.4584599,0.0,0.6024993,3.510633,0.0,3.7917423,0.14153293,0.0,0.0,4.884644,4.3183684,0.39917353,0.0,4.1606746,2.300349,0.0,0.0,3.381959,0.46803138,1.5631235,0.0,1.1856955,4.849792,3.3485336,3.898463,0.0,0.0,0.37243396,1.0291177,1.6036185,0.0,0.0,2.9475756,1.3663222,0.0,5.2330713,0.0,2.4750426,1.3401322,0.0,0.0,0.0,3.4887705,0.3097754
C000246,0.0,3.1098397,0.0,2.8844028,0.0,0.0,0.0,0.74411696,2.7598822,0.0,0.0,0.0,0.0,0.0,3.047003,0.0,0.035157025,0.0,0.0,2.598032,1.6113791,0.0,0.46756834,2.3378048,0.0,2.5104475,0.11658112,0.0,0.0,3.2186785,2.8733547,0.19636095,0.0,2.7212467,1.3963891,0.0,0.0,2.2430809,0.3864485,0.86830866,0.0,0.6159268,3.3306448,2.3362122,2.473402,0.0,0.0,0.101201415,0.56650776,1.024102,0.0,0.0,1.9484701,0.9151176,0.0,3.5570145,0.0,1.4530355,0.7130853,0.0,0.0,0.0,2.2410188,0.063860364,0.0,2.1713498,2.3288467,1.6146063,3.7304225,0.0,0.0,5.546641,1.5595851,0.6740053,0.0,0.0,3.428357,3.6523197,1.677511,2.0792148,4.240031,2.8031805,3.3029256,1.5138946,4.1389475,2.395143,0.51406765,2.4242325,0.0,4.8703284,0.011658112,2.3553536,0.0,2.343966,1.6480572,0.14507702,2.7732244,1.557188,2.4634671,3.8293793,3.6331372,2.2331042,0.2866115,4.9253283,0.3669901,3.0673165,2.2167497,1.1540219,1.2991709,2.3470845,0.5779473,3.9319816,0.6232972,4.772237,0.0,0.0,1.077986,1.576914,0.0,2.195131,2.2315094,5.313327,3.32791,0.0075267693,3.8598619,2.9760265,2.0363991,5.144809
C000247,0.0,4.9106903,0.0,4.300963,0.0,0.0,0.0,1.3791767,4.2158093,0.0,0.0,0.0,0.0,0.0,4.7044935,0.0,0.15785436,0.0,0.0,3.9206975,2.5011885,0.0,0.59680986,3.5690007,0.0,3.8655152,0.1392026,0.0,0.0,4.9690547,4.375079,0.42668068,0.0,4.241102,2.3696866,0.0,0.0,3.435846,0.46065027,1.6025869,0.0,1.2348424,4.904898,3.3874612,3.9682565,0.0,0.0,0.40254334,1.059376,1.6367652,0.0,0.0,3.000523,1.3919424,0.0,5.3023477,0.0,2.5360367,1.3864878,0.0,0.0,0.0,3.5647528,0.3335089,0.0,4.9106903,0.0,4.300963,0.0,0.0,0.0,1.3791767,4.2158093,0.0,0.0,0.0,0.0,0.0,4.7044935,0.0,0.15785436,0.0,0.0,3.9206975,2.5011885,0.0,0.59680986,3.5690007,0.0,3.8655152,0.1392026,0.0,0.0,4.9690547,4.375079,0.42668068,0.0,4.241102,2.3696866,0.0,0.0,3.435846,0.46065027,1.6025869,0.0,1.2348424,4.904898,3.3874612,3.9682565,0.0,0.0,0.40254334,1.059376,1.6367652,0.0,0.0,3.000523,1.3919424,0.0,5.3023477,0.0,2.5360367,1.3864878,0.0,0.0,0.0,3.5647528,0.3335089
C000248,0.0,5.0810127,0.0,4.779415,0.63985515,0.0,0.0,0.31893295,3.9615352,0.0,0.0,0.0,0.0,0.0,4.9959664,0.0,0.0,0.0,0.21909615,4.264162,2.127808,0.0,1.9343345,4.207105,0.0,4.32245,0.0,0.0,0.0,5.4095035,5.3600793,1.0186758,0.0,5.502304,1.7739391,0.0,0.0,3.8568048,1.6698184,1.0494944,0.0,1.0024233,6.0982027,4.34661,4.193735,0.0,0.0,0.0044451505,1.8543252,0.46174714,0.0,0.0,3.121626,2.061184,0.0,6.475224,0.0,2.891394,0.93315077,0.0,0.0,0.37352383,3.7826176,0.0693489,0.0,3.6516507,0.0,3.428238,0.41647214,0.0,0.0,0.613762,3.0121927,0.0,0.0,0.0,0.0,0.0,3.6045609,0.0,0.12834083,0.0,0.10954808,3.0612798,1.7834812,0.0,1.1076591,2.9700608,0.0,3.1559303,0.005068578,0.0,0.0,3.9659054,3.6740468,0.5200395,0.0,3.6075203,1.4399425,0.008059569,0.0,2.786032,0.9375453,0.9795306,0.0,0.7805918,4.268504,2.9486198,2.9298995,0.0,0.004647933,0.12758407,1.1098294,0.75449747,0.0,0.0,2.2868605,1.4255183,0.0,4.534035,0.0,2.1130123,0.77575094,0.0,0.0,0.24219596,2.7473328,0.22443008
C000249,0.0,2.871771,0.0,2.7187462,0.0,0.0,0.0,0.7113066,2.5541363,0.0,0.0,0.0,0.0,0.0,2.830471,0.0,0.031341612,0.0,0.0,2.4184136,1.5199924,0.0,0.4615745,2.167578,0.0,2.2939324,0.11547104,0.0,0.0,2.9860797,2.6977403,0.108234964,0.0,2.4645715,1.2099129,0.0,0.0,2.0843472,0.3978283,0.7713091,0.0,0.4880609,3.1515775,2.196363,2.2685251,0.0,0.0,0.037192587,0.4820382,0.96563274,0.0,0.0,1.797642,0.84470564,0.0,3.3520114,0.0,1.3116949,0.59987485,0.0,0.0,0.015184797,2.0272353,0.027576467,0.0,3.6728778,0.0,3.5945847,0.5183321,0.0,0.0,0.51625735,3.0004563,0.0,0.0,0.0,0.0,0.0,3.6214519,0.0,0.015670806,0.0,0.25178972,3.0455918,1.6786865,0.0,1.2870834,2.9399095,0.0,3.1062098,0.05773552,0.0,0.0,3.9962566,3.8638663,0.54131365,0.0,3.7566617,1.3118608,0.040275455,0.0,2.7743628,1.044556,0.77396846,0.0,0.69725156,4.4318905,3.0254812,2.9214826,0.0,0.0,0.018596293,1.1552651,0.52772695,0.0,0.0,2.2793174,1.4701345,0.0,4.6392956,0.0,2.064735,0.6625143,0.0,0.0,0.26697496,2.8106852,0.033221792
C000250,0.0,4.594108,0.0,4.080994,0.0,0.0,0.0,1.2668654,3.9495687,0.0,0.0,0.0,0.0,0.0,4.416078,0.0,0.10367714,0.0,0.0,3.6952255,2.3321958,0.0,0.6202911,3.3414314,0.0,3.5752459,0.14837685,0.0,0.0,4.6469107,4.158209,0.3187505,0.0,3.9342623,2.0998545,0.0,0.0,3.2318428,0.49575514,1.4438144,0.0,1.0429646,4.7003064,3.2406063,3.7008202,0.0,0.0,0.28095362,0.93960404,1.5060972,0.0,0.0,2.7974977,1.2929994,0.0,5.0424576,0.0,2.2975178,1.2043599,0.0,0.0,0.0,3.2731085,0.23457666,0.0,4.594108,0.0,4.080994,0.0,0.0,0.0,1.2668654,3.9495687,0.0,0.0,0.0,0.0,0.0,4.416078,0.0,0.10367714,0.0,0.0,3.6952255,2.3321958,0.0,0.6202911,3.3414314,0.0,3.5752459,0.14837685,0.0,0.0,4.6469107,4.158209,0.3187505,0.0,3.9342623,2.0998545,0.0,0.0,3.2318428,0.49575514,1.4438144,0.0,1.0429646,4.7003064,3.2406063,3.7008202,0.0,0.0,0.28095362,0.93960404,1.5060972,0.0,0.0,2.7974977,1.2929994,0.0,5.0424576,0.0,2.2975178,1.2043599,0.0,0.0,0.0,3.2731085,0.23457666
C000251,0.0,4.9106903,0.0,4.300963,0.0,0.0,0.0,1.3791767,4.2158093,0.0,0.0,0.0,0.0,0.0,4.7044935,0.0,0.15785436,0.0,0.0,3.9206975,2.5011885,0.0,0.59680986,3.5690007,0.0,3.8655152,0.1392026,0.0,0.0,4.9690547,4.375079,0.42668068,0.0,4.241102,2.3696866,0.0,0.0,3.435846,0.46065027,1.6025869,0.0,1.2348424,4.904898,3.3874612,3.9682565,0.0,0.0,0.40254334,1.059376,1.6367652,0.0,0.0,3.000523,1.3919424,0.0,5.3023477,0.0,2.5360367,1.3864878,0.0,0.0,0.0,3.5647528,0.3335089,0.0,4.9106903,0.0,4.300963,0.0,0.0,0.0,1.3791767,4.2158093,0.0,0.0,0.0,0.0,0.0,4.7044935,0.0,0.15785436,0.0,0.0,3.9206975,2.5011885,0.0,0.59680986,3.5690007,0.0,3.8655152,0.1392026,0.0,0.0,4.9690547,4.375079,0.42668068,0.0,4.241102,2.3696866,0.0,0.0,3.435846,0.46065027,1.6025869,0.0,1.2348424,4.904898,3.3874612,3.9682565,0.0,0.0,0.40254334,1.059376,1.6367652,0.0,0.0,3.000523,1.3919424,0.0,5.3023477,0.0,2.5360367,1.3864878,0.0,0.0,0.0,3.5647528,0.3335089
C000252,0.0,5.2659802,0.0,4.5480413,0.0,0.0,0.0,1.5478469,4.5064483,0.0,0.0,0.0,0.0,0.0,5.0286765,0.0,0.24344437,0.0,0.0,4.170088,2.7167761,0.0,0.55687636,3.811788,0.0,4.215868,0.12780133,0.0,0.0,5.329979,4.6106067,0.54409236,0.0,4.5735846,2.679678,0.0,0.0,3.6608446,0.40588516,1.8074943,0.0,1.4677275,5.1383047,3.5457587,4.256547,0.0,0.0,0.5676535,1.1990026,1.8102305,0.0,0.0,3.2121224,1.4881855,0.0,5.5953703,0.0,2.8431854,1.6064732,0.0,0.0,0.0,3.900533,0.4882537,0.0,5.2659802,0.0,4.5480413,0.0,0.0,0.0,1.5478469,4.5064483,0.0,0.0,0.0,0.0,0.0,5.0286765,0.0,0.24344437,0.0,0.0,4.170088,2.7167761,0.0,0.55687636,3.811788,0.0,4.215868,0.12780133,0.0,0.0,5.329979,4.6106067,0.54409236,0.0,4.5735846,2.679678,0.0,0.0,3.6608446,0.40588516,1.8074943,0.0,1.4677275,5.1383047,3.5457587,4.256547,0.0,0.0,0.5676535,1.1990026,1.8102305,0.0,0.0,3.2121224,1.4881855,0.0,5.5953703,0.0,2.8431854,1.6064732,0.0,0.0,0.0,3.900533,0.4882537
C000253,0.0,1.9165561,0.39557981,2.1492302,1.103291,0.0,0.0,0.7685912,1.8114874,0.0,0.0,0.0,0.124696195,0.0,2.1106215,0.0,0.0,0.14089869,0.9360427,1.9866977,1.1281309,0.0,1.4192364,2.1270645,0.0,2.5552874,0.0,0.0,0.0,2.2713177,2.6033988,0.83834213,0.0,2.6158397,0.63881624,0.5253791,0.5725909,1.6014267,0.8000805,1.3596039,0.0,0.3624292,2.4881334,2.4470475,1.7901852,0.0,0.0,0.61054194,0.92799044,0.66889656,0.0,0.0,1.347455,1.1286788,0.0,2.9673703,0.0,2.0104613,0.61634964,0.0,0.0,1.0926042,1.7425628,1.0543177,0.0,2.8817432,0.81876856,2.611501,1.6336813,0.0,0.0,2.0667503,2.26883,0.0,0.0,0.0,0.4919568,0.6261684,2.724806,0.07574173,1.0969449,0.55439574,1.197508,2.440601,2.2913911,0.11448317,1.0625304,2.7001095,0.0,3.5209777,0.0,0.0122934235,0.0,3.4682777,2.8421037,0.68740577,0.25341037,3.032729,1.595172,1.2570007,0.8708102,2.5030334,0.67559475,2.313652,0.0,1.5652136,3.108084,2.2682908,2.197021,0.25282893,0.049297947,1.6099862,1.380734,1.7735577,0.0,0.0,1.8097042,1.4326776,0.0,3.4415772,0.02042227,3.501703,1.5518943,0.0,0.3886684,1.1942385,2.6494324,2.1030505
C000254,0.0,4.365396,0.0,3.930901,0.0,0.0,0.0,1.1732485,3.7636876,0.0,0.0,0.0,0.0,0.0,4.214825,0.0,0.050368816,0.0,0.0,3.5322993,2.2068186,0.0,0.64657336,3.1817873,0.0,3.3572855,0.1566275,0.0,0.0,4.42352,4.010731,0.23750108,0.0,3.7197547,1.902455,0.0,0.0,3.0913744,0.5385255,1.3199968,0.0,0.89876294,4.568469,3.141261,3.5117688,0.0,0.0,0.18718593,0.84615463,1.4058892,0.0,0.0,2.6582088,1.223271,0.0,4.8748875,0.0,2.1157603,1.0688256,0.0,0.0,0.0,3.0660133,0.15126653,0.0,4.365396,0.0,3.930901,0.0,0.0,0.0,1.1732485,3.7636876,0.0,0.0,0.0,0.0,0.0,4.214825,0.0,0.050368816,0.0,0.0,3.5322993,2.2068186,0.0,0.64657336,3.1817873,0.0,3.3572855,0.1566275,0.0,0.0,4.42352,4.010731,0.23750108,0.0,3.7197547,1.902455,0.0,0.0,3.0913744,0.5385255,1.3199968,0.0,0.89876294,4.568469,3.141261,3.5117688,0.0,0.0,0.18718593,0.84615463,1.4058892,0.0,0.0,2.6582088,1.223271,0.0,4.8748875,0.0,2.1157603,1.0688256,0.0,0.0,0.0,3.0660133,0.15126653
C000255,0.0,3.1088202,0.0,2.8836012,0.0,0.0,0.0,0.744062,2.7585292,0.0,0.0,0.0,0.0,0.0,3.0460627,0.0,0.035157967,0.0,0.0,2.5967982,1.6107044,0.0,0.46737298,2.3373246,0.0,2.509314,0.11641752,0.0,0.0,3.2174082,2.872297,0.19618934,0.0,2.720502,1.3958578,0.0,0.0,2.2425349,0.38626274,0.8681041,0.0,0.61553025,3.3292642,2.3353539,2.4723878,0.0,0.0,0.101422995,0.5661934,1.0236968,0.0,0.0,1.9480428,0.91458553,0.0,3.555489,0.0,1.452736,0.71284145,0.0,0.0,0.0,2.2399168,0.06411501,0.0,3.9420981,0.0,3.7644577,0.54038423,0.0,0.0,0.6667669,3.2110672,0.0,0.0,0.0,0.0,0.0,3.8844528,0.0,0.017578984,0.0,0.27425596,3.2296195,1.8275003,0.0,1.2413732,3.1190867,0.0,3.329365,0.05820876,0.0,0.0,4.230852,4.04015,0.66982853,0.0,4.0458775,1.5152173,0.074411266,0.0,2.9716797,1.0019199,0.9815698,0.0,0.86370295,4.525194,3.1489325,3.1517081,0.0,0.0,0.19045855,1.3200674,0.62762463,0.0,0.0,2.4183867,1.573731,0.0,4.8186455,0.0,2.3072677,0.81371635,0.0,0.0,0.25099945,3.0509663,0.21305077
C000256,0.0,1.336598,0.0,1.4065312,0.3130266,0.0,0.0,0.43298,1.3046757,0.0,0.0,0.0,0.011826426,0.0,1.3326634,0.0,0.11537418,0.0,0.09251234,1.2519393,0.84706914,0.0,0.33597118,1.1713068,0.0,1.2634901,0.033340685,0.0,0.0,1.5410253,1.28416,0.0,0.0,1.097716,0.6001778,0.02068181,0.0,1.1259798,0.14696921,0.42880625,0.0,0.12977044,1.605933,1.1249441,0.9731234,0.0,0.0,0.07701218,0.15254419,0.62718314,0.0,0.0,0.8736231,0.5534015,0.0,1.712565,0.0,0.72496754,0.2632819,0.0,0.0,0.1576737,0.9808184,0.17309782,0.0,2.3169572,1.2524815,1.9404007,2.2525609,0.0,0.0,3.331508,1.9081149,0.047907237,0.0,0.0,1.6498554,1.8495545,2.103741,0.8203356,2.3091462,1.1819638,1.7670337,1.8235581,2.9075897,0.944821,0.5963327,2.3301334,0.0,3.7405596,0.0030309714,0.88762355,0.0,2.8022523,2.0419805,0.1625546,1.2617898,1.9165215,1.7942264,1.9264235,1.7377229,2.2145672,0.4376004,3.0447478,0.04301149,1.8940575,2.5394785,1.4706535,1.5128609,1.0680873,0.2606618,2.3452024,0.8070994,2.954912,0.0,0.0,1.3904283,1.3320388,0.0,2.518073,0.72220397,3.794085,2.0919456,0.0,1.8200005,1.6282357,2.1705961,2.9691954
C000257,0.0,3.1903403,0.0,2.9411764,0.0,0.0,0.0,0.7680627,2.8294883,0.0,0.0,0.0,0.0,0.0,3.1199117,0.0,0.04244767,0.0,0.0,2.6581848,1.6513579,0.0,0.4657979,2.3992038,0.0,2.5859418,0.1156159,0.0,0.0,3.2999806,2.9332306,0.22237578,0.0,2.7993407,1.4612339,0.0,0.0,2.298234,0.3775694,0.9118474,0.0,0.66103506,3.3837316,2.3766747,2.5419395,0.0,0.0,0.1304035,0.5965576,1.053299,0.0,0.0,1.9984736,0.9409703,0.0,3.62445,0.0,1.5107851,0.7553407,0.0,0.0,0.0,2.3114755,0.088990554,0.0,3.82369,0.0,3.7028437,0.55471903,0.0,0.0,0.5857736,3.1027992,0.0,0.0,0.0,0.0,0.0,3.7788596,0.0,0.021223836,0.0,0.29945952,3.148048,1.739528,0.0,1.2434651,3.047143,0.0,3.2069306,0.05780795,0.0,0.0,4.0565805,3.9852114,0.62940276,0.0,3.9384391,1.3839504,0.024422556,0.0,2.8835044,1.0313013,0.89662373,0.0,0.76110524,4.4540496,3.130021,3.062756,0.0,0.0,0.11095974,1.2798346,0.53353155,0.0,0.0,2.355857,1.5034933,0.0,4.699562,0.0,2.1792915,0.7229785,0.0,0.0,0.2766313,2.9239106,0.14935502
C000258,0.0,4.594108,0.0,4.080994,0.0,0.0,0.0,1.2668654,3.9495687,0.0,0.0,0.0,0.0,0.0,4.416078,0.0,0.10367714,0.0,0.0,3.6952255,2.3321958,0.0,0.6202911,3.3414314,0.0,3.5752459,0.14837685,0.0,0.0,4.6469107,4.158209,0.3187505,0.0,3.9342623,2.0998545,0.0,0.0,3.2318428,0.49575514,1.4438144,0.0,1.0429646,4.7003064,3.2406063,3.7008202,0.0,0.0,0.28095362,0.93960404,1.5060972,0.0,0.0,2.7974977,1.2929994,0.0,5.0424576,0.0,2.2975178,1.2043599,0.0,0.0,0.0,3.2731085,0.23457666,0.0,4.594108,0.0,4.080994,0.0,0.0,0.0,1.2668654,3.9495687,0.0,0.0,0.0,0.0,0.0,4.416078,0.0,0.10367714,0.0,0.0,3.6952255,2.3321958,0.0,0.6202911,3.3414314,0.0,3.5752459,0.14837685,0.0,0.0,4.6469107,4.158209,0.3187505,0.0,3.9342623,2.0998545,0.0,0.0,3.2318428,0.49575514,1.4438144,0.0,1.0429646,4.7003064,3.2406063,3.7008202,0.0,0.0,0.28095362,0.93960404,1.5060972,0.0,0.0,2.7974977,1.2929994,0.0,5.0424576,0.0,2.2975178,1.2043599,0.0,0.0,0.0,3.2731085,0.23457666
C000259,0.0,1.9438756,0.0,1.9171779,0.09382892,0.0,0.0,0.48707002,1.7927448,0.0,0.0,0.0,0.0,0.0,1.9565129,0.0,0.079142585,0.0,0.0,1.6951613,1.111803,0.0,0.30373165,1.5870178,0.0,1.6801159,0.063682385,0.0,0.0,2.109414,1.8027556,0.075001664,0.0,1.7140206,0.9172874,0.0,0.0,1.4707673,0.22445859,0.5472775,0.0,0.32383612,2.1513412,1.5372869,1.4744844,0.0,0.0,0.077684134,0.29514438,0.74997777,0.0,0.0,1.292285,0.6217021,0.0,2.2829154,0.0,0.9302301,0.39204356,0.0,0.0,0.029980354,1.4225302,0.101680465,0.0,2.3282776,0.8432638,1.9087785,1.7199789,0.0,0.0,2.2337162,1.7944582,0.009598529,0.0,0.0,1.0308211,1.1346104,2.1990614,0.42576826,1.4359525,0.8188444,1.3593659,1.8608842,2.2521808,0.42191792,0.6875044,2.3164363,0.0,3.1771135,0.0070758206,0.26229447,0.0,2.7678807,2.0882723,0.31000888,0.7423141,2.131081,1.4548918,1.4036822,1.2902855,2.0459356,0.39166486,2.3204384,0.0017750098,1.499072,2.5349457,1.6220777,1.5326672,0.64744407,0.11781107,1.6104056,0.9893661,1.9651048,0.0,0.0,1.3722761,1.3855177,0.0,2.7130556,0.20770812,3.1092937,1.5701365,0.0,1.0250516,1.2921033,2.0955675,2.1664004
C000260,0.0,2.8340993,0.0,2.6931748,0.0,0.0,0.0,0.72575504,2.5187616,0.0,0.0,0.0,0.0,0.0,2.7965133,0.0,0.040845968,0.0,0.0,2.3874645,1.510773,0.0,0.45329252,2.151717,0.0,2.2652097,0.11373875,0.0,0.0,2.9510808,2.6688364,0.09168703,0.0,2.4144115,1.1875496,0.0,0.0,2.0653894,0.38590893,0.7746456,0.0,0.4753659,3.1102967,2.1645436,2.2341378,0.0,0.0,0.040446777,0.47351092,0.9672527,0.0,0.0,1.7786453,0.8300176,0.0,3.307434,0.0,1.3093535,0.58733106,0.0,0.0,0.017551102,1.9905255,0.045345545,0.0,3.4471614,0.5542689,3.1513436,1.1572967,0.0,0.0,1.5083032,2.680107,0.0,0.0,0.0,0.21543317,0.42676225,3.2869112,0.0,0.649681,0.115441896,0.81446767,2.7438,2.0554144,0.0,0.9892134,2.9801786,0.0,3.5949185,0.037912916,0.0,0.0,3.809837,3.4159863,0.66378117,0.23128639,3.3361797,1.6484065,0.5849514,0.260267,2.6893692,0.63487136,1.7634029,0.0,1.303414,3.9650939,2.5339272,2.456978,0.09742548,0.0,0.981754,1.484323,1.1783806,0.0,0.0,2.106758,1.4762448,0.0,3.9030979,0.0,2.972994,1.3077413,0.0,0.22584401,0.81379884,3.0615008,1.1803267
C000261,0.0,5.377675,0.0,4.953,0.58818173,0.0,0.0,0.47276092,4.181487,0.0,0.0,0.0,0.0,0.0,5.2505465,0.0,0.0,0.0,0.2671374,4.3985186,2.2905269,0.0,1.8521612,4.3688564,0.0,4.4986033,0.0,0.0,0.0,5.592819,5.505162,1.1936874,0.0,5.819997,1.9814059,0.0,0.0,4.026103,1.608722,1.2550492,0.0,1.1460433,6.144951,4.460036,4.415155,0.0,0.0,0.19675551,2.0661528,0.5453416,0.0,0.0,3.2569392,2.17107,0.0,6.6497574,0.0,3.1151981,1.1167349,0.0,0.0,0.32543972,4.0275245,0.27157068,0.0,3.8864503,0.0,3.5646374,0.3738505,0.0,0.0,0.70120245,3.1911883,0.0,0.0,0.0,0.0,0.0,3.8063776,0.0,0.1343702,0.0,0.1335687,3.1980555,1.895324,0.0,1.0585742,3.1074839,0.0,3.3196526,0.005165644,0.0,0.0,4.1427665,3.805348,0.6452663,0.0,3.8581822,1.6183927,0.0032402892,0.0,2.9140415,0.90052176,1.1228657,0.0,0.90667725,4.339921,3.0500152,3.1133595,0.0,0.003069317,0.24487731,1.2459162,0.81802434,0.0,0.0,2.4004745,1.5053263,0.0,4.683801,0.0,2.2738523,0.9128547,0.0,0.0,0.19511558,2.95188,0.34561494
C000262,0.0,4.6711755,0.0,4.1321087,0.0,0.0,0.0,1.2967612,4.0125737,0.0,0.0,0.0,0.0,0.0,4.4840894,0.0,0.11891499,0.0,0.0,3.7499034,2.3751965,0.0,0.61289674,3.396669,0.0,3.6470957,0.14580995,0.0,0.0,4.7230945,4.208521,0.34497592,0.0,4.005937,2.1660519,0.0,0.0,3.2791052,0.48450363,1.4850314,0.0,1.0904719,4.745928,3.2735968,3.7641635,0.0,0.0,0.31250042,0.96931064,1.5395072,0.0,0.0,2.8459854,1.3164245,0.0,5.1011653,0.0,2.357296,1.249969,0.0,0.0,0.0,3.3426545,0.26232406,0.0,4.6711755,0.0,4.1321087,0.0,0.0,0.0,1.2967612,4.0125737,0.0,0.0,0.0,0.0,0.0,4.4840894,0.0,0.11891499,0.0,0.0,3.7499034,2.3751965,0.0,0.61289674,3.396669,0.0,3.6470957,0.14580995,0.0,0.0,4.7230945,4.208521,0.34497592,0.0,4.005937,2.1660519,0.0,0.0,3.2791052,0.48450363,1.4850314,0.0,1.0904719,4.745928,3.2735968,3.7641635,0.0,0.0,0.31250042,0.96931064,1.5395072,0.0,0.0,2.8459854,1.3164245,0.0,5.1011653,0.0,2.357296,1.249969,0.0,0.0,0.0,3.3426545,0.26232406
C000263,0.0,4.991828,0.0,4.3593183,0.0,0.0,0.0,1.4074498,4.2850237,0.0,0.0,0.0,0.0,0.0,4.780303,0.0,0.1712386,0.0,0.0,3.9779902,2.543917,0.0,0.5911205,3.6273685,0.0,3.9392896,0.13687241,0.0,0.0,5.053466,4.431791,0.45418775,0.0,4.321529,2.4390233,0.0,0.0,3.4897325,0.45326936,1.6420499,0.0,1.2839893,4.960003,3.4263883,4.0380507,0.0,0.0,0.43265262,1.0896341,1.6699125,0.0,0.0,3.053471,1.4175625,0.0,5.3716235,0.0,2.597031,1.4328427,0.0,0.0,0.0,3.6407344,0.35724187,0.0,4.991828,0.0,4.3593183,0.0,0.0,0.0,1.4074498,4.2850237,0.0,0.0,0.0,0.0,0.0,4.780303,0.0,0.1712386,0.0,0.0,3.9779902,2.543917,0.0,0.5911205,3.6273685,0.0,3.9392896,0.13687241,0.0,0.0,5.053466,4.431791,0.45418775,0.0,4.321529,2.4390233,0.0,0.0,3.4897325,0.45326936,1.6420499,0.0,1.2839893,4.960003,3.4263883,4.0380507,0.0,0.0,0.43265262,1.0896341,1.6699125,0.0,0.0,3.053471,1.4175625,0.0,5.3716235,0.0,2.597031,1.4328427,0.0,0.0,0.0,3.6407344,0.35724187
C000264,0.0,4.8295536,0.0,4.2426066,0.0,0.0,0.0,1.3509032,4.1465945,0.0,0.0,0.0,0.0,0.0,4.628681,0.0,0.14447023,0.0,0.0,3.8634048,2.4584599,0.0,0.6024993,3.510633,0.0,3.7917423,0.14153293,0.0,0.0,4.884644,4.3183684,0.39917353,0.0,4.1606746,2.300349,0.0,0.0,3.381959,0.46803138,1.5631235,0.0,1.1856955,4.849792,3.3485336,3.898463,0.0,0.0,0.37243396,1.0291177,1.6036185,0.0,0.0,2.9475756,1.3663222,0.0,5.2330713,0.0,2.4750426,1.3401322,0.0,0.0,0.0,3.4887705,0.3097754,0.0,4.8295536,0.0,4.2426066,0.0,0.0,0.0,1.3509032,4.1465945,0.0,0.0,0.0,0.0,0.0,4.628681,0.0,0.14447023,0.0,0.0,3.8634048,2.4584599,0.0,0.6024993,3.510633,0.0,3.7917423,0.14153293,0.0,0.0,4.884644,4.3183684,0.39917353,0.0,4.1606746,2.300349,0.0,0.0,3.381959,0.46803138,1.5631235,0.0,1.1856955,4.849792,3.3485336,3.898463,0.0,0.0,0.37243396,1.0291177,1.6036185,0.0,0.0,2.9475756,1.3663222,0.0,5.2330713,0.0,2.4750426,1.3401322,0.0,0.0,0.0,3.4887705,0.3097754
C000265,0.0,4.9106903,0.0,4.300963,0.0,0.0,0.0,1.3791767,4.2158093,0.0,0.0,0.0,0.0,0.0,4.7044935,0.0,0.15785436,0.0,0.0,3.9206975,2.5011885,0.0,0.59680986,3.5690007,0.0,3.8655152,0.1392026,0.0,0.0,4.9690547,4.375079,0.42668068,0.0,4.241102,2.3696866,0.0,0.0,3.435846,0.46065027,1.6025869,0.0,1.2348424,4.904898,3.3874612,3.9682565,0.0,0.0,0.40254334,1.059376,1.6367652,0.0,0.0,3.000523,1.3919424,0.0,5.3023477,0.0,2.5360367,1.3864878,0.0,0.0,0.0,3.5647528,0.3335089,0.0,4.9106903,0.0,4.300963,0.0,0.0,0.0,1.3791767,4.2158093,0.0,0.0,0.0,0.0,0.0,4.7044935,0.0,0.15785436,0.0,0.0,3.9206975,2.5011885,0.0,0.59680986,3.5690007,0.0,3.8655152,0.1392026,0.0,0.0,4.9690547,4.375079,0.42668068,0.0,4.241102,2.3696866,0.0,0.0,3.435846,0.46065027,1.6025869,0.0,1.2348424,4.904898,3.3874612,3.9682565,0.0,0.0,0.40254334,1.059376,1.6367652,0.0,0.0,3.000523,1.3919424,0.0,5.3023477,0.0,2.5360367,1.3864878,0.0,0.0,0.0,3.5647528,0.3335089
C000266,0.0,3.5184464,2.3801343,4.336901,4.5984826,0.0,0.0,5.8878117,3.3237479,0.0,0.0,0.0,3.6128292,3.9129791,3.4468431,1.3656335,4.653829,3.8153229,3.842839,3.5331693,5.3988066,1.8728178,1.7464807,4.209559,0.0,7.2735906,0.0,1.5314171,0.0,4.8735876,3.9836562,0.0,1.6711695,4.7011204,2.8366158,4.0953627,4.1109924,3.1753664,1.543051,5.3393445,0.0,3.8613284,4.4867206,3.5839617,3.363624,1.9890628,0.0,3.765546,0.90161294,6.2733912,0.0,0.0,2.8973625,1.7773424,0.0,5.3509927,1.6538899,6.641971,2.5835705,0.0,4.258683,3.4095092,3.4424808,5.1780496,0.0,3.2924786,2.3953745,3.296238,4.1903553,0.0,0.0,5.6980386,2.6245298,0.07730115,0.0,0.0,3.411145,3.3012486,3.154864,1.5918158,4.103905,3.2097828,3.6418965,2.9887378,4.877856,1.7729956,1.2884296,3.774042,0.0,6.2712083,0.0,1.540526,0.0,4.0232167,3.4466965,0.36649272,2.0355463,3.730874,2.802255,3.798189,3.878394,3.209521,0.96618265,5.408207,0.05358955,3.5705078,3.762,2.871662,2.8517742,2.0362139,0.22488107,3.9566298,1.0850631,5.4735303,0.0,0.0,2.2099588,2.0226815,0.0,4.4682794,1.6024498,6.282512,3.1573238,0.0,3.7779334,3.4261951,3.1804354,5.3843446
C000267,0.0,5.2659802,0.0,4.5480413,0.0,0.0,0.0,1.5478469,4.5064483,0.0,0.0,0.0,0.0,0.0,5.0286765,0.0,0.24344437,0.0,0.0,4.170088,2.7167761,0.0,0.55687636,3.811788,0.0,4.215868,0.12780133,0.0,0.0,5.329979,4.6106067,0.54409236,0.0,4.5735846,2.679678,0.0,0.0,3.6608446,0.40588516,1.8074943,0.0,1.4677275,5.1383047,3.5457587,4.256547,0.0,0.0,0.5676535,1.1990026,1.8102305,0.0,0.0,3.2121224,1.4881855,0.0,5.5953703,0.0,2.8431854,1.6064732,0.0,0.0,0.0,3.900533,0.4882537,0.0,5.2659802,0.0,4.5480413,0.0,0.0,0.0,1.5478469,4.5064483,0.0,0.0,0.0,0.0,0.0,5.0286765,0.0,0.24344437,0.0,0.0,4.170088,2.7167761,0.0,0.55687636,3.811788,0.0,4.215868,0.12780133,0.0,0.0,5.329979,4.6106067,0.54409236,0.0,4.5735846,2.679678,0.0,0.0,3.6608446,0.40588516,1.8074943,0.0,1.4677275,5.1383047,3.5457587,4.256547,0.0,0.0,0.5676535,1.1990026,1.8102305,0.0,0.0,3.2121224,1.4881855,0.0,5.5953703,0.0,2.8431854,1.6064732,0.0,0.0,0.0,3.900533,0.4882537
C000268,0.0,3.3671618,0.0,3.0662045,0.0,0.0,0.0,0.8199256,2.9884222,0.0,0.0,0.0,0.0,0.0,3.2786624,0.0,0.05779115,0.0,0.0,2.797022,1.7429049,0.0,0.46512175,2.5304494,0.0,2.7550826,0.11551844,0.0,0.0,3.4826322,3.0691245,0.27626485,0.0,2.9656892,1.6005056,0.0,0.0,2.4170287,0.3615884,1.0056975,0.0,0.7570498,3.5085797,2.4698753,2.6943095,0.0,0.0,0.18818179,0.66109616,1.1197263,0.0,0.0,2.1044464,1.0008584,0.0,3.780849,0.0,1.6323773,0.8449403,0.0,0.0,0.0,2.4678552,0.13983151,0.0,2.8324592,1.6849991,2.5287352,2.822244,0.0,0.0,4.4293566,2.406687,0.034195907,0.0,0.0,2.4219563,2.4121706,2.6981087,1.1482729,2.9745996,1.8873582,2.3894188,2.3302743,3.7422755,1.1729932,0.73123217,2.9476497,0.0,4.774886,0.019253073,0.9977619,0.0,3.2208045,2.6436248,0.2119329,1.7655402,2.465796,2.3313324,2.6071913,2.4077125,2.6651506,0.4478314,4.132798,0.0,2.5162137,3.1321938,2.0372944,2.1757429,1.5172044,0.26711524,3.033163,0.87129045,3.9062474,0.0,0.0,1.7132449,1.6461354,0.0,3.3081272,0.9544604,4.6982903,2.6671352,0.0,2.6041014,2.3153744,2.6510909,3.9421177
C000269,0.0,3.1864872,0.0,2.938136,0.0,0.0,0.0,0.76804066,2.8244295,0.0,0.0,0.0,0.0,0.0,3.1162858,0.0,0.042424466,0.0,0.0,2.6535432,1.6488616,0.0,0.46514615,2.3974886,0.0,2.5817895,0.11494485,0.0,0.0,3.2951913,2.929414,0.22165996,0.0,2.7964249,1.4592397,0.0,0.0,2.296212,0.37689036,0.9112429,0.0,0.65934116,3.3783848,2.373497,2.5382192,0.0,0.0,0.13140972,0.595303,1.0518905,0.0,0.0,1.9967631,0.93894404,0.0,3.6186163,0.0,1.5096864,0.754562,0.0,0.0,0.0,2.3072338,0.09017578,0.0,3.8185036,0.0,3.6930168,0.5516119,0.0,0.0,0.58595365,3.0967069,0.0,0.0,0.0,0.0,0.0,3.7714498,0.0,0.021212233,0.0,0.2996857,3.1404972,1.733676,0.0,1.2427684,3.0398815,0.0,3.200433,0.057472426,0.0,0.0,4.055645,3.9716911,0.6316595,0.0,3.938117,1.3890557,0.03379257,0.0,2.879025,1.0309694,0.89413273,0.0,0.76762974,4.4390087,3.1169298,3.0530052,0.0,0.0,0.1154222,1.2805218,0.53230345,0.0,0.0,2.3532937,1.5069228,0.0,4.6933246,0.0,2.1834378,0.72565305,0.0,0.0,0.27176672,2.924152,0.15139586
C000270,0.0,2.146207,0.0,2.0770235,0.124853104,0.0,0.0,0.6319012,1.9503036,0.0,0.0,0.0,0.0,0.0,2.1431074,0.0,0.17020005,0.0,0.0,1.8330944,1.2564247,0.0,0.302918,1.7732377,0.0,1.9172499,0.053173855,0.0,0.0,2.3024516,1.9428579,0.07573461,0.0,1.926561,1.1011349,0.0,0.0,1.6222137,0.17930312,0.75035346,0.0,0.42859986,2.299675,1.6497831,1.6310225,0.0,0.0,0.20694946,0.34872654,0.8944863,0.0,0.0,1.4062235,0.6877619,0.0,2.4167726,0.0,1.1218886,0.51059085,0.0,0.0,0.052371703,1.5820527,0.2797442,0.0,2.56884,0.6407438,2.2332222,1.5648208,0.0,0.0,2.100196,2.136306,0.0,0.0,0.0,0.6982037,0.8650689,2.485335,0.30345845,1.2090138,0.6556134,1.1286868,2.1466932,2.275273,0.34624723,0.8100809,2.4352067,0.0,3.3068256,0.006646732,0.20165327,0.0,2.939046,2.470943,0.5005889,0.5701121,2.4355588,1.49759,1.1754552,0.98795193,2.2275271,0.6963538,2.1879094,0.0,1.4362607,2.8970757,1.9459689,1.8820448,0.4445385,0.12070155,1.445263,1.0644443,1.8758925,0.0,0.0,1.5871062,1.3297263,0.0,3.052735,0.1326098,3.042386,1.4944881,0.0,0.7583201,1.1623632,2.3039105,1.9777172
C000271,0.0,4.1866603,0.0,3.9983206,0.45273265,0.0,0.0,0.48632032,3.5549867,0.0,0.0,0.0,0.0,0.0,4.183875,0.0,0.0,0.0,0.20415618,3.6445274,1.939663,0.0,1.6387197,3.6747432,0.0,3.708222,0.0,0.0,0.0,4.810662,4.3381233,0.5605236,0.0,4.385103,1.7033495,0.0,0.0,3.2368937,1.3574057,1.1402254,0.0,0.88788193,5.0654144,3.4887743,3.5035331,0.0,0.0,0.076538734,1.296643,0.8383969,0.0,0.0,2.7093482,1.7087436,0.0,5.489146,0.0,2.5037773,0.79922116,0.0,0.0,0.32319266,3.092746,0.101408154,0.0,2.6117373,0.263566,2.3384986,1.085412,0.0,0.0,1.3268949,2.2056851,0.0,0.0,0.0,0.4252633,0.43073148,2.5195081,0.10816987,0.6915697,0.28524402,0.8189308,2.2077975,1.833883,0.014030889,0.94006485,2.441481,0.0,2.8796172,0.0,0.0,0.0,3.1873865,2.5337996,0.28566787,0.23352844,2.4598982,1.2955496,0.69040895,0.6141447,2.158772,0.6384389,1.5153232,0.0,0.9526638,3.158756,1.9615387,1.8018937,0.29594028,0.008710751,0.7834039,0.92948914,1.3313621,0.0,0.0,1.6542252,1.3518212,0.0,3.3307428,0.0,2.4139168,0.97609687,0.0,0.26279697,0.8159157,2.1010766,1.1370704
C000272,0.0,3.2721846,0.0,2.9989743,0.0,0.0,0.0,0.79279166,2.9010777,0.0,0.0,0.0,0.0,0.0,3.1937807,0.0,0.0496356,0.0,0.0,2.72004,1.6924345,0.0,0.46461982,2.4616165,0.0,2.6634302,0.11466334,0.0,0.0,3.383,2.9951897,0.24835745,0.0,2.8780327,1.5268325,0.0,0.0,2.3542683,0.36902523,0.9563058,0.0,0.7059158,3.4381351,2.41852,2.6122444,0.0,0.0,0.15996371,0.62676597,1.0835015,0.0,0.0,2.0486703,0.9674575,0.0,3.693634,0.0,1.569056,0.79846805,0.0,0.0,0.0,2.383086,0.11464091,0.0,3.2914412,0.14501561,2.9877326,0.559529,0.0,0.0,1.0484198,2.7367744,0.0,0.0,0.0,0.09516742,0.18621826,3.2393982,0.0,0.4110005,0.0,0.30992514,2.7106256,1.8635381,0.0,0.72119206,2.6172535,0.0,3.0172167,0.038221113,0.0,0.0,3.5216248,3.141351,0.5327002,0.013472167,3.1408498,1.5408068,0.2437598,0.018782565,2.528127,0.6574164,1.3084849,0.0,0.9875609,3.5683787,2.4831846,2.566322,0.0,0.03993919,0.55619794,1.0778831,1.0711571,0.0,0.0,1.99678,1.2804766,0.0,3.823392,0.0,2.2681434,1.0186328,0.0,0.079200216,0.3241603,2.643882,0.7038525
C000273,0.0,1.8476646,4.9341526,2.024426,8.009186,0.0,0.0,10.531028,0.91216516,0.91819173,0.0,0.0,8.031491,7.9080563,1.4858801,5.0248876,8.2437105,7.056184,7.7133417,1.4688776,7.0888305,5.614378,1.7970386,3.2068038,0.0,7.7757807,0.0,5.78146,0.0,1.9259267,2.1763985,0.0,5.570244,2.4508557,2.9304087,7.814256,7.9908805,1.8239713,0.7627672,8.792296,0.4261041,5.2555246,2.0839279,1.703258,1.7513803,5.1813874,0.5736476,7.0992765,0.0,9.31654,0.0,0.0,1.3915923,2.36859,0.0,2.9531846,6.550658,8.038678,4.972044,0.0,9.548844,7.0455017,1.5924405,9.287012,0.0,1.330351,3.8588626,1.135043,6.265481,0.0,0.0,8.24613,0.9414678,1.0912532,0.0,0.0,6.3248477,6.22697,1.130465,3.974822,6.5774784,5.326929,5.5159507,1.0326648,5.641064,4.603675,0.8200904,2.1989136,0.0,6.0142984,0.0,4.678508,0.0,1.5232869,1.2259746,0.021912647,4.5387874,1.2087826,2.533438,6.066978,6.3702874,1.6735204,0.25724375,6.9532747,0.56653476,4.3648925,1.3835337,0.9629241,0.97247815,4.0645733,1.052238,5.732707,0.31358764,7.2699685,0.0,0.0,0.766364,1.8026837,0.0,1.7044508,4.6976423,6.7651443,4.237902,0.086662695,7.1829786,5.076989,1.4601339,7.620619
C000274,0.0,4.1313972,0.0,3.9944487,0.82021546,0.0,0.0,0.088308096,3.042962,0.0,0.0,0.0,0.0,0.0,4.1850567,0.0,0.0,0.0,0.7528106,3.567276,1.7418077,0.0,1.7808299,3.5073376,0.0,3.2868443,0.0,0.0,0.0,4.048568,4.6149855,1.0638404,0.0,4.980919,1.1090984,0.15773624,0.0,3.1334815,1.8332586,0.80143833,0.0,0.5951867,4.8428855,3.9291992,3.4236755,0.0,0.0,0.111214764,1.7866929,0.01771462,0.0,0.0,2.4242954,1.9254861,0.0,5.560489,0.0,2.3741965,0.57517236,0.0,0.0,0.65672696,2.9608717,0.29315248,0.0,3.5022917,0.06840901,3.21743,0.5280067,0.0,0.0,0.7514178,2.755117,0.0,0.0,0.0,0.0,0.040567387,3.4368258,0.0,0.32995158,0.0,0.3764053,2.9231632,1.8103495,0.0,0.97019815,2.8546557,0.0,2.9890225,0.0,0.0,0.0,3.593225,3.4601686,0.62101215,0.0,3.6652138,1.4245286,0.19377922,0.0,2.6392999,0.9166293,1.1806103,0.0,0.84382623,3.7936032,2.8499365,2.7570772,0.0,0.0,0.45483628,1.2122314,0.7654973,0.0,0.0,2.094143,1.4368906,0.0,4.2157707,0.0,2.2140512,0.84444535,0.0,0.0,0.35277787,2.6235356,0.61763203
C000275,0.0,4.219936,0.0,3.8449194,0.49496502,0.0,0.0,0.8360717,3.7459772,0.0,0.0,0.0,0.0,0.0,4.064338,0.0,0.0,0.0,0.15371755,3.6397874,1.7982571,0.0,1.5163004,3.586981,0.0,3.7481718,0.0,0.0,0.0,4.6430793,4.49314,1.1912059,0.0,4.2749143,1.4840423,0.0,0.0,2.989643,1.0664688,1.5410194,0.0,0.8833222,4.803634,3.6621022,3.3957505,0.0,0.0,0.41374385,1.5877907,0.82600284,0.0,0.0,2.7033277,1.5525903,0.0,5.154589,0.0,2.7197952,1.1360731,0.0,0.0,0.53666544,3.5301673,0.48597008,0.0,3.1041236,0.46865782,2.720606,1.2836921,0.0,0.0,1.5860838,2.553157,0.0,0.0,0.0,0.39491287,0.40326557,3.0091677,0.11941721,0.73212105,0.47208828,0.8729745,2.655714,2.095859,0.17921366,1.1521007,2.8096652,0.0,3.431242,0.0,0.0,0.0,3.50277,3.1319706,0.872869,0.2489832,3.2174816,1.4523628,0.86958814,0.716132,2.5650294,0.9215361,1.9985815,0.0,1.357643,3.4769492,2.5992913,2.4337711,0.18924002,0.075492986,1.1500418,1.3985143,1.4446007,0.0,0.0,1.9612608,1.4358566,0.0,3.8012018,0.0,3.0769427,1.3723776,0.0,0.3496977,1.012729,2.7781005,1.6377037
C000276,0.0,4.594108,0.0,4.080994,0.0,0.0,0.0,1.2668654,3.9495687,0.0,0.0,0.0,0.0,0.0,4.416078,0.0,0.10367714,0.0,0.0,3.6952255,2.3321958,0.0,0.6202911,3.3414314,0.0,3.5752459,0.14837685,0.0,0.0,4.6469107,4.158209,0.3187505,0.0,3.9342623,2.0998545,0.0,0.0,3.2318428,0.49575514,1.4438144,0.0,1.0429646,4.7003064,3.2406063,3.7008202,0.0,0.0,0.28095362,0.93960404,1.5060972,0.0,0.0,2.7974977,1.2929994,0.0,5.0424576,0.0,2.2975178,1.2043599,0.0,0.0,0.0,3.2731085,0.23457666,0.0,4.594108,0.0,4.080994,0.0,0.0,0.0,1.2668654,3.9495687,0.0,0.0,0.0,0.0,0.0,4.416078,0.0,0.10367714,0.0,0.0,3.6952255,2.3321958,0.0,0.6202911,3.3414314,0.0,3.5752459,0.14837685,0.0,0.0,4.6469107,4.158209,0.3187505,0.0,3.9342623,2.0998545,0.0,0.0,3.2318428,0.49575514,1.4438144,0.0,1.0429646,4.7003064,3.2406063,3.7008202,0.0,0.0,0.28095362,0.93960404,1.5060972,0.0,0.0,2.7974977,1.2929994,0.0,5.0424576,0.0,2.2975178,1.2043599,0.0,0.0,0.0,3.2731085,0.23457666
C000277,0.0,4.594108,0.0,4.080994,0.0,0.0,0.0,1.2668654,3.9495687,0.0,0.0,0.0,0.0,0.0,4.416078,0.0,0.10367714,0.0,0.0,3.6952255,2.3321958,0.0,0.6202911,3.3414314,0.0,3.5752459,0.14837685,0.0,0.0,4.6469107,4.158209,0.3187505,0.0,3.9342623,2.0998545,0.0,0.0,3.2318428,0.49575514,1.4438144,0.0,1.0429646,4.7003064,3.2406063,3.7008202,0.0,0.0,0.28095362,0.93960404,1.5060972,0.0,0.0,2.7974977,1.2929994,0.0,5.0424576,0.0,2.2975178,1.2043599,0.0,0.0,0.0,3.2731085,0.23457666,0.0,4.594108,0.0,4.080994,0.0,0.0,0.0,1.2668654,3.9495687,0.0,0.0,0.0,0.0,0.0,4.416078,0.0,0.10367714,0.0,0.0,3.6952255,2.3321958,0.0,0.6202911,3.3414314,0.0,3.5752459,0.14837685,0.0,0.0,4.6469107,4.158209,0.3187505,0.0,3.9342623,2.0998545,0.0,0.0,3.2318428,0.49575514,1.4438144,0.0,1.0429646,4.7003064,3.2406063,3.7008202,0.0,0.0,0.28095362,0.93960404,1.5060972,0.0,0.0,2.7974977,1.2929994,0.0,5.0424576,0.0,2.2975178,1.2043599,0.0,0.0,0.0,3.2731085,0.23457666
C000278,0.0,4.2700167,0.0,4.052476,0.7094127,0.0,0.0,0.0806247,3.225102,0.0,0.0,0.0,0.0,0.0,4.2513676,0.0,0.0,0.0,0.48917076,3.6061966,1.7362735,0.0,1.7564516,3.5519145,0.0,3.4625487,0.0,0.0,0.0,4.3337955,4.663494,0.9741411,0.0,4.8768954,1.1994644,0.0,0.0,3.244733,1.6738315,0.7591562,0.0,0.5939522,5.1372557,3.918891,3.5148175,0.0,0.0,0.0,1.728739,0.071920335,0.0,0.0,2.5261362,1.872208,0.0,5.595708,0.0,2.3374057,0.5830813,0.0,0.0,0.48557153,3.0681105,0.07204813,0.0,3.4054635,0.0,3.1486459,0.42982364,0.0,0.0,0.56321204,2.7481258,0.0,0.0,0.0,0.0,0.0,3.353848,0.0,0.18421042,0.0,0.24458538,2.844583,1.6571445,0.0,0.9969261,2.7537591,0.0,2.8778548,0.0,0.0,0.0,3.5764053,3.410034,0.5564693,0.0,3.460516,1.297754,0.02573842,0.0,2.5690012,0.89076793,0.9555027,0.0,0.6911511,3.844662,2.7981489,2.7015078,0.0,0.0,0.21363415,1.1152903,0.63039386,0.0,0.0,2.065442,1.3752468,0.0,4.160116,0.0,1.9659824,0.696635,0.0,0.0,0.2562732,2.530074,0.31943306
C000279,0.0,4.9106903,0.0,4.300963,0.0,0.0,0.0,1.3791767,4.2158093,0.0,0.0,0.0,0.0,0.0,4.7044935,0.0,0.15785436,0.0,0.0,3.9206975,2.5011885,0.0,0.59680986,3.5690007,0.0,3.8655152,0.1392026,0.0,0.0,4.9690547,4.375079,0.42668068,0.0,4.241102,2.3696866,0.0,0.0,3.435846,0.46065027,1.6025869,0.0,1.2348424,4.904898,3.3874612,3.9682565,0.0,0.0,0.40254334,1.059376,1.6367652,0.0,0.0,3.000523,1.3919424,0.0,5.3023477,0.0,2.5360367,1.3864878,0.0,0.0,0.0,3.5647528,0.3335089,0.0,4.9106903,0.0,4.300963,0.0,0.0,0.0,1.3791767,4.2158093,0.0,0.0,0.0,0.0,0.0,4.7044935,0.0,0.15785436,0.0,0.0,3.9206975,2.5011885,0.0,0.59680986,3.5690007,0.0,3.8655152,0.1392026,0.0,0.0,4.9690547,4.375079,0.42668068,0.0,4.241102,2.3696866,0.0,0.0,3.435846,0.46065027,1.6025869,0.0,1.2348424,4.904898,3.3874612,3.9682565,0.0,0.0,0.40254334,1.059376,1.6367652,0.0,0.0,3.000523,1.3919424,0.0,5.3023477,0.0,2.5360367,1.3864878,0.0,0.0,0.0,3.5647528,0.3335089
C000280,0.0,3.8642678,1.1025904,4.109486,2.6892915,0.0,0.0,2.8114414,3.3883204,0.0,0.0,0.0,1.4286011,0.51525724,4.6013293,0.0,1.2761948,1.7767329,2.3417435,3.820037,3.4161167,0.0,1.9740714,3.7540941,0.0,4.9067783,0.0,0.0,0.0,4.3256087,4.79409,0.8633404,0.029337645,5.1640854,1.8017921,1.6899774,1.69211,2.9617918,1.979274,2.944137,0.0,1.959398,4.8500733,4.0326757,3.7403953,0.39424527,0.0,1.6912628,1.191391,3.066732,0.0,0.0,2.9984343,2.3002644,0.0,5.9375734,0.09950769,3.9250584,1.4383203,0.0,1.1088673,2.4715552,3.2806513,2.3396075,0.0,3.0419648,1.4872887,2.5612411,2.4905205,0.0,0.0,3.8959887,2.4660559,0.07516861,0.0,0.0,1.9259081,2.0688565,2.7740822,0.65501404,2.7668023,1.5637463,2.1447906,2.4210835,3.4278693,0.9027996,0.7651602,3.0059912,0.0,4.633861,0.001071061,0.62594634,0.0,3.517884,2.700582,0.18341433,1.2872989,2.7613082,2.327177,2.3202431,2.1278057,2.6913114,0.4152313,3.749301,0.03050733,2.3628762,3.2635844,2.0548499,2.1396313,1.0651665,0.14207342,2.7878869,0.9642084,3.62623,0.0,0.0,1.874683,1.6255565,0.0,3.407411,0.53439987,4.562096,2.4551213,0.0,2.0293503,1.9336131,2.7189777,3.5553043
C000281,0.0,5.0868926,0.10911827,4.5879827,0.55967987,0.0,0.0,0.85336804,4.140303,0.0,0.0,0.0,0.0,0.0,4.8028684,0.0,0.0,0.0,0.11142555,4.0909867,1.9555862,0.0,1.6709747,4.078073,0.0,4.31283,0.0,0.0,0.0,5.316335,5.3325577,1.4780143,0.0,5.3855495,1.9783851,0.0,0.0,3.6987557,0.9394804,1.5453118,0.0,1.3817863,5.534823,3.991609,4.024107,0.0,0.0,0.4924187,2.2569432,0.37376988,0.0,0.0,3.1794689,1.9964805,0.0,5.688319,0.0,3.3099933,1.283921,0.0,0.0,0.48886812,4.391537,0.4407428,0.0,3.4765415,0.08351704,3.1223404,0.6677203,0.0,0.0,0.82159346,2.8556948,0.0,0.0,0.0,0.06732014,0.1220035,3.3677814,0.0,0.28346953,0.0,0.293694,2.8793983,1.7126456,0.0,1.0536484,2.8772151,0.0,3.1877987,0.0,0.0,0.0,3.7876332,3.5120428,0.8102477,0.019032286,3.5183923,1.4653893,0.19428448,0.049463976,2.6893308,0.8048994,1.303716,0.0,1.017346,3.921901,2.752793,2.7186813,0.003705715,0.023586132,0.48163188,1.3862538,0.7630145,0.0,0.0,2.1907327,1.4452485,0.0,4.139458,0.0,2.417606,0.9909306,0.0,0.055548158,0.48035654,2.906124,0.6578906
C000282,0.0,4.377132,0.0,4.097603,0.42829016,0.0,0.0,0.663615,3.6935241,0.0,0.0,0.0,0.0,0.0,4.3241687,0.0,0.0,0.0,0.21994175,3.725683,2.0824242,0.0,1.5562446,3.7736754,0.0,3.8893633,0.0,0.0,0.0,4.976842,4.3839765,0.65363526,0.0,4.5408025,1.9218065,0.0,0.0,3.3301725,1.2430425,1.3118744,0.0,1.0492545,5.049792,3.4827607,3.6378918,0.0,0.0,0.24532323,1.3969442,0.97544646,0.0,0.0,2.8008723,1.7668402,0.0,5.556075,0.0,2.706985,0.969102,0.0,0.0,0.273273,3.2383537,0.27182737,0.0,2.525433,0.68619764,2.1153674,1.4808037,0.0,0.0,2.2579064,2.1178317,0.0,0.0,0.0,0.9444235,1.0199373,2.3415296,0.36962554,1.3980141,0.687467,1.11256,2.0383296,2.3229082,0.41537327,0.69879997,2.3192172,0.0,3.2564626,0.0,0.29759994,0.0,2.972386,2.2630887,0.25851667,0.7053464,2.1878612,1.5965073,1.2109276,1.076885,2.175215,0.48723012,2.2348013,0.0,1.4252598,2.8052516,1.7240496,1.7332017,0.6367056,0.13282254,1.4701945,0.92465526,2.0360475,0.0,0.0,1.5285715,1.3012068,0.0,2.9299319,0.23314519,3.0347705,1.568682,0.0,0.8915051,1.0968497,2.198598,2.0018387
C000283,0.0,2.7379045,0.0,2.623022,0.0,0.0,0.0,0.78211784,2.383907,0.0,0.0,0.0,0.0,0.0,2.699803,0.0,0.093223214,0.0,0.0,2.262319,1.4703414,0.0,0.4114114,2.1366563,0.0,2.19566,0.09127068,0.0,0.0,2.8311543,2.549103,0.071467996,0.0,2.3155966,1.1624488,0.0,0.0,2.0325034,0.3281531,0.81425786,0.0,0.4737931,2.9500399,2.0626545,2.1215627,0.0,0.0,0.10070537,0.4597798,0.9610597,0.0,0.0,1.7478514,0.7689806,0.0,3.103958,0.0,1.3481846,0.5813883,0.0,0.0,0.0,1.8859715,0.12732881,0.0,3.8157752,0.0038950965,3.6885526,0.5200253,0.0,0.0,0.740445,3.0763254,0.0,0.0,0.0,0.0,0.0,3.7234068,0.0,0.046611607,0.0,0.28341863,3.1889617,1.8341366,0.0,1.2036355,3.0831,0.0,3.3181534,0.04563534,0.0,0.0,4.240203,3.8977194,0.5937164,0.0,3.878545,1.5595148,0.18945199,0.0,2.9048228,0.9424859,0.985375,0.0,0.9456898,4.389839,3.0010695,2.9996607,0.0,0.0,0.17399569,1.2245473,0.7127917,0.0,0.0,2.3618832,1.5416453,0.0,4.662418,0.0,2.3933496,0.8156986,0.0,0.0,0.232402,2.9682775,0.24648342
C000284,0.0,4.594355,0.0,4.292673,0.7218964,0.0,0.0,0.25547248,3.4809809,0.0,0.0,0.0,0.0,0.0,4.5829277,0.0,0.0,0.0,0.59420896,3.863154,1.949792,0.0,1.7532221,3.8000875,0.0,3.7208323,0.0,0.0,0.0,4.631608,4.894028,1.1570249,0.0,5.301786,1.4780005,0.05599639,0.0,3.4544327,1.6872004,1.008956,0.0,0.7963078,5.2399697,4.0890045,3.7907298,0.0,0.0,0.17532384,1.9143538,0.20620006,0.0,0.0,2.7027256,2.0510135,0.0,5.9025097,0.0,2.6363873,0.78306377,0.0,0.0,0.5072867,3.3774188,0.34508157,0.0,3.6566496,0.0,3.328494,0.43929753,0.0,0.0,0.7104089,2.933483,0.0,0.0,0.0,0.0,0.0,3.5911229,0.0,0.22936144,0.0,0.29710448,3.0329652,1.8219569,0.0,0.9846148,2.9381685,0.0,3.0965111,0.0,0.0,0.0,3.8117857,3.576291,0.66721696,0.0,3.7599561,1.512768,0.07362571,0.0,2.7372277,0.86828184,1.1524612,0.0,0.8536997,3.9509702,2.9209032,2.904203,0.0,0.0,0.36085856,1.2466998,0.7541063,0.0,0.0,2.198661,1.4840876,0.0,4.367138,0.0,2.2044077,0.8550583,0.0,0.0,0.2605973,2.7624593,0.5158751
C000285,0.0,2.8525999,0.0,2.7081728,0.0,0.0,0.0,0.7214969,2.5411503,0.0,0.0,0.0,0.0,0.0,2.81411,0.0,0.034561463,0.0,0.0,2.4064174,1.52017,0.0,0.45950255,2.1594846,0.0,2.2798395,0.11609245,0.0,0.0,2.9705615,2.6889286,0.093636096,0.0,2.432118,1.1939844,0.0,0.0,2.0765269,0.3942103,0.773516,0.0,0.47879902,3.1369553,2.1814857,2.2527893,0.0,0.0,0.03662723,0.47677344,0.9701646,0.0,0.0,1.7888451,0.83861035,0.0,3.338812,0.0,1.3102928,0.5910885,0.0,0.0,0.021081097,2.0079613,0.037025563,0.0,3.5208025,0.227651,3.3424788,0.9375164,0.0,0.0,0.99469906,2.8333519,0.0,0.0,0.0,0.0,0.0,3.399746,0.0,0.21386991,0.0,0.56924087,2.9267807,1.7584423,0.0,1.1868515,2.9697323,0.0,3.3829412,0.038697485,0.0,0.0,4.001177,3.661392,0.6955652,0.0,3.5102673,1.4494123,0.23703344,0.0,2.642942,0.803425,1.2951227,0.0,1.0136669,4.203816,2.731246,2.603514,0.0,0.0,0.48804614,1.4451119,0.8370475,0.0,0.0,2.2406027,1.4635447,0.0,4.2027698,0.0,2.559954,0.93456453,0.0,0.0,0.6019333,3.0216792,0.6217552
C000286,0.0,3.6945295,0.0,3.6505718,0.80290306,0.0,0.0,0.0,2.7969096,0.0,0.0,0.0,0.0,0.0,3.7220051,0.0,0.0,0.0,0.55910975,3.1654005,1.5338284,0.0,1.635106,3.2570572,0.0,3.2153053,0.0,0.0,0.0,3.852087,4.079123,1.0685718,0.0,4.440013,1.0893543,0.0,0.0,2.9150558,1.499588,0.70439255,0.0,0.5937148,4.493228,3.4921277,3.0383344,0.0,0.0,0.09505211,1.7046499,0.0,0.0,0.0,2.2209458,1.7252623,0.0,4.92993,0.0,2.1946068,0.5239282,0.0,0.0,0.47077698,2.7500565,0.24297267,0.0,3.6720736,0.14593397,3.426387,0.72269565,0.0,0.0,0.8559002,2.9674702,0.0,0.0,0.0,0.0,0.0,3.6150525,0.0,0.11532708,0.0,0.39962164,3.0485632,1.7724642,0.0,1.0746065,3.0160868,0.0,3.2780683,0.0009855876,0.0,0.0,3.9708786,3.727174,0.8351558,0.0,3.8552058,1.5189643,0.13463618,0.0,2.864997,0.84084845,1.2913028,0.0,0.9973164,4.1106644,2.89165,2.9067345,0.0,8.91226e-05,0.5265958,1.5080929,0.66421145,0.0,0.0,2.2497036,1.5971016,0.0,4.3563046,0.0,2.5004165,0.9227591,0.0,0.0,0.43871188,3.0514486,0.6285297
C000287,0.0,5.1719646,0.0,4.483232,0.0,0.0,0.0,1.494397,4.431928,0.0,0.0,0.0,0.0,0.0,4.944562,0.0,0.21410017,0.0,0.0,4.1032906,2.6543455,0.0,0.56954753,3.7479706,0.0,4.117673,0.13112259,0.0,0.0,5.2333393,4.5499883,0.5148298,0.0,4.4879475,2.5963287,0.0,0.0,3.6012723,0.42493197,1.7452637,0.0,1.402808,5.076772,3.504819,4.183442,0.0,0.0,0.5173289,1.1610245,1.7578404,0.0,0.0,3.1594954,1.464017,0.0,5.5209675,0.0,2.754617,1.5455703,0.0,0.0,0.0,3.8106258,0.4368088,0.0,5.1719646,0.0,4.483232,0.0,0.0,0.0,1.494397,4.431928,0.0,0.0,0.0,0.0,0.0,4.944562,0.0,0.21410017,0.0,0.0,4.1032906,2.6543455,0.0,0.56954753,3.7479706,0.0,4.117673,0.13112259,0.0,0.0,5.2333393,4.5499883,0.5148298,0.0,4.4879475,2.5963287,0.0,0.0,3.6012723,0.42493197,1.7452637,0.0,1.402808,5.076772,3.504819,4.183442,0.0,0.0,0.5173289,1.1610245,1.7578404,0.0,0.0,3.1594954,1.464017,0.0,5.5209675,0.0,2.754617,1.5455703,0.0,0.0,0.0,3.8106258,0.4368088
C000288,0.0,4.6711755,0.0,4.1321087,0.0,0.0,0.0,1.2967612,4.0125737,0.0,0.0,0.0,0.0,0.0,4.4840894,0.0,0.11891499,0.0,0.0,3.7499034,2.3751965,0.0,0.61289674,3.396669,0.0,3.6470957,0.14580995,0.0,0.0,4.7230945,4.208521,0.34497592,0.0,4.005937,2.1660519,0.0,0.0,3.2791052,0.48450363,1.4850314,0.0,1.0904719,4.745928,3.2735968,3.7641635,0.0,0.0,0.31250042,0.96931064,1.5395072,0.0,0.0,2.8459854,1.3164245,0.0,5.1011653,0.0,2.357296,1.249969,0.0,0.0,0.0,3.3426545,0.26232406,0.0,4.6711755,0.0,4.1321087,0.0,0.0,0.0,1.2967612,4.0125737,0.0,0.0,0.0,0.0,0.0,4.4840894,0.0,0.11891499,0.0,0.0,3.7499034,2.3751965,0.0,0.61289674,3.396669,0.0,3.6470957,0.14580995,0.0,0.0,4.7230945,4.208521,0.34497592,0.0,4.005937,2.1660519,0.0,0.0,3.2791052,0.48450363,1.4850314,0.0,1.0904719,4.745928,3.2735968,3.7641635,0.0,0.0,0.31250042,0.96931064,1.5395072,0.0,0.0,2.8459854,1.3164245,0.0,5.1011653,0.0,2.357296,1.249969,0.0,0.0,0.0,3.3426545,0.26232406
C000289,0.0,3.2418528,0.0,3.3323288,1.0923859,0.0,0.0,0.057972252,2.5613499,0.0,0.0,0.0,0.0,0.0,3.4156146,0.0,0.0,0.0,0.7017704,2.8894463,1.4302634,0.0,1.8346341,2.9416144,0.0,3.0257292,0.0,0.0,0.0,3.8317547,3.8113086,0.7227824,0.0,3.8495548,0.9663361,0.13171405,0.0,2.6280024,1.5547795,0.47516713,0.0,0.4165818,4.5586004,3.1529694,2.687341,0.0,0.0,0.0,1.3639123,0.08737746,0.0,0.0,2.1956995,1.6770618,0.0,4.6983085,0.0,2.0589135,0.4091677,0.0,0.0,0.641032,2.5312946,0.0,0.0,2.4578166,0.0,2.3822725,0.42612362,0.0,0.0,0.6986551,2.1754792,0.0,0.0,0.0,0.0,0.0,2.5005112,0.0,0.19307229,0.0,0.1754426,2.1021636,1.434447,0.0,0.67115414,2.0235085,0.0,2.235199,0.007157728,0.0,0.0,2.8331892,2.4352572,0.1921459,0.0,2.2257001,1.0538912,0.04626788,0.0,1.9362354,0.54365766,0.7941414,0.0,0.50910664,2.9633498,1.9423777,1.9085529,0.0,0.0060649132,0.18630569,0.60831285,0.80823994,0.0,0.0,1.6273348,1.0086923,0.0,3.1100135,0.0,1.5071654,0.5569235,0.0,0.0,0.2526985,1.8981249,0.28169835
C000290,0.0,5.2659802,0.0,4.5480413,0.0,0.0,0.0,1.5478469,4.5064483,0.0,0.0,0.0,0.0,0.0,5.0286765,0.0,0.24344437,0.0,0.0,4.170088,2.7167761,0.0,0.55687636,3.811788,0.0,4.215868,0.12780133,0.0,0.0,5.329979,4.6106067,0.54409236,0.0,4.5735846,2.679678,0.0,0.0,3.6608446,0.40588516,1.8074943,0.0,1.4677275,5.1383047,3.5457587,4.256547,0.0,0.0,0.5676535,1.1990026,1.8102305,0.0,0.0,3.2121224,1.4881855,0.0,5.5953703,0.0,2.8431854,1.6064732,0.0,0.0,0.0,3.900533,0.4882537,0.0,5.2659802,0.0,4.5480413,0.0,0.0,0.0,1.5478469,4.5064483,0.0,0.0,0.0,0.0,0.0,5.0286765,0.0,0.24344437,0.0,0.0,4.170088,2.7167761,0.0,0.55687636,3.811788,0.0,4.215868,0.12780133,0.0,0.0,5.329979,4.6106067,0.54409236,0.0,4.5735846,2.679678,0.0,0.0,3.6608446,0.40588516,1.8074943,0.0,1.4677275,5.1383047,3.5457587,4.256547,0.0,0.0,0.5676535,1.1990026,1.8102305,0.0,0.0,3.2121224,1.4881855,0.0,5.5953703,0.0,2.8431854,1.6064732,0.0,0.0,0.0,3.900533,0.4882537
C000291,0.0,4.6711755,0.0,4.1321087,0.0,0.0,0.0,1.2967612,4.0125737,0.0,0.0,0.0,0.0,0.0,4.4840894,0.0,0.11891499,0.0,0.0,3.7499034,2.3751965,0.0,0.61289674,3.396669,0.0,3.6470957,0.14580995,0.0,0.0,4.7230945,4.208521,0.34497592,0.0,4.005937,2.1660519,0.0,0.0,3.2791052,0.48450363,1.4850314,0.0,1.0904719,4.745928,3.2735968,3.7641635,0.0,0.0,0.31250042,0.96931064,1.5395072,0.0,0.0,2.8459854,1.3164245,0.0,5.1011653,0.0,2.357296,1.249969,0.0,0.0,0.0,3.3426545,0.26232406,0.0,4.6711755,0.0,4.1321087,0.0,0.0,0.0,1.2967612,4.0125737,0.0,0.0,0.0,0.0,0.0,4.4840894,0.0,0.11891499,0.0,0.0,3.7499034,2.3751965,0.0,0.61289674,3.396669,0.0,3.6470957,0.14580995,0.0,0.0,4.7230945,4.208521,0.34497592,0.0,4.005937,2.1660519,0.0,0.0,3.2791052,0.48450363,1.4850314,0.0,1.0904719,4.745928,3.2735968,3.7641635,0.0,0.0,0.31250042,0.96931064,1.5395072,0.0,0.0,2.8459854,1.3164245,0.0,5.1011653,0.0,2.357296,1.249969,0.0,0.0,0.0,3.3426545,0.26232406
C000292,0.0,5.2659802,0.0,4.5480413,0.0,0.0,0.0,1.5478469,4.5064483,0.0,0.0,0.0,0.0,0.0,5.0286765,0.0,0.24344437,0.0,0.0,4.170088,2.7167761,0.0,0.55687636,3.811788,0.0,4.215868,0.12780133,0.0,0.0,5.329979,4.6106067,0.54409236,0.0,4.5735846,2.679678,0.0,0.0,3.6608446,0.40588516,1.8074943,0.0,1.4677275,5.1383047,3.5457587,4.256547,0.0,0.0,0.5676535,1.1990026,1.8102305,0.0,0.0,3.2121224,1.4881855,0.0,5.5953703,0.0,2.8431854,1.6064732,0.0,0.0,0.0,3.900533,0.4882537,0.0,5.2659802,0.0,4.5480413,0.0,0.0,0.0,1.5478469,4.5064483,0.0,0.0,0.0,0.0,0.0,5.0286765,0.0,0.24344437,0.0,0.0,4.170088,2.7167761,0.0,0.55687636,3.811788,0.0,4.215868,0.12780133,0.0,0.0,5.329979,4.6106067,0.54409236,0.0,4.5735846,2.679678,0.0,0.0,3.6608446,0.40588516,1.8074943,0.0,1.4677275,5.1383047,3.5457587,4.256547,0.0,0.0,0.5676535,1.1990026,1.8102305,0.0,0.0,3.2121224,1.4881855,0.0,5.5953703,0.0,2.8431854,1.6064732,0.0,0.0,0.0,3.900533,0.4882537
C000293,0.0,5.7250237,0.79039776,4.6527905,0.9448397,0.0,0.0,4.270313,4.558618,0.0,0.0,0.0,0.5576437,1.2091693,4.8160515,0.0,2.4302022,0.0,0.5677771,4.1184688,4.3993907,0.0,0.067048416,4.7530155,0.0,5.5066543,0.0,0.0,0.0,5.8098063,4.4986796,0.0,0.11656598,4.519791,3.8542862,1.2204677,0.041821085,4.659016,0.0,4.3876505,0.0,2.3801074,5.163194,3.318212,4.0721316,0.0,0.0,3.0295007,1.1130074,4.0492597,0.0,0.0,3.5668077,1.7962947,0.0,5.1966877,0.0,5.2152066,2.9953127,0.0,0.8745268,0.6496808,4.1457205,3.2765348,0.0,8.623512,1.5149938,8.936824,2.6625893,0.0,0.0,5.3442397,7.2274837,0.0,0.0,0.0,0.20341532,0.39594522,8.934313,0.0,1.9060557,1.0979788,2.7673635,7.321429,5.6856847,0.0,2.3904893,7.697345,0.0,9.4862385,0.0,0.0,0.0,9.889312,9.206701,1.6501222,0.3110981,9.348565,4.723691,1.8425465,0.38092864,6.98184,1.7079918,5.6609735,0.0,3.8225172,9.81177,7.164807,7.4000463,0.0,0.0,3.2664495,3.2863255,4.6374288,0.0,0.0,6.0766606,3.7280831,0.0,10.689535,0.0,7.905031,3.6368341,0.0,0.27978843,2.7129164,7.861206,4.219184
C000294,0.0,1.1480939,3.1904926,1.3187678,5.371384,0.0,0.0,6.622213,0.59646153,0.33698213,0.0,0.0,5.847127,5.552432,1.040762,3.3607826,5.3921375,4.9990444,4.820368,0.9695288,4.8806715,4.010824,1.1479536,2.2141128,0.0,5.1943545,0.0,3.7684593,0.0,1.0159065,1.4945698,0.0,3.408438,1.8093786,1.5787814,5.1504593,5.783592,1.2879009,1.1337324,5.5270715,0.17431462,3.4883575,1.3247405,1.5221083,1.2245097,3.3949728,0.78967476,4.5819163,0.0,6.492311,0.0,0.0,0.8165879,1.6701968,0.0,2.251462,4.2248864,5.1251388,2.8953714,0.0,6.6663656,4.70084,0.8938664,6.070718,0.0,1.7963774,2.5597205,1.4455221,4.1321445,0.0,0.0,5.4497128,1.0929697,0.2773652,0.0,0.0,3.9203758,3.869254,1.5173581,2.15064,4.1995883,3.323636,3.5835104,1.3723605,4.1537213,2.6035376,0.87644416,2.335301,0.0,4.8010507,0.0,2.442373,0.0,1.9372758,1.653388,0.05932751,2.5601687,1.8109614,2.0125535,4.0081954,4.1118317,1.9577582,0.6220646,4.874822,0.15000728,3.1362233,1.8692741,1.3739861,1.3129488,2.4341288,0.5736807,3.8590753,0.4643686,4.8697114,0.0,0.0,0.95992196,1.6717255,0.0,2.3099587,2.4640055,5.134965,2.9684577,0.0,4.355755,3.3878973,1.7473775,5.2204685
C000295,0.0,1.8720117,0.0,1.8459234,0.21643859,0.0,0.0,0.65163004,1.7408798,0.0,0.0,0.0,0.0,0.0,1.8318325,0.0,0.16345245,0.0,0.0,1.6579149,1.170119,0.0,0.29622734,1.4966116,0.0,1.6336743,0.06209042,0.0,0.0,2.0628028,1.7728599,0.0,0.0,1.4583999,0.8085286,0.0,0.0,1.4810051,0.1457803,0.616139,0.0,0.27559543,2.1070497,1.4673264,1.4159521,0.0,0.0,0.11031398,0.32414132,0.8315732,0.0,0.0,1.2276006,0.63160586,0.0,2.2721798,0.0,0.99607205,0.39759892,0.0,0.0,0.097840026,1.3284168,0.20180464,0.0,1.8580943,2.1868951,1.4182111,3.5004654,0.0,0.0,5.516088,1.4805363,0.67045486,0.0,0.0,3.2808442,3.6743426,1.581356,2.2055607,4.1535573,2.5063686,2.9611423,1.3777522,3.9494789,2.5254405,0.3814698,1.9854743,0.0,4.4243617,0.00443503,2.4127033,0.0,2.1539586,1.4621977,0.1438529,2.8471353,1.2486671,2.3402324,3.5325596,3.3232849,2.049556,0.27975598,4.718797,0.46429917,2.843762,1.9239082,0.99321145,1.0753253,2.326028,0.7201809,3.82485,0.57245684,4.6448565,0.0,0.0,1.0248882,1.4052104,0.0,1.9128349,2.1038747,4.9906154,3.3022099,0.075127006,3.9108257,2.7735686,1.8935897,4.8964005
C000296,0.0,3.265231,0.06670335,3.0664635,0.7115836,0.0,0.0,0.3714056,2.8349986,0.0,0.0,0.0,0.0,0.0,3.0615146,0.0,0.0,0.0,0.39835116,2.8318934,1.2387223,0.0,1.4846597,2.9503896,0.0,3.085494,0.0,0.0,0.0,3.6981468,3.6795893,1.1788373,0.0,3.5950513,1.006887,0.12036048,0.0,2.4428835,0.981987,1.0277364,0.0,0.68783426,3.7874146,2.9544504,2.5364962,0.0,0.0,0.35555696,1.5808508,0.23589024,0.0,0.0,2.106182,1.4498137,0.0,4.0151277,0.0,2.2250123,0.835752,0.0,0.0,0.59718287,2.8972814,0.46700263,0.0,2.752113,0.22380763,2.4511282,1.0356877,0.0,0.0,1.1348251,2.316046,0.0,0.0,0.0,0.24321069,0.31636426,2.7003677,0.08615848,0.54878986,0.22249402,0.65812844,2.3623352,1.6794459,0.12009677,1.0256582,2.4527087,0.0,2.8992856,0.0,0.008371098,0.0,3.153265,2.849925,0.73496914,0.19035046,2.7958605,1.2019557,0.5687699,0.40050435,2.2918906,0.8425674,1.46851,0.0,0.9888403,3.2090714,2.2833393,2.1161387,0.153138,0.05531828,0.7593879,1.2161593,1.0339521,0.0,0.0,1.7705207,1.3227024,0.0,3.4234867,0.0,2.4392128,1.0561808,0.0,0.24670248,0.78725153,2.4374368,1.1336007
C000297,0.0,4.365396,0.0,3.930901,0.0,0.0,0.0,1.1732485,3.7636876,0.0,0.0,0.0,0.0,0.0,4.214825,0.0,0.050368816,0.0,0.0,3.5322993,2.2068186,0.0,0.64657336,3.1817873,0.0,3.3572855,0.1566275,0.0,0.0,4.42352,4.010731,0.23750108,0.0,3.7197547,1.902455,0.0,0.0,3.0913744,0.5385255,1.3199968,0.0,0.89876294,4.568469,3.141261,3.5117688,0.0,0.0,0.18718593,0.84615463,1.4058892,0.0,0.0,2.6582088,1.223271,0.0,4.8748875,0.0,2.1157603,1.0688256,0.0,0.0,0.0,3.0660133,0.15126653,0.0,4.365396,0.0,3.930901,0.0,0.0,0.0,1.1732485,3.7636876,0.0,0.0,0.0,0.0,0.0,4.214825,0.0,0.050368816,0.0,0.0,3.5322993,2.2068186,0.0,0.64657336,3.1817873,0.0,3.3572855,0.1566275,0.0,0.0,4.42352,4.010731,0.23750108,0.0,3.7197547,1.902455,0.0,0.0,3.0913744,0.5385255,1.3199968,0.0,0.89876294,4.568469,3.141261,3.5117688,0.0,0.0,0.18718593,0.84615463,1.4058892,0.0,0.0,2.6582088,1.223271,0.0,4.8748875,0.0,2.1157603,1.0688256,0.0,0.0,0.0,3.0660133,0.15126653
C000298,0.0,5.1719646,0.0,4.483232,0.0,0.0,0.0,1.494397,4.431928,0.0,0.0,0.0,0.0,0.0,4.944562,0.0,0.21410017,0.0,0.0,4.1032906,2.6543455,0.0,0.56954753,3.7479706,0.0,4.117673,0.13112259,0.0,0.0,5.2333393,4.5499883,0.5148298,0.0,4.4879475,2.5963287,0.0,0.0,3.6012723,0.42493197,1.7452637,0.0,1.402808,5.076772,3.504819,4.183442,0.0,0.0,0.5173289,1.1610245,1.7578404,0.0,0.0,3.1594954,1.464017,0.0,5.5209675,0.0,2.754617,1.5455703,0.0,0.0,0.0,3.8106258,0.4368088,0.0,5.1719646,0.0,4.483232,0.0,0.0,0.0,1.494397,4.431928,0.0,0.0,0.0,0.0,0.0,4.944562,0.0,0.21410017,0.0,0.0,4.1032906,2.6543455,0.0,0.56954753,3.7479706,0.0,4.117673,0.13112259,0.0,0.0,5.2333393,4.5499883,0.5148298,0.0,4.4879475,2.5963287,0.0,0.0,3.6012723,0.42493197,1.7452637,0.0,1.402808,5.076772,3.504819,4.183442,0.0,0.0,0.5173289,1.1610245,1.7578404,0.0,0.0,3.1594954,1.464017,0.0,5.5209675,0.0,2.754617,1.5455703,0.0,0.0,0.0,3.8106258,0.4368088
C000299,0.0,3.3716583,3.2067013,4.3565784,6.628074,0.0,0.0,6.861506,2.6201968,0.0,0.0,0.0,5.5973053,4.8596196,3.4411128,2.516891,5.3818793,5.9190016,5.9701605,3.4793797,6.41519,3.0626807,3.1528406,4.6383214,0.0,8.130074,0.0,3.5261784,0.0,4.457355,4.443551,0.0,2.5725436,5.395725,2.7065625,5.571547,6.1116867,2.9596388,3.258836,5.8315053,0.0,4.48048,4.6879687,4.2452455,3.514637,3.2282996,0.19802901,4.0643272,0.4442845,7.0926065,0.0,0.0,2.7130296,2.7771559,0.0,6.1542306,3.840166,6.998145,2.4994745,0.0,5.748169,5.381756,2.8201168,6.280058,0.0,1.695881,4.9529223,1.5134281,8.430156,0.0,0.0,10.441033,1.0841641,1.1063069,0.0,0.0,8.43848,8.131853,1.2914635,5.1319146,8.31272,7.4339147,7.50922,1.4373084,7.40194,6.064444,1.701552,3.0441856,0.0,7.976046,0.0,6.2044525,0.0,1.8860645,1.8498999,0.05063225,5.6317067,2.010854,3.0165653,7.713671,8.560264,2.038551,1.2071222,8.47245,0.41192344,5.6646066,2.0272691,1.5335368,1.392577,5.390072,1.2491349,7.0510325,0.37045226,9.51126,0.0,0.0,0.95491594,2.4739733,0.0,2.7492373,6.3065305,8.481446,4.733242,0.022442745,9.484412,6.7686906,1.8221608,9.468122
C000300,0.0,5.3598413,0.0,4.616248,0.0,0.0,0.0,1.6095928,4.579143,0.0,0.0,0.0,0.0,0.0,5.1125546,0.0,0.2840252,0.0,0.0,4.239031,2.7836053,0.0,0.54288125,3.8784797,0.0,4.3215804,0.12448905,0.0,0.0,5.4313593,4.6707053,0.57014066,0.0,4.6618876,2.762447,0.0,0.0,3.7247481,0.38174075,1.8787977,0.0,1.5370854,5.2044034,3.5896854,4.3263035,0.0,0.0,0.6253228,1.2384818,1.8709615,0.0,0.0,3.2618294,1.5122188,0.0,5.664124,0.0,2.9400327,1.6693242,0.0,0.0,0.0,3.9952252,0.5492611,0.0,5.3598413,0.0,4.616248,0.0,0.0,0.0,1.6095928,4.579143,0.0,0.0,0.0,0.0,0.0,5.1125546,0.0,0.2840252,0.0,0.0,4.239031,2.7836053,0.0,0.54288125,3.8784797,0.0,4.3215804,0.12448905,0.0,0.0,5.4313593,4.6707053,0.57014066,0.0,4.6618876,2.762447,0.0,0.0,3.7247481,0.38174075,1.8787977,0.0,1.5370854,5.2044034,3.5896854,4.3263035,0.0,0.0,0.6253228,1.2384818,1.8709615,0.0,0.0,3.2618294,1.5122188,0.0,5.664124,0.0,2.9400327,1.6693242,0.0,0.0,0.0,3.9952252,0.5492611
C000301,0.0,4.100968,0.0,3.5670118,1.3594722,0.0,0.0,0.25819632,2.979306,0.0,0.0,0.0,0.0,0.0,4.070465,0.0,0.0,0.0,0.7613254,3.4337196,1.942624,0.0,1.7446637,3.449895,0.0,3.340901,0.0,0.0,0.0,3.9983907,4.2803845,0.8763999,0.0,4.4180436,1.0284852,0.45251352,0.0,2.8138483,1.9888647,0.86266655,0.0,0.6738848,4.6027455,3.7583125,2.9510477,0.0,0.0,0.2017023,1.4036512,0.6298769,0.0,0.0,2.1641037,1.9050806,0.0,5.1647224,0.0,2.3964639,0.7332164,0.0,0.0,1.0513331,2.8562794,0.48346978,0.0,2.6563218,0.94960535,2.2304454,1.9427712,0.0,0.0,2.648204,2.2145157,0.0020912692,0.0,0.0,1.389396,1.6489214,2.4898844,0.34855577,2.0493362,1.0198603,1.5885212,2.176854,2.5954578,0.7159034,0.79953545,2.5815544,0.0,3.7027695,0.0,0.36791486,0.0,3.1220732,2.4251568,0.18653212,0.96330917,2.452887,1.6925198,1.4822365,1.4700024,2.2199013,0.5809849,2.6315968,0.0,1.6135565,2.971255,1.8742056,1.7978216,0.7164227,0.15968823,1.8379875,0.85686475,2.6540632,0.0,0.0,1.6010994,1.398956,0.0,3.077079,0.12812208,3.4878757,1.70266,0.0,1.4510964,1.366565,2.2881968,2.3909805
C000302,0.0,3.2693143,0.0,2.9967089,0.0,0.0,0.0,0.7927751,2.8973086,0.0,0.0,0.0,0.0,0.0,3.1910794,0.0,0.049618352,0.0,0.0,2.7165809,1.6905742,0.0,0.464134,2.4603386,0.0,2.6603365,0.1141633,0.0,0.0,3.3794312,2.992346,0.24782407,0.0,2.8758597,1.5253463,0.0,0.0,2.3527617,0.3685194,0.95585525,0.0,0.7046534,3.434152,2.416152,2.6094723,0.0,0.0,0.16071343,0.6258312,1.0824517,0.0,0.0,2.0473957,0.9659475,0.0,3.6892862,0.0,1.5682379,0.79788774,0.0,0.0,0.0,2.3799248,0.115524024,0.0,4.126706,0.04484971,3.8918157,0.57504797,0.0,0.0,0.7858795,3.3603187,0.0,0.0,0.0,0.0,0.0,4.076203,0.0,0.024809176,0.0,0.29287952,3.3767629,1.9546475,0.0,1.2158984,3.2613807,0.0,3.500929,0.05708165,0.0,0.0,4.4186993,4.1773,0.7406317,0.0,4.239711,1.6607077,0.10363584,0.0,3.132062,0.9756805,1.1467708,0.0,0.9755241,4.6228623,3.2534325,3.3101823,0.0,0.0,0.3230037,1.4296845,0.71920437,0.0,0.0,2.5150087,1.658088,0.0,4.957494,0.0,2.5045233,0.92894197,0.0,0.0,0.2614957,3.2236366,0.35875756
C000303,0.0,2.0216172,0.0,1.9863745,0.07461195,0.0,0.0,0.43500173,1.8776646,0.0,0.0,0.0,0.0,0.0,2.0405743,0.0,0.019316364,0.0,0.0,1.776592,1.1084967,0.0,0.35875627,1.6240163,0.0,1.7306784,0.07667317,0.0,0.0,2.1985555,1.9132419,0.0969115,0.0,1.8137774,0.93295074,0.0,0.0,1.5299699,0.2730775,0.5278957,0.0,0.32983163,2.2852983,1.6288531,1.5604981,0.0,0.0,0.025887575,0.29216138,0.71776813,0.0,0.0,1.3289381,0.6610186,0.0,2.408404,0.0,0.915988,0.39081448,0.0,0.0,0.031764604,1.5066757,0.027660383,0.0,2.4835844,0.0,2.5532553,0.5910574,0.0,0.0,0.44183177,2.1293035,0.0,0.0,0.0,0.0,0.0,2.4985952,0.0,0.009658182,0.0,0.31587642,2.1526933,1.2611382,0.0,0.9771745,2.1207883,0.0,2.1958039,0.038336586,0.0,0.0,2.7863758,2.6487741,0.30356073,0.0,2.5297983,0.89392185,0.13137308,0.0,1.9436911,0.7382159,0.58102113,0.0,0.4134012,3.0469515,2.0560029,1.9720447,0.0,0.0,0.07554902,0.7431056,0.4545343,0.0,0.0,1.5608554,1.1644646,0.0,3.2423625,0.0,1.458729,0.3666345,0.0,0.0,0.2948981,1.8341409,0.12235751
C000304,0.0,4.478968,0.067555785,4.016081,0.97390366,0.0,0.0,1.2600863,3.8295894,0.0,0.0,0.0,0.0,0.0,4.459606,0.0,0.22045931,0.0,0.5876901,3.5866208,2.4459572,0.0,1.7177196,3.6514306,0.0,4.390859,0.0,0.0,0.0,4.950471,4.604725,0.56140685,0.0,4.440322,1.6232622,0.16236138,0.088434994,3.2484856,1.6060463,1.6832575,0.0,1.1029593,5.195898,3.6670897,3.60866,0.0,0.0,0.4416297,1.0711653,1.8083376,0.0,0.0,2.878256,1.7423139,0.0,5.590102,0.0,2.85201,1.2452303,0.0,0.0,0.8514702,3.2347662,0.76681733,0.0,2.5014877,0.85689795,2.0669732,1.9301897,0.0,0.0,2.5012362,2.0626445,0.0,0.0,0.0,1.1459125,1.1489006,2.3131251,0.4115685,1.4922478,0.9179989,1.4529006,2.0469685,2.3987648,0.47620678,1.035319,2.5054722,0.0,3.4928029,0.0,0.42491618,0.0,2.9201705,2.4434714,0.38902563,0.7597179,2.3273304,1.4536893,1.5009651,1.4762356,2.1969173,0.7613594,2.5310662,0.0,1.6011612,2.886409,1.9839222,1.7603595,0.74627167,0.10697825,1.7168133,0.98805714,2.255574,0.0,0.0,1.5889709,1.3742225,0.0,2.9905357,0.390409,3.3345222,1.683452,0.0,0.99979514,1.489941,2.23441,2.4185433
C000305,0.0,2.5770328,0.090735495,2.3942847,0.9128103,0.0,0.0,0.40070203,2.0817676,0.0,0.0,0.0,0.0,0.0,2.5329475,0.0,0.0,0.0277718,0.8650303,2.2836294,1.4672757,0.0,1.3946412,2.321229,0.0,2.3967297,0.0,0.0,0.0,2.7071173,2.938414,0.12181728,0.0,2.79078,0.5928106,0.31950504,0.50981295,1.926261,1.2822866,0.76990116,0.0,0.13409503,3.0253222,2.4719782,2.1142356,0.0,0.0,0.28423724,0.5417872,0.81382096,0.0,0.0,1.4863484,1.4752531,0.0,3.7891245,0.0,1.4003866,0.46707934,0.0,0.0,1.0179104,1.6186242,0.2792353,0.0,1.8473771,0.73363584,1.5097406,1.563408,0.0,0.0,1.8202045,1.4064165,0.0,0.0,0.0,1.0482179,1.1031214,1.7056652,0.3177364,1.2388322,0.7935232,1.3595775,1.5188706,1.8930712,0.4935512,0.7573105,1.9468266,0.0,2.562838,0.0,0.35258558,0.0,2.1095707,1.7003803,0.06326201,0.61122686,1.6559365,1.0571963,1.3136203,1.318692,1.6515732,0.5725032,1.9172595,0.0,1.0649368,2.0259597,1.3522812,1.2181827,0.70059735,0.13416676,1.3951676,0.5324628,1.7215275,0.0,0.0,0.9687004,1.3200856,0.0,2.3904405,0.23850231,2.3614106,1.1807432,0.0,1.0266149,1.2249777,1.4100664,1.7947251
C000306,0.0,2.7825084,0.0,2.670627,0.0100739375,0.0,0.0,0.76767606,2.4831536,0.0,0.0,0.0,0.0,0.0,2.7527819,0.0,0.059702937,0.0,0.0,2.3531392,1.5186677,0.0,0.4476186,2.1373568,0.0,2.2330089,0.11499723,0.0,0.0,2.9110026,2.6442564,0.046181887,0.0,2.321323,1.1466345,0.0,0.0,2.0521014,0.3718717,0.78855073,0.0,0.45270655,3.0719442,2.1224113,2.187934,0.0,0.0,0.042936016,0.46153587,0.9859307,0.0,0.0,1.7603632,0.8128737,0.0,3.269544,0.0,1.3174242,0.563312,0.0,0.0,0.035487875,1.9352303,0.07961696,0.0,2.809412,0.35502908,2.5262268,1.1692437,0.0,0.0,1.5779653,2.3875527,0.0,0.0,0.0,0.49571526,0.5596434,2.760527,0.16520944,0.8916293,0.4242375,0.8176648,2.4174142,2.013832,0.22704783,0.9108654,2.481875,0.0,3.1582828,0.028749308,0.12651421,0.0,3.1876235,2.824479,0.51980275,0.32937858,2.7159953,1.4300544,0.7631002,0.72857195,2.3104308,0.7880758,1.7144196,0.0,1.1447264,3.2937114,2.2638497,2.1798859,0.27658024,0.06440413,0.9026547,0.95558065,1.5777938,0.0,0.0,1.8024931,1.2854698,0.0,3.505076,0.039167155,2.5687897,1.2025412,0.0,0.5057978,0.8439307,2.356811,1.3074259
C000307,0.0,5.2659802,0.0,4.5480413,0.0,0.0,0.0,1.5478469,4.5064483,0.0,0.0,0.0,0.0,0.0,5.0286765,0.0,0.24344437,0.0,0.0,4.170088,2.7167761,0.0,0.55687636,3.811788,0.0,4.215868,0.12780133,0.0,0.0,5.329979,4.6106067,0.54409236,0.0,4.5735846,2.679678,0.0,0.0,3.6608446,0.40588516,1.8074943,0.0,1.4677275,5.1383047,3.5457587,4.256547,0.0,0.0,0.5676535,1.1990026,1.8102305,0.0,0.0,3.2121224,1.4881855,0.0,5.5953703,0.0,2.8431854,1.6064732,0.0,0.0,0.0,3.900533,0.4882537,0.0,5.2659802,0.0,4.5480413,0.0,0.0,0.0,1.5478469,4.5064483,0.0,0.0,0.0,0.0,0.0,5.0286765,0.0,0.24344437,0.0,0.0,4.170088,2.7167761,0.0,0.55687636,3.811788,0.0,4.215868,0.12780133,0.0,0.0,5.329979,4.6106067,0.54409236,0.0,4.5735846,2.679678,0.0,0.0,3.6608446,0.40588516,1.8074943,0.0,1.4677275,5.1383047,3.5457587,4.256547,0.0,0.0,0.5676535,1.1990026,1.8102305,0.0,0.0,3.2121224,1.4881855,0.0,5.5953703,0.0,2.8431854,1.6064732,0.0,0.0,0.0,3.900533,0.4882537
C000308,0.0,3.357469,0.0,3.0580754,0.0,0.0,0.0,0.82107854,2.9749234,0.0,0.0,0.0,0.0,0.0,3.268844,0.0,0.05819377,0.0,0.0,2.7849853,1.7370846,0.0,0.46320084,2.5264323,0.0,2.7446418,0.11358126,0.0,0.0,3.4707317,3.0589876,0.2741973,0.0,2.957848,1.5961517,0.0,0.0,2.4118571,0.35925317,1.0056685,0.0,0.75303715,3.4939952,2.4611955,2.6844692,0.0,0.0,0.19179693,0.6578606,1.1168166,0.0,0.0,2.100012,0.99576426,0.0,3.7652102,0.0,1.6302911,0.84333944,0.0,0.0,0.0,2.456509,0.14467175,0.0,4.28281,0.09679347,4.0039587,0.5997215,0.0,0.0,0.8856853,3.4912186,0.0,0.0,0.0,0.0,0.0,4.2328277,0.0,0.029096885,0.0,0.3017751,3.4997206,2.0654492,0.0,1.1995456,3.3852267,0.0,3.6548038,0.05679063,0.0,0.0,4.589116,4.29278,0.7912716,0.0,4.3942533,1.7843678,0.12718499,0.0,3.263353,0.9544853,1.2806739,0.0,1.0720334,4.7242947,3.338228,3.4429767,0.0,0.0,0.42436403,1.51054,0.8064239,0.0,0.0,2.598508,1.7268169,0.0,5.085563,0.0,2.6666605,1.0242081,0.0,0.0,0.2657354,3.369881,0.469508
C000309,0.0,2.7947984,0.0,2.6729212,0.0013767183,0.0,0.0,0.75202596,2.4899852,0.0,0.0,0.0,0.0,0.0,2.7622633,0.0,0.052859113,0.0,0.0,2.3599226,1.512341,0.0,0.44848385,2.138426,0.0,2.2384334,0.11458228,0.0,0.0,2.9202166,2.6473362,0.060545333,0.0,2.3487315,1.1580242,0.0,0.0,2.051528,0.37572873,0.7812894,0.0,0.4584373,3.078176,2.131598,2.1989253,0.0,0.0,0.041539814,0.46414697,0.97883874,0.0,0.0,1.7631702,0.8167107,0.0,3.2761934,0.0,1.3114406,0.5697418,0.0,0.0,0.02841159,1.9490558,0.06855769,0.0,2.5275626,0.44127393,2.2271292,1.2214972,0.0,0.0,1.6616435,2.0787878,0.0,0.0,0.0,0.66686296,0.68111193,2.470082,0.29845473,0.9577323,0.5848514,0.88980246,2.1590223,1.9641314,0.408863,0.84365344,2.2594788,0.0,2.937563,0.02864557,0.18961704,0.0,2.8509822,2.481832,0.44244078,0.44445828,2.4007223,1.3420473,0.9003749,0.89209133,2.1152654,0.7568056,1.7363158,0.0,1.1766256,2.9207897,1.9774756,1.9378844,0.4256443,0.078168355,0.98111296,0.82845175,1.6084037,0.0,0.0,1.5865014,1.2415915,0.0,3.1514783,0.119452044,2.4966633,1.1962152,0.0,0.68988955,0.9014153,2.1271594,1.4161336
C000310,0.0,3.5700402,0.0,3.4783475,0.8466754,0.0,0.0,0.0,2.6843147,0.0,0.0,0.0,0.0,0.0,3.60855,0.0,0.0,0.0,0.56811196,3.1232314,1.4256102,0.0,1.7530434,3.0630124,0.0,3.02448,0.0,0.0,0.0,3.8541205,4.022422,0.8841216,0.0,4.172578,0.98956543,0.0,0.0,2.760169,1.591876,0.49118415,0.0,0.47396463,4.589027,3.3681483,2.8996317,0.0,0.0,0.0,1.5046685,0.0,0.0,0.0,2.1827161,1.7400849,0.0,4.900384,0.0,2.0515394,0.42360312,0.0,0.0,0.5175456,2.6567245,0.0,0.0,2.7518723,0.0,2.5801656,0.39264503,0.0,0.0,0.64255035,2.3152168,0.0,0.0,0.0,0.0,0.0,2.7319431,0.0,0.20662089,0.0,0.18937065,2.3294437,1.4611737,0.0,0.75580406,2.2383814,0.0,2.4090445,0.0027281742,0.0,0.0,3.0383444,2.6957896,0.34779397,0.0,2.618818,1.1500586,0.021973087,0.0,2.105244,0.6352227,0.8385529,0.0,0.59712577,3.1610134,2.180013,2.1281588,0.0,0.00043541566,0.22229855,0.7828494,0.73291844,0.0,0.0,1.7352101,1.125971,0.0,3.3755665,0.0,1.6432253,0.60329133,0.0,0.0,0.2131996,2.0936782,0.30705717
C000311,0.0,1.789195,0.0,1.7983483,0.1343974,0.0,0.0,0.46348608,1.6854771,0.0,0.0,0.0,0.0,0.0,1.8149706,0.0,0.08602595,0.0,0.0,1.6142359,1.0510476,0.0,0.28829423,1.4571956,0.0,1.5528315,0.06875878,0.0,0.0,2.0030513,1.7073414,0.06344499,0.0,1.5217823,0.80395806,0.0,0.0,1.3892629,0.20323421,0.48302248,0.0,0.28404057,2.0389774,1.4524069,1.3620805,0.0,0.0,0.032140907,0.2683456,0.71873474,0.0,0.0,1.1805534,0.5929137,0.0,2.1850324,0.0,0.85336804,0.33044153,0.0,0.0,0.041781742,1.3361675,0.071075745,0.0,2.3264685,0.5896365,1.9423566,1.3023293,0.0,0.0,1.778477,1.8701994,0.0,0.0,0.0,0.61906594,0.76171494,2.2105327,0.1190924,1.0444047,0.45967633,1.0094355,1.8814839,1.9671896,0.14902312,0.62055093,2.2337224,0.0,2.8638563,0.0076398645,0.030546477,0.0,2.7465043,2.0714042,0.32143942,0.42472827,2.030693,1.3997977,1.0004023,0.76955676,1.9988532,0.42074,1.9134644,0.0,1.2442993,2.531161,1.5538416,1.5149547,0.3880059,0.10880581,1.2813231,0.9294382,1.5732051,0.0,0.0,1.3733436,1.2948537,0.0,2.6788023,0.00068183406,2.6660848,1.3053687,0.0,0.5881676,0.9169867,2.05431,1.6704026
C000312,0.0,4.0296474,0.04259692,3.5624366,0.2560482,0.0,0.0,2.1521544,3.381011,0.0,0.0,0.0,0.0,0.12435196,3.663977,0.0,0.8680527,0.0,0.0,3.0588548,2.7373037,0.0,0.30429748,3.2648256,0.0,3.495645,0.0,0.0,0.0,4.1465354,3.4387138,0.0,0.0,3.2279468,2.216751,0.2217818,0.0,3.2269042,0.0,2.2456536,0.0,1.1624157,3.8636925,2.6280584,3.0757275,0.0,0.0,1.3129259,0.79648876,2.1799374,0.0,0.0,2.627861,1.1464404,0.0,4.084201,0.0,2.9403157,1.5060139,0.0,0.0,0.20312408,2.7556937,1.3301675,0.0,5.0032754,0.02129846,5.2390575,0.8594521,0.0,0.0,1.3139855,4.0145807,0.0,0.0,0.0,0.0,0.06217598,4.914044,0.0,0.43402636,0.22054952,0.72959524,4.4441614,2.6549077,0.0,1.7010777,4.3244257,0.0,4.5710897,0.0,0.0,0.0,5.786584,5.3674974,0.5409213,0.0,5.5823355,2.300171,0.6301108,0.0,4.1832376,1.5823464,1.5094098,0.0,1.4894334,6.003865,4.4151363,4.191087,0.0,0.0,0.6966418,1.5814831,1.374779,0.0,0.0,3.3600352,2.1398852,0.0,6.4750133,0.0,3.6179442,1.1487913,0.0,0.0,0.6530693,3.9805503,0.79052174
C000313,0.0,4.610487,0.0,4.476962,0.6802978,0.0,0.0,0.1606592,3.519063,0.0,0.0,0.0,0.0,0.0,4.656155,0.0,0.0,0.0,0.41606694,3.856628,1.8649802,0.0,1.796885,3.9283772,0.0,3.7452116,0.0,0.0,0.0,4.641418,5.0999746,1.0423877,0.0,5.1847496,1.2828395,0.0,0.0,3.5560641,1.7029158,0.9588585,0.0,0.65805566,5.6179695,4.271865,3.8454294,0.0,0.0,0.0,1.8709512,0.12493014,0.0,0.0,2.7545133,1.8711935,0.0,5.9472175,0.0,2.580885,0.6801807,0.0,0.0,0.5006152,3.3703356,0.1190913,0.0,3.6745777,0.0,3.4427283,0.40981755,0.0,0.0,0.61406857,2.996303,0.0,0.0,0.0,0.0,0.0,3.6603775,0.0,0.17836624,0.0,0.20803347,3.059793,1.7772613,0.0,1.0116484,2.9991941,0.0,3.114358,0.004229512,0.0,0.0,3.838401,3.7226145,0.61762524,0.0,3.7103958,1.4082234,0.005002398,0.0,2.7853446,0.9172137,1.0775716,0.0,0.7710632,4.1936674,3.046673,2.9684267,0.0,0.00078465603,0.22537565,1.2149972,0.6926925,0.0,0.0,2.2346635,1.4030646,0.0,4.4595966,0.0,2.1408494,0.7940309,0.0,0.0,0.2579686,2.7858255,0.3404551
C000314,0.0,5.07775,0.0,4.419758,0.0,0.0,0.0,1.4447359,4.3565764,0.0,0.0,0.0,0.0,0.0,4.8604884,0.0,0.18976656,0.0,0.0,4.0375113,2.59401,0.0,0.58173215,3.685242,0.0,4.0227776,0.13439447,0.0,0.0,5.1387243,4.489235,0.4841375,0.0,4.403348,2.512756,0.0,0.0,3.5437078,0.44164065,1.6871576,0.0,1.3397741,5.0171843,3.46518,4.108858,0.0,0.0,0.47038698,1.1237433,1.7091242,0.0,0.0,3.1054587,1.4398807,0.0,5.443994,0.0,2.669736,1.4856623,0.0,0.0,0.0,3.7228658,0.38978177,0.0,5.07775,0.0,4.419758,0.0,0.0,0.0,1.4447359,4.3565764,0.0,0.0,0.0,0.0,0.0,4.8604884,0.0,0.18976656,0.0,0.0,4.0375113,2.59401,0.0,0.58173215,3.685242,0.0,4.0227776,0.13439447,0.0,0.0,5.1387243,4.489235,0.4841375,0.0,4.403348,2.512756,0.0,0.0,3.5437078,0.44164065,1.6871576,0.0,1.3397741,5.0171843,3.46518,4.108858,0.0,0.0,0.47038698,1.1237433,1.7091242,0.0,0.0,3.1054587,1.4398807,0.0,5.443994,0.0,2.669736,1.4856623,0.0,0.0,0.0,3.7228658,0.38978177
C000315,0.0,5.3598413,0.0,4.616248,0.0,0.0,0.0,1.6095928,4.579143,0.0,0.0,0.0,0.0,0.0,5.1125546,0.0,0.2840252,0.0,0.0,4.239031,2.7836053,0.0,0.54288125,3.8784797,0.0,4.3215804,0.12448905,0.0,0.0,5.4313593,4.6707053,0.57014066,0.0,4.6618876,2.762447,0.0,0.0,3.7247481,0.38174075,1.8787977,0.0,1.5370854,5.2044034,3.5896854,4.3263035,0.0,0.0,0.6253228,1.2384818,1.8709615,0.0,0.0,3.2618294,1.5122188,0.0,5.664124,0.0,2.9400327,1.6693242,0.0,0.0,0.0,3.9952252,0.5492611,0.0,5.3598413,0.0,4.616248,0.0,0.0,0.0,1.6095928,4.579143,0.0,0.0,0.0,0.0,0.0,5.1125546,0.0,0.2840252,0.0,0.0,4.239031,2.7836053,0.0,0.54288125,3.8784797,0.0,4.3215804,0.12448905,0.0,0.0,5.4313593,4.6707053,0.57014066,0.0,4.6618876,2.762447,0.0,0.0,3.7247481,0.38174075,1.8787977,0.0,1.5370854,5.2044034,3.5896854,4.3263035,0.0,0.0,0.6253228,1.2384818,1.8709615,0.0,0.0,3.2618294,1.5122188,0.0,5.664124,0.0,2.9400327,1.6693242,0.0,0.0,0.0,3.9952252,0.5492611
C000316,0.0,5.036918,0.0,5.9023366,1.6541777,0.0,0.0,0.37607247,3.861149,0.0,0.0,0.0,0.0,0.0,5.222589,0.0,0.0,1.013313,1.8059322,5.0417147,2.3925433,0.0,3.0839834,4.810297,0.0,4.932618,0.0,0.0,0.0,6.0261045,6.4052377,0.77887166,0.0,6.974783,1.8321588,1.6030338,0.11051828,4.311039,3.2923036,0.88236463,0.0,1.4355353,6.991199,5.609049,4.57961,0.0,0.0,0.066053405,1.8318696,0.658121,0.0,0.0,3.5736105,2.8244677,0.0,8.125191,0.0,3.558473,0.5822562,0.0,0.0,1.4347608,4.13482,0.5722259,0.0,4.343954,0.31297356,4.400021,1.2504328,0.0,0.0,1.7415879,3.3839166,0.0,0.0,0.0,0.33659512,0.58755875,4.1213274,0.0,0.93722636,0.5066565,1.1790234,3.8394914,2.7019057,0.01792101,1.5419917,3.9216404,0.0,4.3447247,0.0,0.0,0.0,4.9409924,4.559183,0.38943583,0.14929137,4.8272266,2.215901,1.3427536,0.19630662,3.6758797,1.6461518,2.0010364,0.0,1.5662925,5.138302,3.7739947,3.4923706,0.0,0.0020743422,1.1051123,1.2751653,1.7684457,0.0,0.0,2.8902626,2.055016,0.0,5.6984606,0.0,3.5861917,1.3230047,0.0,0.41930124,1.016347,3.4153814,1.5032222
C000317,0.0,3.047081,0.39977497,2.9337952,1.5016782,0.0,0.0,0.53520733,2.5263278,0.0,0.0,0.0,0.25508058,0.0,3.1750073,0.0,0.0,0.65481305,1.238168,2.6492972,1.865494,0.0,1.8650937,2.9393716,0.0,3.1741443,0.0,0.0,0.0,3.3223956,3.6066642,0.74610275,0.0,3.9710202,0.88542145,0.669247,0.75914586,2.3634062,1.8489227,1.2917488,0.0,0.69671756,3.5671036,3.13162,2.8824177,0.0,0.0,0.5199504,1.0478448,1.024965,0.0,0.0,1.8484385,1.8259641,0.0,4.686378,0.0,2.32552,0.69928837,0.0,0.0,1.0866712,2.1261144,0.7947936,0.0,1.8544958,1.610451,1.4349942,2.6915114,0.0,0.0,3.627572,1.4421617,0.23842204,0.0,0.0,2.318729,2.4446547,1.6216908,1.2564476,2.6801772,1.8833662,2.2192953,1.4710456,3.074554,1.5484917,0.6855186,2.0690846,0.0,3.6843445,0.00090237986,1.4730015,0.0,2.1478264,1.6240777,0.17311335,1.6948543,1.6353945,1.6403136,2.4483724,2.5111332,1.864704,0.58737725,3.4338155,0.13159482,2.125178,1.9244336,1.3034643,1.3268118,1.509306,0.40086475,2.667889,0.57279,3.300363,0.0,0.0,0.99107075,1.333888,0.0,2.1833677,1.349165,3.8678207,2.2450252,0.0,2.5460644,2.0519676,1.756219,3.47543
C000318,0.0,4.594108,0.0,4.080994,0.0,0.0,0.0,1.2668654,3.9495687,0.0,0.0,0.0,0.0,0.0,4.416078,0.0,0.10367714,0.0,0.0,3.6952255,2.3321958,0.0,0.6202911,3.3414314,0.0,3.5752459,0.14837685,0.0,0.0,4.6469107,4.158209,0.3187505,0.0,3.9342623,2.0998545,0.0,0.0,3.2318428,0.49575514,1.4438144,0.0,1.0429646,4.7003064,3.2406063,3.7008202,0.0,0.0,0.28095362,0.93960404,1.5060972,0.0,0.0,2.7974977,1.2929994,0.0,5.0424576,0.0,2.2975178,1.2043599,0.0,0.0,0.0,3.2731085,0.23457666,0.0,4.594108,0.0,4.080994,0.0,0.0,0.0,1.2668654,3.9495687,0.0,0.0,0.0,0.0,0.0,4.416078,0.0,0.10367714,0.0,0.0,3.6952255,2.3321958,0.0,0.6202911,3.3414314,0.0,3.5752459,0.14837685,0.0,0.0,4.6469107,4.158209,0.3187505,0.0,3.9342623,2.0998545,0.0,0.0,3.2318428,0.49575514,1.4438144,0.0,1.0429646,4.7003064,3.2406063,3.7008202,0.0,0.0,0.28095362,0.93960404,1.5060972,0.0,0.0,2.7974977,1.2929994,0.0,5.0424576,0.0,2.2975178,1.2043599,0.0,0.0,0.0,3.2731085,0.23457666
C000319,0.0,3.8545184,0.0,3.7799945,0.81982267,0.0,0.0,0.032601446,2.954261,0.0,0.0,0.0,0.0,0.0,3.9261034,0.0,0.0,0.0,0.48636165,3.322994,1.5564878,0.0,1.7700682,3.3407798,0.0,3.2922697,0.0,0.0,0.0,4.159206,4.3181734,0.92894363,0.0,4.4375153,1.102984,0.0,0.0,3.021082,1.6051972,0.6218028,0.0,0.558937,4.9640865,3.6054173,3.1770296,0.0,0.0,0.0,1.61282,0.034648478,0.0,0.0,2.3812528,1.7748911,0.0,5.204896,0.0,2.2318995,0.5270598,0.0,0.0,0.48871595,2.9315515,0.0,0.0,2.881829,0.0,2.7110157,0.3796084,0.0,0.0,0.63061875,2.4522066,0.0,0.0,0.0,0.0,0.0,2.8837159,0.0,0.17911799,0.0,0.16212055,2.439574,1.5190011,0.0,0.7667001,2.3444345,0.0,2.524709,0.0069057667,0.0,0.0,3.1817515,2.8432922,0.37424168,0.0,2.7435954,1.2046806,0.0042494126,0.0,2.2084842,0.66333324,0.8677173,0.0,0.6312339,3.3448725,2.2952976,2.266924,0.0,0.004098294,0.19531135,0.821435,0.7387287,0.0,0.0,1.8232032,1.151414,0.0,3.5471294,0.0,1.6990243,0.64840436,0.0,0.0,0.20610662,2.228194,0.2797234
C000320,0.0,3.3506927,0.57030606,3.0089717,1.1011775,0.0,0.0,1.5424753,2.7555745,0.0,0.0,0.0,0.20833851,0.27674487,3.081839,0.0,0.6368806,0.12534079,0.8023344,2.7011414,2.1981852,0.0,1.1197658,3.1119652,0.0,3.507978,0.0,0.0,0.0,3.8087883,3.2451031,0.7117514,0.0,3.3682947,1.6229892,0.74861395,0.35489088,2.4898124,0.7617431,1.8336365,0.0,1.3265063,3.5001407,2.7416942,2.652396,0.0,0.0,1.3490623,1.3571551,1.4843488,0.0,0.0,2.0537765,1.4564047,0.0,3.9018989,0.0,2.965419,1.3179604,0.0,0.01906886,0.99665844,2.8881977,1.4199388,0.0,2.4451327,0.7964923,2.0033364,1.6043166,0.0,0.0,2.3943725,2.0381365,0.008686877,0.0,0.0,0.9271493,1.0982945,2.2348037,0.3532726,1.5310363,0.6830287,1.1695535,1.9281899,2.420892,0.38751954,0.61302036,2.261003,0.0,3.3394704,0.0,0.27612755,0.0,2.8533635,2.1626883,0.29672417,0.63292694,2.0996115,1.6162516,1.3252126,1.0887121,2.111656,0.40405756,2.391253,0.0,1.5376046,2.611176,1.6727432,1.6986793,0.5339754,0.13086845,1.6614408,0.910255,2.1976924,0.0,0.0,1.4903423,1.2495177,0.0,2.7257614,0.22922768,3.1317647,1.6826714,0.0,0.9468191,1.1963828,2.2252545,2.2124877
C000321,0.0,0.1303438,1.9688213,0.7514534,5.454192,0.0,0.0,4.178429,0.22398305,0.2818149,0.0,0.0,5.231557,4.439481,0.3204146,2.9271765,3.9429584,4.716917,4.1920953,1.0047826,3.5831318,3.6603248,1.9187745,1.8463305,0.0,4.0083604,0.0,3.8769474,0.0,0.8222383,1.1805434,0.0,2.5138474,1.4279164,0.59938335,3.8657427,5.301287,0.43903303,2.0179405,3.7532926,0.0,2.3196905,1.1284409,1.4923072,0.8355023,2.8912003,0.7466229,2.6246712,0.0,4.7426004,0.0,0.0,0.36448216,1.2921482,0.0,2.075972,4.250583,3.509941,1.0438025,0.0,5.179858,3.6007876,0.0,4.061248,0.0,1.4475538,1.8394568,1.1386362,3.573175,0.0,0.0,4.339567,1.1052314,0.3706585,0.0,0.0,3.2911677,3.216611,1.2740566,1.8932093,3.4547756,2.6445677,2.8687918,1.2622975,3.472075,2.3009953,0.7715188,1.9317014,0.0,3.9826667,0.0,2.2392795,0.0,1.7946244,1.3359828,0.09539339,2.1866343,1.3086679,1.6522325,3.0626771,3.3353202,1.5162289,0.54945374,3.877059,0.17449567,2.4205427,1.6817898,1.0904217,1.0233905,2.0103068,0.56618136,2.9800515,0.3967358,4.0333657,0.0,0.0,0.76765096,1.3297416,0.0,1.9195163,2.228166,4.0800695,2.2623153,0.010527518,3.4376993,2.575185,1.3747528,4.0237894
C000322,0.0,4.0549006,0.0,3.8697252,0.77553177,0.0,0.0,0.06283727,3.0243726,0.0,0.0,0.0,0.0,0.0,4.0499926,0.0,0.0,0.0,0.67554206,3.4987893,1.7041065,0.0,1.7613821,3.404531,0.0,3.2809324,0.0,0.0,0.0,4.0920663,4.4734383,0.9741777,0.0,4.776704,1.1645457,0.1725496,0.0,3.073327,1.7515206,0.71588016,0.0,0.60362977,4.792976,3.743094,3.340235,0.0,0.0,0.0,1.6688694,0.031600535,0.0,0.0,2.3923984,1.9178517,0.0,5.4427176,0.0,2.2764723,0.5566199,0.0,0.0,0.5702285,2.918345,0.19277748,0.0,3.3146954,0.004078679,3.0551338,0.48893023,0.0,0.0,0.6290494,2.6315222,0.0,0.0,0.0,0.0,0.0,3.2435284,0.0,0.25236347,0.0,0.33777103,2.7815795,1.6723309,0.0,0.9872431,2.7026665,0.0,2.8164487,0.0,0.0,0.0,3.4659991,3.2954879,0.54537594,0.0,3.4255812,1.3163939,0.16445631,0.0,2.5104182,0.8890399,1.0099826,0.0,0.73111486,3.660841,2.6883903,2.6029837,0.0,0.0,0.288834,1.0976505,0.66058314,0.0,0.0,2.005994,1.3994092,0.0,4.049884,0.0,2.0065796,0.72465247,0.0,0.0,0.3095077,2.4582968,0.4594937
C000323,0.0,4.2364407,0.0,3.851695,0.0,0.0,0.0,1.1276256,3.6617959,0.0,0.0,0.0,0.0,0.0,4.1016097,0.0,0.022582274,0.0,0.0,3.4386058,2.146176,0.0,0.6643386,3.1011117,0.0,3.2407303,0.16193718,0.0,0.0,4.3028345,3.928115,0.18104115,0.0,3.59376,1.7935318,0.0,0.0,3.0167894,0.5670839,1.2544296,0.0,0.81761307,4.4987144,3.0805655,3.401005,0.0,0.0,0.13691115,0.7912637,1.3570081,0.0,0.0,2.5869007,1.1849428,0.0,4.785444,0.0,2.0186238,0.9924681,0.0,0.0,0.0,2.9460726,0.111315206,0.0,4.2364407,0.0,3.851695,0.0,0.0,0.0,1.1276256,3.6617959,0.0,0.0,0.0,0.0,0.0,4.1016097,0.0,0.022582274,0.0,0.0,3.4386058,2.146176,0.0,0.6643386,3.1011117,0.0,3.2407303,0.16193718,0.0,0.0,4.3028345,3.928115,0.18104115,0.0,3.59376,1.7935318,0.0,0.0,3.0167894,0.5670839,1.2544296,0.0,0.81761307,4.4987144,3.0805655,3.401005,0.0,0.0,0.13691115,0.7912637,1.3570081,0.0,0.0,2.5869007,1.1849428,0.0,4.785444,0.0,2.0186238,0.9924681,0.0,0.0,0.0,2.9460726,0.111315206
C000324,0.0,5.07775,0.0,4.419758,0.0,0.0,0.0,1.4447359,4.3565764,0.0,0.0,0.0,0.0,0.0,4.8604884,0.0,0.18976656,0.0,0.0,4.0375113,2.59401,0.0,0.58173215,3.685242,0.0,4.0227776,0.13439447,0.0,0.0,5.1387243,4.489235,0.4841375,0.0,4.403348,2.512756,0.0,0.0,3.5437078,0.44164065,1.6871576,0.0,1.3397741,5.0171843,3.46518,4.108858,0.0,0.0,0.47038698,1.1237433,1.7091242,0.0,0.0,3.1054587,1.4398807,0.0,5.443994,0.0,2.669736,1.4856623,0.0,0.0,0.0,3.7228658,0.38978177,0.0,5.07775,0.0,4.419758,0.0,0.0,0.0,1.4447359,4.3565764,0.0,0.0,0.0,0.0,0.0,4.8604884,0.0,0.18976656,0.0,0.0,4.0375113,2.59401,0.0,0.58173215,3.685242,0.0,4.0227776,0.13439447,0.0,0.0,5.1387243,4.489235,0.4841375,0.0,4.403348,2.512756,0.0,0.0,3.5437078,0.44164065,1.6871576,0.0,1.3397741,5.0171843,3.46518,4.108858,0.0,0.0,0.47038698,1.1237433,1.7091242,0.0,0.0,3.1054587,1.4398807,0.0,5.443994,0.0,2.669736,1.4856623,0.0,0.0,0.0,3.7228658,0.38978177
C000325,0.0,3.6531227,0.38471004,3.077464,1.3056521,0.0,0.0,1.2007959,2.9131162,0.0,0.0,0.0,0.09016049,0.04750651,3.461657,0.0,0.39832628,0.021059632,0.839077,2.8497255,2.249503,0.0,1.3083632,2.9414937,0.0,3.618587,0.0,0.0,0.0,3.8191068,3.5608375,0.49967963,0.0,3.6131687,1.3296378,0.45717686,0.3791992,2.5065534,1.2739366,1.5055194,0.0,1.0346872,3.8631134,2.9849873,2.7185695,0.0,0.0,0.79498214,1.0484922,1.582972,0.0,0.0,2.2287362,1.5375276,0.0,4.285195,0.0,2.5957596,1.1837511,0.0,0.0,0.9990638,2.8318396,1.0183052,0.0,2.0174167,1.705426,1.5950687,2.6055222,0.0,0.0,3.878133,1.4886702,0.039213188,0.0,0.0,2.3583977,2.6700742,1.6280231,1.0172597,3.0136993,1.8321637,2.3413734,1.4749409,2.9641762,1.6204363,0.47942737,2.2333534,0.0,3.7698123,0.0,1.4121656,0.0,2.394422,1.6058531,0.071382806,1.7297904,1.5313646,1.8360635,2.4776,2.4476397,1.88095,0.3601281,3.5132487,0.026766777,2.1860926,2.0343893,1.1089498,1.1514341,1.4592754,0.3770335,2.845678,0.56495655,3.474276,0.0,0.0,1.0555443,1.3055582,0.0,2.1238759,0.99420184,3.9888933,2.3324666,0.0,2.6228583,1.9382218,1.8487424,3.5293233
C000326,0.0,4.2364407,0.0,3.851695,0.0,0.0,0.0,1.1276256,3.6617959,0.0,0.0,0.0,0.0,0.0,4.1016097,0.0,0.022582274,0.0,0.0,3.4386058,2.146176,0.0,0.6643386,3.1011117,0.0,3.2407303,0.16193718,0.0,0.0,4.3028345,3.928115,0.18104115,0.0,3.59376,1.7935318,0.0,0.0,3.0167894,0.5670839,1.2544296,0.0,0.81761307,4.4987144,3.0805655,3.401005,0.0,0.0,0.13691115,0.7912637,1.3570081,0.0,0.0,2.5869007,1.1849428,0.0,4.785444,0.0,2.0186238,0.9924681,0.0,0.0,0.0,2.9460726,0.111315206,0.0,4.2364407,0.0,3.851695,0.0,0.0,0.0,1.1276256,3.6617959,0.0,0.0,0.0,0.0,0.0,4.1016097,0.0,0.022582274,0.0,0.0,3.4386058,2.146176,0.0,0.6643386,3.1011117,0.0,3.2407303,0.16193718,0.0,0.0,4.3028345,3.928115,0.18104115,0.0,3.59376,1.7935318,0.0,0.0,3.0167894,0.5670839,1.2544296,0.0,0.81761307,4.4987144,3.0805655,3.401005,0.0,0.0,0.13691115,0.7912637,1.3570081,0.0,0.0,2.5869007,1.1849428,0.0,4.785444,0.0,2.0186238,0.9924681,0.0,0.0,0.0,2.9460726,0.111315206
C000327,0.0,2.9224374,0.0,2.7467718,0.0,0.0,0.0,0.73503906,2.5581405,0.0,0.0,0.0,0.0,0.0,2.8704185,0.0,0.041467324,0.0,0.0,2.4184773,1.5206659,0.0,0.44954035,2.21938,0.0,2.3188071,0.10314473,0.0,0.0,3.0138235,2.705571,0.13655767,0.0,2.5360727,1.264231,0.0,0.0,2.128045,0.37502804,0.81264323,0.0,0.5275505,3.139554,2.2007108,2.2938604,0.0,0.0,0.08733459,0.50567645,0.9694451,0.0,0.0,1.8440831,0.8405752,0.0,3.338065,0.0,1.3721113,0.6411441,0.0,0.0,0.0,2.0535839,0.071523614,0.0,2.243643,2.6141334,1.7437991,4.235749,0.0,0.0,6.2931013,1.7692181,0.5177211,0.0,0.0,3.9827542,4.1825485,1.9827092,2.3609755,4.7911973,3.2884614,3.5514848,1.7374252,4.764217,2.7242754,0.59677523,2.5949433,0.0,5.452153,0.0044845534,2.5487065,0.0,2.6079981,1.929354,0.1978515,3.0346313,1.8389107,2.6357841,4.1548047,4.0411544,2.4562376,0.49799854,5.6159906,0.37576252,3.4874666,2.313047,1.5039008,1.5966996,2.589135,0.7736405,4.50423,0.6948511,5.5696206,0.0,0.0,1.2577312,1.6058359,0.0,2.5177238,2.3393948,5.9484773,3.731031,0.007304404,4.5824013,3.3557484,2.3699064,5.7867155
C000328,0.0,1.9281396,0.0,1.9118264,0.08538033,0.0,0.0,0.43074727,1.8019189,0.0,0.0,0.0,0.0,0.0,1.9505367,0.0,0.04106627,0.0,0.0,1.7095883,1.0738217,0.0,0.33478725,1.5491828,0.0,1.6481808,0.07480981,0.0,0.0,2.1100688,1.8299316,0.087312736,0.0,1.7012239,0.8665475,0.0,0.0,1.469286,0.2542908,0.48851368,0.0,0.3076011,2.1899083,1.5597353,1.4779325,0.0,0.0,0.015326489,0.28484586,0.7036176,0.0,0.0,1.2680676,0.6291569,0.0,2.3221233,0.0,0.8788484,0.36179754,0.0,0.0,0.03288928,1.437806,0.02261977,0.0,2.5080585,0.6123789,2.2195168,1.4290056,0.0,0.0,1.5057305,1.8182088,0.0,0.0,0.0,0.4878193,0.59040016,2.3584058,0.19675408,0.7146233,0.467052,1.2138206,2.0569775,1.8970038,0.14661454,0.8387899,2.4893997,0.0,2.8828895,0.012468302,0.20247473,0.0,2.882989,2.3924782,0.3640662,0.30559626,2.465856,1.272907,1.0461706,0.77015615,2.0982869,0.5962929,1.7885876,0.0,1.169603,2.7798803,1.8191866,1.6382471,0.4498781,0.09452844,1.1946115,1.1028856,1.2082373,0.0,0.0,1.4425936,1.497548,0.0,2.989044,0.14224438,2.636867,1.1078869,0.0,0.54396707,1.0577494,2.1470406,1.544084
C000329,0.0,1.7509964,0.0,1.7618577,0.13364235,0.0,0.0,0.47918922,1.6316923,0.0,0.0,0.0,0.0,0.0,1.7733752,0.0,0.09982329,0.0,0.0,1.5666146,1.0332305,0.0,0.2618817,1.438967,0.0,1.5207787,0.060447857,0.0,0.0,1.9487101,1.6521262,0.061276436,0.0,1.4849548,0.79554623,0.0,0.0,1.3582686,0.17681852,0.49052435,0.0,0.2816231,1.9649838,1.4067386,1.317503,0.0,0.0,0.056715433,0.26444665,0.7191085,0.0,0.0,1.1661848,0.56553185,0.0,2.1023712,0.0,0.8590165,0.3288438,0.0,0.0,0.026588082,1.2918541,0.10081339,0.0,1.3885677,3.672527,0.85587573,5.5052514,0.0,0.0,8.440401,0.9965041,0.92370385,0.0,0.0,5.758505,6.2517185,0.8566837,3.5303001,6.7609134,4.4037647,4.8489385,0.89196366,5.5689054,4.168549,0.24634793,2.082809,0.0,5.867124,0.004649835,4.291037,0.0,1.6128347,0.8484463,0.004713572,4.7188907,0.63426816,2.9136088,5.7271957,5.499033,2.0062215,0.073327176,7.117961,0.7116507,4.156035,1.2394435,0.53338534,0.62546074,3.969911,1.2054693,6.1210704,0.23816974,7.155993,0.0,0.0,0.5494949,1.4391091,0.0,1.1155808,3.699003,7.0490475,4.810398,0.045665067,6.7787476,4.287951,1.6637692,7.5781455
C000330,0.0,1.7348943,0.0,2.0688577,0.7549478,0.0,0.0,0.0,1.5150442,0.0,0.0,0.0,0.0,0.0,1.9160473,0.0,0.0,0.0569119,0.57125115,1.728559,0.8198366,0.0,1.2541547,2.0451603,0.0,1.8872862,0.0,0.0,0.0,2.1818397,2.190419,0.32542673,0.0,2.231389,0.5085459,0.109886184,0.0,1.5791414,1.0556904,0.33821827,0.0,0.102319315,2.5389051,1.8866572,1.4653232,0.0,0.0,0.0,0.6352403,0.0176882,0.0,0.0,1.1773996,1.0741553,0.0,2.8079839,0.0,1.1367631,0.011257425,0.0,0.0,0.4634062,1.1843402,0.1153238,0.0,2.232025,0.89556235,1.8157158,1.7634873,0.0,0.0,2.2972114,1.713305,0.0,0.0,0.0,1.0759227,1.3048104,2.0452173,0.39371404,1.5408378,0.85583013,1.450524,1.7139206,2.3108845,0.41620722,0.6661681,2.2820601,0.0,3.1089585,0.0,0.38432005,0.0,2.6465862,1.9722526,0.20262204,0.77647513,1.9199822,1.4104587,1.48934,1.4309789,2.0068007,0.47520903,2.3918269,0.0,1.4250455,2.343897,1.5007898,1.4769925,0.7945654,0.1332972,1.747998,0.8117374,2.123978,0.0,0.0,1.2763724,1.4087853,0.0,2.5877912,0.2696388,3.0619402,1.6261845,0.0,1.2464664,1.3054677,1.904141,2.197786
C000331,0.0,5.127943,1.4024818,5.657985,4.599384,0.0,0.0,3.089411,4.0267687,0.0,0.0,0.0,2.5214334,0.6999996,5.848698,0.16178668,1.1643085,3.2284157,3.8386736,5.245948,4.685313,0.35871685,3.807494,5.288443,0.0,7.027566,0.0,0.45093393,0.0,5.73785,6.98301,1.4474611,0.2722047,7.3583407,1.9582748,1.9616307,3.2782443,3.7569132,3.9178789,3.5834203,0.0,2.5592897,6.5633154,6.0902886,5.374728,0.9813245,0.0,1.2707338,1.5605795,3.7977586,0.0,0.0,3.7896547,3.0676968,0.0,8.62506,1.3058071,5.201581,1.2342186,0.0,1.3507236,3.7257688,3.8512914,3.1803882,0.0,2.8605397,5.1682425,3.0775566,8.312322,0.0,0.0,11.413666,2.1574152,0.86913586,0.0,0.0,8.082268,7.983047,2.4615707,4.88605,8.948716,7.3444057,7.5027966,2.4747086,8.038382,5.428912,1.5670058,4.1196756,0.0,9.399394,0.0010179803,5.4282026,0.0,3.391497,3.1932137,0.23395483,5.5617642,3.4533017,4.035445,8.007581,8.491517,3.2829573,0.8236756,9.821539,0.3820541,6.3647566,3.3815522,2.5698352,2.6647885,5.1160264,0.9201325,7.8717637,0.4984836,10.488828,0.0,0.0,1.9044666,2.7545986,0.0,4.35929,5.4482646,9.943015,5.8032126,0.0,9.579714,6.8295937,3.1472778,10.285006
C000332,0.0,4.900224,0.0,4.6916246,0.6664723,0.0,0.0,0.24355191,3.7132688,0.0,0.0,0.0,0.0,0.0,4.953023,0.0,0.0,0.0,0.48512805,4.0319443,1.9756845,0.0,1.7899742,4.106772,0.0,3.885219,0.0,0.0,0.0,4.825297,5.322254,1.2454575,0.0,5.605476,1.4081726,0.0,0.0,3.7183294,1.7539186,1.1265424,0.0,0.7723428,5.711563,4.4899654,4.0802107,0.0,0.0,0.1574256,2.0874348,0.14774072,0.0,0.0,2.8774533,1.99087,0.0,6.1860666,0.0,2.7879643,0.80333036,0.0,0.0,0.51787674,3.5983548,0.2899225,0.0,3.9742553,0.017624281,3.6619608,0.39505756,0.0,0.0,0.7340783,3.212127,0.0,0.0,0.0,0.0,0.0,3.9470623,0.0,0.22671565,0.0,0.24256402,3.2624626,1.9231424,0.0,0.9988281,3.1930914,0.0,3.3400264,0.0038982555,0.0,0.0,4.087648,3.9430325,0.75612676,0.0,4.0737424,1.5933675,0.014110981,0.0,2.9748015,0.9112572,1.262095,0.0,0.9262057,4.3541417,3.2378082,3.208855,0.0,0.0,0.38130307,1.3846418,0.7857943,0.0,0.0,2.37563,1.5030524,0.0,4.6958256,0.0,2.3803196,0.94177127,0.0,0.0,0.25893837,3.0407395,0.49727553
C000333,0.0,3.3622212,0.10684922,3.224545,0.646056,0.0,0.0,0.57868266,2.8248844,0.0,0.0,0.0,0.0,0.0,3.2956624,0.0,0.0,0.0,0.25691456,2.8919494,1.3272871,0.0,1.1900826,2.887753,0.0,2.9661012,0.0,0.0,0.0,3.527059,3.7381392,1.0949408,0.0,3.6869268,1.2310159,0.0,0.0,2.5437582,0.72754717,1.0940516,0.0,0.7312049,3.842177,2.9118073,2.6120453,0.0,0.0,0.37227207,1.5826776,0.25285038,0.0,0.0,2.1653445,1.3885181,0.0,3.8982327,0.0,2.2111106,0.71917874,0.0,0.0,0.547187,2.9403553,0.38648027,0.0,2.5321069,0.5579506,2.1696432,1.4581844,0.0,0.0,1.8193302,2.0378807,0.0,0.0,0.0,0.71705955,0.7936765,2.3684711,0.3109126,1.0801046,0.5197941,1.004059,2.0673146,1.9537508,0.33877388,0.82800823,2.318798,0.0,3.0616758,0.0,0.19669516,0.0,2.8993795,2.4665208,0.5487216,0.538639,2.4088538,1.376178,1.0588177,0.8019839,2.1315398,0.6082184,1.935409,0.0,1.2682704,2.8593223,1.9006784,1.7622665,0.43808028,0.10391525,1.2457001,1.1451561,1.4745575,0.0,0.0,1.5461025,1.3121091,0.0,2.966959,0.15146306,2.8019462,1.3535976,0.0,0.6848782,1.095043,2.3060143,1.7091477
C000334,0.0,3.5488446,0.0,3.4365706,0.42868376,0.0,0.0,0.12493539,2.9688096,0.0,0.0,0.0,0.0,0.0,3.5270143,0.0,0.0,0.0,0.24880849,3.0478673,1.4892814,0.0,1.5836942,3.1687996,0.0,2.9751995,0.0,0.0,0.0,3.92059,3.8189511,0.4412058,0.0,3.7247217,1.1262683,0.0,0.0,2.7384777,1.3461187,0.77324176,0.0,0.4512578,4.420407,3.1023881,2.917046,0.0,0.0,0.0,1.0272577,0.38244087,0.0,0.0,2.1796923,1.515778,0.0,4.780538,0.0,1.876669,0.45382985,0.0,0.0,0.33442014,2.4534411,0.0,0.0,2.6077523,0.024027804,2.5069945,0.56368345,0.0,0.0,0.56646585,2.2754834,0.0,0.0,0.0,0.044633638,0.010238393,2.592493,0.0,0.14516538,0.0,0.34058103,2.2273238,1.4075578,0.0,1.0103362,2.3551736,0.0,2.4050312,0.0,0.0,0.0,3.1002176,2.6440663,0.28771445,0.0,2.5538075,1.0481477,0.18819939,0.01684331,2.130098,0.78988487,0.9048478,0.0,0.5359724,3.2063987,2.098533,2.0301554,0.0,0.0064153112,0.25401568,0.76366305,0.71447414,0.0,0.0,1.664043,1.2439462,0.0,3.4649878,0.0,1.7278996,0.5320992,0.0,0.0,0.34397367,1.928648,0.37490162
C000335,0.0,2.8212526,0.0,2.6880822,0.0,0.0,0.0,0.7369505,2.5126107,0.0,0.0,0.0,0.0,0.0,2.785332,0.0,0.044374995,0.0,0.0,2.380539,1.5148497,0.0,0.45306993,2.147728,0.0,2.2572007,0.11496406,0.0,0.0,2.9423585,2.6652913,0.076679535,0.0,2.3878813,1.1749121,0.0,0.0,2.0623252,0.3838954,0.7773731,0.0,0.4682422,3.1036923,2.1540875,2.2234116,0.0,0.0,0.03982671,0.47005457,0.97423357,0.0,0.0,1.7743912,0.8264657,0.0,3.3030555,0.0,1.3105941,0.5800755,0.0,0.0,0.02417422,1.9762026,0.054060493,0.0,3.6573844,0.0,3.6001265,0.5167178,0.0,0.0,0.5084437,2.992785,0.0,0.0,0.0,0.0,0.0,3.6135583,0.0,0.022187497,0.0,0.24590907,3.0641198,1.6796093,0.0,1.3093673,2.9486876,0.0,3.108422,0.05748203,0.0,0.0,4.0154595,3.8760016,0.51830095,0.0,3.7327442,1.3005403,0.033265427,0.0,2.7833328,1.0534723,0.763492,0.0,0.6835266,4.461024,3.0393195,2.9108586,0.0,0.0,0.019913355,1.1362247,0.5309649,0.0,0.0,2.2870736,1.466635,0.0,4.6554174,0.0,2.0644364,0.6527517,0.0,0.0,0.27321088,2.803216,0.027030246
C000336,0.0,3.363529,0.0,3.063157,0.0,0.0,0.0,0.8203578,2.9833624,0.0,0.0,0.0,0.0,0.0,3.2749822,0.0,0.057942145,0.0,0.0,2.7925103,1.7407234,0.0,0.46440184,2.5289438,0.0,2.7511692,0.11479231,0.0,0.0,3.4781713,3.0653253,0.27548993,0.0,2.962751,1.5988736,0.0,0.0,2.415091,0.3607131,1.0056865,0.0,0.75554574,3.5031133,2.4666224,2.6906214,0.0,0.0,0.18953677,0.6598836,1.1186357,0.0,0.0,2.1027842,0.9989492,0.0,3.7749872,0.0,1.6315953,0.84434044,0.0,0.0,0.0,2.4636025,0.14164564,0.0,2.7536736,1.2680966,2.2179444,2.23436,0.0,0.0,3.163005,2.0810175,0.04722439,0.0,0.0,1.5301539,1.768993,2.4012587,0.7279684,2.1099877,1.1687875,1.7783009,2.1037576,2.842371,0.86084104,0.6360374,2.6332214,0.0,3.983281,0.019132052,0.7828538,0.0,3.0535758,2.4031541,0.40648437,1.2143668,2.402272,1.9344937,1.8884577,1.5967413,2.3319132,0.36920774,3.048522,0.04195543,2.0574534,2.8964481,1.7765743,1.731623,0.9973257,0.2534245,2.287799,1.2710091,2.5043156,0.0,0.0,1.5295014,1.4476105,0.0,2.8699818,0.67002296,4.036898,2.1398284,0.0,1.6074824,1.6634928,2.6376076,2.9259994
C000337,0.0,5.3598413,0.0,4.616248,0.0,0.0,0.0,1.6095928,4.579143,0.0,0.0,0.0,0.0,0.0,5.1125546,0.0,0.2840252,0.0,0.0,4.239031,2.7836053,0.0,0.54288125,3.8784797,0.0,4.3215804,0.12448905,0.0,0.0,5.4313593,4.6707053,0.57014066,0.0,4.6618876,2.762447,0.0,0.0,3.7247481,0.38174075,1.8787977,0.0,1.5370854,5.2044034,3.5896854,4.3263035,0.0,0.0,0.6253228,1.2384818,1.8709615,0.0,0.0,3.2618294,1.5122188,0.0,5.664124,0.0,2.9400327,1.6693242,0.0,0.0,0.0,3.9952252,0.5492611,0.0,5.3598413,0.0,4.616248,0.0,0.0,0.0,1.6095928,4.579143,0.0,0.0,0.0,0.0,0.0,5.1125546,0.0,0.2840252,0.0,0.0,4.239031,2.7836053,0.0,0.54288125,3.8784797,0.0,4.3215804,0.12448905,0.0,0.0,5.4313593,4.6707053,0.57014066,0.0,4.6618876,2.762447,0.0,0.0,3.7247481,0.38174075,1.8787977,0.0,1.5370854,5.2044034,3.5896854,4.3263035,0.0,0.0,0.6253228,1.2384818,1.8709615,0.0,0.0,3.2618294,1.5122188,0.0,5.664124,0.0,2.9400327,1.6693242,0.0,0.0,0.0,3.9952252,0.5492611
C000338,0.0,5.2659802,0.0,4.5480413,0.0,0.0,0.0,1.5478469,4.5064483,0.0,0.0,0.0,0.0,0.0,5.0286765,0.0,0.24344437,0.0,0.0,4.170088,2.7167761,0.0,0.55687636,3.811788,0.0,4.215868,0.12780133,0.0,0.0,5.329979,4.6106067,0.54409236,0.0,4.5735846,2.679678,0.0,0.0,3.6608446,0.40588516,1.8074943,0.0,1.4677275,5.1383047,3.5457587,4.256547,0.0,0.0,0.5676535,1.1990026,1.8102305,0.0,0.0,3.2121224,1.4881855,0.0,5.5953703,0.0,2.8431854,1.6064732,0.0,0.0,0.0,3.900533,0.4882537,0.0,5.2659802,0.0,4.5480413,0.0,0.0,0.0,1.5478469,4.5064483,0.0,0.0,0.0,0.0,0.0,5.0286765,0.0,0.24344437,0.0,0.0,4.170088,2.7167761,0.0,0.55687636,3.811788,0.0,4.215868,0.12780133,0.0,0.0,5.329979,4.6106067,0.54409236,0.0,4.5735846,2.679678,0.0,0.0,3.6608446,0.40588516,1.8074943,0.0,1.4677275,5.1383047,3.5457587,4.256547,0.0,0.0,0.5676535,1.1990026,1.8102305,0.0,0.0,3.2121224,1.4881855,0.0,5.5953703,0.0,2.8431854,1.6064732,0.0,0.0,0.0,3.900533,0.4882537
C000339,0.0,5.1719646,0.0,4.483232,0.0,0.0,0.0,1.494397,4.431928,0.0,0.0,0.0,0.0,0.0,4.944562,0.0,0.21410017,0.0,0.0,4.1032906,2.6543455,0.0,0.56954753,3.7479706,0.0,4.117673,0.13112259,0.0,0.0,5.2333393,4.5499883,0.5148298,0.0,4.4879475,2.5963287,0.0,0.0,3.6012723,0.42493197,1.7452637,0.0,1.402808,5.076772,3.504819,4.183442,0.0,0.0,0.5173289,1.1610245,1.7578404,0.0,0.0,3.1594954,1.464017,0.0,5.5209675,0.0,2.754617,1.5455703,0.0,0.0,0.0,3.8106258,0.4368088,0.0,5.1719646,0.0,4.483232,0.0,0.0,0.0,1.494397,4.431928,0.0,0.0,0.0,0.0,0.0,4.944562,0.0,0.21410017,0.0,0.0,4.1032906,2.6543455,0.0,0.56954753,3.7479706,0.0,4.117673,0.13112259,0.0,0.0,5.2333393,4.5499883,0.5148298,0.0,4.4879475,2.5963287,0.0,0.0,3.6012723,0.42493197,1.7452637,0.0,1.402808,5.076772,3.504819,4.183442,0.0,0.0,0.5173289,1.1610245,1.7578404,0.0,0.0,3.1594954,1.464017,0.0,5.5209675,0.0,2.754617,1.5455703,0.0,0.0,0.0,3.8106258,0.4368088
C000340,0.0,2.7084596,0.0,2.744176,0.6148391,0.0,0.0,0.0,2.232573,0.0,0.0,0.0,0.0,0.0,2.725401,0.0,0.0,0.0,0.5262915,2.4107568,1.1777163,0.0,1.4744656,2.556076,0.0,2.310143,0.0,0.0,0.0,2.9411595,3.1670158,0.2711819,0.0,3.0243764,0.6786904,0.02471377,0.0,2.0787892,1.3296716,0.48622447,0.0,0.11717203,3.4935045,2.5933719,2.2618876,0.0,0.0,0.0,0.74088615,0.14786139,0.0,0.0,1.5844824,1.3692443,0.0,3.970321,0.0,1.3223836,0.14183277,0.0,0.0,0.49602762,1.6809013,0.0,0.0,2.2194216,1.1906252,1.7903075,2.0839024,0.0,0.0,3.165848,1.822641,0.026414022,0.0,0.0,1.6515883,1.9110489,1.9338341,0.7343884,2.2899523,1.1545835,1.672285,1.7522968,2.7597017,0.9163356,0.53176284,2.172151,0.0,3.5806847,0.0,0.76992065,0.0,2.61067,1.8950377,0.05532701,1.2476783,1.7704903,1.694313,1.7756752,1.665754,2.0237641,0.3886961,2.9212692,0.0,1.7844921,2.426834,1.3962506,1.3772405,1.0767274,0.26258722,2.2106125,0.7593344,2.7819684,0.0,0.0,1.2789593,1.217126,0.0,2.3776839,0.599735,3.5902538,1.9438349,0.0,1.7819653,1.5180979,2.0494561,2.8337662
C000341,0.0,5.1719646,0.0,4.483232,0.0,0.0,0.0,1.494397,4.431928,0.0,0.0,0.0,0.0,0.0,4.944562,0.0,0.21410017,0.0,0.0,4.1032906,2.6543455,0.0,0.56954753,3.7479706,0.0,4.117673,0.13112259,0.0,0.0,5.2333393,4.5499883,0.5148298,0.0,4.4879475,2.5963287,0.0,0.0,3.6012723,0.42493197,1.7452637,0.0,1.402808,5.076772,3.504819,4.183442,0.0,0.0,0.5173289,1.1610245,1.7578404,0.0,0.0,3.1594954,1.464017,0.0,5.5209675,0.0,2.754617,1.5455703,0.0,0.0,0.0,3.8106258,0.4368088,0.0,5.1719646,0.0,4.483232,0.0,0.0,0.0,1.494397,4.431928,0.0,0.0,0.0,0.0,0.0,4.944562,0.0,0.21410017,0.0,0.0,4.1032906,2.6543455,0.0,0.56954753,3.7479706,0.0,4.117673,0.13112259,0.0,0.0,5.2333393,4.5499883,0.5148298,0.0,4.4879475,2.5963287,0.0,0.0,3.6012723,0.42493197,1.7452637,0.0,1.402808,5.076772,3.504819,4.183442,0.0,0.0,0.5173289,1.1610245,1.7578404,0.0,0.0,3.1594954,1.464017,0.0,5.5209675,0.0,2.754617,1.5455703,0.0,0.0,0.0,3.8106258,0.4368088
C000342,0.0,2.5457554,0.11548863,2.7354553,1.0729961,0.0,0.0,0.0,1.8564601,0.0,0.0,0.0,0.0,0.0,2.697713,0.0,0.0,0.08254674,0.9017023,2.3616235,1.1382253,0.0,1.5355575,2.5071406,0.0,2.3887281,0.0,0.0,0.0,2.7025442,3.1044545,0.89589965,0.0,3.4895241,0.56998825,0.26237583,0.0,2.1583447,1.5099878,0.40028453,0.0,0.32114488,3.3700566,2.7562382,2.092216,0.0,0.0,0.07483363,1.3962266,0.0,0.0,0.0,1.5411993,1.5016619,0.0,3.7843037,0.0,1.7510564,0.19548896,0.0,0.0,0.6778427,1.9599041,0.38037673,0.0,2.6988528,0.5062021,2.3976617,1.1979662,0.0,0.0,1.6795089,2.1794813,0.0,0.0,0.0,0.47791672,0.49151072,2.6592734,0.18605633,0.8819323,0.4356428,0.8598034,2.2500784,2.0193813,0.26633593,0.7941761,2.3983905,0.0,3.053889,0.0,0.11528761,0.0,3.079046,2.5658855,0.5665384,0.28074715,2.6743236,1.4726208,0.84239626,0.62143385,2.2775333,0.67663413,1.8468398,0.0,1.285533,2.9614558,2.0459921,2.0642583,0.27972105,0.06849365,1.1080555,1.07426,1.527275,0.0,0.0,1.673358,1.3407606,0.0,3.2345157,0.08182018,2.6995928,1.2568607,0.0,0.4938473,0.8545698,2.3698459,1.5199677
C000343,0.0,3.2821274,0.0,3.0068178,0.0,0.0,0.0,0.79284894,2.9141319,0.0,0.0,0.0,0.0,0.0,3.203137,0.0,0.049695395,0.0,0.0,2.732018,1.6988764,0.0,0.4663019,2.4660423,0.0,2.6741457,0.11639502,0.0,0.0,3.39536,3.0050383,0.25020453,0.0,2.8855572,1.5319784,0.0,0.0,2.359485,0.37077776,0.95786536,0.0,0.71028703,3.451933,2.4267197,2.621847,0.0,0.0,0.1573669,0.6300032,1.087136,0.0,0.0,2.0530846,0.9726863,0.0,3.7086875,0.0,1.5718914,0.8004777,0.0,0.0,0.0,2.394033,0.11158231,0.0,2.8042736,1.9123316,2.306563,3.1899095,0.0,0.0,4.262117,1.9123017,0.36940265,0.0,0.0,2.5045664,2.7613232,2.2107005,1.5806361,3.0791943,2.1531456,2.7357259,2.003563,3.3802464,1.6828759,0.8394626,2.8416271,0.0,4.708761,0.029098755,1.8172147,0.0,2.9500957,2.5492973,0.30384344,1.9370167,2.531225,2.0945783,2.9782512,2.8265443,2.5155382,0.48019984,3.9945846,0.24243538,2.667688,2.9760156,1.8695965,1.7092466,1.779731,0.4163903,3.1267478,1.0742531,3.4499257,0.0,0.0,1.4330947,1.7061512,0.0,2.975989,1.6248598,4.896736,2.686337,0.0,2.9389706,2.537397,2.6379976,4.02041
C000344,0.0,4.0508356,0.06447578,3.724108,0.46296984,0.0,0.0,0.6588602,3.339155,0.0,0.0,0.0,0.0,0.0,3.9222505,0.0,0.0,0.0,0.3123084,3.3843236,1.9362121,0.0,1.3827515,3.4773374,0.0,3.553066,0.0,0.0,0.0,4.5005145,3.9950707,0.6157807,0.0,4.183665,1.7832738,0.072115675,0.0,3.0180795,1.1231174,1.2797886,0.0,0.9540575,4.4884377,3.148289,3.2934701,0.0,0.0,0.30777633,1.2701129,0.87946546,0.0,0.0,2.458613,1.71579,0.0,5.0635176,0.0,2.5055394,0.904276,0.0,0.0,0.25752094,2.8790216,0.35958448,0.0,2.4788458,0.7309795,2.032962,1.4468668,0.0,0.0,2.116054,1.9477755,0.0,0.0,0.0,0.9764126,1.1570213,2.2330046,0.3975087,1.391112,0.63601685,1.1901559,1.9345038,2.27081,0.41427976,0.66618484,2.34479,0.0,3.1946127,0.0,0.3952117,0.0,2.8578887,2.1289973,0.16647716,0.71897435,2.1224105,1.5583508,1.1795125,1.0599182,2.0685627,0.47484717,2.1824794,0.0,1.3825626,2.6668222,1.58054,1.5692265,0.6651973,0.13102654,1.4813834,0.8546207,1.8853049,0.0,0.0,1.3851995,1.3318346,0.0,2.8032184,0.28425083,2.9434967,1.5057805,0.0,0.92012537,1.0504156,1.9948611,1.8974924
C000345,0.0,2.1533256,0.0,2.0964022,0.07902558,0.0,0.0,0.4923334,1.988608,0.0,0.0,0.0,0.0,0.0,2.1612754,0.0,0.050140046,0.0,0.0,1.8769174,1.1843057,0.0,0.36316168,1.7424104,0.0,1.8745174,0.07695218,0.0,0.0,2.3316193,2.0147607,0.10812829,0.0,1.9519619,1.041622,0.0,0.0,1.626407,0.262692,0.62669635,0.0,0.39642996,2.398234,1.7081313,1.6688888,0.0,0.0,0.08058785,0.32487878,0.7848994,0.0,0.0,1.409641,0.70188594,0.0,2.5132265,0.0,1.014125,0.4531338,0.0,0.0,0.030587152,1.6176819,0.092906795,0.0,2.5883014,0.0,2.6306074,0.62393165,0.0,0.0,0.520645,2.2166183,0.0,0.0,0.0,0.0,0.0,2.6076303,0.0,0.025070023,0.0,0.3444404,2.2365484,1.3502141,0.0,0.97969896,2.2306676,0.0,2.3169284,0.03847609,0.0,0.0,2.91199,2.7282748,0.3520599,0.0,2.6560717,0.98964036,0.16133496,0.0,2.057905,0.75120366,0.6994927,0.0,0.50934505,3.0975466,2.1348472,2.0692534,0.0,0.0,0.20576733,0.8086737,0.5126168,0.0,0.0,1.6169907,1.2387451,0.0,3.340166,0.0,1.6024196,0.45964155,0.0,0.0,0.31673267,1.9594705,0.22566669
C000346,0.0,3.5094519,0.0,3.158422,0.0,0.0,0.0,0.8970051,3.0856228,0.0,0.0,0.0,0.0,0.0,3.3925302,0.0,0.08500308,0.0,0.0,2.880379,1.8237703,0.0,0.45337993,2.6539516,0.0,2.8856773,0.1029272,0.0,0.0,3.624484,3.1592033,0.31477737,0.0,3.1025014,1.7360209,0.0,0.0,2.518995,0.32620567,1.1217473,0.0,0.841394,3.5644028,2.520804,2.806456,0.0,0.0,0.28085563,0.71115285,1.1902578,0.0,0.0,2.199319,1.0392871,0.0,3.8655784,0.0,1.7583175,0.93522584,0.0,0.0,0.0,2.5701401,0.23777601,0.0,1.8291547,3.5427845,1.8470554,5.44706,0.0,0.0,7.887021,1.447394,0.6839968,0.0,0.0,5.630367,5.6851463,1.554923,3.3334796,6.1803064,4.699111,5.027116,1.5165274,5.4652777,3.8017278,0.7848729,2.7539678,0.0,6.188016,0.01029272,3.808382,0.0,2.2364287,1.7880392,0.059814893,4.137023,1.664616,2.7802966,5.411033,5.610259,2.2141466,0.30080584,6.7049727,0.3265608,4.188407,2.1047902,1.3205053,1.421529,3.6230667,0.7638916,5.5718193,0.31628162,6.9649153,0.0,0.0,1.0986382,1.896364,0.0,2.4601724,3.7156758,6.7435365,4.096439,0.0044665276,6.468543,4.463189,2.0568907,7.0305014
C000347,0.0,0.93562627,1.3564277,1.0643885,2.7170653,0.0,0.0,2.4866858,0.7543027,0.0,0.0,0.0,2.5136898,2.4911523,0.6485895,0.9845663,2.1167579,2.1531806,2.4606714,0.9309196,2.4106464,1.3191326,1.0955999,1.7888942,0.0,2.8366072,0.0,1.5366191,0.0,1.2298113,1.2300668,0.0,1.2868919,1.3623657,0.6030164,2.5321379,2.8575773,1.0053418,1.0080718,2.4716878,0.0,1.298179,1.2825731,1.409297,0.882656,1.6387167,0.23993932,2.3312056,0.0,2.8085387,0.0,0.0,0.607483,1.1588016,0.0,1.8828063,1.4421381,2.7601392,1.4197754,0.0,2.8842196,2.203268,0.5885621,2.7343829,0.0,2.1929328,1.033397,1.7328045,1.9564677,0.0,0.0,2.705853,1.718844,0.027367026,0.0,0.0,1.3089132,1.3609849,1.9678688,0.49611107,1.834912,1.0905186,1.5550448,1.7369512,2.5277202,0.62672967,0.65658677,2.1728966,0.0,3.2999794,0.0,0.49977893,0.0,2.5244138,1.9216812,0.3125069,0.8891695,1.9545696,1.5711395,1.77374,1.6083592,2.02714,0.52971023,2.7155192,0.017916445,1.7059333,2.2968895,1.5393778,1.5165316,0.8656665,0.18597497,2.0072024,0.89105546,2.4253163,0.0,0.0,1.2677155,1.321533,0.0,2.5300803,0.44663334,3.3728337,1.8585421,0.0,1.3344028,1.4955875,2.0210326,2.6939433
C000348,0.0,4.9106903,0.0,4.300963,0.0,0.0,0.0,1.3791767,4.2158093,0.0,0.0,0.0,0.0,0.0,4.7044935,0.0,0.15785436,0.0,0.0,3.9206975,2.5011885,0.0,0.59680986,3.5690007,0.0,3.8655152,0.1392026,0.0,0.0,4.9690547,4.375079,0.42668068,0.0,4.241102,2.3696866,0.0,0.0,3.435846,0.46065027,1.6025869,0.0,1.2348424,4.904898,3.3874612,3.9682565,0.0,0.0,0.40254334,1.059376,1.6367652,0.0,0.0,3.000523,1.3919424,0.0,5.3023477,0.0,2.5360367,1.3864878,0.0,0.0,0.0,3.5647528,0.3335089,0.0,4.9106903,0.0,4.300963,0.0,0.0,0.0,1.3791767,4.2158093,0.0,0.0,0.0,0.0,0.0,4.7044935,0.0,0.15785436,0.0,0.0,3.9206975,2.5011885,0.0,0.59680986,3.5690007,0.0,3.8655152,0.1392026,0.0,0.0,4.9690547,4.375079,0.42668068,0.0,4.241102,2.3696866,0.0,0.0,3.435846,0.46065027,1.6025869,0.0,1.2348424,4.904898,3.3874612,3.9682565,0.0,0.0,0.40254334,1.059376,1.6367652,0.0,0.0,3.000523,1.3919424,0.0,5.3023477,0.0,2.5360367,1.3864878,0.0,0.0,0.0,3.5647528,0.3335089
C000349,0.0,4.826269,0.0,4.6942644,0.76365656,0.0,0.0,0.22637916,3.7809787,0.0,0.0,0.0,0.0,0.0,4.8104486,0.0,0.0,0.0,0.2199356,4.1826205,2.0098767,0.0,2.062458,4.1176195,0.0,4.178215,0.0,0.0,0.0,5.3226376,5.295204,0.8199964,0.0,5.229292,1.5614233,0.0,0.0,3.7510035,1.7917575,0.8929143,0.0,0.84939206,6.158952,4.3019624,4.001701,0.0,0.0,0.0,1.6562641,0.42059365,0.0,0.0,3.03834,1.9706581,0.0,6.3939095,0.0,2.7044115,0.7453495,0.0,0.0,0.474559,3.5703917,0.0,0.0,3.4735706,0.0,3.3635423,0.5010149,0.0,0.0,0.58291423,2.8899803,0.0,0.0,0.0,0.0,0.0,3.4773285,0.0,0.13384314,0.0,0.1099678,2.9812474,1.7220144,0.0,1.1747869,2.8953915,0.0,3.0480058,0.0020826906,0.0,0.0,3.8774922,3.6183405,0.4099982,0.0,3.4128017,1.2876155,0.016328365,0.0,2.7145166,0.9977072,0.8895663,0.0,0.66472787,4.281404,2.9017465,2.799109,0.0,0.0021848902,0.12655456,0.99462754,0.7411352,0.0,0.0,2.2172234,1.3721865,0.0,4.467861,0.0,2.0002506,0.6591383,0.0,0.0,0.31850734,2.5867853,0.18794186
C000350,0.0,4.9106903,0.0,4.300963,0.0,0.0,0.0,1.3791767,4.2158093,0.0,0.0,0.0,0.0,0.0,4.7044935,0.0,0.15785436,0.0,0.0,3.9206975,2.5011885,0.0,0.59680986,3.5690007,0.0,3.8655152,0.1392026,0.0,0.0,4.9690547,4.375079,0.42668068,0.0,4.241102,2.3696866,0.0,0.0,3.435846,0.46065027,1.6025869,0.0,1.2348424,4.904898,3.3874612,3.9682565,0.0,0.0,0.40254334,1.059376,1.6367652,0.0,0.0,3.000523,1.3919424,0.0,5.3023477,0.0,2.5360367,1.3864878,0.0,0.0,0.0,3.5647528,0.3335089,0.0,4.9106903,0.0,4.300963,0.0,0.0,0.0,1.3791767,4.2158093,0.0,0.0,0.0,0.0,0.0,4.7044935,0.0,0.15785436,0.0,0.0,3.9206975,2.5011885,0.0,0.59680986,3.5690007,0.0,3.8655152,0.1392026,0.0,0.0,4.9690547,4.375079,0.42668068,0.0,4.241102,2.3696866,0.0,0.0,3.435846,0.46065027,1.6025869,0.0,1.2348424,4.904898,3.3874612,3.9682565,0.0,0.0,0.40254334,1.059376,1.6367652,0.0,0.0,3.000523,1.3919424,0.0,5.3023477,0.0,2.5360367,1.3864878,0.0,0.0,0.0,3.5647528,0.3335089
C000351,0.0,2.782438,0.0,2.6541376,0.0,0.0,0.0,0.7481751,2.4478,0.0,0.0,0.0,0.0,0.0,2.745437,0.0,0.065610014,0.0,0.0,2.3262193,1.4851499,0.0,0.43228182,2.1366253,0.0,2.2267447,0.10443672,0.0,0.0,2.8882284,2.6081178,0.082486026,0.0,2.3644881,1.170891,0.0,0.0,2.0428746,0.35592616,0.78688586,0.0,0.47005573,3.029375,2.114366,2.1772194,0.0,0.0,0.06206501,0.46638483,0.96026343,0.0,0.0,1.7567539,0.7988429,0.0,3.2041907,0.0,1.3197017,0.57998496,0.0,0.0,0.005227521,1.9357018,0.07912051,0.0,3.3100486,0.0,3.3293457,0.56924003,0.0,0.0,0.4578535,2.6853642,0.0,0.0,0.0,0.0,0.0,3.2937407,0.0,0.032805007,0.0,0.3224772,2.8089416,1.537328,0.0,1.2546628,2.6962798,0.0,2.8443909,0.05221836,0.0,0.0,3.6550293,3.5920448,0.4368267,0.0,3.3958132,1.1234452,0.09737336,0.0,2.53711,1.0152876,0.68059874,0.0,0.5481496,4.0940027,2.801931,2.6179156,0.0,0.0,0.031032505,1.0189128,0.48013172,0.0,0.0,2.0667667,1.3688196,0.0,4.271344,0.0,1.8746014,0.5202333,0.0,0.0,0.29974058,2.5037203,0.039560255
C000352,0.0,3.3670113,0.0,3.0660787,0.0,0.0,0.0,0.8199432,2.988213,0.0,0.0,0.0,0.0,0.0,3.2785108,0.0,0.0577972,0.0,0.0,2.7968361,1.7428145,0.0,0.46509212,2.5303874,0.0,2.7549214,0.11548846,0.0,0.0,3.4824486,3.0689683,0.27623287,0.0,2.965567,1.6004376,0.0,0.0,2.4169486,0.3615522,1.005697,0.0,0.75698775,3.5083537,2.4697413,2.694157,0.0,0.0,0.18823767,0.66104627,1.119681,0.0,0.0,2.1043777,1.0007794,0.0,3.7806067,0.0,1.6323448,0.8449155,0.0,0.0,0.0,2.4676797,0.13990645,0.0,1.5528105,5.290751,1.3905153,8.327145,0.0,0.0,11.521252,1.0983078,1.4038485,0.0,0.0,8.647789,8.795624,1.0537602,5.565373,9.296522,7.296018,7.367797,1.1385905,7.661278,6.388929,0.87378967,2.6899915,0.0,8.103588,0.0064160256,6.3758616,0.0,1.8053659,1.3967595,0.01534627,6.43495,1.3575734,3.5553112,8.139907,8.687234,2.1561346,0.45517826,9.540012,0.7069284,6.025323,1.6458733,0.9746279,1.1906632,5.668457,1.4593307,8.017847,0.26222813,10.211866,0.0,0.0,0.861839,2.2058787,0.0,2.0513496,6.157205,9.235775,5.901574,0.0881066,10.122853,6.660383,1.9612141,10.367584
C000353,0.0,5.1719646,0.0,4.483232,0.0,0.0,0.0,1.494397,4.431928,0.0,0.0,0.0,0.0,0.0,4.944562,0.0,0.21410017,0.0,0.0,4.1032906,2.6543455,0.0,0.56954753,3.7479706,0.0,4.117673,0.13112259,0.0,0.0,5.2333393,4.5499883,0.5148298,0.0,4.4879475,2.5963287,0.0,0.0,3.6012723,0.42493197,1.7452637,0.0,1.402808,5.076772,3.504819,4.183442,0.0,0.0,0.5173289,1.1610245,1.7578404,0.0,0.0,3.1594954,1.464017,0.0,5.5209675,0.0,2.754617,1.5455703,0.0,0.0,0.0,3.8106258,0.4368088,0.0,5.1719646,0.0,4.483232,0.0,0.0,0.0,1.494397,4.431928,0.0,0.0,0.0,0.0,0.0,4.944562,0.0,0.21410017,0.0,0.0,4.1032906,2.6543455,0.0,0.56954753,3.7479706,0.0,4.117673,0.13112259,0.0,0.0,5.2333393,4.5499883,0.5148298,0.0,4.4879475,2.5963287,0.0,0.0,3.6012723,0.42493197,1.7452637,0.0,1.402808,5.076772,3.504819,4.183442,0.0,0.0,0.5173289,1.1610245,1.7578404,0.0,0.0,3.1594954,1.464017,0.0,5.5209675,0.0,2.754617,1.5455703,0.0,0.0,0.0,3.8106258,0.4368088
C000354,0.0,3.188988,0.0,2.9401093,0.0,0.0,0.0,0.768055,2.8277125,0.0,0.0,0.0,0.0,0.0,3.1186385,0.0,0.04243944,0.0,0.0,2.6565554,1.6504817,0.0,0.4655692,2.3986018,0.0,2.5844846,0.11538034,0.0,0.0,3.2982998,2.9318905,0.2221246,0.0,2.798318,1.4605337,0.0,0.0,2.2975245,0.37733105,0.9116353,0.0,0.6604403,3.3818543,2.3755593,2.5406337,0.0,0.0,0.13075666,0.59611726,1.0528045,0.0,0.0,1.9978734,0.9402591,0.0,3.6224024,0.0,1.5103995,0.7550674,0.0,0.0,0.0,2.3099864,0.08940658,0.0,3.0063722,0.2475523,2.7634559,1.0761263,0.0,0.0,1.4474101,2.500309,0.0,0.0,0.0,0.24303164,0.32778725,2.895779,0.11940581,0.64974874,0.20343065,0.7427288,2.478167,1.907443,0.15245447,0.92525065,2.541276,0.0,3.1417105,0.028845085,0.05621404,0.0,3.3785114,3.0133424,0.51484287,0.25262636,2.8758023,1.4332085,0.59120715,0.47415498,2.392746,0.7158809,1.5225109,0.0,1.036066,3.5116,2.2943478,2.253714,0.21451208,0.055827092,0.7619536,1.1270133,1.2830164,0.0,0.0,1.9058323,1.3620129,0.0,3.6115289,0.0,2.4822335,1.0756737,0.0,0.2894953,0.75255084,2.5219474,1.0903704
C000355,0.0,4.517453,0.0,4.030518,0.0,0.0,0.0,1.2357278,3.8872411,0.0,0.0,0.0,0.0,0.0,4.348421,0.0,0.087601274,0.0,0.0,3.6410933,2.288518,0.0,0.6286283,3.286436,0.0,3.5031018,0.15119177,0.0,0.0,4.5712194,4.10885,0.2926127,0.0,3.8636827,2.033347,0.0,0.0,3.18525,0.50784117,1.4016508,0.0,0.99505746,4.6559,3.2087321,3.6379929,0.0,0.0,0.24875264,0.90989894,1.471957,0.0,0.0,2.7493343,1.2697273,0.0,4.9852586,0.0,2.2367656,1.1581706,0.0,0.0,0.0,3.2038324,0.20541912,0.0,4.517453,0.0,4.030518,0.0,0.0,0.0,1.2357278,3.8872411,0.0,0.0,0.0,0.0,0.0,4.348421,0.0,0.087601274,0.0,0.0,3.6410933,2.288518,0.0,0.6286283,3.286436,0.0,3.5031018,0.15119177,0.0,0.0,4.5712194,4.10885,0.2926127,0.0,3.8636827,2.033347,0.0,0.0,3.18525,0.50784117,1.4016508,0.0,0.99505746,4.6559,3.2087321,3.6379929,0.0,0.0,0.24875264,0.90989894,1.471957,0.0,0.0,2.7493343,1.2697273,0.0,4.9852586,0.0,2.2367656,1.1581706,0.0,0.0,0.0,3.2038324,0.20541912
C000356,0.0,2.7817538,0.0,2.6700053,0.010050684,0.0,0.0,0.7679557,2.4822435,0.0,0.0,0.0,0.0,0.0,2.751994,0.0,0.06003943,0.0,0.0,2.3523338,1.5183406,0.0,0.44732338,2.1370878,0.0,2.2325463,0.11484825,0.0,0.0,2.910029,2.6434128,0.046117574,0.0,2.3204918,1.1463562,0.0,0.0,2.0517259,0.37145078,0.7887605,0.0,0.45263353,3.0708072,2.1217422,2.18716,0.0,0.0,0.0432416,0.46144402,0.9858291,0.0,0.0,1.7599293,0.81250346,0.0,3.2681055,0.0,1.3175689,0.5632207,0.0,0.0,0.035361566,1.934528,0.08006677,0.0,3.3176,0.33247706,3.1455002,1.0687195,0.0,0.0,1.1604542,2.6071663,0.0,0.0,0.0,0.001639545,0.14808586,3.1738386,0.0,0.3798189,0.05695285,0.72007495,2.7760448,1.8071939,0.0,1.1185917,2.8508253,0.0,3.3557694,0.03828275,0.0,0.0,3.8492565,3.4260814,0.64635587,0.0,3.279268,1.4492437,0.45076266,0.118514515,2.5495708,0.71242666,1.435832,0.0,1.1003112,3.95885,2.5177915,2.3608725,0.0,0.0,0.63267577,1.3665496,0.93235326,0.0,0.0,2.095735,1.4366347,0.0,3.9491422,0.0,2.6935823,1.0139784,0.0,0.0,0.6962361,2.9186897,0.8444953
C000357,0.0,3.43985,0.0,3.4230423,0.48153517,0.0,0.0,0.056028366,2.8120527,0.0,0.0,0.0,0.0,0.0,3.4698572,0.0,0.0,0.0,0.39331216,2.8997693,1.4366378,0.0,1.5279391,3.1001933,0.0,2.7984643,0.0,0.0,0.0,3.5415826,3.8677475,0.490331,0.0,3.71744,0.93882465,0.0,0.0,2.6041758,1.3924181,0.67109615,0.0,0.2776944,4.2152185,3.1585302,2.9020271,0.0,0.0,0.0,1.0401448,0.20156142,0.0,0.0,1.9938866,1.4857714,0.0,4.6297216,0.0,1.6834201,0.3665543,0.0,0.0,0.43231258,2.252464,0.0,0.0,2.585377,0.028356694,2.5571,0.5902503,0.0,0.0,0.5182264,2.215431,0.0,0.0,0.0,0.021677883,0.0,2.603795,0.0,0.09808748,0.0,0.42044163,2.2078927,1.4138905,0.0,0.9983158,2.3824358,0.0,2.3629553,0.0025266707,0.0,0.0,2.9034345,2.7251546,0.30728418,0.0,2.6157649,0.9555078,0.2018439,0.07890105,2.1098907,0.8316023,0.8999784,0.0,0.48331323,3.124317,2.1813655,2.0854042,0.0,0.0013837466,0.30174816,0.7691086,0.6046923,0.0,0.0,1.5588018,1.2627281,0.0,3.4323199,0.0,1.6292862,0.48125824,0.0,0.0,0.4173843,1.8675247,0.4191811
C000358,0.0,4.9106903,0.0,4.300963,0.0,0.0,0.0,1.3791767,4.2158093,0.0,0.0,0.0,0.0,0.0,4.7044935,0.0,0.15785436,0.0,0.0,3.9206975,2.5011885,0.0,0.59680986,3.5690007,0.0,3.8655152,0.1392026,0.0,0.0,4.9690547,4.375079,0.42668068,0.0,4.241102,2.3696866,0.0,0.0,3.435846,0.46065027,1.6025869,0.0,1.2348424,4.904898,3.3874612,3.9682565,0.0,0.0,0.40254334,1.059376,1.6367652,0.0,0.0,3.000523,1.3919424,0.0,5.3023477,0.0,2.5360367,1.3864878,0.0,0.0,0.0,3.5647528,0.3335089,0.0,4.9106903,0.0,4.300963,0.0,0.0,0.0,1.3791767,4.2158093,0.0,0.0,0.0,0.0,0.0,4.7044935,0.0,0.15785436,0.0,0.0,3.9206975,2.5011885,0.0,0.59680986,3.5690007,0.0,3.8655152,0.1392026,0.0,0.0,4.9690547,4.375079,0.42668068,0.0,4.241102,2.3696866,0.0,0.0,3.435846,0.46065027,1.6025869,0.0,1.2348424,4.904898,3.3874612,3.9682565,0.0,0.0,0.40254334,1.059376,1.6367652,0.0,0.0,3.000523,1.3919424,0.0,5.3023477,0.0,2.5360367,1.3864878,0.0,0.0,0.0,3.5647528,0.3335089
C000359,0.0,4.3564157,0.0,4.03458,0.32915196,0.0,0.0,0.53593177,3.634274,0.0,0.0,0.0,0.0,0.0,4.258731,0.0,0.0,0.0,0.16217306,3.629068,1.9506991,0.0,1.5461519,3.7107682,0.0,3.7305467,0.0,0.0,0.0,4.790901,4.35293,0.67796326,0.0,4.464257,1.7975065,0.0,0.0,3.2840135,1.2379663,1.2137352,0.0,0.95466584,4.945078,3.439958,3.5851045,0.0,0.0,0.19934244,1.3712921,0.79359186,0.0,0.0,2.708817,1.7436845,0.0,5.4468412,0.0,2.5522084,0.9114425,0.0,0.0,0.21136618,3.1311493,0.18201807,0.0,2.6466317,0.291861,2.3055804,0.98982173,0.0,0.0,1.2977217,2.1961393,0.0,0.0,0.0,0.39687175,0.42578954,2.5253382,0.10916543,0.6652365,0.27727225,0.758984,2.1689305,1.8115866,0.020528547,0.8589333,2.4211411,0.0,2.853931,0.0,0.0,0.0,3.1412268,2.4748545,0.32389256,0.20823821,2.440383,1.3190681,0.65801746,0.5685659,2.1618686,0.5647229,1.5243706,0.0,0.994835,3.0536375,1.9006175,1.8208307,0.26659966,0.012465425,0.82478416,0.9364367,1.2733042,0.0,0.0,1.6343784,1.3543347,0.0,3.2550302,0.0,2.4029026,1.0225507,0.0,0.2855977,0.73195875,2.104772,1.1352752
C000360,0.0,2.9104664,0.0,2.7452264,0.0,0.0,0.0,0.7097481,2.583992,0.0,0.0,0.0,0.0,0.0,2.8640537,0.0,0.031905957,0.0,0.0,2.4439816,1.5288086,0.0,0.46368566,2.1907265,0.0,2.326202,0.11528068,0.0,0.0,3.0197124,2.7214713,0.12502569,0.0,2.514205,1.2386997,0.0,0.0,2.1091459,0.3981743,0.77899015,0.0,0.50829834,3.1820178,2.2218971,2.299235,0.0,0.0,0.04493927,0.49610943,0.9687493,0.0,0.0,1.8220106,0.85379994,0.0,3.3816175,0.0,1.3293457,0.6170544,0.0,0.0,0.00653784,2.0608366,0.024640774,0.0,4.03704,0.022378094,3.844962,0.53246427,0.0,0.0,0.76007664,3.3073952,0.0,0.0,0.0,0.0,0.0,3.9565482,0.0,0.015952978,0.0,0.2404886,3.316103,1.9274805,0.0,1.2344202,3.2196503,0.0,3.4825597,0.05764034,0.0,0.0,4.421112,4.0969305,0.6680536,0.0,4.1061687,1.6349047,0.10627255,0.0,3.0466385,0.95317197,1.0678146,0.0,0.96892595,4.634631,3.1655486,3.2199059,0.0,0.0,0.23135766,1.3252184,0.7636137,0.0,0.0,2.4770513,1.6136608,0.0,4.905345,0.0,2.4386828,0.8866782,0.0,0.0,0.23001757,3.154943,0.264236
C000361,0.0,4.991828,0.0,4.3593183,0.0,0.0,0.0,1.4074498,4.2850237,0.0,0.0,0.0,0.0,0.0,4.780303,0.0,0.1712386,0.0,0.0,3.9779902,2.543917,0.0,0.5911205,3.6273685,0.0,3.9392896,0.13687241,0.0,0.0,5.053466,4.431791,0.45418775,0.0,4.321529,2.4390233,0.0,0.0,3.4897325,0.45326936,1.6420499,0.0,1.2839893,4.960003,3.4263883,4.0380507,0.0,0.0,0.43265262,1.0896341,1.6699125,0.0,0.0,3.053471,1.4175625,0.0,5.3716235,0.0,2.597031,1.4328427,0.0,0.0,0.0,3.6407344,0.35724187,0.0,4.991828,0.0,4.3593183,0.0,0.0,0.0,1.4074498,4.2850237,0.0,0.0,0.0,0.0,0.0,4.780303,0.0,0.1712386,0.0,0.0,3.9779902,2.543917,0.0,0.5911205,3.6273685,0.0,3.9392896,0.13687241,0.0,0.0,5.053466,4.431791,0.45418775,0.0,4.321529,2.4390233,0.0,0.0,3.4897325,0.45326936,1.6420499,0.0,1.2839893,4.960003,3.4263883,4.0380507,0.0,0.0,0.43265262,1.0896341,1.6699125,0.0,0.0,3.053471,1.4175625,0.0,5.3716235,0.0,2.597031,1.4328427,0.0,0.0,0.0,3.6407344,0.35724187
C000362,0.0,4.824856,0.014790446,4.5028725,0.97121614,0.0,0.0,0.6656775,3.8992958,0.0,0.0,0.0,0.0,0.0,4.7160473,0.0,0.0,0.0,0.39239067,4.1150255,2.1380558,0.0,1.9978325,4.1822824,0.0,4.4504466,0.0,0.0,0.0,5.4807425,5.1515203,1.2514832,0.0,5.258192,2.0052342,0.0,0.0,3.6411178,1.4115262,1.299955,0.0,1.3380041,5.810718,4.066834,3.801326,0.0,0.0,0.27382,2.0389924,0.6268787,0.0,0.0,3.1840527,2.0734348,0.0,5.905915,0.0,3.276295,1.1800448,0.0,0.0,0.6145437,4.089263,0.399116,0.0,2.9699607,0.012002882,2.8221836,0.75013614,0.0,0.0,0.8753617,2.5578418,0.0,0.0,0.0,0.06440658,0.096728176,2.9751072,0.0,0.26542595,0.010161363,0.34210896,2.5771284,1.702939,0.0,1.0357002,2.5832763,0.0,2.9037197,0.0017626826,0.0,0.0,3.483427,3.0792348,0.4537931,0.059818238,2.8762708,1.2943134,0.19517314,0.11984985,2.413597,0.79903156,1.1268873,0.0,0.76512605,3.6570716,2.4385452,2.330479,0.054828953,0.013071874,0.31428435,0.9804311,0.9829123,0.0,0.0,1.9974724,1.2980044,0.0,3.807644,0.0,2.0792913,0.7970416,0.0,0.07834318,0.51284033,2.3845115,0.5703251
C000363,0.0,1.785125,0.0,1.773784,0.20754011,0.0,0.0,0.6501834,1.6349292,0.0,0.0,0.0,0.0,0.0,1.7486242,0.0,0.16450119,0.0,0.0,1.5657997,1.1119308,0.0,0.2694434,1.4674194,0.0,1.572299,0.04835818,0.0,0.0,1.9515996,1.6775012,0.0,0.0,1.3826367,0.7795165,0.0,0.0,1.4142609,0.12410123,0.6109027,0.0,0.25946325,1.9840074,1.3970399,1.3280252,0.0,0.0,0.12962995,0.29674792,0.7946535,0.0,0.0,1.1840669,0.58643377,0.0,2.1073124,0.0,0.9944019,0.37980828,0.0,0.0,0.07034981,1.2542566,0.21499814,0.0,2.4762714,0.9291744,2.1240568,1.7750331,0.0,0.0,2.464424,1.8935426,0.052089583,0.0,0.0,1.1651016,1.2815249,2.2713385,0.63172,1.5878282,0.8712294,1.3616747,1.9823356,2.4159968,0.68644625,0.7166638,2.371279,0.0,3.3905728,0.008059696,0.5989046,0.0,2.9051564,2.2286432,0.26910213,0.9359548,2.2319586,1.6804318,1.5144787,1.2302259,2.2187493,0.51900315,2.4103286,0.06881498,1.6413873,2.7500842,1.6733974,1.5816664,0.7808118,0.21291941,1.7103039,0.9933636,2.0645664,0.0,0.0,1.3946266,1.3884072,0.0,2.8270028,0.51205206,3.3587258,1.7157785,0.0,1.2571946,1.2825195,2.2417142,2.2948227
C000364,0.0,4.5301056,0.28386375,4.3674216,1.1471841,0.0,0.0,1.4775794,3.7694316,0.0,0.0,0.0,0.0,0.0,4.8610363,0.0,0.109773844,0.034611642,0.9330649,3.9138777,2.474795,0.0,1.6756823,3.7537572,0.0,4.5579658,0.0,0.0,0.0,4.8838644,4.9366693,1.1120062,0.0,5.1203213,1.7786788,0.2877784,0.0033925176,3.1415858,1.4422973,1.9276172,0.0,1.2462125,5.386685,4.00445,3.6876445,0.0,0.0,0.60219175,1.6489085,1.6105967,0.0,0.0,3.0658383,1.9085253,0.0,5.9809313,0.0,3.2473812,1.1639354,0.0,0.0,1.2103527,3.7321885,1.1737957,0.0,2.964064,0.87755007,2.5233924,1.7023484,0.0,0.0,2.639723,2.3613718,0.0,0.0,0.0,0.9695423,1.0316266,2.7777655,0.291578,1.5415758,0.8054903,1.3394482,2.3961108,2.5915844,0.32853848,0.89830166,2.7767751,0.0,3.769984,0.001147085,0.16144122,0.0,3.3522723,2.7424426,0.4557824,0.5906916,2.7459831,1.8720847,1.4934266,1.1386797,2.5394328,0.71995455,2.6585286,0.0,1.7547022,3.2453818,2.1744704,2.088718,0.5226184,0.0911373,1.8361719,1.09124,2.3517547,0.0,0.0,1.8261106,1.4922098,0.0,3.4141688,0.10963564,3.5868928,1.8000642,0.0,0.93840843,1.3490363,2.6331139,2.450463
C000365,0.0,3.1194134,0.0,2.8919363,0.0,0.0,0.0,0.7446313,2.7725816,0.0,0.0,0.0,0.0,0.0,3.055832,0.0,0.035149157,0.0,0.0,2.6096153,1.6177168,0.0,0.4694045,2.3423135,0.0,2.5210896,0.11811756,0.0,0.0,3.2306085,2.883284,0.19797209,0.0,2.7282448,1.4013796,0.0,0.0,2.2482085,0.38819435,0.8702304,0.0,0.6196518,3.3436065,2.3442717,2.482926,0.0,0.0,0.09912096,0.56946015,1.0279069,0.0,0.0,1.9524812,0.92010945,0.0,3.571342,0.0,1.4558477,0.71537614,0.0,0.0,0.0,2.2513669,0.06146791,0.0,2.8582904,0.19726096,2.5785425,0.6724062,0.0,0.0,1.0888982,2.3354952,0.0,0.0,0.0,0.21357352,0.3319811,2.7783244,0.0,0.5119097,0.08242743,0.42285776,2.3558776,1.7467912,0.09148449,0.73278666,2.3029158,0.0,2.731633,0.039372522,0.0,0.0,3.1001365,2.7137578,0.394878,0.12937723,2.7098043,1.3710046,0.4483881,0.121627204,2.2298846,0.6596947,1.2794701,0.0,0.91077805,3.1275527,2.1362436,2.1602447,0.06507554,0.058042377,0.5916131,0.90205693,1.0585127,0.0,0.0,1.7185863,1.1907978,0.0,3.3645022,0.0,2.1158698,0.9417308,0.0,0.21695161,0.4078091,2.2799175,0.77540493
C000366,0.0,1.8195114,6.609441,2.2232597,10.669788,0.0,0.0,14.366074,1.2787325,1.7075408,0.0,0.0,10.531925,10.719425,1.3439524,6.782011,11.261923,9.165487,10.457002,1.5923688,9.329593,7.2430477,2.0611043,3.5648937,0.0,10.021553,0.0,8.133017,0.0,2.1521482,2.1837943,0.0,8.142574,2.4253848,3.7866695,10.261307,10.403761,2.1283813,0.047238946,11.975742,0.8139028,6.6957827,2.4506023,1.4059281,1.5866195,7.336374,0.82064176,9.947294,0.0,12.503901,0.0,0.0,1.480472,2.8485718,0.0,3.039258,9.00301,10.72954,6.682804,0.0,12.589719,9.367721,1.8652622,12.551724,0.0,1.6717101,5.031409,1.5357357,9.429688,0.0,0.0,10.712144,1.0566696,1.3327681,0.0,0.0,9.170096,8.545736,1.2700967,5.659381,8.600538,8.172063,8.450788,1.5250082,7.8726425,6.6206946,2.2360725,3.1374297,0.0,8.328398,0.0,7.0299,0.0,1.8830835,1.9923245,0.038892873,6.1488924,2.234556,2.9160225,8.146306,9.187692,1.8278668,1.6865845,8.524915,0.3529519,5.6286607,2.2225778,1.692391,1.3872615,5.9734063,1.3798841,7.0708947,0.32343894,9.801057,0.0,0.0,0.9927091,2.6991308,0.0,3.1810024,7.3394213,8.477995,4.434921,0.010211383,9.906214,7.5052085,1.526956,9.764959
C000367,0.0,5.1719646,0.0,4.483232,0.0,0.0,0.0,1.494397,4.431928,0.0,0.0,0.0,0.0,0.0,4.944562,0.0,0.21410017,0.0,0.0,4.1032906,2.6543455,0.0,0.56954753,3.7479706,0.0,4.117673,0.13112259,0.0,0.0,5.2333393,4.5499883,0.5148298,0.0,4.4879475,2.5963287,0.0,0.0,3.6012723,0.42493197,1.7452637,0.0,1.402808,5.076772,3.504819,4.183442,0.0,0.0,0.5173289,1.1610245,1.7578404,0.0,0.0,3.1594954,1.464017,0.0,5.5209675,0.0,2.754617,1.5455703,0.0,0.0,0.0,3.8106258,0.4368088,0.0,5.1719646,0.0,4.483232,0.0,0.0,0.0,1.494397,4.431928,0.0,0.0,0.0,0.0,0.0,4.944562,0.0,0.21410017,0.0,0.0,4.1032906,2.6543455,0.0,0.56954753,3.7479706,0.0,4.117673,0.13112259,0.0,0.0,5.2333393,4.5499883,0.5148298,0.0,4.4879475,2.5963287,0.0,0.0,3.6012723,0.42493197,1.7452637,0.0,1.402808,5.076772,3.504819,4.183442,0.0,0.0,0.5173289,1.1610245,1.7578404,0.0,0.0,3.1594954,1.464017,0.0,5.5209675,0.0,2.754617,1.5455703,0.0,0.0,0.0,3.8106258,0.4368088
C000368,0.0,4.517453,0.0,4.030518,0.0,0.0,0.0,1.2357278,3.8872411,0.0,0.0,0.0,0.0,0.0,4.348421,0.0,0.087601274,0.0,0.0,3.6410933,2.288518,0.0,0.6286283,3.286436,0.0,3.5031018,0.15119177,0.0,0.0,4.5712194,4.10885,0.2926127,0.0,3.8636827,2.033347,0.0,0.0,3.18525,0.50784117,1.4016508,0.0,0.99505746,4.6559,3.2087321,3.6379929,0.0,0.0,0.24875264,0.90989894,1.471957,0.0,0.0,2.7493343,1.2697273,0.0,4.9852586,0.0,2.2367656,1.1581706,0.0,0.0,0.0,3.2038324,0.20541912,0.0,4.517453,0.0,4.030518,0.0,0.0,0.0,1.2357278,3.8872411,0.0,0.0,0.0,0.0,0.0,4.348421,0.0,0.087601274,0.0,0.0,3.6410933,2.288518,0.0,0.6286283,3.286436,0.0,3.5031018,0.15119177,0.0,0.0,4.5712194,4.10885,0.2926127,0.0,3.8636827,2.033347,0.0,0.0,3.18525,0.50784117,1.4016508,0.0,0.99505746,4.6559,3.2087321,3.6379929,0.0,0.0,0.24875264,0.90989894,1.471957,0.0,0.0,2.7493343,1.2697273,0.0,4.9852586,0.0,2.2367656,1.1581706,0.0,0.0,0.0,3.2038324,0.20541912
C000369,0.0,4.594108,0.0,4.080994,0.0,0.0,0.0,1.2668654,3.9495687,0.0,0.0,0.0,0.0,0.0,4.416078,0.0,0.10367714,0.0,0.0,3.6952255,2.3321958,0.0,0.6202911,3.3414314,0.0,3.5752459,0.14837685,0.0,0.0,4.6469107,4.158209,0.3187505,0.0,3.9342623,2.0998545,0.0,0.0,3.2318428,0.49575514,1.4438144,0.0,1.0429646,4.7003064,3.2406063,3.7008202,0.0,0.0,0.28095362,0.93960404,1.5060972,0.0,0.0,2.7974977,1.2929994,0.0,5.0424576,0.0,2.2975178,1.2043599,0.0,0.0,0.0,3.2731085,0.23457666,0.0,4.594108,0.0,4.080994,0.0,0.0,0.0,1.2668654,3.9495687,0.0,0.0,0.0,0.0,0.0,4.416078,0.0,0.10367714,0.0,0.0,3.6952255,2.3321958,0.0,0.6202911,3.3414314,0.0,3.5752459,0.14837685,0.0,0.0,4.6469107,4.158209,0.3187505,0.0,3.9342623,2.0998545,0.0,0.0,3.2318428,0.49575514,1.4438144,0.0,1.0429646,4.7003064,3.2406063,3.7008202,0.0,0.0,0.28095362,0.93960404,1.5060972,0.0,0.0,2.7974977,1.2929994,0.0,5.0424576,0.0,2.2975178,1.2043599,0.0,0.0,0.0,3.2731085,0.23457666
C000370,0.0,2.864072,0.0,2.7127433,0.0,0.0,0.0,0.7139645,2.5423217,0.0,0.0,0.0,0.0,0.0,2.8230805,0.0,0.0341909,0.0,0.0,2.40906,1.5150433,0.0,0.45804006,2.164724,0.0,2.286861,0.11416712,0.0,0.0,2.9757676,2.6888273,0.10703455,0.0,2.4575348,1.2066796,0.0,0.0,2.0807924,0.39295864,0.77284205,0.0,0.4866701,3.1388388,2.1888509,2.2600403,0.0,0.0,0.040143114,0.48101175,0.96351683,0.0,0.0,1.7943002,0.8390569,0.0,3.3356774,0.0,1.3126509,0.59875906,0.0,0.0,0.012840398,2.0183408,0.032441556,0.0,2.777545,1.1226344,2.2516882,2.2139843,0.0,0.0,3.0115662,2.202302,0.0,0.0,0.0,1.3670601,1.521384,2.5227983,0.5372337,1.9852868,1.1641914,1.6724923,2.236823,2.8834429,0.6119456,0.7353015,2.6884053,0.0,3.9721568,0.01427089,0.39375702,0.0,3.2326195,2.5089798,0.44159332,0.92553204,2.552436,1.8229424,1.810496,1.6115637,2.3624864,0.4900716,2.992742,0.0,1.9922844,2.99473,1.9279761,1.8452575,0.8540601,0.1640372,2.1569672,1.2383219,2.6633797,0.0,0.0,1.6482954,1.421018,0.0,3.0539522,0.38187596,4.0306563,2.038556,0.0,1.3604877,1.5801191,2.6132972,2.862029
C000371,0.0,3.3432899,0.31934896,2.8553128,0.457284,0.0,0.0,2.2124586,2.7666836,0.0,0.0,0.0,0.2744113,0.50109255,3.002787,0.0,1.1551242,0.0,0.22660099,2.5383961,2.5456116,0.0,0.08226664,2.806509,0.0,3.1606832,0.0,0.0,0.0,3.395926,2.6693196,0.0,0.0,2.6750531,2.1250937,0.5951638,0.0,2.7112472,0.0,2.3334844,0.0,1.1881835,3.1099164,2.1055613,2.4447284,0.0,0.0,1.539193,0.61760503,2.1951852,0.0,0.0,2.1551762,1.0415038,0.0,3.1932337,0.0,2.802676,1.5195775,0.0,0.20054454,0.28388703,2.3722596,1.6274011,0.0,4.090429,1.6417203,4.0395584,3.1559045,0.0,0.0,4.388498,3.1783664,0.0,0.0,0.0,1.7969093,1.4729679,3.9908931,0.6061479,2.602131,2.0116525,2.657573,3.5432086,4.123647,0.6225059,1.6877006,4.0646152,0.0,5.924221,0.0,0.47910547,0.0,4.817507,4.2549596,0.6893652,1.1294255,4.5322547,2.7615051,2.7215457,2.1284428,3.739271,1.3025903,4.213957,0.0,2.897893,4.7366543,3.4758556,3.341573,1.0790921,0.13139732,2.9190524,1.6935171,3.7656593,0.0,0.0,2.6696389,2.1754782,0.0,5.2261252,0.6146789,5.4890885,2.4804864,0.0,1.6262988,2.5879874,3.787306,4.0640507
C000372,0.0,3.5412304,0.0,3.187379,0.0,0.0,0.0,0.8880365,3.1291113,0.0,0.0,0.0,0.0,0.0,3.4291456,0.0,0.07816243,0.0,0.0,2.920385,1.8363965,0.0,0.4601688,2.666429,0.0,2.9162507,0.110383,0.0,0.0,3.6613207,3.1949594,0.32369766,0.0,3.1271877,1.7463189,0.0,0.0,2.5375178,0.33941323,1.1158656,0.0,0.8532523,3.6158988,2.5525403,2.8391447,0.0,0.0,0.26209465,0.7212763,1.1912276,0.0,0.0,2.2119813,1.0553458,0.0,3.917473,0.0,1.7628672,0.93952024,0.0,0.0,0.0,2.6110427,0.21340951,0.0,3.2510283,1.3121455,3.1550567,2.3083012,0.0,0.0,3.576487,2.5714157,0.0,0.0,0.0,1.4949989,1.5541731,2.9739645,0.6177232,2.3459418,1.6143031,2.07506,2.6932867,3.2398758,0.7439079,0.939926,3.27154,0.0,4.614041,0.02759575,0.5619327,0.0,3.9002008,3.1520786,0.22080004,0.93714416,3.281745,2.325728,2.4161224,1.9190075,3.0393348,0.8691166,3.3416562,0.0,2.4020417,3.717911,2.500659,2.4389596,0.9549344,0.08209197,2.4537802,1.0306499,3.2072887,0.0,0.0,1.9455392,1.7846938,0.0,4.04953,0.32541505,4.4525976,2.1568298,0.0,1.6936498,1.7832226,2.95179,3.1610575
C000373,0.0,4.44118,0.0,3.9804492,0.0,0.0,0.0,1.2045172,3.8252444,0.0,0.0,0.0,0.0,0.0,4.2812924,0.0,0.069955856,0.0,0.0,3.5867972,2.2465672,0.0,0.6373542,3.23307,0.0,3.4304752,0.15394661,0.0,0.0,4.4966474,4.0596786,0.26560825,0.0,3.7922544,1.9674802,0.0,0.0,3.138443,0.52192837,1.3603028,0.0,0.946996,4.6119156,3.1757183,3.5749917,0.0,0.0,0.2174189,0.8788609,1.4384847,0.0,0.0,2.7027626,1.2464758,0.0,4.9292917,0.0,2.1761575,1.1129113,0.0,0.0,0.0,3.134778,0.17753105,0.0,4.44118,0.0,3.9804492,0.0,0.0,0.0,1.2045172,3.8252444,0.0,0.0,0.0,0.0,0.0,4.2812924,0.0,0.069955856,0.0,0.0,3.5867972,2.2465672,0.0,0.6373542,3.23307,0.0,3.4304752,0.15394661,0.0,0.0,4.4966474,4.0596786,0.26560825,0.0,3.7922544,1.9674802,0.0,0.0,3.138443,0.52192837,1.3603028,0.0,0.946996,4.6119156,3.1757183,3.5749917,0.0,0.0,0.2174189,0.8788609,1.4384847,0.0,0.0,2.7027626,1.2464758,0.0,4.9292917,0.0,2.1761575,1.1129113,0.0,0.0,0.0,3.134778,0.17753105
C000374,0.0,5.2659802,0.0,4.5480413,0.0,0.0,0.0,1.5478469,4.5064483,0.0,0.0,0.0,0.0,0.0,5.0286765,0.0,0.24344437,0.0,0.0,4.170088,2.7167761,0.0,0.55687636,3.811788,0.0,4.215868,0.12780133,0.0,0.0,5.329979,4.6106067,0.54409236,0.0,4.5735846,2.679678,0.0,0.0,3.6608446,0.40588516,1.8074943,0.0,1.4677275,5.1383047,3.5457587,4.256547,0.0,0.0,0.5676535,1.1990026,1.8102305,0.0,0.0,3.2121224,1.4881855,0.0,5.5953703,0.0,2.8431854,1.6064732,0.0,0.0,0.0,3.900533,0.4882537,0.0,5.2659802,0.0,4.5480413,0.0,0.0,0.0,1.5478469,4.5064483,0.0,0.0,0.0,0.0,0.0,5.0286765,0.0,0.24344437,0.0,0.0,4.170088,2.7167761,0.0,0.55687636,3.811788,0.0,4.215868,0.12780133,0.0,0.0,5.329979,4.6106067,0.54409236,0.0,4.5735846,2.679678,0.0,0.0,3.6608446,0.40588516,1.8074943,0.0,1.4677275,5.1383047,3.5457587,4.256547,0.0,0.0,0.5676535,1.1990026,1.8102305,0.0,0.0,3.2121224,1.4881855,0.0,5.5953703,0.0,2.8431854,1.6064732,0.0,0.0,0.0,3.900533,0.4882537
C000375,0.0,4.6711755,0.0,4.1321087,0.0,0.0,0.0,1.2967612,4.0125737,0.0,0.0,0.0,0.0,0.0,4.4840894,0.0,0.11891499,0.0,0.0,3.7499034,2.3751965,0.0,0.61289674,3.396669,0.0,3.6470957,0.14580995,0.0,0.0,4.7230945,4.208521,0.34497592,0.0,4.005937,2.1660519,0.0,0.0,3.2791052,0.48450363,1.4850314,0.0,1.0904719,4.745928,3.2735968,3.7641635,0.0,0.0,0.31250042,0.96931064,1.5395072,0.0,0.0,2.8459854,1.3164245,0.0,5.1011653,0.0,2.357296,1.249969,0.0,0.0,0.0,3.3426545,0.26232406,0.0,4.6711755,0.0,4.1321087,0.0,0.0,0.0,1.2967612,4.0125737,0.0,0.0,0.0,0.0,0.0,4.4840894,0.0,0.11891499,0.0,0.0,3.7499034,2.3751965,0.0,0.61289674,3.396669,0.0,3.6470957,0.14580995,0.0,0.0,4.7230945,4.208521,0.34497592,0.0,4.005937,2.1660519,0.0,0.0,3.2791052,0.48450363,1.4850314,0.0,1.0904719,4.745928,3.2735968,3.7641635,0.0,0.0,0.31250042,0.96931064,1.5395072,0.0,0.0,2.8459854,1.3164245,0.0,5.1011653,0.0,2.357296,1.249969,0.0,0.0,0.0,3.3426545,0.26232406
C000376,0.0,5.1719646,0.0,4.483232,0.0,0.0,0.0,1.494397,4.431928,0.0,0.0,0.0,0.0,0.0,4.944562,0.0,0.21410017,0.0,0.0,4.1032906,2.6543455,0.0,0.56954753,3.7479706,0.0,4.117673,0.13112259,0.0,0.0,5.2333393,4.5499883,0.5148298,0.0,4.4879475,2.5963287,0.0,0.0,3.6012723,0.42493197,1.7452637,0.0,1.402808,5.076772,3.504819,4.183442,0.0,0.0,0.5173289,1.1610245,1.7578404,0.0,0.0,3.1594954,1.464017,0.0,5.5209675,0.0,2.754617,1.5455703,0.0,0.0,0.0,3.8106258,0.4368088,0.0,5.1719646,0.0,4.483232,0.0,0.0,0.0,1.494397,4.431928,0.0,0.0,0.0,0.0,0.0,4.944562,0.0,0.21410017,0.0,0.0,4.1032906,2.6543455,0.0,0.56954753,3.7479706,0.0,4.117673,0.13112259,0.0,0.0,5.2333393,4.5499883,0.5148298,0.0,4.4879475,2.5963287,0.0,0.0,3.6012723,0.42493197,1.7452637,0.0,1.402808,5.076772,3.504819,4.183442,0.0,0.0,0.5173289,1.1610245,1.7578404,0.0,0.0,3.1594954,1.464017,0.0,5.5209675,0.0,2.754617,1.5455703,0.0,0.0,0.0,3.8106258,0.4368088
C000377,0.0,5.07775,0.0,4.419758,0.0,0.0,0.0,1.4447359,4.3565764,0.0,0.0,0.0,0.0,0.0,4.8604884,0.0,0.18976656,0.0,0.0,4.0375113,2.59401,0.0,0.58173215,3.685242,0.0,4.0227776,0.13439447,0.0,0.0,5.1387243,4.489235,0.4841375,0.0,4.403348,2.512756,0.0,0.0,3.5437078,0.44164065,1.6871576,0.0,1.3397741,5.0171843,3.46518,4.108858,0.0,0.0,0.47038698,1.1237433,1.7091242,0.0,0.0,3.1054587,1.4398807,0.0,5.443994,0.0,2.669736,1.4856623,0.0,0.0,0.0,3.7228658,0.38978177,0.0,5.07775,0.0,4.419758,0.0,0.0,0.0,1.4447359,4.3565764,0.0,0.0,0.0,0.0,0.0,4.8604884,0.0,0.18976656,0.0,0.0,4.0375113,2.59401,0.0,0.58173215,3.685242,0.0,4.0227776,0.13439447,0.0,0.0,5.1387243,4.489235,0.4841375,0.0,4.403348,2.512756,0.0,0.0,3.5437078,0.44164065,1.6871576,0.0,1.3397741,5.0171843,3.46518,4.108858,0.0,0.0,0.47038698,1.1237433,1.7091242,0.0,0.0,3.1054587,1.4398807,0.0,5.443994,0.0,2.669736,1.4856623,0.0,0.0,0.0,3.7228658,0.38978177
C000378,0.0,6.4820147,0.084086716,7.766807,2.0984497,0.0,0.0,0.72959465,5.186898,0.0,0.0,0.0,0.0,0.0,6.8302455,0.0,0.0,1.4596804,2.2975426,6.624702,3.1940002,0.0,3.7545733,6.418223,0.0,6.6774445,0.0,0.0,0.0,8.142053,8.249734,1.057692,0.0,9.175249,2.7616115,1.9246937,0.21271658,5.7456694,4.048101,1.3653818,0.0,2.2170217,9.0655155,7.3658667,6.2256813,0.0,0.0,0.41420755,2.3032155,1.4060426,0.0,0.0,4.7444687,3.580401,0.0,10.585882,0.0,4.9006314,0.9632744,0.0,0.0,1.7854719,5.562667,0.83627206,0.0,5.434259,0.51025707,5.5653696,1.6674917,0.0,0.0,2.393466,4.322962,0.0,0.0,0.0,0.48762706,0.8365293,5.1162944,0.0,1.2670199,0.7298402,1.5933568,4.8554974,3.4851537,0.090862826,1.8772867,5.0263195,0.0,5.658286,0.0,0.0,0.0,6.334133,5.7140036,0.528846,0.31502804,6.12452,2.9845843,1.760124,0.42003357,4.7138786,2.0240505,2.7251086,0.0,2.17227,6.476866,4.7683687,4.518631,0.05329476,0.0,1.6304446,1.6023213,2.565508,0.0,0.0,3.6301806,2.583976,0.0,7.212717,0.0,4.779484,1.8381636,0.0,0.6506238,1.3264444,4.383815,2.0652602
C000379,0.0,3.7194495,0.0,3.5490456,0.37464866,0.0,0.0,0.19325608,3.0595143,0.0,0.0,0.0,0.0,0.0,3.6363218,0.0,0.0,0.0,0.2851427,3.0583744,1.5409577,0.0,1.5359133,3.2273676,0.0,3.037806,0.0,0.0,0.0,3.9020414,3.9131927,0.5713315,0.0,3.9308064,1.2300156,0.0,0.0,2.7918956,1.3035679,0.8549224,0.0,0.5129348,4.317959,3.1292534,3.043606,0.0,0.0,0.025421176,1.1397343,0.36663902,0.0,0.0,2.1795998,1.5868354,0.0,4.809787,0.0,1.929418,0.5563354,0.0,0.0,0.3039918,2.508719,0.0,0.0,2.4125755,0.78412384,1.9834322,1.4293756,0.0,0.0,2.1490235,1.9233382,0.0,0.0,0.0,0.9638532,1.0580385,2.216078,0.4194807,1.4163631,0.73372096,1.0983751,1.9008173,2.216726,0.4697278,0.6323776,2.2379165,0.0,3.0909195,0.0017038181,0.33878013,0.0,2.7158685,2.1115103,0.28236318,0.70260036,2.1029296,1.5236342,1.2524397,1.0572399,2.1141388,0.4931913,2.2147586,0.0,1.4200666,2.547494,1.6361835,1.6327118,0.64731395,0.16344078,1.5267817,0.9004502,1.8716236,0.0,0.0,1.3340172,1.2892226,0.0,2.737287,0.27149633,2.9420075,1.562303,0.0,0.96831465,1.0760305,2.0952735,2.0221527
C000380,0.0,3.2730606,0.0,2.9996653,0.0,0.0,0.0,0.7927968,2.9022276,0.0,0.0,0.0,0.0,0.0,3.1946054,0.0,0.049640905,0.0,0.0,2.7210948,1.693002,0.0,0.46476793,2.4620066,0.0,2.6643744,0.1148159,0.0,0.0,3.384089,2.9960573,0.24852014,0.0,2.8786955,1.5272858,0.0,0.0,2.3547277,0.3691797,0.956443,0.0,0.70630085,3.439351,2.4192424,2.6130915,0.0,0.0,0.1597348,0.62705123,1.0838214,0.0,0.0,2.0490594,0.9679183,0.0,3.6949608,0.0,1.5693061,0.798645,0.0,0.0,0.0,2.3840506,0.11437129,0.0,3.38857,1.0186914,2.9515111,1.7546371,0.0,0.0,2.527822,2.632032,0.0,0.0,0.0,0.7815621,1.2466648,3.0258572,0.026170779,1.5050234,0.652645,1.4661748,2.7324123,2.6108475,0.20388408,0.733024,3.1662145,0.0,4.129312,0.02296318,0.14405687,0.0,3.866263,3.042367,0.59990585,0.5893327,3.20069,2.0240781,1.2730509,0.8367955,2.6509724,0.36707294,2.690452,0.0,1.8882058,3.6854348,2.2828934,2.2166321,0.41489917,0.16560963,1.8655422,1.6921265,1.965077,0.0,0.0,2.0365047,1.5046993,0.0,3.5311623,0.014607,4.0273275,1.7039363,0.0,0.87001115,1.2135236,3.202401,2.227798
C000381,0.0,3.10575,0.0,2.8811855,0.0,0.0,0.0,0.74389726,2.7544575,0.0,0.0,0.0,0.0,0.0,3.0432317,0.0,0.035160426,0.0,0.0,2.593084,1.6086721,0.0,0.46678415,2.335879,0.0,2.5059018,0.11592487,0.0,0.0,3.213583,2.869113,0.19567278,0.0,2.7182589,1.3942579,0.0,0.0,2.2408905,0.38570297,0.86748785,0.0,0.614336,3.3251078,2.3327699,2.4693336,0.0,0.0,0.10209006,0.5652469,1.0224769,0.0,0.0,1.9467566,0.9129848,0.0,3.5508945,0.0,1.4518343,0.7121071,0.0,0.0,0.0,2.2365987,0.064882144,0.0,1.6830363,2.3817084,1.2306092,3.6247585,0.0,0.0,5.5322847,1.2248775,0.35881573,0.0,0.0,3.642691,3.9036272,1.2507858,2.0458786,4.334237,2.8082185,3.17829,1.2120994,3.9419818,2.5913868,0.29862094,2.0533705,0.0,4.4581394,0.012880541,2.3974,0.0,1.9309022,1.2201833,0.02174142,2.7962165,1.0500407,2.224666,3.6286283,3.6204464,1.8523278,0.08452432,4.788427,0.21150175,2.974819,1.6571289,0.7875792,0.92175484,2.3914702,0.63118804,3.9251509,0.3527293,4.801417,0.0,0.0,0.80390495,1.3248159,0.0,1.6317945,2.1324167,4.9736643,3.1077585,0.0042354558,4.1007104,2.7933943,1.7280838,4.9517727
C000382,0.0,4.44118,0.0,3.9804492,0.0,0.0,0.0,1.2045172,3.8252444,0.0,0.0,0.0,0.0,0.0,4.2812924,0.0,0.069955856,0.0,0.0,3.5867972,2.2465672,0.0,0.6373542,3.23307,0.0,3.4304752,0.15394661,0.0,0.0,4.4966474,4.0596786,0.26560825,0.0,3.7922544,1.9674802,0.0,0.0,3.138443,0.52192837,1.3603028,0.0,0.946996,4.6119156,3.1757183,3.5749917,0.0,0.0,0.2174189,0.8788609,1.4384847,0.0,0.0,2.7027626,1.2464758,0.0,4.9292917,0.0,2.1761575,1.1129113,0.0,0.0,0.0,3.134778,0.17753105,0.0,4.44118,0.0,3.9804492,0.0,0.0,0.0,1.2045172,3.8252444,0.0,0.0,0.0,0.0,0.0,4.2812924,0.0,0.069955856,0.0,0.0,3.5867972,2.2465672,0.0,0.6373542,3.23307,0.0,3.4304752,0.15394661,0.0,0.0,4.4966474,4.0596786,0.26560825,0.0,3.7922544,1.9674802,0.0,0.0,3.138443,0.52192837,1.3603028,0.0,0.946996,4.6119156,3.1757183,3.5749917,0.0,0.0,0.2174189,0.8788609,1.4384847,0.0,0.0,2.7027626,1.2464758,0.0,4.9292917,0.0,2.1761575,1.1129113,0.0,0.0,0.0,3.134778,0.17753105
C000383,0.0,4.674823,0.35567847,4.5203047,0.69882786,0.0,0.0,1.4767389,4.178379,0.0,0.0,0.0,0.0,0.0,4.694415,0.0,0.8125341,0.0,0.5767983,3.9913383,2.7894633,0.0,1.460278,4.1168685,0.0,4.7128625,0.0,0.0,0.0,5.596139,4.598889,0.48551914,0.0,4.914357,2.4924965,0.13300966,0.0,3.5961974,1.1511841,2.0158715,0.0,1.5670298,5.3477697,3.6097982,3.9276989,0.0,0.0,0.8790486,1.5211114,1.9862137,0.0,0.0,3.238877,1.7706251,0.0,5.822942,0.0,3.5729349,1.4460139,0.0,0.0,0.5066409,3.8504393,0.97381246,0.0,2.7339604,0.6366384,2.4551625,1.3273455,0.0,0.0,2.2370117,2.417422,0.0,0.0,0.0,0.8282299,0.93686235,2.6088996,0.1817856,1.5056748,0.54132175,1.055768,2.2807164,2.397681,0.31162146,0.76970136,2.508187,0.0,3.4238605,0.0,0.17717431,0.0,3.3932831,2.4838042,0.2204835,0.54625887,2.4960685,1.7780014,1.0284739,0.8713223,2.3188775,0.5132898,2.2177718,0.0,1.4270457,3.103132,1.8569775,1.9968655,0.43974066,0.08251465,1.4389756,0.86704504,2.2366786,0.0,0.0,1.7871487,1.3285835,0.0,3.2650044,0.045971148,3.097306,1.4805484,0.0,0.7829083,0.9284156,2.3573442,1.8257986
C000384,0.0,4.72857,0.81333846,5.7068143,2.5982325,0.0,0.0,2.7523503,3.875605,0.0,0.0,0.0,0.80471593,0.33832246,4.704803,0.0,1.8043379,1.9813621,2.501274,4.633055,3.6139588,0.0,2.4022727,5.182373,0.0,6.35334,0.0,0.0,0.0,6.12312,5.4800634,0.39077732,0.0,6.086998,2.7447293,2.6861346,1.719627,3.951412,2.3729036,2.833708,0.0,2.475322,6.0699916,4.82296,3.7705557,0.2156621,0.0,1.6793298,1.688649,2.9736545,0.0,0.0,3.4358485,2.6378715,0.0,7.158513,0.0,5.363869,1.3718429,0.0,0.25210792,1.903994,4.1303196,2.758439,0.0,4.6415286,1.1642209,5.011581,2.3384383,0.0,0.0,3.5686588,3.7283118,0.0,0.0,0.0,0.8220858,0.8431487,4.450027,0.0,2.2779071,1.5818586,2.1788323,4.178922,3.7931244,0.10750868,1.5174843,4.782186,0.0,6.045714,0.0,0.0,0.0,5.8817563,4.8413844,0.34826908,0.2738507,5.2450356,3.0819147,2.5744715,1.518857,4.254219,1.5469847,3.480149,0.0,2.8110092,5.567076,4.0182977,3.6688118,0.30053678,0.03420916,2.5483434,1.546439,3.4918537,0.0,0.0,3.0379868,2.441921,0.0,6.254519,0.0,5.622957,2.1692288,0.0,0.933619,1.7947909,4.2203155,3.216235
C000385,0.0,2.7974572,0.0,2.6751308,0.0011861324,0.0,0.0,0.7514559,2.493203,0.0,0.0,0.0,0.0,0.0,2.764852,0.0,0.051974487,0.0,0.0,2.3626606,1.51371,0.0,0.44938782,2.139565,0.0,2.2405367,0.1149276,0.0,0.0,2.9230676,2.6502445,0.06084262,0.0,2.3512998,1.1589764,0.0,0.0,2.053155,0.3769193,0.7811471,0.0,0.458922,3.0820472,2.134057,2.2016037,0.0,0.0,0.040964138,0.46461284,0.97924423,0.0,0.0,1.7646664,0.817952,0.0,3.2807372,0.0,1.3115921,0.5702642,0.0,0.0,0.028930858,1.951562,0.06734292,0.0,3.1997569,0.43097144,2.8433962,1.2875881,0.0,0.0,1.3959353,2.479245,0.0,0.0,0.0,0.28055382,0.34692526,3.0100589,0.07330447,0.676955,0.18633348,0.9471004,2.618839,1.8921449,0.016254947,1.0882186,2.831585,0.0,3.377488,0.0287319,0.0,0.0,3.6746707,3.1999059,0.61352193,0.17730325,3.1101794,1.4475795,0.66514397,0.4642571,2.4618225,0.7009536,1.6667688,0.0,1.1787865,3.7740884,2.3767133,2.1618633,0.120250866,0.0,0.86878514,1.4026704,1.1759772,0.0,0.0,1.9600028,1.475798,0.0,3.7560058,0.0,2.8442092,1.1638069,0.0,0.225185,0.9258888,2.7959638,1.1914283
C000386,0.0,4.079794,1.0183098,4.622299,2.377791,0.0,0.0,2.9770582,3.430106,0.0,0.0,0.0,0.5195397,0.8106766,3.8897223,0.0,1.8557516,1.2700107,1.9788744,3.797636,3.1975982,0.0,1.829031,4.1425395,0.0,5.6121254,0.0,0.0,0.0,5.4171724,4.5152893,0.61757046,0.0,4.932885,2.3805916,2.0987055,1.2482824,3.2794938,1.3403074,2.9025156,0.0,2.4168875,5.000699,3.7961187,2.9942946,0.22424574,0.0,1.9025422,1.9742899,2.6946135,0.0,0.0,3.0023606,1.8348548,0.0,5.202324,0.0,5.1875687,1.509474,0.0,0.21763074,1.7359393,3.9922328,2.7440443,0.0,3.7828236,2.647652,3.4141433,4.4002013,0.0,0.0,6.540751,2.8104184,0.28113946,0.0,0.0,3.413554,3.565818,3.2258177,2.042626,4.7011776,3.2752934,3.8306115,2.9344215,5.2091413,2.0134208,1.0206164,4.018093,0.0,6.7656784,0.0,1.9442726,0.0,4.382073,3.516297,0.24495737,2.3117197,3.7561414,3.4259708,4.534186,3.894952,3.6560738,0.7825308,5.9254394,0.21148503,4.01611,4.0202107,2.775439,2.7553208,2.175053,0.435714,4.7849755,1.3374649,5.7334676,0.0,0.0,2.1978211,2.3144372,0.0,4.4975142,1.7943212,7.1282926,3.9808528,0.0,3.9696817,3.5908706,3.7009637,6.1179614
C000387,0.0,3.4365249,0.0,3.3725474,0.67133856,0.0,0.0,0.056850165,2.754218,0.0,0.0,0.0,0.0,0.0,3.4820385,0.0,0.0,0.0,0.4259804,2.9793797,1.4031246,0.0,1.6323938,3.0384123,0.0,2.9360235,0.0,0.0,0.0,3.8195906,3.7798042,0.71496576,0.0,3.8709595,1.0589098,0.0,0.0,2.6777744,1.433533,0.5930096,0.0,0.47872615,4.407238,3.1443748,2.8176029,0.0,0.0,0.0,1.2877625,0.16180566,0.0,0.0,2.1342678,1.615479,0.0,4.7009206,0.0,1.9641834,0.4516275,0.0,0.0,0.41547358,2.5452266,0.0,0.0,2.4388094,0.28353873,2.1658692,0.9603348,0.0,0.0,1.2675169,2.0332923,0.0,0.0,0.0,0.38098228,0.44924483,2.3132985,0.09906231,0.7116281,0.2637233,0.7041982,2.0185742,1.7278423,0.055165075,0.74128026,2.1693807,0.0,2.6746962,0.0024109022,0.0,0.0,2.866098,2.2958057,0.2608829,0.22443047,2.2034497,1.2024708,0.58610344,0.5365139,1.9665486,0.503775,1.3866632,0.0,0.9034277,2.8515182,1.7825906,1.6718432,0.27768573,0.020846644,0.7502974,0.8083471,1.2347406,0.0,0.0,1.5049099,1.2023176,0.0,2.9756632,0.0,2.1848407,0.9353426,0.0,0.28918025,0.6725365,1.9583164,1.0476538
C000388,0.0,5.3598413,0.0,4.616248,0.0,0.0,0.0,1.6095928,4.579143,0.0,0.0,0.0,0.0,0.0,5.1125546,0.0,0.2840252,0.0,0.0,4.239031,2.7836053,0.0,0.54288125,3.8784797,0.0,4.3215804,0.12448905,0.0,0.0,5.4313593,4.6707053,0.57014066,0.0,4.6618876,2.762447,0.0,0.0,3.7247481,0.38174075,1.8787977,0.0,1.5370854,5.2044034,3.5896854,4.3263035,0.0,0.0,0.6253228,1.2384818,1.8709615,0.0,0.0,3.2618294,1.5122188,0.0,5.664124,0.0,2.9400327,1.6693242,0.0,0.0,0.0,3.9952252,0.5492611,0.0,5.3598413,0.0,4.616248,0.0,0.0,0.0,1.6095928,4.579143,0.0,0.0,0.0,0.0,0.0,5.1125546,0.0,0.2840252,0.0,0.0,4.239031,2.7836053,0.0,0.54288125,3.8784797,0.0,4.3215804,0.12448905,0.0,0.0,5.4313593,4.6707053,0.57014066,0.0,4.6618876,2.762447,0.0,0.0,3.7247481,0.38174075,1.8787977,0.0,1.5370854,5.2044034,3.5896854,4.3263035,0.0,0.0,0.6253228,1.2384818,1.8709615,0.0,0.0,3.2618294,1.5122188,0.0,5.664124,0.0,2.9400327,1.6693242,0.0,0.0,0.0,3.9952252,0.5492611
C000389,0.0,4.9106903,0.0,4.300963,0.0,0.0,0.0,1.3791767,4.2158093,0.0,0.0,0.0,0.0,0.0,4.7044935,0.0,0.15785436,0.0,0.0,3.9206975,2.5011885,0.0,0.59680986,3.5690007,0.0,3.8655152,0.1392026,0.0,0.0,4.9690547,4.375079,0.42668068,0.0,4.241102,2.3696866,0.0,0.0,3.435846,0.46065027,1.6025869,0.0,1.2348424,4.904898,3.3874612,3.9682565,0.0,0.0,0.40254334,1.059376,1.6367652,0.0,0.0,3.000523,1.3919424,0.0,5.3023477,0.0,2.5360367,1.3864878,0.0,0.0,0.0,3.5647528,0.3335089,0.0,4.9106903,0.0,4.300963,0.0,0.0,0.0,1.3791767,4.2158093,0.0,0.0,0.0,0.0,0.0,4.7044935,0.0,0.15785436,0.0,0.0,3.9206975,2.5011885,0.0,0.59680986,3.5690007,0.0,3.8655152,0.1392026,0.0,0.0,4.9690547,4.375079,0.42668068,0.0,4.241102,2.3696866,0.0,0.0,3.435846,0.46065027,1.6025869,0.0,1.2348424,4.904898,3.3874612,3.9682565,0.0,0.0,0.40254334,1.059376,1.6367652,0.0,0.0,3.000523,1.3919424,0.0,5.3023477,0.0,2.5360367,1.3864878,0.0,0.0,0.0,3.5647528,0.3335089
C000390,0.0,3.1097836,0.0,2.884359,0.0,0.0,0.0,0.7441139,2.7598069,0.0,0.0,0.0,0.0,0.0,3.0469513,0.0,0.03515704,0.0,0.0,2.5979638,1.611342,0.0,0.46755767,2.3377783,0.0,2.5103846,0.11657212,0.0,0.0,3.2186084,2.873296,0.19635141,0.0,2.7212057,1.3963599,0.0,0.0,2.2430506,0.38643834,0.86829746,0.0,0.615905,3.3305683,2.3361645,2.4733458,0.0,0.0,0.101213664,0.5664905,1.0240796,0.0,0.0,1.9484463,0.91508794,0.0,3.5569303,0.0,1.4530191,0.7130719,0.0,0.0,0.0,2.2409575,0.063874386,0.0,1.2620678,4.259134,0.7983088,6.476439,0.0,0.0,9.895423,1.0107919,1.1803708,0.0,0.0,6.8597713,7.4202456,0.7530642,4.3578696,7.936304,5.2897043,5.612005,0.86011887,6.4993806,5.0469165,0.22869383,2.073271,0.0,6.7070484,0.010597466,5.2829213,0.0,1.5706576,0.809202,0.017850129,5.611781,0.54733527,3.2672608,6.662944,6.424555,2.1212187,0.105715744,8.219518,0.95301634,4.8019085,1.1821051,0.5548683,0.6452213,4.750391,1.5068635,7.112686,0.12065161,8.459695,0.0,0.0,0.5007983,1.4441814,0.0,1.0253397,4.639524,8.008701,5.578011,0.05110312,8.159468,5.047626,1.7736115,8.738995
C000391,0.0,0.797578,1.5872025,1.1076872,3.5325346,0.0,0.0,2.6842723,0.23955244,0.38345322,0.0,0.0,2.540646,2.1506917,0.583132,1.2221847,2.261191,2.5377388,3.0696213,0.74574715,2.4234521,1.4754319,1.7104466,1.64422,0.0,3.143111,0.0,2.318853,0.0,1.0812552,1.2023048,0.0,1.4833769,1.6712813,0.5819594,2.9416075,2.8316703,0.9717072,1.336723,2.384882,0.0,1.611824,1.5465937,1.3007357,0.54819393,1.7525055,0.1619339,2.0015779,0.40930957,2.3116825,0.0,0.0,0.61030996,1.1784554,0.0,1.6046355,2.4364831,2.8994887,0.87521446,0.0,2.2535987,2.6836534,0.62869555,2.9897368,0.0,1.7300992,2.083132,1.4632033,3.683361,0.0,0.0,4.6725416,1.1465786,0.36180484,0.0,0.0,3.301406,3.2317297,1.4246665,1.8023499,3.523865,2.8522885,3.146852,1.3687547,3.611729,2.204091,0.86095196,2.1844919,0.0,4.311839,0.0,2.1700847,0.0,2.0025969,1.608715,0.09843085,2.241541,1.647848,1.7939763,3.3983965,3.4404688,1.7912323,0.56452835,4.1126175,0.11473715,2.662036,1.9407588,1.2948242,1.1641097,2.1018877,0.5141812,3.248027,0.50156933,4.106957,0.0,0.0,0.94885916,1.5028778,0.0,2.181281,2.1557386,4.4531198,2.40112,0.0,3.491494,2.8686922,1.6023694,4.345869
C000392,0.0,2.8724117,0.0,2.7192454,0.0,0.0,0.0,0.7110854,2.5551188,0.0,0.0,0.0,0.0,0.0,2.8310857,0.0,0.031104669,0.0,0.0,2.419191,1.5204036,0.0,0.46186832,2.1678152,0.0,2.2945209,0.11557948,0.0,0.0,2.9869375,2.698482,0.10833484,0.0,2.4651566,1.2101815,0.0,0.0,2.084643,0.3982334,0.77118164,0.0,0.4881765,3.1526365,2.1969876,2.2692304,0.0,0.0,0.03694723,0.4821236,0.96580875,0.0,0.0,1.7979193,0.8451751,0.0,3.3533695,0.0,1.3116156,0.5999677,0.0,0.0,0.015379705,2.0279744,0.02717199,0.0,3.3294919,0.58744955,3.095562,1.1988618,0.0,0.0,1.5299898,2.470752,0.0,0.0,0.0,0.26102743,0.29738057,3.1711333,0.04919182,0.50050443,0.36529723,0.92677623,2.7117245,2.005775,0.0,1.0128113,2.9097145,0.0,3.4736273,0.038526494,0.0,0.0,3.7164261,3.3336823,0.6461861,0.1261705,3.3967714,1.5723305,0.87419623,0.41319695,2.7190545,0.6998625,1.8132591,0.0,1.3856956,3.7776935,2.5366461,2.3822522,0.23445664,0.0,1.062053,1.4537972,1.0683043,0.0,0.0,1.9705623,1.5528774,0.0,3.8551633,0.022105357,3.0242577,1.2596402,0.0,0.2388059,0.89557225,3.0178566,1.3710952
C000393,0.0,1.010763,2.1858537,1.52275,3.7530425,0.0,0.0,4.393604,0.44607243,0.23122731,0.0,0.0,3.656802,3.6907368,0.36355522,1.6745473,3.9540558,3.2741342,3.7625198,0.8112799,2.9849818,2.294679,1.2316486,2.277406,0.0,4.026496,0.0,2.7910202,0.0,1.6561184,1.0283402,0.0,2.3343997,1.3302373,1.6412587,3.7195718,3.7329974,1.1742568,0.82192427,3.9044795,0.0,2.4220245,1.6366947,1.0163598,0.4725934,2.2910085,0.19540465,3.222972,0.08557375,3.9980948,0.0,0.0,0.6073994,0.9912203,0.0,1.640533,2.60422,4.2186747,1.9589522,0.0,3.705143,2.8674524,0.7808914,4.3538227,0.0,1.591381,3.6001747,1.4740764,5.4763117,0.0,0.0,7.8549905,0.990086,0.7455573,0.0,0.0,5.613698,5.8960547,0.9454267,3.3095353,6.385628,4.6227064,5.0997996,1.0978714,5.2785735,3.944074,0.66364944,2.5336497,0.0,5.9754815,0.0,4.0264378,0.0,2.0282912,1.2134289,0.023145884,4.1625557,1.2464212,2.808179,5.590832,5.641951,1.9861913,0.19882967,6.7542863,0.36575463,4.1986103,1.7193784,0.84897256,0.84167695,3.678534,0.7954857,5.6539087,0.24678713,6.8602023,0.0,0.0,0.7579798,1.6117384,0.0,1.7988099,3.7685742,6.8832064,4.1454287,0.0056089377,6.351282,4.3292766,1.7305291,7.278129
C000394,0.0,4.365396,0.0,3.930901,0.0,0.0,0.0,1.1732485,3.7636876,0.0,0.0,0.0,0.0,0.0,4.214825,0.0,0.050368816,0.0,0.0,3.5322993,2.2068186,0.0,0.64657336,3.1817873,0.0,3.3572855,0.1566275,0.0,0.0,4.42352,4.010731,0.23750108,0.0,3.7197547,1.902455,0.0,0.0,3.0913744,0.5385255,1.3199968,0.0,0.89876294,4.568469,3.141261,3.5117688,0.0,0.0,0.18718593,0.84615463,1.4058892,0.0,0.0,2.6582088,1.223271,0.0,4.8748875,0.0,2.1157603,1.0688256,0.0,0.0,0.0,3.0660133,0.15126653,0.0,4.365396,0.0,3.930901,0.0,0.0,0.0,1.1732485,3.7636876,0.0,0.0,0.0,0.0,0.0,4.214825,0.0,0.050368816,0.0,0.0,3.5322993,2.2068186,0.0,0.64657336,3.1817873,0.0,3.3572855,0.1566275,0.0,0.0,4.42352,4.010731,0.23750108,0.0,3.7197547,1.902455,0.0,0.0,3.0913744,0.5385255,1.3199968,0.0,0.89876294,4.568469,3.141261,3.5117688,0.0,0.0,0.18718593,0.84615463,1.4058892,0.0,0.0,2.6582088,1.223271,0.0,4.8748875,0.0,2.1157603,1.0688256,0.0,0.0,0.0,3.0660133,0.15126653
C000395,0.0,4.2902927,0.0,3.8823357,0.0,0.0,0.0,1.145171,3.7044387,0.0,0.0,0.0,0.0,0.0,4.1480355,0.0,0.034182936,0.0,0.0,3.4782727,2.1696503,0.0,0.6561631,3.1334074,0.0,3.288463,0.15946442,0.0,0.0,4.353773,3.9609628,0.20830801,0.0,3.6472192,1.8406935,0.0,0.0,3.0456429,0.554196,1.2810378,0.0,0.8527434,4.525694,3.1058564,3.448229,0.0,0.0,0.15776369,0.814541,1.3768015,0.0,0.0,2.615044,1.2019055,0.0,4.821518,0.0,2.0583134,1.0249199,0.0,0.0,0.0,2.9982934,0.12739614,0.0,4.2902927,0.0,3.8823357,0.0,0.0,0.0,1.145171,3.7044387,0.0,0.0,0.0,0.0,0.0,4.1480355,0.0,0.034182936,0.0,0.0,3.4782727,2.1696503,0.0,0.6561631,3.1334074,0.0,3.288463,0.15946442,0.0,0.0,4.353773,3.9609628,0.20830801,0.0,3.6472192,1.8406935,0.0,0.0,3.0456429,0.554196,1.2810378,0.0,0.8527434,4.525694,3.1058564,3.448229,0.0,0.0,0.15776369,0.814541,1.3768015,0.0,0.0,2.615044,1.2019055,0.0,4.821518,0.0,2.0583134,1.0249199,0.0,0.0,0.0,2.9982934,0.12739614
C000396,0.0,4.8295536,0.0,4.2426066,0.0,0.0,0.0,1.3509032,4.1465945,0.0,0.0,0.0,0.0,0.0,4.628681,0.0,0.14447023,0.0,0.0,3.8634048,2.4584599,0.0,0.6024993,3.510633,0.0,3.7917423,0.14153293,0.0,0.0,4.884644,4.3183684,0.39917353,0.0,4.1606746,2.300349,0.0,0.0,3.381959,0.46803138,1.5631235,0.0,1.1856955,4.849792,3.3485336,3.898463,0.0,0.0,0.37243396,1.0291177,1.6036185,0.0,0.0,2.9475756,1.3663222,0.0,5.2330713,0.0,2.4750426,1.3401322,0.0,0.0,0.0,3.4887705,0.3097754,0.0,4.8295536,0.0,4.2426066,0.0,0.0,0.0,1.3509032,4.1465945,0.0,0.0,0.0,0.0,0.0,4.628681,0.0,0.14447023,0.0,0.0,3.8634048,2.4584599,0.0,0.6024993,3.510633,0.0,3.7917423,0.14153293,0.0,0.0,4.884644,4.3183684,0.39917353,0.0,4.1606746,2.300349,0.0,0.0,3.381959,0.46803138,1.5631235,0.0,1.1856955,4.849792,3.3485336,3.898463,0.0,0.0,0.37243396,1.0291177,1.6036185,0.0,0.0,2.9475756,1.3663222,0.0,5.2330713,0.0,2.4750426,1.3401322,0.0,0.0,0.0,3.4887705,0.3097754
C000397,0.0,4.6711755,0.0,4.1321087,0.0,0.0,0.0,1.2967612,4.0125737,0.0,0.0,0.0,0.0,0.0,4.4840894,0.0,0.11891499,0.0,0.0,3.7499034,2.3751965,0.0,0.61289674,3.396669,0.0,3.6470957,0.14580995,0.0,0.0,4.7230945,4.208521,0.34497592,0.0,4.005937,2.1660519,0.0,0.0,3.2791052,0.48450363,1.4850314,0.0,1.0904719,4.745928,3.2735968,3.7641635,0.0,0.0,0.31250042,0.96931064,1.5395072,0.0,0.0,2.8459854,1.3164245,0.0,5.1011653,0.0,2.357296,1.249969,0.0,0.0,0.0,3.3426545,0.26232406,0.0,4.6711755,0.0,4.1321087,0.0,0.0,0.0,1.2967612,4.0125737,0.0,0.0,0.0,0.0,0.0,4.4840894,0.0,0.11891499,0.0,0.0,3.7499034,2.3751965,0.0,0.61289674,3.396669,0.0,3.6470957,0.14580995,0.0,0.0,4.7230945,4.208521,0.34497592,0.0,4.005937,2.1660519,0.0,0.0,3.2791052,0.48450363,1.4850314,0.0,1.0904719,4.745928,3.2735968,3.7641635,0.0,0.0,0.31250042,0.96931064,1.5395072,0.0,0.0,2.8459854,1.3164245,0.0,5.1011653,0.0,2.357296,1.249969,0.0,0.0,0.0,3.3426545,0.26232406
C000398,0.0,2.777173,0.0,2.6662307,0.009909131,0.0,0.0,0.76965433,2.4767137,0.0,0.0,0.0,0.0,0.0,2.747205,0.0,0.062084023,0.0,0.0,2.3474386,1.516351,0.0,0.4455301,2.1354547,0.0,2.2297392,0.113942556,0.0,0.0,2.90411,2.6382864,0.04572702,0.0,2.3154426,1.1446644,0.0,0.0,2.0494432,0.36889294,0.7900364,0.0,0.4521891,3.063896,2.1176782,2.182454,0.0,0.0,0.045098882,0.46088552,0.9852115,0.0,0.0,1.7572923,0.8102545,0.0,3.2593658,0.0,1.3184484,0.5626645,0.0,0.0,0.034594495,1.9302583,0.082800604,0.0,4.011174,0.0,3.8763187,0.49923438,0.0,0.0,0.7052723,3.3000963,0.0,0.0,0.0,0.0,0.0,3.9357986,0.0,0.031042011,0.0,0.2269109,3.346858,1.8956221,0.0,1.3033118,3.2382975,0.0,3.4726892,0.056971278,0.0,0.0,4.4476995,4.127704,0.60400397,0.0,4.071842,1.5976534,0.06879227,0.0,3.0409086,1.0079633,0.9740076,0.0,0.92087823,4.7313647,3.206483,3.1866279,0.0,0.0,0.08808989,1.2773964,0.7444395,0.0,0.0,2.5190198,1.5968738,0.0,4.972358,0.0,2.3964279,0.84135014,0.0,0.0,0.23576099,3.126339,0.17043707
C000399,0.0,2.8275344,4.220092,2.8753006,6.183568,0.0,0.0,9.197686,2.0155287,0.0,0.0,0.0,6.2778864,6.903204,2.1765695,3.5065446,7.4387913,5.6830306,4.9817753,2.058308,6.906893,3.9339223,0.45551622,3.3167543,0.0,7.8344526,0.0,3.434541,0.0,3.2797523,2.6028266,0.0,3.843194,2.7004821,3.3472078,5.689349,6.3007965,3.0565407,0.31884897,7.666456,0.0,5.8092504,2.6057477,2.174891,2.2850049,3.84909,0.95453966,6.532098,0.044522762,9.003318,0.0,0.0,1.8472326,1.4587173,0.0,3.1549706,3.3409314,8.179758,4.865231,0.0,7.897599,4.6923366,3.086854,7.9088497,0.0,1.6248174,2.6112194,1.1873919,3.9703755,0.0,0.0,5.902394,1.1673247,0.31153208,0.0,0.0,3.918588,4.261796,1.1655058,2.1915221,4.679842,3.0715628,3.3852854,1.1313405,4.247755,2.6860015,0.33354908,2.0467405,0.0,4.725784,0.0,2.5241766,0.0,1.8899615,1.167645,0.025895884,2.9134989,1.082356,2.2044563,3.859194,3.9486856,1.8983598,0.15715472,5.1159053,0.16922827,3.2343416,1.5659947,0.82285017,0.9394614,2.596117,0.6869287,4.2345653,0.36221308,5.2261643,0.0,0.0,0.8139413,1.2770413,0.0,1.5426242,2.2002842,5.311017,3.3177326,0.005339822,4.5533924,3.0495887,1.7680159,5.378022
C000400,0.0,3.3520515,0.0,3.0535316,0.0,0.0,0.0,0.8217232,2.9673786,0.0,0.0,0.0,0.0,0.0,3.2633557,0.0,0.058418944,0.0,0.0,2.7782571,1.7338312,0.0,0.46212727,2.5241868,0.0,2.7388048,0.112498395,0.0,0.0,3.4640803,3.0533216,0.2730417,0.0,2.953466,1.593718,0.0,0.0,2.408967,0.3579479,1.0056523,0.0,0.7507941,3.4858434,2.4563437,2.6789691,0.0,0.0,0.19381775,0.6560517,1.1151905,0.0,0.0,2.097534,0.9929171,0.0,3.7564685,0.0,1.6291248,0.8424446,0.0,0.0,0.0,2.4501667,0.14737716,0.0,2.4678223,0.79703265,1.9992908,1.5823948,0.0,0.0,2.4929357,2.0848875,0.006314299,0.0,0.0,1.0151737,1.0522423,2.2863948,0.3673783,1.5522182,0.7601673,1.1677835,1.9365349,2.4525716,0.4505515,0.5617932,2.2255754,0.0,3.331979,0.016071199,0.14987338,0.0,2.8424356,2.15038,0.32071495,0.7724058,2.063251,1.703528,1.3587722,1.1113452,2.138019,0.40767834,2.4106479,0.0,1.574675,2.614263,1.6127535,1.6960055,0.60697556,0.17130372,1.6864471,0.9155364,2.2512815,0.0,0.0,1.4701223,1.2472603,0.0,2.7086241,0.14776199,3.1484013,1.7564542,0.0,0.9566186,1.1478008,2.2732534,2.2349086
C000401,0.0,4.6711755,0.0,4.1321087,0.0,0.0,0.0,1.2967612,4.0125737,0.0,0.0,0.0,0.0,0.0,4.4840894,0.0,0.11891499,0.0,0.0,3.7499034,2.3751965,0.0,0.61289674,3.396669,0.0,3.6470957,0.14580995,0.0,0.0,4.7230945,4.208521,0.34497592,0.0,4.005937,2.1660519,0.0,0.0,3.2791052,0.48450363,1.4850314,0.0,1.0904719,4.745928,3.2735968,3.7641635,0.0,0.0,0.31250042,0.96931064,1.5395072,0.0,0.0,2.8459854,1.3164245,0.0,5.1011653,0.0,2.357296,1.249969,0.0,0.0,0.0,3.3426545,0.26232406,0.0,4.6711755,0.0,4.1321087,0.0,0.0,0.0,1.2967612,4.0125737,0.0,0.0,0.0,0.0,0.0,4.4840894,0.0,0.11891499,0.0,0.0,3.7499034,2.3751965,0.0,0.61289674,3.396669,0.0,3.6470957,0.14580995,0.0,0.0,4.7230945,4.208521,0.34497592,0.0,4.005937,2.1660519,0.0,0.0,3.2791052,0.48450363,1.4850314,0.0,1.0904719,4.745928,3.2735968,3.7641635,0.0,0.0,0.31250042,0.96931064,1.5395072,0.0,0.0,2.8459854,1.3164245,0.0,5.1011653,0.0,2.357296,1.249969,0.0,0.0,0.0,3.3426545,0.26232406
C000402,0.0,4.7135425,0.0,4.5260887,0.6879571,0.0,0.0,0.15554816,3.643366,0.0,0.0,0.0,0.0,0.0,4.6623707,0.0,0.0,0.0,0.27769798,3.980052,1.9285752,0.0,1.9384792,3.9633532,0.0,3.9436998,0.0,0.0,0.0,4.988817,5.1232243,0.8997731,0.0,5.149596,1.4314264,0.0,0.0,3.6269727,1.7265005,0.86564076,0.0,0.7511685,5.8681426,4.2079945,3.8870857,0.0,0.0,0.0,1.7149472,0.27175167,0.0,0.0,2.8727145,1.9386232,0.0,6.163524,0.0,2.5925486,0.7150763,0.0,0.0,0.44034815,3.461909,0.0,0.0,3.49646,0.0,3.3189378,0.4334768,0.0,0.0,0.5278218,2.8768783,0.0,0.0,0.0,0.0,0.0,3.4634764,0.0,0.12432924,0.0,0.13884899,2.9446244,1.6908116,0.0,1.1095277,2.865295,0.0,2.989397,0.006386563,0.0,0.0,3.7841816,3.5779552,0.47447574,0.0,3.4636261,1.2912083,0.0034165904,0.0,2.6858191,0.96862924,0.8936398,0.0,0.67071867,4.174494,2.8986363,2.8019657,0.0,0.005743189,0.12453004,1.0484796,0.66071767,0.0,0.0,2.1783934,1.3724555,0.0,4.4044514,0.0,1.973894,0.67963463,0.0,0.0,0.26808044,2.617289,0.18950105
C000403,0.0,4.594108,0.0,4.080994,0.0,0.0,0.0,1.2668654,3.9495687,0.0,0.0,0.0,0.0,0.0,4.416078,0.0,0.10367714,0.0,0.0,3.6952255,2.3321958,0.0,0.6202911,3.3414314,0.0,3.5752459,0.14837685,0.0,0.0,4.6469107,4.158209,0.3187505,0.0,3.9342623,2.0998545,0.0,0.0,3.2318428,0.49575514,1.4438144,0.0,1.0429646,4.7003064,3.2406063,3.7008202,0.0,0.0,0.28095362,0.93960404,1.5060972,0.0,0.0,2.7974977,1.2929994,0.0,5.0424576,0.0,2.2975178,1.2043599,0.0,0.0,0.0,3.2731085,0.23457666,0.0,4.594108,0.0,4.080994,0.0,0.0,0.0,1.2668654,3.9495687,0.0,0.0,0.0,0.0,0.0,4.416078,0.0,0.10367714,0.0,0.0,3.6952255,2.3321958,0.0,0.6202911,3.3414314,0.0,3.5752459,0.14837685,0.0,0.0,4.6469107,4.158209,0.3187505,0.0,3.9342623,2.0998545,0.0,0.0,3.2318428,0.49575514,1.4438144,0.0,1.0429646,4.7003064,3.2406063,3.7008202,0.0,0.0,0.28095362,0.93960404,1.5060972,0.0,0.0,2.7974977,1.2929994,0.0,5.0424576,0.0,2.2975178,1.2043599,0.0,0.0,0.0,3.2731085,0.23457666
C000404,0.0,3.0903616,0.0,2.8555617,0.0,0.0,0.0,0.78954774,2.6851358,0.0,0.0,0.0,0.0,0.0,3.0136735,0.0,0.05650302,0.0,0.0,2.5272794,1.5988619,0.0,0.44293797,2.3575256,0.0,2.4705787,0.09203621,0.0,0.0,3.1750684,2.8209414,0.20006579,0.0,2.7122078,1.4164478,0.0,0.0,2.2462916,0.34587002,0.91397166,0.0,0.62391996,3.224743,2.280682,2.439407,0.0,0.0,0.17497872,0.5644903,1.0291778,0.0,0.0,1.959856,0.8821577,0.0,3.4522161,0.0,1.4971437,0.7432628,0.0,0.0,0.0,2.1912632,0.14372537,0.0,3.5745978,0.0,3.4773767,0.5424011,0.0,0.0,0.53702724,2.8552108,0.0,0.0,0.0,0.0,0.0,3.5155706,0.0,0.02825151,0.0,0.33234227,2.975108,1.6114452,0.0,1.2325907,2.8436651,0.0,2.962634,0.046018105,0.0,0.0,3.824655,3.74809,0.57142854,0.0,3.7321963,1.2973199,0.13400641,0.0,2.7169452,1.0273466,0.80021137,0.0,0.7124733,4.1302176,2.9141524,2.8335066,0.0,0.0,0.09604506,1.1857357,0.5145889,0.0,0.0,2.2079551,1.4675591,0.0,4.4330606,0.0,2.0763187,0.66006255,0.0,0.0,0.2880362,2.7206573,0.1481405
C000405,0.0,4.8295536,0.0,4.2426066,0.0,0.0,0.0,1.3509032,4.1465945,0.0,0.0,0.0,0.0,0.0,4.628681,0.0,0.14447023,0.0,0.0,3.8634048,2.4584599,0.0,0.6024993,3.510633,0.0,3.7917423,0.14153293,0.0,0.0,4.884644,4.3183684,0.39917353,0.0,4.1606746,2.300349,0.0,0.0,3.381959,0.46803138,1.5631235,0.0,1.1856955,4.849792,3.3485336,3.898463,0.0,0.0,0.37243396,1.0291177,1.6036185,0.0,0.0,2.9475756,1.3663222,0.0,5.2330713,0.0,2.4750426,1.3401322,0.0,0.0,0.0,3.4887705,0.3097754,0.0,4.8295536,0.0,4.2426066,0.0,0.0,0.0,1.3509032,4.1465945,0.0,0.0,0.0,0.0,0.0,4.628681,0.0,0.14447023,0.0,0.0,3.8634048,2.4584599,0.0,0.6024993,3.510633,0.0,3.7917423,0.14153293,0.0,0.0,4.884644,4.3183684,0.39917353,0.0,4.1606746,2.300349,0.0,0.0,3.381959,0.46803138,1.5631235,0.0,1.1856955,4.849792,3.3485336,3.898463,0.0,0.0,0.37243396,1.0291177,1.6036185,0.0,0.0,2.9475756,1.3663222,0.0,5.2330713,0.0,2.4750426,1.3401322,0.0,0.0,0.0,3.4887705,0.3097754
C000406,0.0,2.6647286,0.0,2.5746741,0.0,0.0,0.0,0.8344997,2.307685,0.0,0.0,0.0,0.0,0.0,2.6219335,0.0,0.12726189,0.0,0.0,2.201013,1.4596305,0.0,0.3949608,2.120531,0.0,2.1513662,0.0846323,0.0,0.0,2.7362943,2.4971826,0.034525823,0.0,2.1895185,1.1056222,0.0,0.0,2.012219,0.28839278,0.84590495,0.0,0.44284624,2.8677027,2.0063534,2.0464609,0.0,0.0,0.1207073,0.4509164,0.9678287,0.0,0.0,1.7061424,0.7304107,0.0,3.0013487,0.0,1.3751705,0.55822974,0.0,0.0,0.006850049,1.8078623,0.18239756,0.0,1.8076941,2.774858,1.2483442,4.0815864,0.0,0.0,6.66589,1.2850428,0.8089204,0.0,0.0,4.182124,4.6295066,1.2787056,2.6332715,5.200913,3.216527,3.5738919,1.1656051,4.65475,3.0409935,0.061722293,2.089827,0.0,5.053236,0.009403589,3.0327673,0.0,1.9421959,1.1849388,0.0038362024,3.435026,0.93564266,2.7189229,4.338814,4.0341535,2.0617912,0.032043643,5.668532,0.545199,3.4593449,1.6096194,0.73712295,0.9464429,2.8320174,0.83655125,4.6958833,0.40609354,5.632646,0.0,0.0,0.78306687,1.3735166,0.0,1.5436893,2.7625012,5.7660127,3.8903744,0.011435128,4.9358315,3.2791493,1.8701138,5.891863
C000407,0.0,2.8397934,0.0,2.697791,0.0,0.0,0.0,0.72444415,2.5256534,0.0,0.0,0.0,0.0,0.0,2.8019297,0.0,0.038911503,0.0,0.0,2.3932989,1.5136657,0.0,0.45520392,2.154108,0.0,2.269713,0.11446325,0.0,0.0,2.957077,2.6750212,0.09228701,0.0,2.4198623,1.18953,0.0,0.0,2.0688176,0.38846427,0.77429783,0.0,0.4764227,3.1185024,2.1697593,2.239879,0.0,0.0,0.039271045,0.47451502,0.9681492,0.0,0.0,1.7817851,0.8326628,0.0,3.3170927,0.0,1.3096426,0.5884877,0.0,0.0,0.01863768,1.9958925,0.042784464,0.0,1.671485,4.6408076,1.2809279,6.699327,0.0,0.0,9.315928,0.91148585,0.76636446,0.0,0.0,6.8222227,7.4059935,0.87247884,3.9626307,7.7689667,5.6481023,6.0585184,1.0785818,6.1980896,4.8597775,0.6672882,2.7928767,0.0,6.9979296,0.0057231626,4.943095,0.0,2.070254,1.2449601,0.0046143504,4.9698205,1.2993432,3.1621995,6.6690955,7.025769,2.2751703,0.41900134,8.129175,0.5016837,5.126493,1.6084177,0.88571537,0.8362478,4.541186,1.1179743,7.099983,0.35113615,8.298711,0.0,0.0,0.6888105,1.7556736,0.0,1.6585186,4.454173,8.444109,5.161647,0.01669308,7.920292,5.131942,2.0796616,8.844533
C000408,0.0,2.4663644,0.0,2.7429829,1.2708154,0.0,0.0,0.0,1.9007752,0.0,0.0,0.0,0.0,0.0,2.5955205,0.0,0.0,0.0,0.76547134,2.3907986,1.1092435,0.0,1.7299116,2.4932919,0.0,2.6110218,0.0,0.0,0.0,3.0643303,3.1783261,0.5580883,0.0,3.1222558,0.56795776,0.15323728,0.0,2.232306,1.3663063,0.32825533,0.0,0.22819929,3.7506385,2.6603842,2.035733,0.0,0.0,0.0,1.1368822,0.0,0.0,0.0,1.7121029,1.4339046,0.0,3.8950443,0.0,1.652236,0.13318664,0.0,0.0,0.6629787,1.8710811,0.11488664,0.0,1.1994643,4.099517,0.9718739,6.7685623,0.0,0.0,8.4855795,0.9360263,1.151382,0.0,0.0,6.989922,6.9264183,0.9616559,4.342665,7.013871,5.8526573,5.80787,0.9590563,5.785755,5.233216,1.0135976,2.1779888,0.0,6.18637,0.00034849084,5.288406,0.0,1.3883169,1.1032072,0.14104697,4.973719,1.0918908,2.329665,6.2134094,7.1085353,1.5405002,0.67664254,7.2107964,0.6249195,4.5817537,1.3092462,0.9737549,1.0086675,4.3643603,1.2698964,5.969033,0.32358423,7.7671742,0.0,0.0,0.66113377,1.7733161,0.0,1.692758,5.1884227,6.960465,4.227427,0.11164993,7.95489,5.2346096,1.2754393,7.8165007
C000409,0.0,4.9106903,0.0,4.300963,0.0,0.0,0.0,1.3791767,4.2158093,0.0,0.0,0.0,0.0,0.0,4.7044935,0.0,0.15785436,0.0,0.0,3.9206975,2.5011885,0.0,0.59680986,3.5690007,0.0,3.8655152,0.1392026,0.0,0.0,4.9690547,4.375079,0.42668068,0.0,4.241102,2.3696866,0.0,0.0,3.435846,0.46065027,1.6025869,0.0,1.2348424,4.904898,3.3874612,3.9682565,0.0,0.0,0.40254334,1.059376,1.6367652,0.0,0.0,3.000523,1.3919424,0.0,5.3023477,0.0,2.5360367,1.3864878,0.0,0.0,0.0,3.5647528,0.3335089,0.0,4.9106903,0.0,4.300963,0.0,0.0,0.0,1.3791767,4.2158093,0.0,0.0,0.0,0.0,0.0,4.7044935,0.0,0.15785436,0.0,0.0,3.9206975,2.5011885,0.0,0.59680986,3.5690007,0.0,3.8655152,0.1392026,0.0,0.0,4.9690547,4.375079,0.42668068,0.0,4.241102,2.3696866,0.0,0.0,3.435846,0.46065027,1.6025869,0.0,1.2348424,4.904898,3.3874612,3.9682565,0.0,0.0,0.40254334,1.059376,1.6367652,0.0,0.0,3.000523,1.3919424,0.0,5.3023477,0.0,2.5360367,1.3864878,0.0,0.0,0.0,3.5647528,0.3335089
C000410,0.0,5.3598413,0.0,4.616248,0.0,0.0,0.0,1.6095928,4.579143,0.0,0.0,0.0,0.0,0.0,5.1125546,0.0,0.2840252,0.0,0.0,4.239031,2.7836053,0.0,0.54288125,3.8784797,0.0,4.3215804,0.12448905,0.0,0.0,5.4313593,4.6707053,0.57014066,0.0,4.6618876,2.762447,0.0,0.0,3.7247481,0.38174075,1.8787977,0.0,1.5370854,5.2044034,3.5896854,4.3263035,0.0,0.0,0.6253228,1.2384818,1.8709615,0.0,0.0,3.2618294,1.5122188,0.0,5.664124,0.0,2.9400327,1.6693242,0.0,0.0,0.0,3.9952252,0.5492611,0.0,5.3598413,0.0,4.616248,0.0,0.0,0.0,1.6095928,4.579143,0.0,0.0,0.0,0.0,0.0,5.1125546,0.0,0.2840252,0.0,0.0,4.239031,2.7836053,0.0,0.54288125,3.8784797,0.0,4.3215804,0.12448905,0.0,0.0,5.4313593,4.6707053,0.57014066,0.0,4.6618876,2.762447,0.0,0.0,3.7247481,0.38174075,1.8787977,0.0,1.5370854,5.2044034,3.5896854,4.3263035,0.0,0.0,0.6253228,1.2384818,1.8709615,0.0,0.0,3.2618294,1.5122188,0.0,5.664124,0.0,2.9400327,1.6693242,0.0,0.0,0.0,3.9952252,0.5492611
C000411,0.0,4.2902927,0.0,3.8823357,0.0,0.0,0.0,1.145171,3.7044387,0.0,0.0,0.0,0.0,0.0,4.1480355,0.0,0.034182936,0.0,0.0,3.4782727,2.1696503,0.0,0.6561631,3.1334074,0.0,3.288463,0.15946442,0.0,0.0,4.353773,3.9609628,0.20830801,0.0,3.6472192,1.8406935,0.0,0.0,3.0456429,0.554196,1.2810378,0.0,0.8527434,4.525694,3.1058564,3.448229,0.0,0.0,0.15776369,0.814541,1.3768015,0.0,0.0,2.615044,1.2019055,0.0,4.821518,0.0,2.0583134,1.0249199,0.0,0.0,0.0,2.9982934,0.12739614,0.0,4.2902927,0.0,3.8823357,0.0,0.0,0.0,1.145171,3.7044387,0.0,0.0,0.0,0.0,0.0,4.1480355,0.0,0.034182936,0.0,0.0,3.4782727,2.1696503,0.0,0.6561631,3.1334074,0.0,3.288463,0.15946442,0.0,0.0,4.353773,3.9609628,0.20830801,0.0,3.6472192,1.8406935,0.0,0.0,3.0456429,0.554196,1.2810378,0.0,0.8527434,4.525694,3.1058564,3.448229,0.0,0.0,0.15776369,0.814541,1.3768015,0.0,0.0,2.615044,1.2019055,0.0,4.821518,0.0,2.0583134,1.0249199,0.0,0.0,0.0,2.9982934,0.12739614
C000412,0.0,3.6734498,0.55208325,3.796687,1.4498721,0.0,0.0,1.5923271,3.127901,0.0,0.0,0.0,0.30970907,0.0,3.989544,0.0,0.23340411,0.4909702,1.439409,3.3485203,2.2766328,0.0,1.6451399,3.4841833,0.0,4.022266,0.0,0.0,0.0,4.062616,4.292879,0.9996594,0.0,4.365674,1.4575353,0.6023361,0.55783266,2.61604,1.3632104,2.0259886,0.0,1.1017833,4.269511,3.4952555,3.0707715,0.0,0.0,0.88056576,1.3939676,1.5566034,0.0,0.0,2.452444,1.8205998,0.0,5.147394,0.0,2.9652727,1.1212776,0.0,0.0,1.469488,2.992268,1.515578,0.0,3.287664,1.2464874,3.2278836,2.2779932,0.0,0.0,3.2915964,2.581947,0.0,0.0,0.0,1.2933254,1.2758176,3.1184103,0.37468278,2.1421638,1.4473311,2.0614946,2.7757442,3.1671064,0.30338436,1.0652565,3.4322245,0.0,4.6477766,0.0011259401,0.2862352,0.0,3.990289,3.253451,0.30216405,0.57350516,3.496285,2.298226,2.2484426,1.7207989,3.0709746,0.95585275,3.2896068,0.0,2.285911,3.762567,2.67386,2.4731534,0.73554033,0.07521622,2.40135,1.159263,3.042773,0.0,0.0,2.0020592,1.8914514,0.0,4.22715,0.078939304,4.4269395,2.0965602,0.0,1.3814449,1.8358262,3.0171568,3.1619046
C000413,0.0,3.2805715,0.0,3.0055904,0.0,0.0,0.0,0.79283994,2.9120896,0.0,0.0,0.0,0.0,0.0,3.2016723,0.0,0.049686108,0.0,0.0,2.7301438,1.6978681,0.0,0.46603858,2.4653504,0.0,2.6724696,0.116124175,0.0,0.0,3.3934264,3.0034974,0.2499156,0.0,2.8843794,1.5311736,0.0,0.0,2.358669,0.37050357,0.9576212,0.0,0.70960325,3.4497743,2.425437,2.6203444,0.0,0.0,0.15777314,0.6294969,1.0865674,0.0,0.0,2.052394,0.9718683,0.0,3.7063332,0.0,1.571448,0.8001633,0.0,0.0,0.0,2.39232,0.11206074,0.0,1.8750706,1.5053872,1.5210674,2.3242588,0.0,0.0,3.5473347,1.4159997,0.04756198,0.0,0.0,2.1684947,2.394767,1.5798202,1.0572422,2.6593728,1.6960773,2.1083655,1.4432971,2.7532382,1.551272,0.43370837,2.0564244,0.0,3.4594283,0.023224834,1.362978,0.0,2.2020276,1.5294011,0.13482164,1.631386,1.4920795,1.68995,2.2490244,2.2483375,1.7975731,0.3331518,3.1818948,0.05200234,2.0044565,2.0016878,1.097927,1.1599133,1.3602726,0.38019294,2.4778223,0.53161037,3.096437,0.0,0.0,0.9663013,1.2356826,0.0,2.0509014,1.0560967,3.6014187,2.0444064,0.0,2.3692882,1.7234533,1.7251161,3.0999792
C000414,0.0,4.2134843,0.09064783,4.0711446,0.7735295,0.0,0.0,0.9840822,3.5775688,0.0,0.0,0.0,0.0,0.0,4.2383738,0.0,0.3498064,0.0,0.48699212,3.736414,2.3455293,0.0,1.5465833,3.653646,0.0,4.164774,0.0,0.0,0.0,5.041275,4.3174815,0.5319601,0.0,4.510001,2.0340452,0.15669201,0.0,3.2211227,1.2904836,1.5020663,0.0,1.2327108,5.068983,3.4282846,3.5334797,0.0,0.0,0.36046943,1.3509918,1.3866006,0.0,0.0,2.846613,1.7091069,0.0,5.542138,0.0,2.9543386,1.0300868,0.0,0.0,0.52083963,3.264929,0.54585814,0.0,2.6266632,0.33916315,2.4024367,1.3891492,0.0,0.0,1.7427582,2.2506075,0.0,0.0,0.0,0.6584473,0.6867503,2.4899943,0.11886602,1.0567391,0.442892,1.0889283,2.2773736,2.1200078,0.08246207,0.9641142,2.4791098,0.0,3.2141209,0.0,0.061892755,0.0,3.293507,2.5694532,0.21925934,0.4232505,2.4994316,1.4402087,0.9079056,0.85571635,2.145531,0.6611513,1.7965579,0.0,1.1069567,3.221651,1.9562103,1.8001897,0.4655079,0.016438123,0.99031675,0.8740683,1.7958524,0.0,0.0,1.6958761,1.349466,0.0,3.3918216,0.064680316,2.689712,1.0969996,0.0,0.46562618,1.014601,2.1125731,1.4554694
C000415,0.0,2.778709,0.0,2.6674962,0.009956583,0.0,0.0,0.7690847,2.4785683,0.0,0.0,0.0,0.0,0.0,2.748811,0.0,0.061398484,0.0,0.0,2.3490798,1.5170183,0.0,0.44613147,2.1360025,0.0,2.23068,0.11424621,0.0,0.0,2.906094,2.6400054,0.04585792,0.0,2.3171353,1.1452316,0.0,0.0,2.0502086,0.36975056,0.7896086,0.0,0.45233807,3.0662138,2.1190414,2.1840317,0.0,0.0,0.044476155,0.46107268,0.98541856,0.0,0.0,1.7581761,0.8110086,0.0,3.2622964,0.0,1.3181534,0.5628509,0.0,0.0,0.034851708,1.9316891,0.081884004,0.0,1.9584448,3.0727699,1.4574525,4.6317954,0.0,0.0,7.064947,1.411765,0.7704292,0.0,0.0,4.5659184,4.9527717,1.51325,2.9184873,5.451207,3.547032,3.9578106,1.3778974,4.9266124,3.3252716,0.40945852,2.4019978,0.0,5.587894,0.012694024,3.2123382,0.0,2.2127512,1.5452662,0.19037049,3.6467373,1.3040144,2.7400534,4.5988092,4.4431243,2.2827225,0.2067967,6.039062,0.53635037,3.7507472,1.9640906,1.0162928,1.0970457,3.0806441,0.9026025,5.004415,0.63886654,5.9805493,0.0,0.0,0.9498361,1.6004592,0.0,1.8298068,2.9211195,6.293204,4.0757365,0.007068334,5.3646026,3.642364,2.2811084,6.309416
C000416,0.0,4.748954,0.0,4.1849966,0.0,0.0,0.0,1.322895,4.077856,0.0,0.0,0.0,0.0,0.0,4.553611,0.0,0.13127246,0.0,0.0,3.8062406,2.4160001,0.0,0.60812235,3.4525928,0.0,3.7182646,0.1438452,0.0,0.0,4.801029,4.2620254,0.37172046,0.0,4.080956,2.2314837,0.0,0.0,3.32861,0.4756386,1.5236974,0.0,1.1368798,4.7953997,3.3099542,3.8292518,0.0,0.0,0.3423121,0.99895215,1.570714,0.0,0.0,2.8951707,1.3407818,0.0,5.1645555,0.0,2.4144711,1.2940309,0.0,0.0,0.0,3.4134014,0.28599963,0.0,4.748954,0.0,4.1849966,0.0,0.0,0.0,1.322895,4.077856,0.0,0.0,0.0,0.0,0.0,4.553611,0.0,0.13127246,0.0,0.0,3.8062406,2.4160001,0.0,0.60812235,3.4525928,0.0,3.7182646,0.1438452,0.0,0.0,4.801029,4.2620254,0.37172046,0.0,4.080956,2.2314837,0.0,0.0,3.32861,0.4756386,1.5236974,0.0,1.1368798,4.7953997,3.3099542,3.8292518,0.0,0.0,0.3423121,0.99895215,1.570714,0.0,0.0,2.8951707,1.3407818,0.0,5.1645555,0.0,2.4144711,1.2940309,0.0,0.0,0.0,3.4134014,0.28599963
C000417,0.0,3.1966236,0.0,2.9461327,0.0,0.0,0.0,0.7680988,2.8377376,0.0,0.0,0.0,0.0,0.0,3.125824,0.0,0.04248553,0.0,0.0,2.6657548,1.6554289,0.0,0.46686098,2.4020011,0.0,2.5927138,0.11671027,0.0,0.0,3.3077917,2.939454,0.22354308,0.0,2.8040962,1.4644858,0.0,0.0,2.3015308,0.37867692,0.9128331,0.0,0.6637973,3.39245,2.3818564,2.5480082,0.0,0.0,0.12876235,0.59860337,1.0555959,0.0,0.0,2.0012634,0.94427496,0.0,3.6339633,0.0,1.5125765,0.7566109,0.0,0.0,0.0,2.3183935,0.087057516,0.0,4.142451,0.047801957,3.9076426,0.57317156,0.0,0.0,0.8000725,3.3824768,0.0,0.0,0.0,0.0,0.0,4.0856667,0.0,0.021242766,0.0,0.28147513,3.3865874,1.9723996,0.0,1.2184918,3.2788258,0.0,3.5341434,0.058355134,0.0,0.0,4.4591236,4.187213,0.7337035,0.0,4.2408595,1.6793938,0.10831332,0.0,3.1397774,0.9674455,1.1543571,0.0,0.99253106,4.6588526,3.2532508,3.3225813,0.0,0.0,0.32058257,1.4197991,0.7480088,0.0,0.0,2.525217,1.6636994,0.0,4.9826694,0.0,2.5198185,0.9392606,0.0,0.0,0.25352558,3.2438436,0.35281852
C000418,0.0,4.594108,0.0,4.080994,0.0,0.0,0.0,1.2668654,3.9495687,0.0,0.0,0.0,0.0,0.0,4.416078,0.0,0.10367714,0.0,0.0,3.6952255,2.3321958,0.0,0.6202911,3.3414314,0.0,3.5752459,0.14837685,0.0,0.0,4.6469107,4.158209,0.3187505,0.0,3.9342623,2.0998545,0.0,0.0,3.2318428,0.49575514,1.4438144,0.0,1.0429646,4.7003064,3.2406063,3.7008202,0.0,0.0,0.28095362,0.93960404,1.5060972,0.0,0.0,2.7974977,1.2929994,0.0,5.0424576,0.0,2.2975178,1.2043599,0.0,0.0,0.0,3.2731085,0.23457666,0.0,4.594108,0.0,4.080994,0.0,0.0,0.0,1.2668654,3.9495687,0.0,0.0,0.0,0.0,0.0,4.416078,0.0,0.10367714,0.0,0.0,3.6952255,2.3321958,0.0,0.6202911,3.3414314,0.0,3.5752459,0.14837685,0.0,0.0,4.6469107,4.158209,0.3187505,0.0,3.9342623,2.0998545,0.0,0.0,3.2318428,0.49575514,1.4438144,0.0,1.0429646,4.7003064,3.2406063,3.7008202,0.0,0.0,0.28095362,0.93960404,1.5060972,0.0,0.0,2.7974977,1.2929994,0.0,5.0424576,0.0,2.2975178,1.2043599,0.0,0.0,0.0,3.2731085,0.23457666
C000419,0.0,4.8922606,0.0,4.5757594,0.68050754,0.0,0.0,0.72573507,3.9740152,0.0,0.0,0.0,0.0,0.0,4.663598,0.0,0.0,0.0,0.12867096,4.0476027,1.7968218,0.0,1.9203644,3.8828988,0.0,4.209878,0.0,0.0,0.0,5.35419,5.3784714,1.3550019,0.0,5.4094973,1.7076836,0.0,0.0,3.6582508,1.1927438,1.1917509,0.0,1.2182934,5.747843,4.0867143,3.9410546,0.0,0.0,0.18176651,2.1803994,0.18429178,0.0,0.0,3.1411583,1.9036105,0.0,5.819388,0.0,3.1613853,1.0323106,0.0,0.0,0.6185204,4.2132263,0.19168955,0.0,3.6384056,0.124622524,3.288189,0.7317233,0.0,0.0,0.9503214,2.9453182,0.0,0.0,0.0,0.090659775,0.16916864,3.538758,0.0,0.35976818,0.034261983,0.346378,3.008955,1.8574996,0.0,1.1019865,2.973706,0.0,3.3544827,0.0,0.0,0.0,3.9445488,3.6831033,0.87143475,0.014744098,3.7516873,1.5254002,0.24258919,0.027521497,2.829629,0.9051544,1.3906188,0.0,1.1309277,4.09178,2.9134674,2.8659742,0.0,0.039664987,0.5761082,1.4958205,0.8206335,0.0,0.0,2.2718725,1.4744793,0.0,4.325632,0.0,2.6437752,1.0643138,0.0,0.06925408,0.5549324,3.0500553,0.769427
C000420,0.0,1.5522115,3.2307355,2.301917,4.816897,0.0,0.0,6.050781,1.0428239,0.0,0.0,0.0,5.0635185,5.524144,0.7393225,1.981476,5.529769,4.46045,4.9821143,1.616917,4.1034956,3.2752972,1.336768,3.1713607,0.0,5.5512247,0.0,3.4008498,0.0,2.6388993,1.8322529,0.0,3.1231759,1.9112236,2.3266544,4.878434,5.1542583,1.8820288,0.89950407,5.3592553,0.0,3.3152604,2.1534953,1.5224199,1.1305937,3.1170344,0.5159217,4.918306,0.020998001,5.964514,0.0,0.0,0.8456925,1.4837197,0.0,2.592671,2.6119232,5.8212953,2.9743438,0.0,5.702816,3.769928,1.367694,5.7820945,0.0,1.6651953,4.235849,1.2653562,6.2819924,0.0,0.0,8.419271,0.8634446,0.5746339,0.0,0.0,6.29135,6.769121,0.8879825,3.5944831,7.0433965,5.156451,5.7790556,1.0677196,5.750244,4.226464,0.7355985,2.7120886,0.0,6.3451796,0.0,4.4577975,0.0,1.8667487,1.2600555,0.010561549,4.436943,1.3086574,2.766896,6.1424794,6.5093584,2.1887138,0.33347702,7.3000317,0.43261185,4.5024104,1.4868557,0.8676842,0.79754305,4.3943357,0.9610035,6.4710274,0.23235093,7.5231915,0.0,0.0,0.5402179,1.9120644,0.0,1.801759,3.8763785,7.5217505,4.6219206,0.0017082446,7.362308,4.8783965,1.7689352,8.035235
C000421,0.0,4.594108,0.0,4.080994,0.0,0.0,0.0,1.2668654,3.9495687,0.0,0.0,0.0,0.0,0.0,4.416078,0.0,0.10367714,0.0,0.0,3.6952255,2.3321958,0.0,0.6202911,3.3414314,0.0,3.5752459,0.14837685,0.0,0.0,4.6469107,4.158209,0.3187505,0.0,3.9342623,2.0998545,0.0,0.0,3.2318428,0.49575514,1.4438144,0.0,1.0429646,4.7003064,3.2406063,3.7008202,0.0,0.0,0.28095362,0.93960404,1.5060972,0.0,0.0,2.7974977,1.2929994,0.0,5.0424576,0.0,2.2975178,1.2043599,0.0,0.0,0.0,3.2731085,0.23457666,0.0,4.594108,0.0,4.080994,0.0,0.0,0.0,1.2668654,3.9495687,0.0,0.0,0.0,0.0,0.0,4.416078,0.0,0.10367714,0.0,0.0,3.6952255,2.3321958,0.0,0.6202911,3.3414314,0.0,3.5752459,0.14837685,0.0,0.0,4.6469107,4.158209,0.3187505,0.0,3.9342623,2.0998545,0.0,0.0,3.2318428,0.49575514,1.4438144,0.0,1.0429646,4.7003064,3.2406063,3.7008202,0.0,0.0,0.28095362,0.93960404,1.5060972,0.0,0.0,2.7974977,1.2929994,0.0,5.0424576,0.0,2.2975178,1.2043599,0.0,0.0,0.0,3.2731085,0.23457666
C000422,0.0,4.2902927,0.0,3.8823357,0.0,0.0,0.0,1.145171,3.7044387,0.0,0.0,0.0,0.0,0.0,4.1480355,0.0,0.034182936,0.0,0.0,3.4782727,2.1696503,0.0,0.6561631,3.1334074,0.0,3.288463,0.15946442,0.0,0.0,4.353773,3.9609628,0.20830801,0.0,3.6472192,1.8406935,0.0,0.0,3.0456429,0.554196,1.2810378,0.0,0.8527434,4.525694,3.1058564,3.448229,0.0,0.0,0.15776369,0.814541,1.3768015,0.0,0.0,2.615044,1.2019055,0.0,4.821518,0.0,2.0583134,1.0249199,0.0,0.0,0.0,2.9982934,0.12739614,0.0,4.2902927,0.0,3.8823357,0.0,0.0,0.0,1.145171,3.7044387,0.0,0.0,0.0,0.0,0.0,4.1480355,0.0,0.034182936,0.0,0.0,3.4782727,2.1696503,0.0,0.6561631,3.1334074,0.0,3.288463,0.15946442,0.0,0.0,4.353773,3.9609628,0.20830801,0.0,3.6472192,1.8406935,0.0,0.0,3.0456429,0.554196,1.2810378,0.0,0.8527434,4.525694,3.1058564,3.448229,0.0,0.0,0.15776369,0.814541,1.3768015,0.0,0.0,2.615044,1.2019055,0.0,4.821518,0.0,2.0583134,1.0249199,0.0,0.0,0.0,2.9982934,0.12739614
C000423,0.0,5.1719646,0.0,4.483232,0.0,0.0,0.0,1.494397,4.431928,0.0,0.0,0.0,0.0,0.0,4.944562,0.0,0.21410017,0.0,0.0,4.1032906,2.6543455,0.0,0.56954753,3.7479706,0.0,4.117673,0.13112259,0.0,0.0,5.2333393,4.5499883,0.5148298,0.0,4.4879475,2.5963287,0.0,0.0,3.6012723,0.42493197,1.7452637,0.0,1.402808,5.076772,3.504819,4.183442,0.0,0.0,0.5173289,1.1610245,1.7578404,0.0,0.0,3.1594954,1.464017,0.0,5.5209675,0.0,2.754617,1.5455703,0.0,0.0,0.0,3.8106258,0.4368088,0.0,5.1719646,0.0,4.483232,0.0,0.0,0.0,1.494397,4.431928,0.0,0.0,0.0,0.0,0.0,4.944562,0.0,0.21410017,0.0,0.0,4.1032906,2.6543455,0.0,0.56954753,3.7479706,0.0,4.117673,0.13112259,0.0,0.0,5.2333393,4.5499883,0.5148298,0.0,4.4879475,2.5963287,0.0,0.0,3.6012723,0.42493197,1.7452637,0.0,1.402808,5.076772,3.504819,4.183442,0.0,0.0,0.5173289,1.1610245,1.7578404,0.0,0.0,3.1594954,1.464017,0.0,5.5209675,0.0,2.754617,1.5455703,0.0,0.0,0.0,3.8106258,0.4368088
C000424,0.0,3.3552957,0.0,3.0562525,0.0,0.0,0.0,0.8213373,2.9718962,0.0,0.0,0.0,0.0,0.0,3.266642,0.0,0.058284096,0.0,0.0,2.7822852,1.7357788,0.0,0.46277002,2.5255308,0.0,2.7422996,0.113146804,0.0,0.0,3.4680624,3.0567138,0.27373353,0.0,2.9560895,1.5951749,0.0,0.0,2.4106975,0.35872942,1.005662,0.0,0.75213724,3.4907236,2.459249,2.6822627,0.0,0.0,0.19260778,0.6571346,1.1161642,0.0,0.0,2.0990176,0.99462175,0.0,3.7617028,0.0,1.629823,0.84298027,0.0,0.0,0.0,2.4539635,0.14575733,0.0,4.0355644,0.17787015,3.8708923,0.69417834,0.0,0.0,1.0188886,3.299844,0.0,0.0,0.0,0.0,0.0,4.0398703,0.0,0.029142048,0.0,0.39430812,3.2700582,2.080885,0.0,1.1018466,3.3048663,0.0,3.5921226,0.056573402,0.0,0.0,4.3564568,4.077666,0.7459197,0.0,4.166475,1.7426124,0.19124316,0.0,3.2034097,0.8818158,1.3151093,0.0,1.0745757,4.5232353,3.1652656,3.2927694,0.0,0.0,0.5711441,1.4727342,0.8867134,0.0,0.0,2.5177848,1.6680866,0.0,4.833446,0.0,2.7272959,1.0610021,0.0,0.0,0.33837116,3.233519,0.57507837
C000425,0.0,5.1719646,0.0,4.483232,0.0,0.0,0.0,1.494397,4.431928,0.0,0.0,0.0,0.0,0.0,4.944562,0.0,0.21410017,0.0,0.0,4.1032906,2.6543455,0.0,0.56954753,3.7479706,0.0,4.117673,0.13112259,0.0,0.0,5.2333393,4.5499883,0.5148298,0.0,4.4879475,2.5963287,0.0,0.0,3.6012723,0.42493197,1.7452637,0.0,1.402808,5.076772,3.504819,4.183442,0.0,0.0,0.5173289,1.1610245,1.7578404,0.0,0.0,3.1594954,1.464017,0.0,5.5209675,0.0,2.754617,1.5455703,0.0,0.0,0.0,3.8106258,0.4368088,0.0,5.1719646,0.0,4.483232,0.0,0.0,0.0,1.494397,4.431928,0.0,0.0,0.0,0.0,0.0,4.944562,0.0,0.21410017,0.0,0.0,4.1032906,2.6543455,0.0,0.56954753,3.7479706,0.0,4.117673,0.13112259,0.0,0.0,5.2333393,4.5499883,0.5148298,0.0,4.4879475,2.5963287,0.0,0.0,3.6012723,0.42493197,1.7452637,0.0,1.402808,5.076772,3.504819,4.183442,0.0,0.0,0.5173289,1.1610245,1.7578404,0.0,0.0,3.1594954,1.464017,0.0,5.5209675,0.0,2.754617,1.5455703,0.0,0.0,0.0,3.8106258,0.4368088
C000426,0.0,2.8670886,0.0,2.7150946,0.0,0.0,0.0,0.71292335,2.5469499,0.0,0.0,0.0,0.0,0.0,2.8259754,0.0,0.03307464,0.0,0.0,2.4127235,1.5169818,0.0,0.4594247,2.165842,0.0,2.289631,0.11467796,0.0,0.0,2.9798079,2.6923187,0.10750487,0.0,2.4602919,1.2079463,0.0,0.0,2.0821853,0.3948663,0.77224153,0.0,0.4872149,3.1438286,2.191794,2.2633638,0.0,0.0,0.03898729,0.48141378,0.9643456,0.0,0.0,1.7956091,0.8412696,0.0,3.3420756,0.0,1.3122762,0.599196,0.0,0.0,0.0137588605,2.021825,0.030535629,0.0,3.2902002,0.40860692,3.0930674,1.1555852,0.0,0.0,1.347097,2.6028163,0.0,0.0,0.0,0.1369161,0.32857344,3.1442316,0.0,0.50484425,0.09085145,0.8102458,2.637762,1.9120668,0.0,1.0630424,2.849582,0.0,3.385638,0.038225986,0.0,0.0,3.6538525,3.3594935,0.5806906,0.21384692,3.1982863,1.4440757,0.51974726,0.29641348,2.5351157,0.6436903,1.5402404,0.0,1.0971111,3.929876,2.4956717,2.3656862,0.09938993,0.0,0.77445865,1.3950058,1.0639496,0.0,0.0,2.0469677,1.4353987,0.0,3.854063,0.0,2.6873362,1.1068761,0.0,0.15526307,0.82484967,2.856725,0.96873826
C000427,0.0,4.8295536,0.0,4.2426066,0.0,0.0,0.0,1.3509032,4.1465945,0.0,0.0,0.0,0.0,0.0,4.628681,0.0,0.14447023,0.0,0.0,3.8634048,2.4584599,0.0,0.6024993,3.510633,0.0,3.7917423,0.14153293,0.0,0.0,4.884644,4.3183684,0.39917353,0.0,4.1606746,2.300349,0.0,0.0,3.381959,0.46803138,1.5631235,0.0,1.1856955,4.849792,3.3485336,3.898463,0.0,0.0,0.37243396,1.0291177,1.6036185,0.0,0.0,2.9475756,1.3663222,0.0,5.2330713,0.0,2.4750426,1.3401322,0.0,0.0,0.0,3.4887705,0.3097754,0.0,4.8295536,0.0,4.2426066,0.0,0.0,0.0,1.3509032,4.1465945,0.0,0.0,0.0,0.0,0.0,4.628681,0.0,0.14447023,0.0,0.0,3.8634048,2.4584599,0.0,0.6024993,3.510633,0.0,3.7917423,0.14153293,0.0,0.0,4.884644,4.3183684,0.39917353,0.0,4.1606746,2.300349,0.0,0.0,3.381959,0.46803138,1.5631235,0.0,1.1856955,4.849792,3.3485336,3.898463,0.0,0.0,0.37243396,1.0291177,1.6036185,0.0,0.0,2.9475756,1.3663222,0.0,5.2330713,0.0,2.4750426,1.3401322,0.0,0.0,0.0,3.4887705,0.3097754
C000428,0.0,5.1719646,0.0,4.483232,0.0,0.0,0.0,1.494397,4.431928,0.0,0.0,0.0,0.0,0.0,4.944562,0.0,0.21410017,0.0,0.0,4.1032906,2.6543455,0.0,0.56954753,3.7479706,0.0,4.117673,0.13112259,0.0,0.0,5.2333393,4.5499883,0.5148298,0.0,4.4879475,2.5963287,0.0,0.0,3.6012723,0.42493197,1.7452637,0.0,1.402808,5.076772,3.504819,4.183442,0.0,0.0,0.5173289,1.1610245,1.7578404,0.0,0.0,3.1594954,1.464017,0.0,5.5209675,0.0,2.754617,1.5455703,0.0,0.0,0.0,3.8106258,0.4368088,0.0,5.1719646,0.0,4.483232,0.0,0.0,0.0,1.494397,4.431928,0.0,0.0,0.0,0.0,0.0,4.944562,0.0,0.21410017,0.0,0.0,4.1032906,2.6543455,0.0,0.56954753,3.7479706,0.0,4.117673,0.13112259,0.0,0.0,5.2333393,4.5499883,0.5148298,0.0,4.4879475,2.5963287,0.0,0.0,3.6012723,0.42493197,1.7452637,0.0,1.402808,5.076772,3.504819,4.183442,0.0,0.0,0.5173289,1.1610245,1.7578404,0.0,0.0,3.1594954,1.464017,0.0,5.5209675,0.0,2.754617,1.5455703,0.0,0.0,0.0,3.8106258,0.4368088
C000429,0.0,1.595376,2.359852,2.012185,3.672041,0.0,0.0,4.674616,0.9418787,0.0,0.0,0.0,3.2868981,3.7875538,0.78690386,1.1836587,3.9650688,3.0466154,3.4781551,1.3324978,3.3864233,2.1413894,1.06719,2.4967666,0.0,4.457697,0.0,2.360649,0.0,2.4141798,1.6640122,0.0,1.9895626,2.148918,1.9312183,3.6654735,3.4601827,1.6549045,0.49941283,4.2120457,0.0,2.7393537,1.972734,1.6348566,1.0708059,1.9679605,0.28842008,3.6774764,0.56116974,4.224671,0.0,0.0,1.006264,1.0503125,0.0,2.0982113,2.0744,4.9262776,2.2181091,0.0,3.7652855,2.7879488,1.5721536,4.5144606,0.0,1.5930479,3.2988048,1.2190543,5.0307193,0.0,0.0,7.037441,1.0266329,0.7472839,0.0,0.0,4.9192224,5.176007,1.0669847,2.9427907,5.621246,3.9935904,4.4336367,1.0761993,4.907649,3.4182582,0.52401716,2.2578466,0.0,5.4403133,0.0,3.545062,0.0,1.81342,1.2146302,0.04658059,3.6875317,1.263612,2.521286,4.992933,5.039529,1.9627602,0.1880915,6.1766787,0.42864263,3.7932448,1.5487733,0.8696632,0.9031668,3.299222,0.8152845,5.154383,0.48221067,6.0786133,0.0,0.0,0.7435106,1.5670439,0.0,1.6462073,3.3075278,6.3600717,3.9413786,0.01969343,5.668429,3.9713984,1.7226961,6.6477284
C000430,0.0,5.075774,0.0,4.76267,0.6619915,0.0,0.0,0.38809144,3.9813123,0.0,0.0,0.0,0.0,0.0,4.9849315,0.0,0.0,0.0,0.22188663,4.331532,2.170753,0.0,1.9369781,4.194303,0.0,4.4010515,0.0,0.0,0.0,5.514892,5.3385515,0.9853853,0.0,5.4642925,1.918131,0.0,0.0,3.8225436,1.6578948,1.0601182,0.0,1.0899804,6.0443177,4.2814894,4.194227,0.0,0.0,0.0,1.7860459,0.5732336,0.0,0.0,3.1625628,2.0750172,0.0,6.4808292,0.0,2.9408755,0.9701924,0.0,0.0,0.37069374,3.763846,0.08001751,0.0,3.5709429,0.0,3.3662322,0.44512838,0.0,0.0,0.6633015,2.950172,0.0,0.0,0.0,0.0,0.0,3.5240123,0.0,0.14518665,0.0,0.11094332,3.0230954,1.7811487,0.0,1.1062587,2.9218528,0.0,3.135149,0.0,0.0,0.0,3.9392858,3.5957403,0.49269265,0.0,3.5046427,1.4585553,0.024521094,0.0,2.7305856,0.91534704,0.978002,0.0,0.7866627,4.1683717,2.8604355,2.8589523,0.0,0.0,0.13786422,1.0555996,0.8068637,0.0,0.0,2.2646031,1.409467,0.0,4.4523907,0.0,2.1147985,0.7630515,0.0,0.0,0.25619516,2.6527429,0.24066475
C000431,0.0,1.8423347,0.0,1.8414142,0.116061844,0.0,0.0,0.45120883,1.7323579,0.0,0.0,0.0,0.0,0.0,1.8658068,0.0,0.070157506,0.0,0.0,1.6529217,1.0601821,0.0,0.30650175,1.4894925,0.0,1.5897429,0.07177537,0.0,0.0,2.0451717,1.755572,0.07327871,0.0,1.5879405,0.8263122,0.0,0.0,1.4200456,0.2220302,0.48311815,0.0,0.2936935,2.0982842,1.4939315,1.4072403,0.0,0.0,0.023558948,0.2771661,0.71342814,0.0,0.0,1.2129819,0.60732645,0.0,2.2412372,0.0,0.86242235,0.34249723,0.0,0.0,0.040408976,1.3760127,0.050498918,0.0,2.8002634,0.8147645,2.3703582,1.5656031,0.0,0.0,2.255961,2.2365835,0.0,0.0,0.0,0.79867154,0.9043331,2.615898,0.31904513,1.2951132,0.64064413,1.0988086,2.24496,2.392386,0.38559732,0.8090165,2.5899866,0.0,3.4419575,0.011962562,0.24451484,0.0,3.2318163,2.5498395,0.49700484,0.6228662,2.5666337,1.7209778,1.2366124,0.98202103,2.441646,0.5686262,2.333485,0.0,1.6313127,3.0323122,1.9595534,2.0018036,0.49310097,0.1110061,1.6238328,1.1779577,1.9310411,0.0,0.0,1.665852,1.423144,0.0,3.1560879,0.19217594,3.3765314,1.6750274,0.0,0.81075716,1.0513688,2.5200531,2.0920765
C000432,0.0,3.9071858,0.0,3.7406962,0.4591682,0.0,0.0,0.38277364,3.3000286,0.0,0.0,0.0,0.0,0.0,3.8923292,0.0,0.0,0.0,0.22990227,3.4050446,1.7778044,0.0,1.6051029,3.4442756,0.0,3.4274263,0.0,0.0,0.0,4.470398,4.079964,0.5061888,0.0,4.1002116,1.5098244,0.0,0.0,3.0149481,1.3331574,1.0204793,0.0,0.7473165,4.763539,3.294326,3.2520967,0.0,0.0,0.022263002,1.189918,0.7066059,0.0,0.0,2.4891677,1.6311284,0.0,5.184806,0.0,2.2806234,0.6735905,0.0,0.0,0.3331438,2.8300438,0.042089343,0.0,2.5816333,0.3659725,2.2442641,1.1186736,0.0,0.0,1.4470816,2.1320214,0.0,0.0,0.0,0.51934797,0.57975703,2.455021,0.14081818,0.8628465,0.34364387,0.83711475,2.1655276,1.8963428,0.065752484,0.8509466,2.3978658,0.0,2.9362407,0.0,0.0,0.0,3.126018,2.422898,0.2933072,0.28462297,2.375308,1.3595356,0.7694405,0.65044165,2.1321495,0.55631137,1.6363481,0.0,1.064146,3.0126595,1.8638005,1.7418737,0.3307769,0.038651437,0.92696756,0.913733,1.423472,0.0,0.0,1.5764543,1.3311661,0.0,3.1926122,0.0,2.5251071,1.0789155,0.0,0.3540685,0.8160781,2.102025,1.2694106
C000433,0.0,3.0795417,0.0,2.843606,0.0,0.0,0.0,0.79922795,2.6620913,0.0,0.0,0.0,0.0,0.0,2.9969568,0.0,0.060605284,0.0,0.0,2.5069346,1.5950809,0.0,0.44004834,2.355993,0.0,2.4545093,0.08694247,0.0,0.0,3.1579776,2.8045878,0.19409496,0.0,2.7009788,1.4129598,0.0,0.0,2.2405982,0.33725423,0.9221715,0.0,0.6188982,3.1985896,2.2647796,2.4245703,0.0,0.0,0.18712318,0.55935323,1.0298257,0.0,0.0,1.9576058,0.8725062,0.0,3.4239104,0.0,1.4995284,0.7430867,0.0,0.0,0.0,2.170062,0.160865,0.0,1.8928759,1.6883322,1.3366505,2.5681593,0.0,0.0,4.271366,1.4326634,0.37219834,0.0,0.0,2.431027,2.7044508,1.5308414,1.3148998,3.2135348,1.770557,2.2389102,1.3273482,3.2085943,1.6762807,0.21357688,1.9186388,0.0,3.710707,0.0048301374,1.4683418,0.0,2.0863202,1.3241786,0.061839085,2.0042682,1.1996244,2.0529668,2.6972644,2.4529874,1.8826765,0.11738989,3.814184,0.22915414,2.2925124,1.7664922,0.8927537,1.0452389,1.6479594,0.47954088,3.0055704,0.5321954,3.6112382,0.0,0.0,0.9531321,1.2506881,0.0,1.8015336,1.2385436,4.1161957,2.6422026,0.028748777,2.7152457,1.9867058,1.7542737,3.8648207
C000434,0.0,4.517453,0.0,4.030518,0.0,0.0,0.0,1.2357278,3.8872411,0.0,0.0,0.0,0.0,0.0,4.348421,0.0,0.087601274,0.0,0.0,3.6410933,2.288518,0.0,0.6286283,3.286436,0.0,3.5031018,0.15119177,0.0,0.0,4.5712194,4.10885,0.2926127,0.0,3.8636827,2.033347,0.0,0.0,3.18525,0.50784117,1.4016508,0.0,0.99505746,4.6559,3.2087321,3.6379929,0.0,0.0,0.24875264,0.90989894,1.471957,0.0,0.0,2.7493343,1.2697273,0.0,4.9852586,0.0,2.2367656,1.1581706,0.0,0.0,0.0,3.2038324,0.20541912,0.0,4.517453,0.0,4.030518,0.0,0.0,0.0,1.2357278,3.8872411,0.0,0.0,0.0,0.0,0.0,4.348421,0.0,0.087601274,0.0,0.0,3.6410933,2.288518,0.0,0.6286283,3.286436,0.0,3.5031018,0.15119177,0.0,0.0,4.5712194,4.10885,0.2926127,0.0,3.8636827,2.033347,0.0,0.0,3.18525,0.50784117,1.4016508,0.0,0.99505746,4.6559,3.2087321,3.6379929,0.0,0.0,0.24875264,0.90989894,1.471957,0.0,0.0,2.7493343,1.2697273,0.0,4.9852586,0.0,2.2367656,1.1581706,0.0,0.0,0.0,3.2038324,0.20541912
C000435,0.0,3.3438995,0.51759094,3.454548,1.0436301,0.0,0.0,1.3588072,2.965208,0.0,0.0,0.0,0.55072737,0.6001954,3.2877736,0.0,1.0907935,0.59169656,1.1483791,2.8340364,2.3330722,0.0,1.3690715,3.3265867,0.0,3.7023659,0.0,0.0,0.0,4.191627,3.456461,0.08394564,0.0,3.6728337,1.7454361,0.6675403,0.5293174,2.5942078,1.1429822,1.7299939,0.0,1.0923537,3.8193989,2.82017,2.8092046,0.0,0.0,1.0905391,0.8984057,1.9642718,0.0,0.0,2.2426982,1.5787538,0.0,4.5248632,0.0,2.7978163,1.0088041,0.0,0.38978347,0.8658761,2.5507555,1.111043,0.0,2.3512557,1.046209,2.1212597,1.7325703,0.0,0.0,2.645254,1.950997,0.0019494457,0.0,0.0,1.4123205,1.6046414,2.1224568,0.26837137,2.0215688,1.0723243,1.5743283,1.8823533,2.508011,0.6650066,0.6864874,2.4175403,0.0,3.3934326,0.0,0.36786917,0.0,2.9662025,2.0579326,0.09241549,0.8397674,2.0886753,1.7524055,1.6045704,1.3877798,2.0773914,0.39196965,2.585381,0.0,1.5964833,2.525788,1.5342455,1.5750495,0.74000233,0.15405543,2.004374,0.721231,2.5559778,0.0,0.0,1.3691124,1.3447202,0.0,2.7779496,0.12670483,3.3512876,1.6777567,0.0,1.4078053,1.2714859,2.0252845,2.4066718
C000436,0.0,4.594108,0.0,4.080994,0.0,0.0,0.0,1.2668654,3.9495687,0.0,0.0,0.0,0.0,0.0,4.416078,0.0,0.10367714,0.0,0.0,3.6952255,2.3321958,0.0,0.6202911,3.3414314,0.0,3.5752459,0.14837685,0.0,0.0,4.6469107,4.158209,0.3187505,0.0,3.9342623,2.0998545,0.0,0.0,3.2318428,0.49575514,1.4438144,0.0,1.0429646,4.7003064,3.2406063,3.7008202,0.0,0.0,0.28095362,0.93960404,1.5060972,0.0,0.0,2.7974977,1.2929994,0.0,5.0424576,0.0,2.2975178,1.2043599,0.0,0.0,0.0,3.2731085,0.23457666,0.0,4.594108,0.0,4.080994,0.0,0.0,0.0,1.2668654,3.9495687,0.0,0.0,0.0,0.0,0.0,4.416078,0.0,0.10367714,0.0,0.0,3.6952255,2.3321958,0.0,0.6202911,3.3414314,0.0,3.5752459,0.14837685,0.0,0.0,4.6469107,4.158209,0.3187505,0.0,3.9342623,2.0998545,0.0,0.0,3.2318428,0.49575514,1.4438144,0.0,1.0429646,4.7003064,3.2406063,3.7008202,0.0,0.0,0.28095362,0.93960404,1.5060972,0.0,0.0,2.7974977,1.2929994,0.0,5.0424576,0.0,2.2975178,1.2043599,0.0,0.0,0.0,3.2731085,0.23457666
C000437,0.0,4.748954,0.0,4.1849966,0.0,0.0,0.0,1.322895,4.077856,0.0,0.0,0.0,0.0,0.0,4.553611,0.0,0.13127246,0.0,0.0,3.8062406,2.4160001,0.0,0.60812235,3.4525928,0.0,3.7182646,0.1438452,0.0,0.0,4.801029,4.2620254,0.37172046,0.0,4.080956,2.2314837,0.0,0.0,3.32861,0.4756386,1.5236974,0.0,1.1368798,4.7953997,3.3099542,3.8292518,0.0,0.0,0.3423121,0.99895215,1.570714,0.0,0.0,2.8951707,1.3407818,0.0,5.1645555,0.0,2.4144711,1.2940309,0.0,0.0,0.0,3.4134014,0.28599963,0.0,4.748954,0.0,4.1849966,0.0,0.0,0.0,1.322895,4.077856,0.0,0.0,0.0,0.0,0.0,4.553611,0.0,0.13127246,0.0,0.0,3.8062406,2.4160001,0.0,0.60812235,3.4525928,0.0,3.7182646,0.1438452,0.0,0.0,4.801029,4.2620254,0.37172046,0.0,4.080956,2.2314837,0.0,0.0,3.32861,0.4756386,1.5236974,0.0,1.1368798,4.7953997,3.3099542,3.8292518,0.0,0.0,0.3423121,0.99895215,1.570714,0.0,0.0,2.8951707,1.3407818,0.0,5.1645555,0.0,2.4144711,1.2940309,0.0,0.0,0.0,3.4134014,0.28599963
C000438,0.0,4.44118,0.0,3.9804492,0.0,0.0,0.0,1.2045172,3.8252444,0.0,0.0,0.0,0.0,0.0,4.2812924,0.0,0.069955856,0.0,0.0,3.5867972,2.2465672,0.0,0.6373542,3.23307,0.0,3.4304752,0.15394661,0.0,0.0,4.4966474,4.0596786,0.26560825,0.0,3.7922544,1.9674802,0.0,0.0,3.138443,0.52192837,1.3603028,0.0,0.946996,4.6119156,3.1757183,3.5749917,0.0,0.0,0.2174189,0.8788609,1.4384847,0.0,0.0,2.7027626,1.2464758,0.0,4.9292917,0.0,2.1761575,1.1129113,0.0,0.0,0.0,3.134778,0.17753105,0.0,4.44118,0.0,3.9804492,0.0,0.0,0.0,1.2045172,3.8252444,0.0,0.0,0.0,0.0,0.0,4.2812924,0.0,0.069955856,0.0,0.0,3.5867972,2.2465672,0.0,0.6373542,3.23307,0.0,3.4304752,0.15394661,0.0,0.0,4.4966474,4.0596786,0.26560825,0.0,3.7922544,1.9674802,0.0,0.0,3.138443,0.52192837,1.3603028,0.0,0.946996,4.6119156,3.1757183,3.5749917,0.0,0.0,0.2174189,0.8788609,1.4384847,0.0,0.0,2.7027626,1.2464758,0.0,4.9292917,0.0,2.1761575,1.1129113,0.0,0.0,0.0,3.134778,0.17753105
C000439,0.0,2.1332421,1.3553238,2.0109134,2.6476555,0.0,0.0,3.3432064,1.8777039,0.0,0.0,0.0,2.2951581,2.6378074,1.937088,0.7648577,2.609695,1.7405086,2.0799112,1.8730782,3.167862,0.91470534,0.8825033,2.3956468,0.0,4.1806655,0.0,0.86095756,0.0,2.7527614,2.1911461,0.0,1.1595585,2.1682606,1.5180148,1.9869994,2.2188709,1.7716784,0.64180434,3.0267036,0.0,1.9773887,2.4690995,1.7813536,1.5296688,1.1141832,0.14653307,2.443244,0.3425179,3.6539636,0.0,0.0,1.5198895,1.0871308,0.0,2.558365,0.8951132,3.6947315,1.7753197,0.0,2.493106,1.9292519,1.8366392,2.9732711,0.0,1.801248,1.4932038,1.3089938,2.6769447,0.0,0.0,3.5736914,1.3392315,0.15171452,0.0,0.0,2.2724361,2.360148,1.5157,1.1366822,2.6991045,1.8079835,2.147177,1.3808225,2.9600728,1.4065408,0.5738252,1.9889437,0.0,3.5709505,0.0,1.2150065,0.0,2.1449354,1.5048466,0.15047441,1.5817069,1.4623027,1.5983275,2.4475136,2.4228039,1.7738699,0.45549092,3.2958772,0.08540096,2.089889,1.8568444,1.147606,1.0808675,1.4629244,0.37014523,2.6039596,0.5808173,3.2309608,0.0,0.0,0.95030385,1.3034865,0.0,2.020835,1.1018146,3.8010514,2.1793938,0.0,2.3917766,1.9821047,1.724691,3.4233296
C000440,0.0,1.9934181,0.0,1.9674326,0.07152016,0.0,0.0,0.42283958,1.8613081,0.0,0.0,0.0,0.0,0.0,2.0145676,0.0,0.021952607,0.0,0.0,1.7607884,1.0923334,0.0,0.3578443,1.5921091,0.0,1.69659,0.079161875,0.0,0.0,2.1707726,1.8938477,0.09369122,0.0,1.7773962,0.8965947,0.0,0.0,1.5113386,0.27783915,0.49664527,0.0,0.31791687,2.2684157,1.6139336,1.5363525,0.0,0.0,0.007154461,0.29172787,0.7045983,0.0,0.0,1.3069586,0.65161234,0.0,2.3982122,0.0,0.89267445,0.37499383,0.0,0.0,0.034806468,1.4874564,0.004617576,0.0,2.2783337,0.26692727,2.0538623,0.9037226,0.0,0.0,1.2401514,1.9634691,0.0,0.0,0.0,0.3888031,0.44864509,2.244885,0.09866631,0.65413904,0.2428544,0.6457205,1.8989509,1.6231695,0.17637436,0.6748288,2.040502,0.0,2.4546206,0.0131936455,0.05253223,0.0,2.6656692,2.163568,0.27903613,0.25938547,2.0973282,1.1892751,0.6035463,0.4342117,1.9086537,0.52662414,1.3567286,0.0,0.86204654,2.6263478,1.671199,1.6747357,0.23116386,0.06030764,0.7352411,0.7265517,1.2076479,0.0,0.0,1.4070941,1.1929102,0.0,2.8475962,0.005661844,2.0406077,0.90235114,0.0,0.3584372,0.57764757,1.8684521,1.0065268
C000441,0.0,3.9849913,0.75309384,3.5148869,1.6921287,0.0,0.0,1.9984016,2.966242,0.0,0.0,0.0,0.21765015,0.0,3.6363673,0.0,0.8872389,0.082686216,1.2431757,3.0123057,2.7229323,0.0,1.3080096,3.8300247,0.0,4.282592,0.0,0.0,0.0,4.259505,3.838533,0.6207078,0.0,4.2052555,2.0164356,1.2866403,0.33686858,3.294353,0.7800509,2.600957,0.0,1.5206769,4.3367805,3.1802244,2.8361354,0.0,0.0,1.8371906,1.7398556,1.6334566,0.0,0.0,2.574778,1.8577243,0.0,4.3467436,0.0,3.9665108,1.7068394,0.0,0.0,1.2075498,3.2537491,2.2801023,0.0,3.2495883,0.5502402,3.048683,1.46458,0.0,0.0,1.9393274,2.6766708,0.0,0.0,0.0,0.32884493,0.32398853,3.1620846,0.0828229,0.9110268,0.53590393,1.0603245,2.7723095,2.3107274,0.10635725,1.126988,3.040529,0.0,3.783224,0.00034785146,0.041851755,0.0,3.8307679,3.3518648,0.5803278,0.17261517,3.33273,1.7116646,1.1151344,0.6610827,2.824914,0.8840673,2.102399,0.0,1.5214438,3.812236,2.7513907,2.4592412,0.23014386,0.038429517,1.3446589,1.3201517,1.7497085,0.0,0.0,2.1317217,1.5501138,0.0,3.9842272,0.0,3.3341906,1.462563,0.0,0.36067888,1.1592369,2.9649518,1.8171686
C000442,0.0,4.384286,0.0,4.139139,0.460886,0.0,0.0,0.66351444,3.7277389,0.0,0.0,0.0,0.0,0.0,4.3657503,0.0,0.0,0.0,0.22824234,3.774851,2.1140864,0.0,1.5945973,3.8095794,0.0,3.9386308,0.0,0.0,0.0,5.0490594,4.4415307,0.6328109,0.0,4.5757055,1.930268,0.0,0.0,3.3618982,1.2890877,1.3098418,0.0,1.0492102,5.144643,3.5376713,3.666816,0.0,0.0,0.21564287,1.393022,1.0108237,0.0,0.0,2.8501081,1.7748284,0.0,5.637237,0.0,2.7277808,0.96162176,0.0,0.0,0.30641094,3.2767198,0.25632703,0.0,2.9469805,0.062251393,2.7968342,0.64691097,0.0,0.0,0.91137666,2.5906992,0.0,0.0,0.0,0.08755735,0.06234127,2.9285946,0.0,0.31418884,0.0081163,0.37739137,2.5429223,1.7396449,0.0,1.0158223,2.6176293,0.0,2.8843508,0.0,0.0,0.0,3.5918248,2.8920214,0.3664712,0.024836091,2.8977022,1.4108769,0.26299986,0.09129891,2.3914385,0.7316949,1.2063063,0.0,0.82698894,3.511326,2.2734342,2.3188088,0.042176425,0.012454917,0.4332162,0.9313951,1.1001819,0.0,0.0,1.9247069,1.3391185,0.0,3.8225548,0.0,2.1993372,0.7939983,0.0,0.0,0.37663993,2.2867796,0.60184807
C000443,0.0,5.2659802,0.0,4.5480413,0.0,0.0,0.0,1.5478469,4.5064483,0.0,0.0,0.0,0.0,0.0,5.0286765,0.0,0.24344437,0.0,0.0,4.170088,2.7167761,0.0,0.55687636,3.811788,0.0,4.215868,0.12780133,0.0,0.0,5.329979,4.6106067,0.54409236,0.0,4.5735846,2.679678,0.0,0.0,3.6608446,0.40588516,1.8074943,0.0,1.4677275,5.1383047,3.5457587,4.256547,0.0,0.0,0.5676535,1.1990026,1.8102305,0.0,0.0,3.2121224,1.4881855,0.0,5.5953703,0.0,2.8431854,1.6064732,0.0,0.0,0.0,3.900533,0.4882537,0.0,5.2659802,0.0,4.5480413,0.0,0.0,0.0,1.5478469,4.5064483,0.0,0.0,0.0,0.0,0.0,5.0286765,0.0,0.24344437,0.0,0.0,4.170088,2.7167761,0.0,0.55687636,3.811788,0.0,4.215868,0.12780133,0.0,0.0,5.329979,4.6106067,0.54409236,0.0,4.5735846,2.679678,0.0,0.0,3.6608446,0.40588516,1.8074943,0.0,1.4677275,5.1383047,3.5457587,4.256547,0.0,0.0,0.5676535,1.1990026,1.8102305,0.0,0.0,3.2121224,1.4881855,0.0,5.5953703,0.0,2.8431854,1.6064732,0.0,0.0,0.0,3.900533,0.4882537
C000444,0.0,2.501,0.0,2.65726,0.63908845,0.0,0.0,0.066444844,2.2348828,0.0,0.0,0.0,0.0,0.0,2.5029743,0.0,0.0,0.153537,0.7091453,2.2278545,1.3101375,0.0,1.5185659,2.5430188,0.0,2.318356,0.0,0.0,0.0,2.9909453,2.9247148,0.05634918,0.0,2.8334646,0.7504952,0.19502825,0.025428534,1.919477,1.3686564,0.5779042,0.0,0.10471178,3.3038263,2.4442632,2.1325467,0.0,0.0,0.0,0.5449411,0.5158712,0.0,0.0,1.5319942,1.3335284,0.0,3.9876997,0.0,1.3321798,0.16421711,0.0,0.0,0.658533,1.5461545,0.0,0.0,1.5912448,2.4017887,1.0686419,3.6265712,0.0,0.0,5.8110785,1.2118129,0.6252117,0.0,0.0,3.6133518,4.0167484,1.2331208,2.3136744,4.4976974,2.6800234,3.1261728,1.0823406,4.030855,2.6636856,0.21465108,1.7866379,0.0,4.3598824,0.0,2.5087516,0.0,1.8189409,1.0776361,0.011472596,3.059057,0.86079544,2.3510704,3.7788393,3.5467975,1.8488952,0.16220938,4.971282,0.4536877,2.9330463,1.4730479,0.6673716,0.7605686,2.5270748,0.79532784,4.1402884,0.43221456,4.842647,0.0,0.0,0.7276534,1.3455268,0.0,1.5021417,2.1107204,5.092838,3.492912,0.07132105,4.192126,2.888513,1.7006043,5.2351465
C000445,0.0,4.9106903,0.0,4.300963,0.0,0.0,0.0,1.3791767,4.2158093,0.0,0.0,0.0,0.0,0.0,4.7044935,0.0,0.15785436,0.0,0.0,3.9206975,2.5011885,0.0,0.59680986,3.5690007,0.0,3.8655152,0.1392026,0.0,0.0,4.9690547,4.375079,0.42668068,0.0,4.241102,2.3696866,0.0,0.0,3.435846,0.46065027,1.6025869,0.0,1.2348424,4.904898,3.3874612,3.9682565,0.0,0.0,0.40254334,1.059376,1.6367652,0.0,0.0,3.000523,1.3919424,0.0,5.3023477,0.0,2.5360367,1.3864878,0.0,0.0,0.0,3.5647528,0.3335089,0.0,4.9106903,0.0,4.300963,0.0,0.0,0.0,1.3791767,4.2158093,0.0,0.0,0.0,0.0,0.0,4.7044935,0.0,0.15785436,0.0,0.0,3.9206975,2.5011885,0.0,0.59680986,3.5690007,0.0,3.8655152,0.1392026,0.0,0.0,4.9690547,4.375079,0.42668068,0.0,4.241102,2.3696866,0.0,0.0,3.435846,0.46065027,1.6025869,0.0,1.2348424,4.904898,3.3874612,3.9682565,0.0,0.0,0.40254334,1.059376,1.6367652,0.0,0.0,3.000523,1.3919424,0.0,5.3023477,0.0,2.5360367,1.3864878,0.0,0.0,0.0,3.5647528,0.3335089
C000446,0.0,4.748954,0.0,4.1849966,0.0,0.0,0.0,1.322895,4.077856,0.0,0.0,0.0,0.0,0.0,4.553611,0.0,0.13127246,0.0,0.0,3.8062406,2.4160001,0.0,0.60812235,3.4525928,0.0,3.7182646,0.1438452,0.0,0.0,4.801029,4.2620254,0.37172046,0.0,4.080956,2.2314837,0.0,0.0,3.32861,0.4756386,1.5236974,0.0,1.1368798,4.7953997,3.3099542,3.8292518,0.0,0.0,0.3423121,0.99895215,1.570714,0.0,0.0,2.8951707,1.3407818,0.0,5.1645555,0.0,2.4144711,1.2940309,0.0,0.0,0.0,3.4134014,0.28599963,0.0,4.748954,0.0,4.1849966,0.0,0.0,0.0,1.322895,4.077856,0.0,0.0,0.0,0.0,0.0,4.553611,0.0,0.13127246,0.0,0.0,3.8062406,2.4160001,0.0,0.60812235,3.4525928,0.0,3.7182646,0.1438452,0.0,0.0,4.801029,4.2620254,0.37172046,0.0,4.080956,2.2314837,0.0,0.0,3.32861,0.4756386,1.5236974,0.0,1.1368798,4.7953997,3.3099542,3.8292518,0.0,0.0,0.3423121,0.99895215,1.570714,0.0,0.0,2.8951707,1.3407818,0.0,5.1645555,0.0,2.4144711,1.2940309,0.0,0.0,0.0,3.4134014,0.28599963
C000447,0.0,1.5304747,3.9317498,1.6297219,7.4980087,0.0,0.0,7.264383,0.31084633,1.1720884,0.0,0.0,7.0660133,5.86249,1.214803,4.0698705,6.219769,6.529269,6.950495,1.1905816,5.969509,4.3678393,2.5846817,3.0683029,0.0,6.529823,0.0,5.4535675,0.0,1.4642956,1.9498467,0.0,4.034122,2.7018337,1.9866185,6.6544085,7.24695,1.7406518,2.3063025,6.418954,0.26503116,4.0253696,2.2874556,1.9887655,1.1864488,4.2559395,0.9613975,4.9998846,0.0,6.8928614,0.0,0.0,0.7560098,2.6010993,0.0,3.072106,6.1210127,6.4869294,2.9858413,0.0,7.0780478,6.1464076,0.8008088,7.2621226,0.0,1.4825994,5.3757353,1.297817,8.44617,0.0,0.0,11.874151,0.99751097,1.3187833,0.0,0.0,8.861583,9.110066,0.93895876,5.6395693,9.626723,7.3048716,7.5246477,1.1847228,7.9239182,6.4493465,0.6711295,2.839482,0.0,8.3143635,0.0,6.439795,0.0,1.7415104,1.2946162,0.0023253895,6.6158533,1.1077006,3.7123992,8.232071,8.666457,2.2146668,0.26257595,9.78272,0.75315475,6.1158886,1.5540602,0.87444407,0.99682266,5.8099523,1.4725614,8.3315325,0.15470548,10.476196,0.0,0.0,0.7044844,2.1686313,0.0,1.8335971,6.2952304,9.5085,5.9895844,0.028657883,10.243786,6.7216845,1.919138,10.58935
C000448,0.0,5.1719646,0.0,4.483232,0.0,0.0,0.0,1.494397,4.431928,0.0,0.0,0.0,0.0,0.0,4.944562,0.0,0.21410017,0.0,0.0,4.1032906,2.6543455,0.0,0.56954753,3.7479706,0.0,4.117673,0.13112259,0.0,0.0,5.2333393,4.5499883,0.5148298,0.0,4.4879475,2.5963287,0.0,0.0,3.6012723,0.42493197,1.7452637,0.0,1.402808,5.076772,3.504819,4.183442,0.0,0.0,0.5173289,1.1610245,1.7578404,0.0,0.0,3.1594954,1.464017,0.0,5.5209675,0.0,2.754617,1.5455703,0.0,0.0,0.0,3.8106258,0.4368088,0.0,5.1719646,0.0,4.483232,0.0,0.0,0.0,1.494397,4.431928,0.0,0.0,0.0,0.0,0.0,4.944562,0.0,0.21410017,0.0,0.0,4.1032906,2.6543455,0.0,0.56954753,3.7479706,0.0,4.117673,0.13112259,0.0,0.0,5.2333393,4.5499883,0.5148298,0.0,4.4879475,2.5963287,0.0,0.0,3.6012723,0.42493197,1.7452637,0.0,1.402808,5.076772,3.504819,4.183442,0.0,0.0,0.5173289,1.1610245,1.7578404,0.0,0.0,3.1594954,1.464017,0.0,5.5209675,0.0,2.754617,1.5455703,0.0,0.0,0.0,3.8106258,0.4368088
C000449,0.0,2.8543773,0.0,2.7096138,0.0,0.0,0.0,0.7210877,2.543301,0.0,0.0,0.0,0.0,0.0,2.815801,0.0,0.033957627,0.0,0.0,2.4082382,1.5210729,0.0,0.46009916,2.1602314,0.0,2.2812448,0.11631859,0.0,0.0,2.972434,2.6908588,0.09382339,0.0,2.4338193,1.1946025,0.0,0.0,2.0775971,0.39500782,0.7734073,0.0,0.479129,3.1395164,2.1831136,2.2545817,0.0,0.0,0.036260296,0.47708684,0.9704443,0.0,0.0,1.7898251,0.839436,0.0,3.341826,0.0,1.310383,0.5914494,0.0,0.0,0.021420218,2.0096366,0.036226265,0.0,3.7376215,0.0,3.64776,0.5119641,0.0,0.0,0.54077613,3.0646656,0.0,0.0,0.0,0.0,0.0,3.686201,0.0,0.016978813,0.0,0.24222048,3.1070776,1.7161708,0.0,1.3023983,2.998421,0.0,3.1745665,0.058159295,0.0,0.0,4.083485,3.9247923,0.55194116,0.0,3.8179982,1.3601248,0.0364843,0.0,2.8280897,1.0442351,0.8015738,0.0,0.7295999,4.504835,3.0695386,2.9772115,0.0,0.0,0.018130148,1.176906,0.5609501,0.0,0.0,2.3282394,1.4973966,0.0,4.716053,0.0,2.1195016,0.69487894,0.0,0.0,0.264903,2.8733444,0.046213668
C000450,0.0,3.4491103,0.0,3.3505735,0.43629074,0.0,0.0,0.09934312,2.88399,0.0,0.0,0.0,0.0,0.0,3.4290998,0.0,0.0,0.0,0.27547485,2.9567473,1.44315,0.0,1.5567615,3.0857296,0.0,2.8821406,0.0,0.0,0.0,3.7743092,3.735392,0.440005,0.0,3.640353,1.0683317,0.0,0.0,2.6457472,1.33203,0.7366374,0.0,0.39847583,4.2898507,3.0376673,2.835612,0.0,0.0,0.0,0.99561274,0.33465344,0.0,0.0,2.0936286,1.4942055,0.0,4.6662154,0.0,1.7961771,0.41588587,0.0,0.0,0.34557688,2.354122,0.0,0.0,2.3334064,0.48902452,2.005906,1.2375162,0.0,0.0,1.5235174,1.8565464,0.0,0.0,0.0,0.66062874,0.7432059,2.1381621,0.25234407,0.98017764,0.48854512,0.9676006,1.9000546,1.8438883,0.21395074,0.7822589,2.1915936,0.0,2.770905,0.0,0.17181627,0.0,2.7120647,2.1668313,0.19405071,0.42278165,2.078075,1.1909366,0.9087199,0.8437005,1.9391665,0.52681965,1.6578134,0.0,1.0368807,2.692378,1.6637179,1.5245457,0.49659008,0.062566854,1.0347311,0.7932452,1.4010723,0.0,0.0,1.3617845,1.2725556,0.0,2.836886,0.11356907,2.4115963,1.0794895,0.0,0.55234843,0.90424275,1.8435402,1.3965075
C000451,0.0,5.2659802,0.0,4.5480413,0.0,0.0,0.0,1.5478469,4.5064483,0.0,0.0,0.0,0.0,0.0,5.0286765,0.0,0.24344437,0.0,0.0,4.170088,2.7167761,0.0,0.55687636,3.811788,0.0,4.215868,0.12780133,0.0,0.0,5.329979,4.6106067,0.54409236,0.0,4.5735846,2.679678,0.0,0.0,3.6608446,0.40588516,1.8074943,0.0,1.4677275,5.1383047,3.5457587,4.256547,0.0,0.0,0.5676535,1.1990026,1.8102305,0.0,0.0,3.2121224,1.4881855,0.0,5.5953703,0.0,2.8431854,1.6064732,0.0,0.0,0.0,3.900533,0.4882537,0.0,5.2659802,0.0,4.5480413,0.0,0.0,0.0,1.5478469,4.5064483,0.0,0.0,0.0,0.0,0.0,5.0286765,0.0,0.24344437,0.0,0.0,4.170088,2.7167761,0.0,0.55687636,3.811788,0.0,4.215868,0.12780133,0.0,0.0,5.329979,4.6106067,0.54409236,0.0,4.5735846,2.679678,0.0,0.0,3.6608446,0.40588516,1.8074943,0.0,1.4677275,5.1383047,3.5457587,4.256547,0.0,0.0,0.5676535,1.1990026,1.8102305,0.0,0.0,3.2121224,1.4881855,0.0,5.5953703,0.0,2.8431854,1.6064732,0.0,0.0,0.0,3.900533,0.4882537
C000452,0.0,4.517453,0.0,4.030518,0.0,0.0,0.0,1.2357278,3.8872411,0.0,0.0,0.0,0.0,0.0,4.348421,0.0,0.087601274,0.0,0.0,3.6410933,2.288518,0.0,0.6286283,3.286436,0.0,3.5031018,0.15119177,0.0,0.0,4.5712194,4.10885,0.2926127,0.0,3.8636827,2.033347,0.0,0.0,3.18525,0.50784117,1.4016508,0.0,0.99505746,4.6559,3.2087321,3.6379929,0.0,0.0,0.24875264,0.90989894,1.471957,0.0,0.0,2.7493343,1.2697273,0.0,4.9852586,0.0,2.2367656,1.1581706,0.0,0.0,0.0,3.2038324,0.20541912,0.0,4.517453,0.0,4.030518,0.0,0.0,0.0,1.2357278,3.8872411,0.0,0.0,0.0,0.0,0.0,4.348421,0.0,0.087601274,0.0,0.0,3.6410933,2.288518,0.0,0.6286283,3.286436,0.0,3.5031018,0.15119177,0.0,0.0,4.5712194,4.10885,0.2926127,0.0,3.8636827,2.033347,0.0,0.0,3.18525,0.50784117,1.4016508,0.0,0.99505746,4.6559,3.2087321,3.6379929,0.0,0.0,0.24875264,0.90989894,1.471957,0.0,0.0,2.7493343,1.2697273,0.0,4.9852586,0.0,2.2367656,1.1581706,0.0,0.0,0.0,3.2038324,0.20541912
C000453,0.0,4.318644,0.00053531677,3.9692044,0.36434728,0.0,0.0,0.58683956,3.5784688,0.0,0.0,0.0,0.0,0.0,4.1929274,0.0,0.0,0.0,0.21338142,3.5422623,1.9521576,0.0,1.4569924,3.681319,0.0,3.6921034,0.0,0.0,0.0,4.656937,4.294366,0.71635604,0.0,4.434475,1.8164343,0.0,0.0,3.2322104,1.1653758,1.2775223,0.0,0.94118345,4.7526736,3.369002,3.5276928,0.0,0.0,0.30637348,1.3745006,0.77753544,0.0,0.0,2.6105413,1.7748556,0.0,5.3172636,0.0,2.5421271,0.94701695,0.0,0.0,0.20702544,3.0741796,0.30089733,0.0,2.7054427,0.50328577,2.2954822,1.1871855,0.0,0.0,1.6740321,2.144752,0.0,0.0,0.0,0.60109264,0.7143414,2.475235,0.19483349,0.99191743,0.45100018,0.9077078,2.1646087,2.0458336,0.15602084,0.7570261,2.4436607,0.0,3.1186783,0.0,0.07455301,0.0,3.093419,2.434122,0.31467575,0.36670664,2.4290445,1.4770879,0.8805894,0.77826554,2.2010095,0.48900232,1.8436891,0.0,1.2439687,2.9275575,1.8453906,1.8393513,0.43867266,0.055722006,1.1478136,0.9502692,1.5540777,0.0,0.0,1.5772344,1.3599606,0.0,3.1319952,0.016777456,2.7019243,1.2756193,0.0,0.50908935,0.82624346,2.1650462,1.4888436
C000454,0.0,1.7865824,0.0,1.7893267,0.16440177,0.0,0.0,0.5029146,1.6801777,0.0,0.0,0.0,0.0,0.0,1.7959273,0.0,0.10299119,0.0,0.0,1.610992,1.0684619,0.0,0.2892706,1.4472091,0.0,1.5468869,0.069065444,0.0,0.0,2.00332,1.7031175,0.03874622,0.0,1.4803771,0.7908013,0.0,0.0,1.3919396,0.18963169,0.50449824,0.0,0.27538958,2.0331926,1.4353544,1.3531913,0.0,0.0,0.04386871,0.27365366,0.74248475,0.0,0.0,1.1761515,0.5966595,0.0,2.189026,0.0,0.8719217,0.3357064,0.0,0.0,0.055598583,1.3180077,0.10278864,0.0,2.3265343,3.8033144,2.1061356,5.7162766,0.0,0.0,8.582175,1.8126043,0.6200278,0.0,0.0,5.931209,6.0962586,2.003947,3.5494328,6.6400204,4.795687,5.05184,1.7933844,6.1267533,3.8897383,0.5044585,3.2022092,0.0,6.9539638,0.005755454,3.7896922,0.0,2.6681755,2.0849273,0.0705165,4.2297707,1.8480439,3.227,5.701183,5.715709,2.6869953,0.23885365,7.3595624,0.45751253,4.510703,2.507168,1.4854279,1.624958,3.8908854,1.0023675,6.0318866,0.49277017,7.597203,0.0,0.0,1.2164286,2.082372,0.0,2.717925,3.4284859,7.6623707,4.6551414,0.0046443995,6.885613,4.600284,2.495694,7.754562
C000455,0.0,3.5205097,0.029515073,3.2783449,0.53238654,0.0,0.0,0.49266845,2.8652682,0.0,0.0,0.0,0.0,0.0,3.3948395,0.0,0.0,0.0,0.4221142,2.9602985,1.679172,0.0,1.331994,3.0592852,0.0,3.0743358,0.0,0.0,0.0,3.901262,3.5464132,0.49450612,0.0,3.7155728,1.4546616,0.18318683,0.0,2.5946715,1.1474204,1.0394634,0.0,0.7291564,3.962224,2.8156564,2.8376067,0.0,0.0,0.17806993,1.0627842,0.7006075,0.0,0.0,2.0812159,1.5988002,0.0,4.5733767,0.0,2.1180594,0.66826046,0.0,0.0,0.3294163,2.393406,0.25651705,0.0,2.2387724,0.36084944,1.9439529,1.0196508,0.0,0.0,1.5701368,1.8908134,0.0,0.0,0.0,0.5947837,0.63382524,2.099897,0.15541068,0.93882334,0.3617795,0.7674701,1.8563317,1.7932295,0.21276547,0.6512041,2.0190485,0.0,2.5956852,0.0,0.112850785,0.0,2.6517649,2.0376115,0.26026344,0.3709494,1.9768567,1.3276192,0.8017284,0.6519985,1.8598254,0.51274556,1.6000457,0.0,0.9933094,2.4980245,1.5559664,1.5834078,0.3313138,0.076250374,0.9332993,0.638554,1.5160607,0.0,0.0,1.335052,1.1870359,0.0,2.7359385,0.02380407,2.2175622,1.0575746,0.0,0.49232537,0.7128014,1.767822,1.2639217
C000456,0.0,4.2364407,0.0,3.851695,0.0,0.0,0.0,1.1276256,3.6617959,0.0,0.0,0.0,0.0,0.0,4.1016097,0.0,0.022582274,0.0,0.0,3.4386058,2.146176,0.0,0.6643386,3.1011117,0.0,3.2407303,0.16193718,0.0,0.0,4.3028345,3.928115,0.18104115,0.0,3.59376,1.7935318,0.0,0.0,3.0167894,0.5670839,1.2544296,0.0,0.81761307,4.4987144,3.0805655,3.401005,0.0,0.0,0.13691115,0.7912637,1.3570081,0.0,0.0,2.5869007,1.1849428,0.0,4.785444,0.0,2.0186238,0.9924681,0.0,0.0,0.0,2.9460726,0.111315206,0.0,4.2364407,0.0,3.851695,0.0,0.0,0.0,1.1276256,3.6617959,0.0,0.0,0.0,0.0,0.0,4.1016097,0.0,0.022582274,0.0,0.0,3.4386058,2.146176,0.0,0.6643386,3.1011117,0.0,3.2407303,0.16193718,0.0,0.0,4.3028345,3.928115,0.18104115,0.0,3.59376,1.7935318,0.0,0.0,3.0167894,0.5670839,1.2544296,0.0,0.81761307,4.4987144,3.0805655,3.401005,0.0,0.0,0.13691115,0.7912637,1.3570081,0.0,0.0,2.5869007,1.1849428,0.0,4.785444,0.0,2.0186238,0.9924681,0.0,0.0,0.0,2.9460726,0.111315206
C000457,0.0,4.8295536,0.0,4.2426066,0.0,0.0,0.0,1.3509032,4.1465945,0.0,0.0,0.0,0.0,0.0,4.628681,0.0,0.14447023,0.0,0.0,3.8634048,2.4584599,0.0,0.6024993,3.510633,0.0,3.7917423,0.14153293,0.0,0.0,4.884644,4.3183684,0.39917353,0.0,4.1606746,2.300349,0.0,0.0,3.381959,0.46803138,1.5631235,0.0,1.1856955,4.849792,3.3485336,3.898463,0.0,0.0,0.37243396,1.0291177,1.6036185,0.0,0.0,2.9475756,1.3663222,0.0,5.2330713,0.0,2.4750426,1.3401322,0.0,0.0,0.0,3.4887705,0.3097754,0.0,4.8295536,0.0,4.2426066,0.0,0.0,0.0,1.3509032,4.1465945,0.0,0.0,0.0,0.0,0.0,4.628681,0.0,0.14447023,0.0,0.0,3.8634048,2.4584599,0.0,0.6024993,3.510633,0.0,3.7917423,0.14153293,0.0,0.0,4.884644,4.3183684,0.39917353,0.0,4.1606746,2.300349,0.0,0.0,3.381959,0.46803138,1.5631235,0.0,1.1856955,4.849792,3.3485336,3.898463,0.0,0.0,0.37243396,1.0291177,1.6036185,0.0,0.0,2.9475756,1.3663222,0.0,5.2330713,0.0,2.4750426,1.3401322,0.0,0.0,0.0,3.4887705,0.3097754
C000458,0.0,0.0,11.087041,0.0,21.48455,0.0,0.0,19.55163,0.0,5.666187,0.0,0.0,23.065395,20.147694,0.0,14.477511,18.12284,20.300575,19.2096,0.0,13.837067,17.258764,5.7329655,2.7171586,0.0,12.396624,0.0,19.577854,0.0,0.0,0.0,0.0,14.68439,0.34136033,1.7825747,18.615456,23.200096,0.0,5.2198772,17.053402,2.1412818,9.891265,0.0,0.9848925,0.0,14.4687,4.377821,13.424245,0.0,19.10222,0.0,0.0,0.0,3.7428756,0.0,1.4093733,20.851898,13.410978,7.5723057,1.11565,24.423622,17.102013,0.0,19.51715,0.0,0.7471373,8.243768,0.6162696,13.834004,0.0,0.0,16.602526,0.53535324,2.8786309,0.0,0.0,14.678966,14.254261,0.39350644,9.409111,13.924418,12.368306,12.01902,0.56383634,10.937312,11.011195,1.8474021,2.644778,0.0,10.786019,0.0,11.604869,0.0,0.89157695,0.7155114,0.0,10.21548,0.7249212,3.8138905,12.547952,14.299758,1.4377155,1.0952126,13.451379,1.3382608,8.465476,0.8184492,0.6599051,0.53568286,9.401107,2.5890813,11.501042,0.15248734,15.162841,0.0,0.0,0.28971046,2.6360247,0.0,1.1404814,11.769225,12.30173,7.5229774,0.33380222,16.42882,10.688914,1.104657,15.147263
C000459,0.0,4.2364407,0.0,3.851695,0.0,0.0,0.0,1.1276256,3.6617959,0.0,0.0,0.0,0.0,0.0,4.1016097,0.0,0.022582274,0.0,0.0,3.4386058,2.146176,0.0,0.6643386,3.1011117,0.0,3.2407303,0.16193718,0.0,0.0,4.3028345,3.928115,0.18104115,0.0,3.59376,1.7935318,0.0,0.0,3.0167894,0.5670839,1.2544296,0.0,0.81761307,4.4987144,3.0805655,3.401005,0.0,0.0,0.13691115,0.7912637,1.3570081,0.0,0.0,2.5869007,1.1849428,0.0,4.785444,0.0,2.0186238,0.9924681,0.0,0.0,0.0,2.9460726,0.111315206,0.0,4.2364407,0.0,3.851695,0.0,0.0,0.0,1.1276256,3.6617959,0.0,0.0,0.0,0.0,0.0,4.1016097,0.0,0.022582274,0.0,0.0,3.4386058,2.146176,0.0,0.6643386,3.1011117,0.0,3.2407303,0.16193718,0.0,0.0,4.3028345,3.928115,0.18104115,0.0,3.59376,1.7935318,0.0,0.0,3.0167894,0.5670839,1.2544296,0.0,0.81761307,4.4987144,3.0805655,3.401005,0.0,0.0,0.13691115,0.7912637,1.3570081,0.0,0.0,2.5869007,1.1849428,0.0,4.785444,0.0,2.0186238,0.9924681,0.0,0.0,0.0,2.9460726,0.111315206
C000460,0.0,2.421053,0.0,2.5523744,0.56639284,0.0,0.0,0.0,1.9852417,0.0,0.0,0.0,0.0,0.0,2.4552555,0.0,0.0,0.0,0.4439546,2.105815,1.0166681,0.0,1.3057013,2.4014256,0.0,2.1908426,0.0,0.0,0.0,2.6573322,2.7773023,0.42351574,0.0,2.8186638,0.7201343,0.0,0.0,1.9501805,1.108258,0.47068894,0.0,0.18757318,3.074395,2.3123777,1.9994628,0.0,0.0,0.0,0.812377,0.0973514,0.0,0.0,1.5175414,1.1711282,0.0,3.4219325,0.0,1.3352425,0.2017148,0.0,0.0,0.383662,1.5404632,0.010695085,0.0,2.4123123,0.42926073,2.1522403,1.0427971,0.0,0.0,1.4360337,1.9492153,0.0,0.0,0.0,0.48757824,0.49338475,2.3265429,0.1710014,0.73336613,0.3399434,0.7514176,1.9872563,1.7286408,0.24478571,0.7645006,2.1379514,0.0,2.666299,0.0004977941,0.110755645,0.0,2.7949033,2.3083825,0.3934986,0.3158894,2.2683063,1.2888172,0.7353145,0.5449788,2.0412936,0.606991,1.5386832,0.0,1.040385,2.6603508,1.7182591,1.7224007,0.3014579,0.06636881,0.9540825,0.8305019,1.2621124,0.0,0.0,1.4510796,1.2644432,0.0,2.8594527,0.05608011,2.3004603,1.054643,0.0,0.45416912,0.7260194,2.021068,1.2011936
C000461,0.0,4.517453,0.0,4.030518,0.0,0.0,0.0,1.2357278,3.8872411,0.0,0.0,0.0,0.0,0.0,4.348421,0.0,0.087601274,0.0,0.0,3.6410933,2.288518,0.0,0.6286283,3.286436,0.0,3.5031018,0.15119177,0.0,0.0,4.5712194,4.10885,0.2926127,0.0,3.8636827,2.033347,0.0,0.0,3.18525,0.50784117,1.4016508,0.0,0.99505746,4.6559,3.2087321,3.6379929,0.0,0.0,0.24875264,0.90989894,1.471957,0.0,0.0,2.7493343,1.2697273,0.0,4.9852586,0.0,2.2367656,1.1581706,0.0,0.0,0.0,3.2038324,0.20541912,0.0,4.517453,0.0,4.030518,0.0,0.0,0.0,1.2357278,3.8872411,0.0,0.0,0.0,0.0,0.0,4.348421,0.0,0.087601274,0.0,0.0,3.6410933,2.288518,0.0,0.6286283,3.286436,0.0,3.5031018,0.15119177,0.0,0.0,4.5712194,4.10885,0.2926127,0.0,3.8636827,2.033347,0.0,0.0,3.18525,0.50784117,1.4016508,0.0,0.99505746,4.6559,3.2087321,3.6379929,0.0,0.0,0.24875264,0.90989894,1.471957,0.0,0.0,2.7493343,1.2697273,0.0,4.9852586,0.0,2.2367656,1.1581706,0.0,0.0,0.0,3.2038324,0.20541912
C000462,0.0,2.817082,0.0,2.6847014,0.0,0.0,0.0,0.73791057,2.507563,0.0,0.0,0.0,0.0,0.0,2.7813652,0.0,0.04579176,0.0,0.0,2.3762662,1.5127311,0.0,0.45166987,2.1459765,0.0,2.2539024,0.114433385,0.0,0.0,2.9379668,2.6607609,0.076240145,0.0,2.3838892,1.1734613,0.0,0.0,2.059814,0.38202387,0.7776278,0.0,0.4674682,3.0976815,2.150268,2.219206,0.0,0.0,0.040687863,0.46931887,0.97357714,0.0,0.0,1.7720917,0.82452846,0.0,3.295981,0.0,1.3103825,0.5792284,0.0,0.0,0.02337832,1.9722714,0.0559363,0.0,3.8074138,0.0,3.700654,0.5014812,0.0,0.0,0.59177005,3.1249502,0.0,0.0,0.0,0.0,0.0,3.750104,0.0,0.02289588,0.0,0.23786351,3.1740613,1.7659693,0.0,1.2955798,3.0623527,0.0,3.259737,0.057216693,0.0,0.0,4.186781,3.9719644,0.5700935,0.0,3.8842785,1.4375285,0.05204971,0.0,2.8831644,1.0232315,0.8562066,0.0,0.79185164,4.547848,3.0944796,3.029663,0.0,0.0,0.03546763,1.2060338,0.61707354,0.0,0.0,2.3773427,1.5284396,0.0,4.7750664,0.0,2.202453,0.740811,0.0,0.0,0.25230557,2.9439096,0.09066418
C000463,0.0,2.2501433,0.1570993,2.4879649,1.2016492,0.0,0.0,0.0053830743,1.7561686,0.0,0.0,0.0,0.0,0.0,2.4198961,0.0,0.0,0.16554996,0.89064825,2.1771212,1.0611056,0.0,1.7260748,2.3068557,0.0,2.476841,0.0,0.0,0.0,2.6864128,2.946707,0.88726944,0.0,3.2394226,0.48710385,0.37929207,0.013816357,1.9159651,1.4335043,0.47393304,0.0,0.29763108,3.1650476,2.6170564,1.9732666,0.0,0.0,0.016354337,1.25685,0.0,0.0,0.0,1.4892716,1.3829066,0.0,3.5608754,0.0,1.7019706,0.12114834,0.0,0.0,0.81680566,1.8492383,0.35903734,0.0,2.4792526,0.62314993,2.1961792,1.4420475,0.0,0.0,1.8443499,2.0252447,0.0,0.0,0.0,0.63631374,0.6255513,2.417243,0.24474941,1.0352763,0.57929045,1.0136193,2.1169388,2.05091,0.3320822,0.8438075,2.3204768,0.0,3.0829794,0.0,0.17811811,0.0,2.8305159,2.4262393,0.56786746,0.3497821,2.4705737,1.3801857,1.0379761,0.8638808,2.1304686,0.64081985,1.9923062,0.0,1.3313168,2.765487,1.9508799,1.9081329,0.38930902,0.06815464,1.2766122,1.004097,1.673493,0.0,0.0,1.5240616,1.3105836,0.0,3.0187209,0.13314968,2.7691162,1.2967014,0.0,0.58646125,1.0683241,2.2308981,1.7350694
C000464,0.0,4.6711755,0.0,4.1321087,0.0,0.0,0.0,1.2967612,4.0125737,0.0,0.0,0.0,0.0,0.0,4.4840894,0.0,0.11891499,0.0,0.0,3.7499034,2.3751965,0.0,0.61289674,3.396669,0.0,3.6470957,0.14580995,0.0,0.0,4.7230945,4.208521,0.34497592,0.0,4.005937,2.1660519,0.0,0.0,3.2791052,0.48450363,1.4850314,0.0,1.0904719,4.745928,3.2735968,3.7641635,0.0,0.0,0.31250042,0.96931064,1.5395072,0.0,0.0,2.8459854,1.3164245,0.0,5.1011653,0.0,2.357296,1.249969,0.0,0.0,0.0,3.3426545,0.26232406,0.0,4.6711755,0.0,4.1321087,0.0,0.0,0.0,1.2967612,4.0125737,0.0,0.0,0.0,0.0,0.0,4.4840894,0.0,0.11891499,0.0,0.0,3.7499034,2.3751965,0.0,0.61289674,3.396669,0.0,3.6470957,0.14580995,0.0,0.0,4.7230945,4.208521,0.34497592,0.0,4.005937,2.1660519,0.0,0.0,3.2791052,0.48450363,1.4850314,0.0,1.0904719,4.745928,3.2735968,3.7641635,0.0,0.0,0.31250042,0.96931064,1.5395072,0.0,0.0,2.8459854,1.3164245,0.0,5.1011653,0.0,2.357296,1.249969,0.0,0.0,0.0,3.3426545,0.26232406
C000465,0.0,4.991828,0.0,4.3593183,0.0,0.0,0.0,1.4074498,4.2850237,0.0,0.0,0.0,0.0,0.0,4.780303,0.0,0.1712386,0.0,0.0,3.9779902,2.543917,0.0,0.5911205,3.6273685,0.0,3.9392896,0.13687241,0.0,0.0,5.053466,4.431791,0.45418775,0.0,4.321529,2.4390233,0.0,0.0,3.4897325,0.45326936,1.6420499,0.0,1.2839893,4.960003,3.4263883,4.0380507,0.0,0.0,0.43265262,1.0896341,1.6699125,0.0,0.0,3.053471,1.4175625,0.0,5.3716235,0.0,2.597031,1.4328427,0.0,0.0,0.0,3.6407344,0.35724187,0.0,4.991828,0.0,4.3593183,0.0,0.0,0.0,1.4074498,4.2850237,0.0,0.0,0.0,0.0,0.0,4.780303,0.0,0.1712386,0.0,0.0,3.9779902,2.543917,0.0,0.5911205,3.6273685,0.0,3.9392896,0.13687241,0.0,0.0,5.053466,4.431791,0.45418775,0.0,4.321529,2.4390233,0.0,0.0,3.4897325,0.45326936,1.6420499,0.0,1.2839893,4.960003,3.4263883,4.0380507,0.0,0.0,0.43265262,1.0896341,1.6699125,0.0,0.0,3.053471,1.4175625,0.0,5.3716235,0.0,2.597031,1.4328427,0.0,0.0,0.0,3.6407344,0.35724187
C000466,0.0,4.654295,0.0,4.3043056,0.61966026,0.0,0.0,0.91886836,3.8694825,0.0,0.0,0.0,0.0,0.0,4.46188,0.0,0.0,0.0,0.05309175,3.8653488,1.902184,0.0,1.5880327,3.786725,0.0,4.0477467,0.0,0.0,0.0,5.091218,4.909392,1.1108676,0.0,4.7155175,1.7550584,0.0,0.0,3.416704,1.0090287,1.4085462,0.0,1.1638696,5.4503417,3.7240906,3.641056,0.0,0.0,0.22551304,1.8148429,0.6236288,0.0,0.0,3.063017,1.6999228,0.0,5.447156,0.0,2.9355311,1.0455859,0.0,0.0,0.5117398,3.8943024,0.22493446,0.0,3.046931,0.08074067,2.7818902,0.79466987,0.0,0.0,0.92275375,2.5178783,0.0,0.0,0.0,0.12672435,0.19983484,2.968942,0.0,0.3401306,0.10627788,0.37943187,2.5906763,1.6653463,0.020603415,1.0064154,2.5859902,0.0,2.9469194,0.0,0.0,0.0,3.4345405,3.109935,0.6118686,0.06725261,3.0022633,1.2844936,0.33736083,0.18230617,2.4092865,0.81935185,1.262975,0.0,0.90474576,3.5948887,2.4311712,2.346093,0.044392858,0.030291582,0.44244662,1.127349,0.877718,0.0,0.0,1.9802128,1.30908,0.0,3.756303,0.0,2.2233455,0.8580773,0.0,0.12261301,0.5638365,2.4980202,0.6777527
C000467,0.0,4.5190573,0.0,4.229108,0.7695259,0.0,0.0,0.27180636,3.4106205,0.0,0.0,0.0,0.0,0.0,4.5303006,0.0,0.0,0.0,0.6686796,3.843655,1.961658,0.0,1.7538643,3.7588956,0.0,3.6909482,0.0,0.0,0.0,4.5738225,4.8435936,1.1246706,0.0,5.2540054,1.4910094,0.16592169,0.0,3.4118695,1.7133522,1.0125136,0.0,0.80339265,5.1477146,4.0292916,3.7297645,0.0,0.0,0.185785,1.861306,0.22628844,0.0,0.0,2.6631198,2.0794826,0.0,5.869508,0.0,2.6358805,0.79066306,0.0,0.0,0.5542071,3.337647,0.3992018,0.0,3.6004949,0.01679805,3.2749379,0.48117176,0.0,0.0,0.74960214,2.8703654,0.0,0.0,0.0,0.0,0.0,3.5351486,0.0,0.2597392,0.0,0.3343398,2.9979508,1.832855,0.0,0.97776943,2.9124925,0.0,3.075028,0.0,0.0,0.0,3.761555,3.5211873,0.6378241,0.0,3.7148025,1.5205119,0.15776281,0.0,2.7100453,0.86507046,1.1820011,0.0,0.8629987,3.8801427,2.8633518,2.8445463,0.0,0.0,0.3971825,1.2150773,0.780943,0.0,0.0,2.1677883,1.4923575,0.0,4.3116875,0.0,2.2239504,0.8696593,0.0,0.0,0.2938385,2.7210667,0.5780914
C000468,0.0,4.748954,0.0,4.1849966,0.0,0.0,0.0,1.322895,4.077856,0.0,0.0,0.0,0.0,0.0,4.553611,0.0,0.13127246,0.0,0.0,3.8062406,2.4160001,0.0,0.60812235,3.4525928,0.0,3.7182646,0.1438452,0.0,0.0,4.801029,4.2620254,0.37172046,0.0,4.080956,2.2314837,0.0,0.0,3.32861,0.4756386,1.5236974,0.0,1.1368798,4.7953997,3.3099542,3.8292518,0.0,0.0,0.3423121,0.99895215,1.570714,0.0,0.0,2.8951707,1.3407818,0.0,5.1645555,0.0,2.4144711,1.2940309,0.0,0.0,0.0,3.4134014,0.28599963,0.0,4.748954,0.0,4.1849966,0.0,0.0,0.0,1.322895,4.077856,0.0,0.0,0.0,0.0,0.0,4.553611,0.0,0.13127246,0.0,0.0,3.8062406,2.4160001,0.0,0.60812235,3.4525928,0.0,3.7182646,0.1438452,0.0,0.0,4.801029,4.2620254,0.37172046,0.0,4.080956,2.2314837,0.0,0.0,3.32861,0.4756386,1.5236974,0.0,1.1368798,4.7953997,3.3099542,3.8292518,0.0,0.0,0.3423121,0.99895215,1.570714,0.0,0.0,2.8951707,1.3407818,0.0,5.1645555,0.0,2.4144711,1.2940309,0.0,0.0,0.0,3.4134014,0.28599963
C000469,0.0,3.20325,2.2997243,3.2558715,6.353977,0.0,0.0,2.3550305,2.0320368,0.0,0.0,0.0,4.6824856,3.0829954,3.4276705,2.079098,2.6257548,4.9247794,5.365591,3.1809561,4.521106,1.6461406,3.8524337,4.2367516,0.0,5.430689,0.0,1.8628321,0.0,3.0581815,4.9002004,0.32093433,0.4754039,6.279176,0.91444695,3.8302605,6.295389,2.3841314,5.136297,4.297647,0.0,2.0889466,3.313992,4.7566404,4.0113153,2.6187603,0.13305318,2.475541,0.0,5.1997814,0.0,0.0,1.6919316,3.0824828,0.0,6.998142,2.6312234,4.58677,1.4677516,0.0,4.7286415,4.8529615,1.5735475,4.327614,0.0,2.2668417,6.0089507,1.9868077,8.39416,0.0,0.0,11.541978,1.1620868,0.51030225,0.0,0.0,8.533381,9.338388,1.0713738,4.5594373,9.919916,7.2120037,7.7882175,1.6539704,7.663323,5.924133,0.93583447,3.7109442,0.0,8.928097,0.0,5.993715,0.0,2.911679,1.8816806,0.029175848,5.9259458,2.287649,4.051828,8.268392,8.807554,2.9277375,0.7905222,10.162983,0.45726395,6.5310307,2.2221465,1.4334618,1.3171673,5.5329394,1.2761241,9.083711,0.560722,10.636705,0.0,0.0,0.91862255,2.0173306,0.0,2.427763,5.1636205,10.859766,6.383572,0.0,9.932565,6.395947,2.9393349,11.10737
C000470,0.0,5.2659802,0.0,4.5480413,0.0,0.0,0.0,1.5478469,4.5064483,0.0,0.0,0.0,0.0,0.0,5.0286765,0.0,0.24344437,0.0,0.0,4.170088,2.7167761,0.0,0.55687636,3.811788,0.0,4.215868,0.12780133,0.0,0.0,5.329979,4.6106067,0.54409236,0.0,4.5735846,2.679678,0.0,0.0,3.6608446,0.40588516,1.8074943,0.0,1.4677275,5.1383047,3.5457587,4.256547,0.0,0.0,0.5676535,1.1990026,1.8102305,0.0,0.0,3.2121224,1.4881855,0.0,5.5953703,0.0,2.8431854,1.6064732,0.0,0.0,0.0,3.900533,0.4882537,0.0,5.2659802,0.0,4.5480413,0.0,0.0,0.0,1.5478469,4.5064483,0.0,0.0,0.0,0.0,0.0,5.0286765,0.0,0.24344437,0.0,0.0,4.170088,2.7167761,0.0,0.55687636,3.811788,0.0,4.215868,0.12780133,0.0,0.0,5.329979,4.6106067,0.54409236,0.0,4.5735846,2.679678,0.0,0.0,3.6608446,0.40588516,1.8074943,0.0,1.4677275,5.1383047,3.5457587,4.256547,0.0,0.0,0.5676535,1.1990026,1.8102305,0.0,0.0,3.2121224,1.4881855,0.0,5.5953703,0.0,2.8431854,1.6064732,0.0,0.0,0.0,3.900533,0.4882537
C000471,0.0,3.0840147,0.38944286,2.7754095,1.9078016,0.0,0.0,0.15392199,2.1477523,0.0,0.0,0.0,0.32314557,0.0,3.1369565,0.0,0.0,0.64131033,1.2806032,2.7633502,1.8286971,0.0,1.7360969,3.0533648,0.0,2.9507017,0.0,0.0,0.0,3.118649,3.3425775,0.94041467,0.0,3.8038979,0.7557168,0.97923744,0.6207875,2.2369618,1.9782572,0.8961058,0.0,0.7075852,3.4137907,3.1132631,2.1480458,0.0,0.0,0.54667246,1.3364321,0.5688261,0.0,0.0,1.4804999,1.8833964,0.0,4.2265053,0.0,2.3188195,0.6138788,0.0,0.0,1.3192371,2.2015135,0.9703826,0.0,2.6789544,1.0303589,2.282325,2.0992367,0.0,0.0,2.6684275,2.1484923,0.0083363885,0.0,0.0,1.4499081,1.6605426,2.5042899,0.43110704,2.0411327,1.1418282,1.7158575,2.21237,2.6646078,0.7940993,0.8632584,2.6113172,0.0,3.7767785,0.0,0.5039124,0.0,3.1467254,2.492469,0.30744419,0.9991079,2.5864944,1.666252,1.5925016,1.5463063,2.2563274,0.6621445,2.657087,0.0,1.6862677,2.974119,1.925735,1.8311225,0.76821256,0.172911,1.9116039,0.99282575,2.578759,0.0,0.0,1.5777398,1.4687104,0.0,3.0989654,0.30089292,3.598485,1.7338489,0.0,1.4925284,1.4461393,2.3590853,2.4673178
C000472,0.0,4.517453,0.0,4.030518,0.0,0.0,0.0,1.2357278,3.8872411,0.0,0.0,0.0,0.0,0.0,4.348421,0.0,0.087601274,0.0,0.0,3.6410933,2.288518,0.0,0.6286283,3.286436,0.0,3.5031018,0.15119177,0.0,0.0,4.5712194,4.10885,0.2926127,0.0,3.8636827,2.033347,0.0,0.0,3.18525,0.50784117,1.4016508,0.0,0.99505746,4.6559,3.2087321,3.6379929,0.0,0.0,0.24875264,0.90989894,1.471957,0.0,0.0,2.7493343,1.2697273,0.0,4.9852586,0.0,2.2367656,1.1581706,0.0,0.0,0.0,3.2038324,0.20541912,0.0,4.517453,0.0,4.030518,0.0,0.0,0.0,1.2357278,3.8872411,0.0,0.0,0.0,0.0,0.0,4.348421,0.0,0.087601274,0.0,0.0,3.6410933,2.288518,0.0,0.6286283,3.286436,0.0,3.5031018,0.15119177,0.0,0.0,4.5712194,4.10885,0.2926127,0.0,3.8636827,2.033347,0.0,0.0,3.18525,0.50784117,1.4016508,0.0,0.99505746,4.6559,3.2087321,3.6379929,0.0,0.0,0.24875264,0.90989894,1.471957,0.0,0.0,2.7493343,1.2697273,0.0,4.9852586,0.0,2.2367656,1.1581706,0.0,0.0,0.0,3.2038324,0.20541912
C000473,0.0,4.079531,0.101434976,3.930741,0.80852807,0.0,0.0,0.20397747,3.095744,0.0,0.0,0.0,0.0,0.0,4.228317,0.0,0.0,0.0,0.7007924,3.4880981,1.7027442,0.0,1.7135053,3.4945893,0.0,3.3739257,0.0,0.0,0.0,4.1634135,4.475627,1.2774565,0.0,4.9450088,1.2369587,0.028309256,0.0,3.1647305,1.6099066,0.94248974,0.0,0.70242393,4.7656236,3.7889962,3.397786,0.0,0.0,0.2618605,1.9557006,0.024267077,0.0,0.0,2.405468,1.9656212,0.0,5.3350124,0.0,2.5383785,0.7065462,0.0,0.0,0.55287266,3.124907,0.3982201,0.0,3.3178685,0.05782041,3.0015152,0.36246803,0.0,0.0,0.88246065,2.7585745,0.0,0.0,0.0,0.0,0.0,3.288956,0.0,0.3145162,0.0,0.23359746,2.7540836,1.7789283,0.0,0.7085529,2.6396399,0.0,2.9157991,0.0022946447,0.0,0.0,3.538379,3.1241915,0.5825385,0.0,3.269622,1.5501,0.051863607,0.0,2.495722,0.57011396,1.2344307,0.0,0.92073804,3.5019362,2.5277658,2.6134388,0.0,0.0,0.48963955,1.085635,0.93641376,0.0,0.0,2.0105526,1.3077165,0.0,3.819661,0.0,2.1253738,0.92650014,0.0,0.0,0.18654591,2.6192114,0.6129644
C000474,0.0,4.115001,1.1985325,3.6999297,2.1508017,0.0,0.0,3.3554876,3.6959522,0.0,0.0,0.0,1.6472082,2.0389514,3.9099252,0.0,2.313189,0.961832,1.4497344,3.3336127,3.8773513,0.0,1.0026662,3.6279964,0.0,5.425823,0.0,0.0,0.0,4.710519,3.7464554,0.14221959,0.3467416,3.8903482,2.5519328,1.1790203,1.2721817,3.0171368,0.91836786,3.2440271,0.0,2.4333093,4.3002777,2.9595547,3.1409307,0.42439017,0.08928655,2.3724937,1.0366796,3.882465,0.0,0.0,2.6349218,1.5386558,0.0,4.5620146,0.0,4.475469,2.0607934,0.0,1.7400925,1.4415095,3.5562863,2.6567957,0.0,2.0842075,1.3791095,1.6494163,2.5916176,0.0,0.0,3.486476,1.7272439,0.028244631,0.0,0.0,2.244842,2.3571818,1.8547393,0.8564023,2.7030654,1.6885415,2.1464865,1.6656356,3.0001853,1.2142402,0.65030044,2.2672174,0.0,3.7817192,0.0,1.0034808,0.0,2.5429373,1.7982221,0.08920453,1.4331919,1.7906737,1.6691163,2.1935468,2.3397496,1.9053293,0.4475575,3.251618,0.0,1.9830537,2.281101,1.360419,1.2869549,1.33394,0.3067458,2.492391,0.6235202,3.3266802,0.0,0.0,1.1833717,1.3637109,0.0,2.4365978,0.8055825,3.823688,1.9952009,0.0,2.280769,1.884631,1.8627039,3.232079
C000475,0.0,1.3832418,0.0,1.4117839,0.44990993,0.0,0.0,0.73188686,1.3259758,0.0,0.0,0.0,0.19307366,0.010410503,1.2958839,0.0,0.26275876,0.0,0.22366516,1.2883394,1.0190187,0.0,0.31734225,1.2519475,0.0,1.4261221,0.0,0.0,0.0,1.6097178,1.2980626,0.0,0.0,0.9990803,0.6185977,0.25979304,0.07811618,1.2555848,0.058858767,0.7278717,0.0,0.13821091,1.570185,1.0871514,1.0177547,0.025563348,0.027231127,0.31956184,0.2169097,0.8131333,0.0,0.0,0.84549487,0.60137004,0.0,1.7506369,0.0,0.99872506,0.40136188,0.0,0.0,0.2371102,0.9078207,0.46887833,0.0,3.1270995,0.38269737,3.1570024,1.1326001,0.0,0.0,1.6876771,2.624106,0.0,0.0,0.0,0.15179014,0.3199528,3.011163,0.0,0.9549463,0.19990483,0.7088425,2.6899626,2.272577,0.0,0.9392319,2.7331214,0.0,3.4039903,0.0,0.0,0.0,4.1229186,2.9598122,0.221591,0.0,3.0712953,1.7835453,0.7214764,0.13285136,2.5633283,0.5448481,1.6708448,0.0,1.2977248,3.655037,2.1832914,2.204279,0.006390837,0.0068077818,1.0123737,1.0296459,1.7417531,0.0,0.0,2.0119183,1.4317875,0.0,3.82421,0.0,3.117074,1.0278951,0.0,0.0,0.53749317,2.5614197,1.2058942
C000476,0.0,5.1719646,0.0,4.483232,0.0,0.0,0.0,1.494397,4.431928,0.0,0.0,0.0,0.0,0.0,4.944562,0.0,0.21410017,0.0,0.0,4.1032906,2.6543455,0.0,0.56954753,3.7479706,0.0,4.117673,0.13112259,0.0,0.0,5.2333393,4.5499883,0.5148298,0.0,4.4879475,2.5963287,0.0,0.0,3.6012723,0.42493197,1.7452637,0.0,1.402808,5.076772,3.504819,4.183442,0.0,0.0,0.5173289,1.1610245,1.7578404,0.0,0.0,3.1594954,1.464017,0.0,5.5209675,0.0,2.754617,1.5455703,0.0,0.0,0.0,3.8106258,0.4368088,0.0,5.1719646,0.0,4.483232,0.0,0.0,0.0,1.494397,4.431928,0.0,0.0,0.0,0.0,0.0,4.944562,0.0,0.21410017,0.0,0.0,4.1032906,2.6543455,0.0,0.56954753,3.7479706,0.0,4.117673,0.13112259,0.0,0.0,5.2333393,4.5499883,0.5148298,0.0,4.4879475,2.5963287,0.0,0.0,3.6012723,0.42493197,1.7452637,0.0,1.402808,5.076772,3.504819,4.183442,0.0,0.0,0.5173289,1.1610245,1.7578404,0.0,0.0,3.1594954,1.464017,0.0,5.5209675,0.0,2.754617,1.5455703,0.0,0.0,0.0,3.8106258,0.4368088
C000477,0.0,3.6898367,0.14247704,3.428014,1.236215,0.0,0.0,0.1446625,2.8700852,0.0,0.0,0.0,0.0,0.0,3.738831,0.0,0.0,0.16117793,0.8744618,3.271984,1.6173912,0.0,1.8363461,3.4187799,0.0,3.3173127,0.0,0.0,0.0,4.0326643,4.1770196,1.4050667,0.0,4.4554615,1.0546514,0.3588686,0.0,2.7326553,1.8360509,1.0555227,0.0,0.79022205,4.4264345,3.6214092,2.9388368,0.0,0.0,0.3346608,1.8675346,0.19418311,0.0,0.0,2.172411,1.8669472,0.0,5.0614176,0.0,2.6717222,0.84082484,0.0,0.0,0.8366831,3.0025458,0.60416186,0.0,2.9854658,0.5933289,2.524205,1.392002,0.0,0.0,2.033593,2.4816296,0.0,0.0,0.0,0.5535459,0.65386015,2.838526,0.144919,1.1967802,0.527733,0.96370703,2.4474366,2.3795855,0.222979,0.84108996,2.5938373,0.0,3.522815,0.0,0.0,0.0,3.3918965,2.7868478,0.5942533,0.3629744,2.8462858,1.7052759,1.0254645,0.754422,2.4672408,0.6885519,2.2116594,0.0,1.5192366,3.2155306,2.2247176,2.224288,0.30060083,0.098890424,1.3938557,1.2252861,1.8821402,0.0,0.0,1.8324547,1.3722407,0.0,3.4346745,0.0,3.198223,1.5954695,0.0,0.52174824,0.9803381,2.6998024,1.9142475
C000478,0.0,4.6711755,0.0,4.1321087,0.0,0.0,0.0,1.2967612,4.0125737,0.0,0.0,0.0,0.0,0.0,4.4840894,0.0,0.11891499,0.0,0.0,3.7499034,2.3751965,0.0,0.61289674,3.396669,0.0,3.6470957,0.14580995,0.0,0.0,4.7230945,4.208521,0.34497592,0.0,4.005937,2.1660519,0.0,0.0,3.2791052,0.48450363,1.4850314,0.0,1.0904719,4.745928,3.2735968,3.7641635,0.0,0.0,0.31250042,0.96931064,1.5395072,0.0,0.0,2.8459854,1.3164245,0.0,5.1011653,0.0,2.357296,1.249969,0.0,0.0,0.0,3.3426545,0.26232406,0.0,4.6711755,0.0,4.1321087,0.0,0.0,0.0,1.2967612,4.0125737,0.0,0.0,0.0,0.0,0.0,4.4840894,0.0,0.11891499,0.0,0.0,3.7499034,2.3751965,0.0,0.61289674,3.396669,0.0,3.6470957,0.14580995,0.0,0.0,4.7230945,4.208521,0.34497592,0.0,4.005937,2.1660519,0.0,0.0,3.2791052,0.48450363,1.4850314,0.0,1.0904719,4.745928,3.2735968,3.7641635,0.0,0.0,0.31250042,0.96931064,1.5395072,0.0,0.0,2.8459854,1.3164245,0.0,5.1011653,0.0,2.357296,1.249969,0.0,0.0,0.0,3.3426545,0.26232406
C000479,0.0,2.6744351,0.23675442,2.8727653,1.1914774,0.0,0.0,0.0,1.9003865,0.0,0.0,0.0,0.0,0.0,2.8502011,0.0,0.0,0.2389133,1.038349,2.5226858,1.2690895,0.0,1.6040206,2.6674352,0.0,2.5325327,0.0,0.0,0.0,2.759087,3.2581842,0.95828235,0.0,3.7484355,0.6985993,0.5027292,0.0,2.272624,1.6414913,0.59105676,0.0,0.42586273,3.4225836,2.9160318,2.2386286,0.0,0.0,0.22565451,1.4432819,0.0,0.0,0.0,1.5363033,1.6320722,0.0,4.024009,0.0,1.9822226,0.335777,0.0,0.0,0.81734,2.0586195,0.5964144,0.0,3.1016762,0.32308683,2.894763,0.8815707,0.0,0.0,1.2816833,2.5454273,0.0,0.0,0.0,0.05965321,0.13798872,3.0665984,0.0,0.45017034,0.04778266,0.568056,2.5899377,1.8692024,0.0,0.8530799,2.6532292,0.0,3.0476632,0.0,0.0,0.0,3.5108619,3.0368512,0.6463476,0.007208715,3.1665375,1.5440792,0.5009904,0.011526838,2.5156376,0.69487363,1.5641584,0.0,1.0896089,3.3812656,2.348328,2.4140592,0.0,0.023826772,0.8639617,1.2401803,1.1337913,0.0,0.0,1.8829775,1.4372976,0.0,3.7087502,0.0,2.5659795,1.0532771,0.0,0.046448424,0.5891235,2.682321,1.06126
C000480,0.0,4.517453,0.0,4.030518,0.0,0.0,0.0,1.2357278,3.8872411,0.0,0.0,0.0,0.0,0.0,4.348421,0.0,0.087601274,0.0,0.0,3.6410933,2.288518,0.0,0.6286283,3.286436,0.0,3.5031018,0.15119177,0.0,0.0,4.5712194,4.10885,0.2926127,0.0,3.8636827,2.033347,0.0,0.0,3.18525,0.50784117,1.4016508,0.0,0.99505746,4.6559,3.2087321,3.6379929,0.0,0.0,0.24875264,0.90989894,1.471957,0.0,0.0,2.7493343,1.2697273,0.0,4.9852586,0.0,2.2367656,1.1581706,0.0,0.0,0.0,3.2038324,0.20541912,0.0,4.517453,0.0,4.030518,0.0,0.0,0.0,1.2357278,3.8872411,0.0,0.0,0.0,0.0,0.0,4.348421,0.0,0.087601274,0.0,0.0,3.6410933,2.288518,0.0,0.6286283,3.286436,0.0,3.5031018,0.15119177,0.0,0.0,4.5712194,4.10885,0.2926127,0.0,3.8636827,2.033347,0.0,0.0,3.18525,0.50784117,1.4016508,0.0,0.99505746,4.6559,3.2087321,3.6379929,0.0,0.0,0.24875264,0.90989894,1.471957,0.0,0.0,2.7493343,1.2697273,0.0,4.9852586,0.0,2.2367656,1.1581706,0.0,0.0,0.0,3.2038324,0.20541912
C000481,0.0,2.7067847,0.0,2.9043071,1.0255599,0.0,0.0,0.0,2.0793433,0.0,0.0,0.0,0.0,0.0,2.8964515,0.0,0.0,0.0,0.6600152,2.5495703,1.1242294,0.0,1.6784368,2.636325,0.0,2.6166937,0.0,0.0,0.0,3.173346,3.3267913,0.78276396,0.0,3.5183442,0.7160858,0.09234455,0.0,2.2875712,1.5001937,0.26384866,0.0,0.31924534,3.8522995,2.8659544,2.250202,0.0,0.0,0.0,1.2681525,0.0,0.0,0.0,1.7852354,1.5330878,0.0,4.0941772,0.0,1.6915994,0.19143589,0.0,0.0,0.5852561,2.1040466,0.0,0.0,2.8252044,0.21607977,2.6439877,0.76004446,0.0,0.0,1.1151423,2.371144,0.0,0.0,0.0,0.0,0.062334433,2.8072708,0.0,0.36443084,0.0,0.37257713,2.3427863,1.691541,0.0,0.72570926,2.3765757,0.0,2.7632294,0.00058274716,0.0,0.0,3.195271,2.7475708,0.4867169,0.0,2.660051,1.2953072,0.2667724,0.032156378,2.246934,0.4933478,1.250384,0.0,0.9075418,3.2285714,2.1115718,2.131043,0.00909297,0.00088078715,0.6313602,1.012098,0.99912643,0.0,0.0,1.7444875,1.2551988,0.0,3.34204,0.0,2.1598895,0.8765779,0.0,0.0,0.48007256,2.3938093,0.7232475
C000482,0.0,5.1719646,0.0,4.483232,0.0,0.0,0.0,1.494397,4.431928,0.0,0.0,0.0,0.0,0.0,4.944562,0.0,0.21410017,0.0,0.0,4.1032906,2.6543455,0.0,0.56954753,3.7479706,0.0,4.117673,0.13112259,0.0,0.0,5.2333393,4.5499883,0.5148298,0.0,4.4879475,2.5963287,0.0,0.0,3.6012723,0.42493197,1.7452637,0.0,1.402808,5.076772,3.504819,4.183442,0.0,0.0,0.5173289,1.1610245,1.7578404,0.0,0.0,3.1594954,1.464017,0.0,5.5209675,0.0,2.754617,1.5455703,0.0,0.0,0.0,3.8106258,0.4368088,0.0,5.1719646,0.0,4.483232,0.0,0.0,0.0,1.494397,4.431928,0.0,0.0,0.0,0.0,0.0,4.944562,0.0,0.21410017,0.0,0.0,4.1032906,2.6543455,0.0,0.56954753,3.7479706,0.0,4.117673,0.13112259,0.0,0.0,5.2333393,4.5499883,0.5148298,0.0,4.4879475,2.5963287,0.0,0.0,3.6012723,0.42493197,1.7452637,0.0,1.402808,5.076772,3.504819,4.183442,0.0,0.0,0.5173289,1.1610245,1.7578404,0.0,0.0,3.1594954,1.464017,0.0,5.5209675,0.0,2.754617,1.5455703,0.0,0.0,0.0,3.8106258,0.4368088
C000483,0.0,2.850187,0.0,2.7062173,0.0,0.0,0.0,0.72205204,2.5382307,0.0,0.0,0.0,0.0,0.0,2.8118157,0.0,0.03538093,0.0,0.0,2.403946,1.5189447,0.0,0.45869282,2.158472,0.0,2.2779317,0.11578547,0.0,0.0,2.9680214,2.6863086,0.093382016,0.0,2.429809,1.1931454,0.0,0.0,2.0750747,0.3931278,0.7736632,0.0,0.4783515,3.1334789,2.1792765,2.2503572,0.0,0.0,0.0371253,0.47634798,0.96978486,0.0,0.0,1.7875152,0.8374899,0.0,3.3347201,0.0,1.3101702,0.59059846,0.0,0.0,0.020620726,2.005688,0.038110428,0.0,2.8176835,1.3024521,2.3247392,2.3344676,0.0,0.0,2.9191632,2.0630765,0.0,0.0,0.0,1.5125837,1.7954996,2.498007,0.6126679,2.0494916,1.2499493,2.0486238,2.2515216,2.7722697,0.67910236,0.7189787,2.8685231,0.0,3.981219,0.016540783,0.6191327,0.0,3.169075,2.5197787,0.29726997,1.0125604,2.599125,1.7663023,1.9234248,1.7925521,2.334242,0.55234414,3.0754185,0.0,1.948139,2.9930797,1.8744929,1.6907756,1.0067375,0.21691778,2.2066712,1.2338556,2.5436218,0.0,0.0,1.5647256,1.5750179,0.0,3.103231,0.5115103,4.029145,1.9575942,0.0,1.5978101,1.751236,2.565263,2.8703198
C000484,0.0,2.7222893,0.0,2.6109762,0.0,0.0,0.0,0.8200317,2.342316,0.0,0.0,0.0,0.0,0.0,2.6719182,0.0,0.118543684,0.0,0.0,2.2157757,1.4695518,0.0,0.40541708,2.1589043,0.0,2.1770377,0.07732477,0.0,0.0,2.8066087,2.518542,0.06388854,0.0,2.2987819,1.1674589,0.0,0.0,2.0462716,0.30436996,0.8471206,0.0,0.47390386,2.8953176,2.0350199,2.093848,0.0,0.0,0.15047269,0.4570139,0.9730321,0.0,0.0,1.7572345,0.7464541,0.0,3.0452871,0.0,1.3828427,0.59344935,0.0,0.0,0.0,1.8513063,0.17710559,0.0,2.0386841,2.3406875,1.4794885,3.6978934,0.0,0.0,5.6889997,1.5198228,0.5601815,0.0,0.0,3.422146,3.73208,1.6436561,2.0733836,4.3654237,2.7594368,3.1504776,1.4693172,4.207567,2.4014661,0.3669941,2.2711527,0.0,4.8204737,0.005523198,2.2580426,0.0,2.2953722,1.5848532,0.14997698,2.7607877,1.4453753,2.4418962,3.7103038,3.6108592,2.2028306,0.2521235,5.0308423,0.36695132,3.1236649,2.024106,1.145117,1.2864789,2.3140147,0.64889497,4.032745,0.67496544,4.9253125,0.0,0.0,1.0657841,1.4544407,0.0,2.096655,2.0238366,5.360543,3.420795,0.0150182,3.9682982,2.928833,2.0777748,5.2076755
C000485,0.0,1.7945638,1.7732658,2.0269823,3.3780336,0.0,0.0,3.1955075,0.9807431,0.3972878,0.0,0.0,2.3581803,1.8778503,1.3728716,0.820509,2.5090039,2.236246,3.2390754,1.4683601,2.8781042,0.98696274,1.5296037,2.7598715,0.0,4.007815,0.0,1.7144713,0.0,2.2513733,1.861099,0.0,1.3987598,2.3825586,1.6292443,3.5046115,2.586785,1.9011793,0.964025,3.294194,0.0,1.8950498,2.6003332,1.7282664,1.1308112,1.5178127,0.0,2.5638046,0.7511474,2.6209192,0.0,0.0,0.9852233,1.7763813,0.0,2.5487099,1.9144065,4.0658765,1.731972,0.0,1.9317572,2.6185622,1.3310773,3.7879105,0.0,1.5348006,4.206714,1.574377,7.078894,0.0,0.0,8.828615,1.0020782,1.0924498,0.0,0.0,7.0564976,6.698664,1.2463535,4.327023,6.9560795,6.209826,6.2990837,1.2912953,6.1942954,5.023647,1.2774426,2.6995533,0.0,6.774096,0.00089980784,5.2031617,0.0,1.7635478,1.7157332,0.037912454,4.799431,1.7761096,2.695655,6.647867,7.149574,1.9170247,0.8951497,7.2944865,0.45371163,4.739575,1.9241033,1.4301735,1.3469259,4.4846864,1.1085569,5.9351654,0.3938415,7.947026,0.0,0.0,0.91196877,2.225653,0.0,2.4846349,5.2661176,7.176209,4.191981,0.042456135,7.9790683,5.7294316,1.5813756,8.035403
C000486,0.0,4.773694,0.0,4.5807495,0.66452426,0.0,0.0,0.21197528,3.624641,0.0,0.0,0.0,0.0,0.0,4.813399,0.0,0.0,0.0,0.4619221,3.9500432,1.922299,0.0,1.7795861,4.012866,0.0,3.8128633,0.0,0.0,0.0,4.741007,5.1989326,1.1797026,0.0,5.4444504,1.3720568,0.0,0.0,3.6380742,1.7208068,1.0644162,0.0,0.73700166,5.624359,4.3802137,3.9768572,0.0,0.0,0.11084672,2.009862,0.14038324,0.0,0.0,2.81712,1.9496427,0.0,6.0660877,0.0,2.703105,0.7603059,0.0,0.0,0.5016108,3.5004308,0.23837483,0.0,3.8533964,0.0,3.5630758,0.39570433,0.0,0.0,0.6910275,3.1205096,0.0,0.0,0.0,0.0,0.0,3.8247557,0.0,0.21107064,0.0,0.23096105,3.1769748,1.8618689,0.0,0.99507946,3.1055412,0.0,3.2450528,0.0033327974,0.0,0.0,3.9843502,3.8379848,0.7096709,0.0,3.9371505,1.5312092,0.011719707,0.0,2.8925624,0.9037589,1.1949773,0.0,0.87240684,4.263989,3.1508172,3.1093287,0.0,0.0,0.33151412,1.3244643,0.7521197,0.0,0.0,2.3154933,1.466414,0.0,4.587993,0.0,2.2875547,0.8899539,0.0,0.0,0.2508054,2.938511,0.44837332
C000487,0.0,4.748954,0.0,4.1849966,0.0,0.0,0.0,1.322895,4.077856,0.0,0.0,0.0,0.0,0.0,4.553611,0.0,0.13127246,0.0,0.0,3.8062406,2.4160001,0.0,0.60812235,3.4525928,0.0,3.7182646,0.1438452,0.0,0.0,4.801029,4.2620254,0.37172046,0.0,4.080956,2.2314837,0.0,0.0,3.32861,0.4756386,1.5236974,0.0,1.1368798,4.7953997,3.3099542,3.8292518,0.0,0.0,0.3423121,0.99895215,1.570714,0.0,0.0,2.8951707,1.3407818,0.0,5.1645555,0.0,2.4144711,1.2940309,0.0,0.0,0.0,3.4134014,0.28599963,0.0,4.748954,0.0,4.1849966,0.0,0.0,0.0,1.322895,4.077856,0.0,0.0,0.0,0.0,0.0,4.553611,0.0,0.13127246,0.0,0.0,3.8062406,2.4160001,0.0,0.60812235,3.4525928,0.0,3.7182646,0.1438452,0.0,0.0,4.801029,4.2620254,0.37172046,0.0,4.080956,2.2314837,0.0,0.0,3.32861,0.4756386,1.5236974,0.0,1.1368798,4.7953997,3.3099542,3.8292518,0.0,0.0,0.3423121,0.99895215,1.570714,0.0,0.0,2.8951707,1.3407818,0.0,5.1645555,0.0,2.4144711,1.2940309,0.0,0.0,0.0,3.4134014,0.28599963
C000488,0.0,1.1765939,0.24584983,1.3055215,1.2889116,0.0,0.0,0.5525062,1.0724669,0.0,0.0,0.0,0.5478633,0.10467668,1.1658003,0.0,0.1938561,0.42524064,1.1326779,1.2775275,0.9849832,0.0,1.2827747,1.5988096,0.0,1.7900255,0.0,0.30152178,0.0,1.4835863,1.5594852,0.08671692,0.10240345,1.4818649,0.2865008,0.8670112,0.7329246,1.0683868,0.8876468,0.84088945,0.0,0.11957905,1.8367636,1.3777585,0.7846115,0.47544327,0.014755685,0.4026258,0.54522127,0.43940187,0.0,0.0,0.75462663,1.0349654,0.0,1.9907749,0.36250347,1.3177054,0.26926193,0.0,0.022311404,1.1449089,0.73778534,0.8807858,0.0,2.1717448,0.9516959,1.8842016,1.8713032,0.0,0.0,2.762191,1.7246542,0.007976404,0.0,0.0,1.3214296,1.4219657,1.943458,0.4395569,1.9032342,1.0604156,1.5431097,1.7197933,2.4878175,0.60442746,0.60242134,2.2003093,0.0,3.3024743,0.0,0.41030908,0.0,2.6441424,1.8851988,0.10670562,0.8870681,1.8402132,1.6278799,1.7508627,1.5136658,2.0058749,0.42856583,2.58269,0.0,1.6451648,2.4066298,1.4234188,1.384876,0.83890384,0.12788828,1.8987521,0.72405285,2.4729602,0.0,0.0,1.2665169,1.3087674,0.0,2.522115,0.28337246,3.2692297,1.6958287,0.0,1.3093128,1.3750274,1.9072368,2.501516
C000489,0.0,3.464821,0.0,3.1246753,0.0,0.0,0.0,0.92890805,3.0192986,0.0,0.0,0.0,0.0,0.0,3.3499029,0.0,0.1105355,0.0,0.0,2.8220167,1.8166552,0.0,0.4449038,2.641249,0.0,2.849709,0.08986934,0.0,0.0,3.5795622,3.1122756,0.2931994,0.0,3.074202,1.7266417,0.0,0.0,2.5073106,0.30059236,1.1469548,0.0,0.8278043,3.498664,2.4791336,2.760893,0.0,0.0,0.32660615,0.69918233,1.2026714,0.0,0.0,2.1833644,1.01704,0.0,3.783118,0.0,1.7696198,0.9386972,0.0,0.0,0.0,2.5174317,0.2906312,0.0,3.9147172,0.020247817,3.7450914,0.6027452,0.0,0.0,0.7200036,3.1327775,0.0,0.0,0.0,0.0,0.0,3.878734,0.0,0.05526775,0.0,0.3928285,3.2446437,1.840469,0.0,1.2313018,3.1157866,0.0,3.266999,0.04493467,0.0,0.0,4.138324,4.032048,0.6931614,0.0,4.1169124,1.5122135,0.1386458,0.0,3.0073707,1.0343349,1.057125,0.0,0.8839616,4.3671174,3.1548204,3.1381626,0.0,0.0,0.3147099,1.3885667,0.6013357,0.0,0.0,2.3976464,1.6197209,0.0,4.734705,0.0,2.3807507,0.83761334,0.0,0.0,0.3367801,3.0167098,0.372603
C000490,0.0,4.2902927,0.0,3.8823357,0.0,0.0,0.0,1.145171,3.7044387,0.0,0.0,0.0,0.0,0.0,4.1480355,0.0,0.034182936,0.0,0.0,3.4782727,2.1696503,0.0,0.6561631,3.1334074,0.0,3.288463,0.15946442,0.0,0.0,4.353773,3.9609628,0.20830801,0.0,3.6472192,1.8406935,0.0,0.0,3.0456429,0.554196,1.2810378,0.0,0.8527434,4.525694,3.1058564,3.448229,0.0,0.0,0.15776369,0.814541,1.3768015,0.0,0.0,2.615044,1.2019055,0.0,4.821518,0.0,2.0583134,1.0249199,0.0,0.0,0.0,2.9982934,0.12739614,0.0,4.2902927,0.0,3.8823357,0.0,0.0,0.0,1.145171,3.7044387,0.0,0.0,0.0,0.0,0.0,4.1480355,0.0,0.034182936,0.0,0.0,3.4782727,2.1696503,0.0,0.6561631,3.1334074,0.0,3.288463,0.15946442,0.0,0.0,4.353773,3.9609628,0.20830801,0.0,3.6472192,1.8406935,0.0,0.0,3.0456429,0.554196,1.2810378,0.0,0.8527434,4.525694,3.1058564,3.448229,0.0,0.0,0.15776369,0.814541,1.3768015,0.0,0.0,2.615044,1.2019055,0.0,4.821518,0.0,2.0583134,1.0249199,0.0,0.0,0.0,2.9982934,0.12739614
C000491,0.0,2.8348432,4.4503765,3.9149184,10.202283,0.0,0.0,9.797447,2.2470655,0.0,0.0,0.0,9.304293,8.217889,3.2716336,5.1517835,8.203108,9.18883,8.554227,3.5139651,8.978705,6.428833,3.966023,4.6570106,0.0,9.870001,0.0,6.302841,0.0,3.8931088,4.290554,0.0,4.976557,5.363711,2.7686727,7.48759,9.3867445,2.559854,4.1286707,7.815467,0.0,6.0418825,4.5099373,4.4891615,3.9975264,5.2493086,1.1113867,5.594815,0.0,10.359206,0.0,0.0,2.5321472,3.163782,0.0,6.6410995,7.124875,8.121498,2.7670321,0.0,10.072262,7.7223635,2.1489563,8.294764,0.0,1.5285583,5.3573627,1.4989562,10.047321,0.0,0.0,11.505615,0.9174146,1.4126052,0.0,0.0,9.901375,9.355937,1.1176596,6.109817,9.467423,8.795483,8.928132,1.5243155,8.468713,7.2137985,2.2368956,3.222969,0.0,8.831056,0.0,7.5150375,0.0,1.7306665,1.8344384,0.0,6.66205,2.1583674,3.09985,8.8517885,10.027695,1.9051319,1.6816508,9.330002,0.5640039,6.1542754,2.1439397,1.6845989,1.5275975,6.3166356,1.5077482,7.675276,0.17615815,10.680614,0.0,0.0,0.9208231,2.7040434,0.0,3.122936,7.882568,9.03265,4.8511095,0.00017678241,10.875458,7.92221,1.3197048,10.41442
C000492,0.0,4.594108,0.0,4.080994,0.0,0.0,0.0,1.2668654,3.9495687,0.0,0.0,0.0,0.0,0.0,4.416078,0.0,0.10367714,0.0,0.0,3.6952255,2.3321958,0.0,0.6202911,3.3414314,0.0,3.5752459,0.14837685,0.0,0.0,4.6469107,4.158209,0.3187505,0.0,3.9342623,2.0998545,0.0,0.0,3.2318428,0.49575514,1.4438144,0.0,1.0429646,4.7003064,3.2406063,3.7008202,0.0,0.0,0.28095362,0.93960404,1.5060972,0.0,0.0,2.7974977,1.2929994,0.0,5.0424576,0.0,2.2975178,1.2043599,0.0,0.0,0.0,3.2731085,0.23457666,0.0,4.594108,0.0,4.080994,0.0,0.0,0.0,1.2668654,3.9495687,0.0,0.0,0.0,0.0,0.0,4.416078,0.0,0.10367714,0.0,0.0,3.6952255,2.3321958,0.0,0.6202911,3.3414314,0.0,3.5752459,0.14837685,0.0,0.0,4.6469107,4.158209,0.3187505,0.0,3.9342623,2.0998545,0.0,0.0,3.2318428,0.49575514,1.4438144,0.0,1.0429646,4.7003064,3.2406063,3.7008202,0.0,0.0,0.28095362,0.93960404,1.5060972,0.0,0.0,2.7974977,1.2929994,0.0,5.0424576,0.0,2.2975178,1.2043599,0.0,0.0,0.0,3.2731085,0.23457666
C000493,0.0,2.8495147,0.0,2.7056723,0.0,0.0,0.0,0.7222068,2.537417,0.0,0.0,0.0,0.0,0.0,2.8111763,0.0,0.03560937,0.0,0.0,2.4032576,1.5186031,0.0,0.45846698,2.1581898,0.0,2.2774005,0.11569997,0.0,0.0,2.9673133,2.6855783,0.09331114,0.0,2.4291654,1.1929113,0.0,0.0,2.0746696,0.39282617,0.77370435,0.0,0.4782266,3.1325104,2.1786604,2.249679,0.0,0.0,0.037264097,0.47622937,0.96967906,0.0,0.0,1.7871444,0.8371777,0.0,3.3335795,0.0,1.310136,0.59046197,0.0,0.0,0.020492487,2.0050542,0.038412835,0.0,3.557036,0.0,3.5386012,0.5544938,0.0,0.0,0.4956878,2.911047,0.0,0.0,0.0,0.0,0.0,3.5395794,0.0,0.017804684,0.0,0.27427894,2.9878807,1.6434088,0.0,1.285146,2.8820355,0.0,3.0368114,0.057849985,0.0,0.0,3.888841,3.8172462,0.49109992,0.0,3.6189308,1.2241449,0.024426788,0.0,2.7083263,1.0424182,0.75533223,0.0,0.6209562,4.3782268,2.989203,2.8420885,0.0,0.0,0.018632049,1.0982347,0.500597,0.0,0.0,2.2177062,1.4202523,0.0,4.5442877,0.0,1.9953732,0.603078,0.0,0.0,0.292675,2.710352,0.023022903
C000494,0.0,4.9251,0.0,4.6681476,0.62653613,0.0,0.0,0.256481,3.7422523,0.0,0.0,0.0,0.0,0.0,4.9175982,0.0,0.0,0.0,0.44063753,4.0457096,1.9922858,0.0,1.7815416,4.075615,0.0,3.9180088,0.0,0.0,0.0,4.899948,5.2541056,1.2474394,0.0,5.613467,1.4933674,0.0,0.0,3.7245488,1.7059066,1.112236,0.0,0.8244021,5.676552,4.4323487,4.0872836,0.0,0.0,0.17962477,2.0790129,0.20182264,0.0,0.0,2.8943763,2.0196714,0.0,6.2017555,0.0,2.786119,0.8360158,0.0,0.0,0.4620362,3.6095366,0.2747765,0.0,3.9244335,0.00096668676,3.6022325,0.37683916,0.0,0.0,0.71398056,3.1734948,0.0,0.0,0.0,0.0,0.0,3.8716445,0.0,0.21258774,0.0,0.22031876,3.2201152,1.8943851,0.0,0.995728,3.1339726,0.0,3.293032,0.002661202,0.0,0.0,4.058292,3.8602078,0.7425564,0.0,4.0173817,1.5892068,0.013470601,0.0,2.9329982,0.89440536,1.2193354,0.0,0.9146017,4.283367,3.1728704,3.1592474,0.0,0.0,0.36702085,1.3580719,0.78167987,0.0,0.0,2.3513508,1.4998878,0.0,4.6481113,0.0,2.327598,0.9262742,0.0,0.0,0.2310181,2.9879754,0.46825516
C000495,0.0,2.4597836,0.05043702,2.709797,1.1466564,0.0,0.0,0.19805737,1.9777377,0.0,0.0,0.0,0.0,0.0,2.436279,0.0,0.0,0.0,0.62689406,2.288026,0.7853507,0.0,1.7123021,2.3454437,0.0,2.54236,0.0,0.0,0.0,3.0060363,3.3468454,1.0298645,0.0,3.381638,0.5624277,0.21772264,0.0,2.1297767,1.0000701,0.4828844,0.0,0.49396297,3.4372923,2.588877,1.9391617,0.0,0.0,0.030315146,1.5595989,0.0,0.0,0.0,1.756439,1.3183053,0.0,3.3463326,0.0,2.0129628,0.2506014,0.0,0.0,0.8810444,2.4046757,0.28366196,0.0,2.2801113,0.688511,1.9088509,1.6027094,0.0,0.0,2.1075962,1.8401905,0.0,0.0,0.0,0.91363823,1.0020936,2.0894043,0.3410893,1.3243041,0.6503936,1.1979373,1.8562208,2.0537882,0.44931555,0.7212254,2.1887975,0.0,3.0152738,0.0,0.2717143,0.0,2.6861408,2.1440327,0.4126254,0.6308602,2.0727162,1.3644713,1.2594256,1.0335653,1.9806688,0.50193083,2.1348078,0.0,1.369503,2.549767,1.619622,1.503847,0.5779792,0.12774798,1.459132,0.9680192,1.8114688,0.0,0.0,1.3831661,1.2728053,0.0,2.621241,0.21214005,2.893227,1.4447157,0.0,0.8777792,1.1625626,2.081031,1.9656721
C000496,0.0,3.568759,0.0,3.5844417,0.65598434,0.0,0.0,0.28606337,3.0626528,0.0,0.0,0.0,0.0,0.0,3.6382847,0.0,0.0,0.0,0.36618227,3.2491555,1.670291,0.0,1.7112722,3.3068457,0.0,3.2384024,0.0,0.0,0.0,4.2881546,3.9534693,0.30307966,0.0,3.8085046,1.2609824,0.0,0.0,2.8563395,1.4868976,0.8974216,0.0,0.5448128,4.751202,3.2263203,3.0030735,0.0,0.0,0.0,1.0316765,0.66374034,0.0,0.0,2.3773866,1.5524852,0.0,5.0538707,0.0,2.0893042,0.4618006,0.0,0.0,0.47808772,2.6009321,0.0,0.0,2.804107,0.08404925,2.7184792,0.7108868,0.0,0.0,0.85150546,2.4795153,0.0,0.0,0.0,0.090227544,0.06616635,2.807417,0.0,0.35468915,0.0,0.41470563,2.4679592,1.6754116,0.0,1.0647919,2.5396454,0.0,2.7873592,0.0,0.0,0.0,3.47643,2.837826,0.28627732,0.03161775,2.7667837,1.2723064,0.27172586,0.07140689,2.3182116,0.79385513,1.1396221,0.0,0.7290259,3.4983017,2.250022,2.2039459,0.050857842,0.013002441,0.40994847,0.86827755,1.0528555,0.0,0.0,1.8477207,1.2925454,0.0,3.7546148,0.0,2.1023643,0.6970548,0.0,0.004948447,0.43676415,2.1779385,0.5695953
C000497,0.0,4.748954,0.0,4.1849966,0.0,0.0,0.0,1.322895,4.077856,0.0,0.0,0.0,0.0,0.0,4.553611,0.0,0.13127246,0.0,0.0,3.8062406,2.4160001,0.0,0.60812235,3.4525928,0.0,3.7182646,0.1438452,0.0,0.0,4.801029,4.2620254,0.37172046,0.0,4.080956,2.2314837,0.0,0.0,3.32861,0.4756386,1.5236974,0.0,1.1368798,4.7953997,3.3099542,3.8292518,0.0,0.0,0.3423121,0.99895215,1.570714,0.0,0.0,2.8951707,1.3407818,0.0,5.1645555,0.0,2.4144711,1.2940309,0.0,0.0,0.0,3.4134014,0.28599963,0.0,4.748954,0.0,4.1849966,0.0,0.0,0.0,1.322895,4.077856,0.0,0.0,0.0,0.0,0.0,4.553611,0.0,0.13127246,0.0,0.0,3.8062406,2.4160001,0.0,0.60812235,3.4525928,0.0,3.7182646,0.1438452,0.0,0.0,4.801029,4.2620254,0.37172046,0.0,4.080956,2.2314837,0.0,0.0,3.32861,0.4756386,1.5236974,0.0,1.1368798,4.7953997,3.3099542,3.8292518,0.0,0.0,0.3423121,0.99895215,1.570714,0.0,0.0,2.8951707,1.3407818,0.0,5.1645555,0.0,2.4144711,1.2940309,0.0,0.0,0.0,3.4134014,0.28599963
C000498,0.0,5.2659802,0.0,4.5480413,0.0,0.0,0.0,1.5478469,4.5064483,0.0,0.0,0.0,0.0,0.0,5.0286765,0.0,0.24344437,0.0,0.0,4.170088,2.7167761,0.0,0.55687636,3.811788,0.0,4.215868,0.12780133,0.0,0.0,5.329979,4.6106067,0.54409236,0.0,4.5735846,2.679678,0.0,0.0,3.6608446,0.40588516,1.8074943,0.0,1.4677275,5.1383047,3.5457587,4.256547,0.0,0.0,0.5676535,1.1990026,1.8102305,0.0,0.0,3.2121224,1.4881855,0.0,5.5953703,0.0,2.8431854,1.6064732,0.0,0.0,0.0,3.900533,0.4882537,0.0,5.2659802,0.0,4.5480413,0.0,0.0,0.0,1.5478469,4.5064483,0.0,0.0,0.0,0.0,0.0,5.0286765,0.0,0.24344437,0.0,0.0,4.170088,2.7167761,0.0,0.55687636,3.811788,0.0,4.215868,0.12780133,0.0,0.0,5.329979,4.6106067,0.54409236,0.0,4.5735846,2.679678,0.0,0.0,3.6608446,0.40588516,1.8074943,0.0,1.4677275,5.1383047,3.5457587,4.256547,0.0,0.0,0.5676535,1.1990026,1.8102305,0.0,0.0,3.2121224,1.4881855,0.0,5.5953703,0.0,2.8431854,1.6064732,0.0,0.0,0.0,3.900533,0.4882537
C000499,0.0,0.0,5.427689,0.0,10.519062,0.0,0.0,10.292419,0.0,2.3924549,0.0,0.0,10.734515,10.013798,0.0,6.9834104,9.159203,9.439473,9.090123,0.0,7.02439,8.64007,2.2884018,0.8694135,0.0,6.4293833,0.0,9.673248,0.0,0.0,0.0,0.0,7.1032104,0.0,0.85399663,9.090906,10.864218,0.0,2.047867,8.227016,1.1843239,5.118225,0.0,0.24059975,0.0,6.901884,2.3578777,6.9149446,0.0,9.714506,0.0,0.0,0.0,1.5919375,0.0,0.0,9.779174,6.689957,3.8526123,0.4799031,12.017618,8.393431,0.0,9.708443,0.0,1.890903,4.1842184,1.6922785,6.960868,0.0,0.0,8.785168,1.2121143,0.8113071,0.0,0.0,6.8932886,6.7141895,1.5038159,4.104255,6.9867377,5.9992924,6.1197977,1.5278604,6.3191533,4.8009853,1.3532479,2.922844,0.0,6.9094296,0.0,4.7770834,0.0,2.1654575,1.9192017,0.08367983,4.7153015,1.9931792,2.8041034,6.463606,6.974299,2.157269,0.85501474,7.551543,0.32030123,4.882907,2.0425014,1.5816629,1.6359614,4.29717,1.010831,6.253167,0.35035086,7.9649906,0.0,0.0,1.018468,2.165865,0.0,2.6912076,4.9284,7.522759,4.401274,0.036915623,7.7840366,5.513261,1.9899491,8.062926
C000500,0.0,5.07775,0.0,4.419758,0.0,0.0,0.0,1.4447359,4.3565764,0.0,0.0,0.0,0.0,0.0,4.8604884,0.0,0.18976656,0.0,0.0,4.0375113,2.59401,0.0,0.58173215,3.685242,0.0,4.0227776,0.13439447,0.0,0.0,5.1387243,4.489235,0.4841375,0.0,4.403348,2.512756,0.0,0.0,3.5437078,0.44164065,1.6871576,0.0,1.3397741,5.0171843,3.46518,4.108858,0.0,0.0,0.47038698,1.1237433,1.7091242,0.0,0.0,3.1054587,1.4398807,0.0,5.443994,0.0,2.669736,1.4856623,0.0,0.0,0.0,3.7228658,0.38978177,0.0,5.07775,0.0,4.419758,0.0,0.0,0.0,1.4447359,4.3565764,0.0,0.0,0.0,0.0,0.0,4.8604884,0.0,0.18976656,0.0,0.0,4.0375113,2.59401,0.0,0.58173215,3.685242,0.0,4.0227776,0.13439447,0.0,0.0,5.1387243,4.489235,0.4841375,0.0,4.403348,2.512756,0.0,0.0,3.5437078,0.44164065,1.6871576,0.0,1.3397741,5.0171843,3.46518,4.108858,0.0,0.0,0.47038698,1.1237433,1.7091242,0.0,0.0,3.1054587,1.4398807,0.0,5.443994,0.0,2.669736,1.4856623,0.0,0.0,0.0,3.7228658,0.38978177
C000501,0.0,5.251976,0.0,4.8594356,0.6013242,0.0,0.0,0.41530997,4.0723786,0.0,0.0,0.0,0.0,0.0,5.142109,0.0,0.0,0.0,0.30521676,4.2964134,2.220605,0.0,1.8398342,4.2730975,0.0,4.3538013,0.0,0.0,0.0,5.4242086,5.409749,1.188161,0.0,5.7328234,1.8677949,0.0,0.0,3.9376087,1.627903,1.1932958,0.0,1.0654236,6.028118,4.421083,4.315547,0.0,0.0,0.17369035,2.045425,0.47187328,0.0,0.0,3.1596146,2.143968,0.0,6.5379725,0.0,3.012418,1.0480841,0.0,0.0,0.3522683,3.920901,0.24839282,0.0,3.860486,0.0,3.5420759,0.37713954,0.0,0.0,0.6849278,3.1665092,0.0,0.0,0.0,0.0,0.0,3.7832906,0.0,0.14348064,0.0,0.15260838,3.175099,1.878379,0.0,1.0471785,3.0858207,0.0,3.283449,0.004823409,0.0,0.0,4.095645,3.7818263,0.653974,0.0,3.8516953,1.5924253,0.0037487932,0.0,2.890792,0.9041051,1.1143241,0.0,0.8906024,4.3034353,3.048547,3.0936203,0.0,0.0011657793,0.24873883,1.2493333,0.7983325,0.0,0.0,2.3711605,1.502893,0.0,4.6528664,0.0,2.2496464,0.89873314,0.0,0.0,0.20047134,2.932766,0.3477583
C000502,0.0,1.4373405,0.0,1.501298,0.32484463,0.0,0.0,0.6369452,1.3804361,0.0,0.0,0.0,0.15169737,0.0,1.4529738,0.0,0.31523466,0.0,0.15344585,1.321743,1.0332316,0.0,0.27986386,1.3362546,0.0,1.4837005,0.0,0.0,0.0,1.598723,1.2980586,0.0,0.0,1.2430884,0.80862516,0.17784727,0.0,1.1993243,0.1089323,0.68330264,0.0,0.29097027,1.6541573,1.168495,1.0054713,0.0,0.03690854,0.30561364,0.12397596,0.83252656,0.0,0.0,0.94343394,0.57810557,0.0,1.6862764,0.0,0.9322784,0.37484345,0.0,0.0,0.20769262,1.0644121,0.4180679,0.0,1.5639933,4.1528897,1.2002671,6.363158,0.0,0.0,9.441991,1.1519859,1.1378345,0.0,0.0,6.453542,6.934606,1.2274854,4.0641146,7.5619,5.1998687,5.5274,1.1687412,6.2737103,4.7804856,0.36267164,2.314197,0.0,6.6632013,0.0,4.830032,0.0,1.8331535,1.1877542,0.13043675,5.196146,1.1680251,3.2148776,6.473966,6.3613634,2.2526407,0.29891902,8.022848,0.88430595,4.8083277,1.6154563,0.8901316,0.9101178,4.4216948,1.3649046,6.8312216,0.4925998,8.080342,0.0,0.0,0.8257365,1.6305573,0.0,1.6568972,4.296727,8.011179,5.3599706,0.10483615,7.592067,4.9600625,1.9641507,8.552726
C000503,0.0,4.748954,0.0,4.1849966,0.0,0.0,0.0,1.322895,4.077856,0.0,0.0,0.0,0.0,0.0,4.553611,0.0,0.13127246,0.0,0.0,3.8062406,2.4160001,0.0,0.60812235,3.4525928,0.0,3.7182646,0.1438452,0.0,0.0,4.801029,4.2620254,0.37172046,0.0,4.080956,2.2314837,0.0,0.0,3.32861,0.4756386,1.5236974,0.0,1.1368798,4.7953997,3.3099542,3.8292518,0.0,0.0,0.3423121,0.99895215,1.570714,0.0,0.0,2.8951707,1.3407818,0.0,5.1645555,0.0,2.4144711,1.2940309,0.0,0.0,0.0,3.4134014,0.28599963,0.0,4.748954,0.0,4.1849966,0.0,0.0,0.0,1.322895,4.077856,0.0,0.0,0.0,0.0,0.0,4.553611,0.0,0.13127246,0.0,0.0,3.8062406,2.4160001,0.0,0.60812235,3.4525928,0.0,3.7182646,0.1438452,0.0,0.0,4.801029,4.2620254,0.37172046,0.0,4.080956,2.2314837,0.0,0.0,3.32861,0.4756386,1.5236974,0.0,1.1368798,4.7953997,3.3099542,3.8292518,0.0,0.0,0.3423121,0.99895215,1.570714,0.0,0.0,2.8951707,1.3407818,0.0,5.1645555,0.0,2.4144711,1.2940309,0.0,0.0,0.0,3.4134014,0.28599963
C000504,0.0,0.8747916,7.3879566,2.1292813,15.044163,0.0,0.0,14.58103,0.0,2.3015995,0.0,0.0,14.283796,12.555262,0.76985466,8.777763,12.258241,13.492467,13.638772,1.562587,11.278516,10.089133,5.1757364,4.267225,0.0,11.456475,0.0,11.934058,0.0,1.3185699,2.7784095,0.0,9.181922,4.140732,3.0840354,12.793211,14.500145,1.840104,4.4425855,11.676028,0.38488173,7.8925157,2.700089,3.2354217,2.60813,9.042337,1.9066074,9.330609,0.0,13.908945,0.0,0.0,0.9431625,3.9321024,0.0,4.917086,12.990682,10.839948,4.8417583,0.0,15.462946,12.258064,0.20474839,13.564629,0.0,1.6574707,4.9441595,1.4093038,8.453466,0.0,0.0,10.60967,0.97586834,1.3749583,0.0,0.0,8.323778,8.142296,1.1622488,5.233634,8.463247,7.2540483,7.6371,1.3185068,7.3825774,6.059513,1.4585412,2.8827772,0.0,7.8126755,0.0,6.4007387,0.0,1.7628483,1.6624073,0.00016837419,5.980605,1.8215754,3.1829836,7.9623938,8.438737,2.0566175,1.0318729,8.672163,0.6090191,5.5542116,1.9079707,1.319032,1.2779876,5.51404,1.3367982,7.2515907,0.27975935,9.389284,0.0,0.0,0.8635062,2.4467854,0.0,2.5589724,6.438468,8.472668,5.052815,0.060332578,9.438959,6.863453,1.58091,9.664823
C000505,0.0,4.6711755,0.0,4.1321087,0.0,0.0,0.0,1.2967612,4.0125737,0.0,0.0,0.0,0.0,0.0,4.4840894,0.0,0.11891499,0.0,0.0,3.7499034,2.3751965,0.0,0.61289674,3.396669,0.0,3.6470957,0.14580995,0.0,0.0,4.7230945,4.208521,0.34497592,0.0,4.005937,2.1660519,0.0,0.0,3.2791052,0.48450363,1.4850314,0.0,1.0904719,4.745928,3.2735968,3.7641635,0.0,0.0,0.31250042,0.96931064,1.5395072,0.0,0.0,2.8459854,1.3164245,0.0,5.1011653,0.0,2.357296,1.249969,0.0,0.0,0.0,3.3426545,0.26232406,0.0,4.6711755,0.0,4.1321087,0.0,0.0,0.0,1.2967612,4.0125737,0.0,0.0,0.0,0.0,0.0,4.4840894,0.0,0.11891499,0.0,0.0,3.7499034,2.3751965,0.0,0.61289674,3.396669,0.0,3.6470957,0.14580995,0.0,0.0,4.7230945,4.208521,0.34497592,0.0,4.005937,2.1660519,0.0,0.0,3.2791052,0.48450363,1.4850314,0.0,1.0904719,4.745928,3.2735968,3.7641635,0.0,0.0,0.31250042,0.96931064,1.5395072,0.0,0.0,2.8459854,1.3164245,0.0,5.1011653,0.0,2.357296,1.249969,0.0,0.0,0.0,3.3426545,0.26232406
C000506,0.0,3.180452,0.0,2.9333754,0.0,0.0,0.0,0.7680059,2.8165057,0.0,0.0,0.0,0.0,0.0,3.1106076,0.0,0.04238809,0.0,0.0,2.6462724,1.6449516,0.0,0.46412507,2.3948023,0.0,2.575285,0.11389368,0.0,0.0,3.2876892,2.9234362,0.22053885,0.0,2.7918582,1.456116,0.0,0.0,2.2930455,0.37582675,0.9102964,0.0,0.6566874,3.3700097,2.3685193,2.5323908,0.0,0.0,0.1329859,0.59333795,1.049684,0.0,0.0,1.9940838,0.9357698,0.0,3.6094782,0.0,1.5079657,0.75334203,0.0,0.0,0.0,2.3005888,0.09203237,0.0,2.5608835,0.86825085,2.3159287,1.6181222,0.0,0.0,2.7984257,2.1574833,0.0,0.0,0.0,1.1603242,1.2659613,2.34284,0.3192102,1.8396701,0.9361357,1.3211253,2.0760536,2.620549,0.49856916,0.4939176,2.3501842,0.0,3.5263987,0.01898228,0.3875773,0.0,3.0617745,2.256655,0.1304064,0.766248,2.1664364,1.8467668,1.570641,1.2559743,2.266147,0.3432393,2.5645561,0.0,1.6720548,2.8268278,1.7096514,1.7817026,0.6784847,0.10489038,1.7670041,0.70095867,2.5912316,0.0,0.0,1.5646161,1.2887945,0.0,2.918553,0.28111348,3.28121,1.6923504,0.0,1.1437145,1.1815001,2.2186491,2.2799356
C000507,0.0,5.1719646,0.0,4.483232,0.0,0.0,0.0,1.494397,4.431928,0.0,0.0,0.0,0.0,0.0,4.944562,0.0,0.21410017,0.0,0.0,4.1032906,2.6543455,0.0,0.56954753,3.7479706,0.0,4.117673,0.13112259,0.0,0.0,5.2333393,4.5499883,0.5148298,0.0,4.4879475,2.5963287,0.0,0.0,3.6012723,0.42493197,1.7452637,0.0,1.402808,5.076772,3.504819,4.183442,0.0,0.0,0.5173289,1.1610245,1.7578404,0.0,0.0,3.1594954,1.464017,0.0,5.5209675,0.0,2.754617,1.5455703,0.0,0.0,0.0,3.8106258,0.4368088,0.0,5.1719646,0.0,4.483232,0.0,0.0,0.0,1.494397,4.431928,0.0,0.0,0.0,0.0,0.0,4.944562,0.0,0.21410017,0.0,0.0,4.1032906,2.6543455,0.0,0.56954753,3.7479706,0.0,4.117673,0.13112259,0.0,0.0,5.2333393,4.5499883,0.5148298,0.0,4.4879475,2.5963287,0.0,0.0,3.6012723,0.42493197,1.7452637,0.0,1.402808,5.076772,3.504819,4.183442,0.0,0.0,0.5173289,1.1610245,1.7578404,0.0,0.0,3.1594954,1.464017,0.0,5.5209675,0.0,2.754617,1.5455703,0.0,0.0,0.0,3.8106258,0.4368088
C000508,0.0,1.8331368,0.0,1.818452,0.19877689,0.0,0.0,0.57989365,1.7137753,0.0,0.0,0.0,0.0,0.0,1.8102014,0.0,0.13214529,0.0,0.0,1.6403341,1.1204705,0.0,0.29837966,1.4691042,0.0,1.5897237,0.07030284,0.0,0.0,2.03334,1.7433993,0.0010577403,0.0,1.4600906,0.792746,0.0,0.0,1.4366825,0.1705358,0.5543269,0.0,0.2717991,2.0823417,1.4505299,1.3846283,0.0,0.0,0.06719093,0.30053705,0.78764,0.0,0.0,1.2047584,0.6158237,0.0,2.2431848,0.0,0.9352375,0.36431527,0.0,0.0,0.08329749,1.3209203,0.14950062,0.0,2.6998606,0.9431248,2.2409563,1.7614455,0.0,0.0,2.8315668,2.1567461,0.0,0.0,0.0,1.195557,1.2444414,2.5047767,0.48879623,1.8155708,0.96672046,1.3815596,2.137701,2.6955862,0.545936,0.7169303,2.498875,0.0,3.6457722,0.007811426,0.27832177,0.0,3.0980482,2.3649373,0.33613494,0.8370742,2.3563168,1.943825,1.6456008,1.3441162,2.413045,0.60580456,2.744666,0.003730758,1.8432963,2.8786287,1.794163,1.895713,0.71730226,0.14514616,1.946153,0.9423689,2.5250366,0.0,0.0,1.5944688,1.4640535,0.0,3.0709686,0.23498556,3.558929,1.9436296,0.0,1.2637031,1.3574227,2.4413583,2.575515
C000509,0.0,3.1633458,2.2136285,3.5045779,4.6937337,0.0,0.0,5.078611,2.472448,0.0,0.0,0.0,3.9126878,3.6996694,3.1055958,1.7706254,3.8641295,3.9630606,3.8252754,2.965908,5.0529294,2.53368,2.2167902,3.5941162,0.0,6.3065405,0.0,2.1252658,0.0,3.9191437,3.6163263,0.0,1.6551119,4.39606,2.118129,3.5690393,4.0519543,2.5370255,2.1585362,4.401257,0.0,3.3830638,3.8338532,3.4170241,3.3015425,1.9542737,0.25155142,2.908343,0.35201174,5.5198283,0.0,0.0,2.2825372,1.9504454,0.0,5.0738616,2.345959,5.128772,1.7520263,0.0,4.2900124,3.509851,2.5563056,4.3389277,0.0,1.4814352,3.5151978,1.0785007,5.9211187,0.0,0.0,7.3689604,0.7932013,0.6766671,0.0,0.0,5.897757,5.858184,1.0573647,3.5258567,5.933162,5.0359206,5.148944,1.1371557,5.4044905,4.3568034,1.0895246,2.2609193,0.0,5.855541,0.0,4.2470427,0.0,1.5329081,1.3013108,0.0,3.8949406,1.440237,2.2036512,5.3473477,5.989502,1.5776776,0.6669795,6.201092,0.29787245,4.143345,1.444532,1.0468925,1.0815498,3.6654563,0.95696384,5.0344963,0.17566487,6.733417,0.0,0.0,0.73454756,1.7557837,0.0,1.8906032,4.2743287,6.2248244,3.492647,0.010984421,6.592255,4.5953307,1.4367427,6.778633
C000510,0.0,2.484262,0.2835105,2.5760288,1.2774271,0.0,0.0,0.0,1.8339319,0.0,0.0,0.0,0.0,0.0,2.7376587,0.0,0.0,0.284909,1.0567945,2.3058133,1.2421551,0.0,1.4894989,2.4398649,0.0,2.3730354,0.0,0.0,0.0,2.5092373,2.9978638,0.80816996,0.0,3.3822656,0.47759154,0.42336285,0.24758622,2.010322,1.6061012,0.49907997,0.0,0.30654725,3.0817246,2.7306914,1.9958625,0.0,0.0,0.2321458,1.1620473,0.14451024,0.0,0.0,1.4261022,1.5892577,0.0,3.7102242,0.0,1.7011654,0.3369205,0.0,0.0,0.94336134,1.7937821,0.47041473,0.0,2.2779124,1.2136148,1.8023624,2.1225998,0.0,0.0,3.0618389,1.7951719,0.0066026053,0.0,0.0,1.5709262,1.898872,2.043544,0.64135706,2.2260165,1.139469,1.7324368,1.7254915,2.6504328,0.86309403,0.5723495,2.324787,0.0,3.5805328,0.0006990582,0.67499757,0.0,2.689461,1.9633049,0.16497451,1.2025653,1.900699,1.6780467,1.797895,1.773601,2.02187,0.39858595,2.9192429,0.0,1.8018103,2.4107082,1.4198912,1.4150034,0.9851356,0.1951827,2.2146184,0.8300226,2.7605696,0.0,0.0,1.3085409,1.3251334,0.0,2.4181967,0.48055652,3.6129282,1.9719933,0.0,1.7372698,1.5353409,2.0719135,2.7607028
C000511,0.0,2.847332,0.0,2.6933818,0.0,0.0,0.0,0.7601092,2.4670036,0.0,0.0,0.0,0.0,0.0,2.792837,0.0,0.06591174,0.0,0.0,2.3358614,1.492089,0.0,0.43198738,2.1879957,0.0,2.2482347,0.09466008,0.0,0.0,2.9312043,2.6273856,0.108024605,0.0,2.449903,1.2199103,0.0,0.0,2.090051,0.3508919,0.81407356,0.0,0.5023193,3.039858,2.1305032,2.212138,0.0,0.0,0.106185734,0.48880476,0.9634168,0.0,0.0,1.8089484,0.799843,0.0,3.2216885,0.0,1.3676844,0.621201,0.0,0.0,0.0,1.9669546,0.106003635,0.0,3.38873,0.11892427,3.3599796,0.67002004,0.0,0.0,0.82437533,2.722808,0.0,0.0,0.0,0.0,0.0,3.3858647,0.0,0.03295587,0.0,0.4133134,2.784447,1.753919,0.0,1.0833784,2.8225837,0.0,3.0934634,0.04733004,0.0,0.0,3.8261178,3.5154788,0.5349557,0.0,3.5251174,1.4195666,0.3025928,0.0,2.677699,0.844067,0.9763587,0.0,0.8763665,3.9810843,2.6825686,2.6735525,0.0,0.0,0.327833,1.1516292,0.7252789,0.0,0.0,2.1535237,1.4573604,0.0,4.193494,0.0,2.3539028,0.7995064,0.0,0.0,0.32429025,2.7292066,0.38602608
C000512,0.0,5.07775,0.0,4.419758,0.0,0.0,0.0,1.4447359,4.3565764,0.0,0.0,0.0,0.0,0.0,4.8604884,0.0,0.18976656,0.0,0.0,4.0375113,2.59401,0.0,0.58173215,3.685242,0.0,4.0227776,0.13439447,0.0,0.0,5.1387243,4.489235,0.4841375,0.0,4.403348,2.512756,0.0,0.0,3.5437078,0.44164065,1.6871576,0.0,1.3397741,5.0171843,3.46518,4.108858,0.0,0.0,0.47038698,1.1237433,1.7091242,0.0,0.0,3.1054587,1.4398807,0.0,5.443994,0.0,2.669736,1.4856623,0.0,0.0,0.0,3.7228658,0.38978177,0.0,5.07775,0.0,4.419758,0.0,0.0,0.0,1.4447359,4.3565764,0.0,0.0,0.0,0.0,0.0,4.8604884,0.0,0.18976656,0.0,0.0,4.0375113,2.59401,0.0,0.58173215,3.685242,0.0,4.0227776,0.13439447,0.0,0.0,5.1387243,4.489235,0.4841375,0.0,4.403348,2.512756,0.0,0.0,3.5437078,0.44164065,1.6871576,0.0,1.3397741,5.0171843,3.46518,4.108858,0.0,0.0,0.47038698,1.1237433,1.7091242,0.0,0.0,3.1054587,1.4398807,0.0,5.443994,0.0,2.669736,1.4856623,0.0,0.0,0.0,3.7228658,0.38978177
C000513,0.0,3.363422,0.0,3.063068,0.0,0.0,0.0,0.82037055,2.9832137,0.0,0.0,0.0,0.0,0.0,3.274874,0.0,0.05794649,0.0,0.0,2.792378,1.740659,0.0,0.46438047,2.5288992,0.0,2.7510538,0.11477094,0.0,0.0,3.4780407,3.0652134,0.27546716,0.0,2.9626637,1.5988255,0.0,0.0,2.415033,0.36068735,1.0056864,0.0,0.7555013,3.502952,2.466526,2.690513,0.0,0.0,0.18957667,0.6598479,1.1186035,0.0,0.0,2.102735,0.9988928,0.0,3.7748141,0.0,1.6315721,0.8443226,0.0,0.0,0.0,2.4634771,0.14169903,0.0,4.0178595,0.0,3.8419664,0.5577015,0.0,0.0,0.65865993,3.255899,0.0,0.0,0.0,0.0,0.0,3.96587,0.0,0.028973244,0.0,0.30972016,3.2870638,1.8374177,0.0,1.2382414,3.178752,0.0,3.3556304,0.05738547,0.0,0.0,4.2287703,4.1247945,0.70181715,0.0,4.15493,1.5040739,0.028443173,0.0,3.0285003,1.030961,1.0051985,0.0,0.8524283,4.5703325,3.2484443,3.222899,0.0,0.0,0.19985321,1.3889964,0.5908329,0.0,0.0,2.4662745,1.5765654,0.0,4.865093,0.0,2.325439,0.8101573,0.0,0.0,0.27924478,3.0829535,0.23490158
C000514,0.0,3.5441663,0.0,3.1901937,0.0,0.0,0.0,0.8875165,3.1330044,0.0,0.0,0.0,0.0,0.0,3.432626,0.0,0.077744424,0.0,0.0,2.9238605,1.8377061,0.0,0.4608138,2.6677163,0.0,2.919095,0.11102476,0.0,0.0,3.6648383,3.1982462,0.32430544,0.0,3.1296253,1.7474279,0.0,0.0,2.5394437,0.34056556,1.115557,0.0,0.8543542,3.6207116,2.555417,2.8422282,0.0,0.0,0.26073313,0.7222269,1.1915828,0.0,0.0,2.213327,1.0567927,0.0,3.9221187,0.0,1.7635967,0.9400725,0.0,0.0,0.0,2.6147456,0.2114136,0.0,4.154379,0.0,3.9479654,0.5796286,0.0,0.0,0.7221098,3.3540034,0.0,0.0,0.0,0.0,0.0,4.1026726,0.0,0.038872212,0.0,0.33983475,3.4001799,1.9181993,0.0,1.2386352,3.283908,0.0,3.461886,0.05551238,0.0,0.0,4.34214,4.241981,0.751617,0.0,4.308647,1.5819288,0.029355332,0.0,3.1435785,1.038806,1.1010025,0.0,0.9114144,4.651245,3.348621,3.347378,0.0,0.0,0.2746421,1.4736124,0.62754524,0.0,0.0,2.5417583,1.6349396,0.0,4.9803495,0.0,2.4374392,0.8753414,0.0,0.0,0.30606025,3.1912222,0.32112372
C000515,0.0,4.1556234,0.0,3.979269,0.73512566,0.0,0.0,0.05723813,3.1348438,0.0,0.0,0.0,0.0,0.0,4.147607,0.0,0.0,0.0,0.47760898,3.5385606,1.698261,0.0,1.7634854,3.4847386,0.0,3.405129,0.0,0.0,0.0,4.2532473,4.5944834,0.90063334,0.0,4.708315,1.1317222,0.0,0.0,3.1787152,1.6688809,0.7058808,0.0,0.54403436,5.100252,3.8440397,3.4187348,0.0,0.0,0.0,1.6423066,0.059766054,0.0,0.0,2.473186,1.8202603,0.0,5.503342,0.0,2.2665482,0.52958727,0.0,0.0,0.49597523,2.9741535,0.019509256,0.0,3.3037856,0.0,3.082597,0.44513315,0.0,0.0,0.53389317,2.6696534,0.0,0.0,0.0,0.0,0.0,3.2641544,0.0,0.17301863,0.0,0.23880449,2.7757573,1.615696,0.0,1.0036224,2.6903968,0.0,2.8074262,0.0,0.0,0.0,3.4910743,3.3435977,0.5080114,0.0,3.330572,1.2284628,0.025181342,0.0,2.506176,0.89725816,0.9023541,0.0,0.64014614,3.7966995,2.7368102,2.6170063,0.0,0.0,0.19333519,1.0544623,0.6028144,0.0,0.0,2.015922,1.3356203,0.0,4.081594,0.0,1.8973584,0.64533305,0.0,0.0,0.2677936,2.4435253,0.27411142
C000516,0.0,0.9305129,4.846094,1.5603987,9.288239,0.0,0.0,10.316863,0.7111043,1.6248553,0.0,0.0,9.078657,8.153928,1.0683583,5.557225,8.303044,8.009379,8.573102,1.7467183,7.1907625,6.046471,2.5692554,3.2230418,0.0,7.9575377,0.0,7.031238,0.0,1.4944369,2.1786819,0.0,5.9884815,2.3338156,2.58043,8.667256,9.175676,1.4244585,1.2839905,9.181001,0.6844844,5.004332,1.8247439,1.8261002,1.4579351,5.743894,1.0732566,7.219007,0.0,9.524543,0.0,0.0,0.94734275,2.7088647,0.0,3.1212788,8.000644,8.262866,4.5921865,0.0,9.898605,7.95425,0.7919327,9.658524,0.0,1.9626122,3.3393185,1.8568319,6.1803904,0.0,0.0,7.4561973,1.397218,0.93136346,0.0,0.0,5.7324295,5.472604,1.6770861,3.4093654,5.890397,5.0933504,5.4310126,1.7385595,5.6555896,3.930554,1.3757102,2.8147383,0.0,6.313811,0.0,4.171603,0.0,2.3367786,2.0439696,0.06981035,3.9189858,2.1685243,2.521833,5.64514,5.899111,2.0735743,0.83325243,6.338847,0.38929224,4.047771,2.3673198,1.697362,1.6335049,3.6787007,0.8322288,5.0884295,0.5412582,6.7372994,0.0,0.0,1.1612127,2.0907092,0.0,2.8899481,4.4057355,6.549315,3.600122,0.03216828,6.2226458,4.9191713,1.7361047,6.8480134
C000517,0.0,3.6420958,0.0,3.2628312,0.0,0.0,0.0,0.9356183,3.2092636,0.0,0.0,0.0,0.0,0.0,3.5164528,0.0,0.101551756,0.0,0.0,2.9886527,1.89434,0.0,0.4577199,2.7447028,0.0,3.0113106,0.107794784,0.0,0.0,3.7690163,3.26599,0.3434103,0.0,3.2252946,1.828978,0.0,0.0,2.6070542,0.32683486,1.179941,0.0,0.9090655,3.688353,2.6009922,2.9208002,0.0,0.0,0.3064151,0.7552197,1.2433429,0.0,0.0,2.275672,1.0854595,0.0,3.9967117,0.0,1.8441731,0.99372864,0.0,0.0,0.0,2.6956751,0.25782657,0.0,2.1705813,1.9656963,1.523887,3.0954792,0.0,0.0,4.7986827,1.6315795,0.35271463,0.0,0.0,2.763556,3.1412313,1.7320483,1.6257764,3.5760226,2.0561557,2.5765636,1.5238527,3.6973393,1.8587141,0.40076903,2.2392957,0.0,4.3882523,0.0076996274,1.7300886,0.0,2.4574277,1.6264658,0.19853863,2.2503011,1.5392884,2.2708104,3.0214372,2.808953,2.1710224,0.22015378,4.3473535,0.25477183,2.6765366,2.063209,1.1391984,1.2210118,1.896067,0.57378143,3.4753382,0.80494076,4.031404,0.0,0.0,1.0557042,1.4149723,0.0,2.0905147,1.4518793,4.8411455,3.018526,0.005638814,3.1633725,2.3979454,2.2233298,4.421395
C000518,0.0,5.179059,0.6060595,4.75096,1.2813463,0.0,0.0,1.7980454,3.7838902,0.0,0.0,0.0,0.0,0.0,4.9874845,0.0,0.14688888,0.0,0.8795688,4.091043,3.1363316,0.0,1.2636329,4.6011615,0.0,4.6689367,0.0,0.0,0.0,5.123663,5.0987954,1.12242,0.0,5.5527296,2.2468305,0.61843574,0.0,4.316942,1.0088333,2.7029126,0.0,1.4255297,5.544225,4.308418,4.2306337,0.0,0.0,1.7086055,2.2300572,1.391679,0.0,0.0,3.2150629,2.0613303,0.0,5.9679246,0.0,4.2467837,1.7246524,0.0,0.0,0.8865953,3.8605065,1.9666498,0.0,2.4004152,4.1226034,2.3135202,6.7518144,0.0,0.0,9.367764,1.6760002,1.0473616,0.0,0.0,6.310165,6.438723,1.9367393,4.082631,7.0640993,5.575698,5.932708,1.9471871,6.4952903,4.488757,0.9101459,3.3121052,0.0,7.4919624,0.0007636972,4.6826825,0.0,2.7379289,2.3757026,0.17720531,4.694619,2.4545646,3.4272332,6.609038,6.4591436,2.716956,0.43438038,7.872743,0.60604894,5.056837,2.6676333,1.8772166,1.8213491,4.305049,1.0927941,6.490323,0.9271811,8.003628,0.0,0.0,1.3426733,2.256888,0.0,3.0098536,4.5897675,8.207876,4.8981752,0.02208577,7.3796616,5.4337516,2.6989734,8.426862
C000519,0.0,1.7051313,0.0,1.9940469,1.0299524,0.0,0.0,0.11773014,1.541144,0.0,0.0,0.0,0.08495101,0.0,1.8950622,0.0,0.049998052,0.3522446,0.7895758,1.810595,1.0340321,0.0,1.3538368,2.0578136,0.0,2.1051385,0.0,0.0,0.0,2.467525,2.2072499,0.068728566,0.0,2.188426,0.59150374,0.3349984,0.25525597,1.5289754,1.1349092,0.5360036,0.0,0.13994744,2.6871662,1.8817294,1.4145224,0.0,0.0,0.0,0.5654425,0.41812152,0.0,0.0,1.2873309,1.140259,0.0,3.0239408,0.0,1.3013417,0.018717855,0.0,0.0,0.71308434,1.2093543,0.2034604,0.0,2.1496837,1.4430692,1.7824037,2.3279815,0.0,0.0,3.5875592,1.6539613,0.031217096,0.0,0.0,1.9581879,2.3074632,1.8486024,0.76002187,2.804229,1.4944376,1.9487636,1.6964811,2.9622502,1.1940372,0.41816655,2.221646,0.0,3.8307927,0.0,0.8639687,0.0,2.698338,1.7185223,0.09360177,1.4504911,1.743483,1.9350138,2.1305346,1.9352787,1.9828843,0.21505713,3.253679,0.006649874,2.1266065,2.2855372,1.1998264,1.2596598,1.1554035,0.29475093,2.5450044,0.6955433,3.2664216,0.0,0.0,1.1878809,1.2261089,0.0,2.2763536,0.6906477,3.9786835,2.1225853,0.0,2.07982,1.6105673,2.0327537,3.1650188
C000520,0.0,0.0,7.7697473,1.0879092,15.649157,0.0,0.0,15.538789,0.0,2.4469986,0.0,0.0,15.349369,14.088735,0.0,9.883704,13.602936,14.124985,14.050798,0.5335554,11.694887,11.546133,4.498935,3.4364424,0.0,11.12862,0.0,12.947769,0.0,0.32636428,1.3745289,0.0,10.28031,2.528172,2.7152023,12.971307,15.423244,0.9681649,3.7941868,12.060096,0.6711652,8.2335005,1.6230326,2.080701,1.4344858,9.948725,2.1397605,10.064732,0.0,14.821382,0.0,0.0,0.24767101,3.3577223,0.0,3.2894251,13.918498,10.860728,5.0771937,0.0,16.98301,12.343826,0.0,14.07708,0.0,1.2457793,6.830686,1.2300436,12.38712,0.0,0.0,14.079798,0.6056035,1.7213634,0.0,0.0,12.46473,11.7602825,0.76130134,7.710748,11.49127,11.058072,11.050361,1.2053133,9.959397,9.214364,2.7602584,3.3430748,0.0,10.164801,0.0,9.712012,0.0,1.3220302,1.7178861,0.0,8.359533,1.9756919,3.3322394,10.764001,12.442927,1.6767782,2.067391,10.967051,0.5311509,7.3993535,1.8097686,1.5434133,1.2417194,8.079766,1.9344938,9.350514,0.16702001,12.93661,0.0,0.0,0.64375573,3.0734684,0.0,2.9045823,10.028421,10.643996,5.640258,0.026892483,13.683221,9.780828,1.2718763,12.698717
C000521,0.0,1.3877385,8.182142,1.4910971,14.699535,0.0,0.0,16.06119,0.0,2.7693086,0.0,0.0,14.690823,13.714904,0.25209415,9.391978,13.527696,13.046806,13.49095,0.7721231,11.714882,10.350576,3.4948022,4.04207,0.0,11.572573,0.0,11.747818,0.0,0.9064555,1.717309,0.0,9.777247,2.7763238,3.99206,13.465129,14.78427,2.0614238,2.64605,13.083864,1.0303919,8.318124,1.7546612,1.7812029,1.3818295,9.794578,2.0550299,10.802332,0.0,14.840373,0.0,0.0,0.38768756,3.700643,0.0,3.288906,12.610123,12.288918,6.8020763,0.0,15.916864,11.892458,0.3136623,15.263192,0.0,1.4858214,4.8634815,1.2525389,7.8681755,0.0,0.0,10.382283,0.8874262,1.1865516,0.0,0.0,7.9820457,8.027374,0.91266686,4.9387717,8.407661,6.7990613,7.1153693,1.1146151,6.9710345,5.770492,1.050784,2.7766948,0.0,7.48068,0.0,5.9219656,0.0,1.6751075,1.3856083,0.043766987,5.7719164,1.4140304,3.1582358,7.6037836,8.108854,2.0392752,0.48604807,8.681239,0.59363085,5.4092674,1.6188647,0.9908546,1.070461,5.243382,1.246729,7.2940254,0.2638239,9.243142,0.0,0.0,0.7154616,2.1851375,0.0,2.0595033,5.744672,8.443159,5.209352,0.024600554,9.162358,6.330941,1.6821514,9.5376005
C000522,0.0,2.823563,0.0,2.6899552,0.0,0.0,0.0,0.73641884,2.5154061,0.0,0.0,0.0,0.0,0.0,2.7875295,0.0,0.043590248,0.0,0.0,2.3829052,1.5160232,0.0,0.45384544,2.1486979,0.0,2.2590275,0.11525794,0.0,0.0,2.9447904,2.6678002,0.07692295,0.0,2.3900924,1.1757154,0.0,0.0,2.063716,0.3849321,0.7772321,0.0,0.46867085,3.107021,2.1562033,2.2257407,0.0,0.0,0.039349858,0.4704618,0.97459733,0.0,0.0,1.775665,0.8275386,0.0,3.3069732,0.0,1.3107114,0.5805449,0.0,0.0,0.024614856,1.9783798,0.053021573,0.0,3.7288876,0.0,3.645043,0.50994533,0.0,0.0,0.5415051,3.058503,0.0,0.0,0.0,0.0,0.0,3.679468,0.0,0.021795124,0.0,0.24036117,3.116725,1.7176392,0.0,1.3105167,3.0021882,0.0,3.1779246,0.05762897,0.0,0.0,4.095254,3.9253478,0.5421871,0.0,3.8063319,1.3621817,0.03849356,0.0,2.8313122,1.0441003,0.80031633,0.0,0.72992885,4.507969,3.067928,2.9688096,0.0,0.0,0.019674929,1.1691945,0.56625783,0.0,0.0,2.3310843,1.4993424,0.0,4.7182946,0.0,2.125555,0.69344974,0.0,0.0,0.26575044,2.8703306,0.045891684
C000523,0.0,4.6711755,0.0,4.1321087,0.0,0.0,0.0,1.2967612,4.0125737,0.0,0.0,0.0,0.0,0.0,4.4840894,0.0,0.11891499,0.0,0.0,3.7499034,2.3751965,0.0,0.61289674,3.396669,0.0,3.6470957,0.14580995,0.0,0.0,4.7230945,4.208521,0.34497592,0.0,4.005937,2.1660519,0.0,0.0,3.2791052,0.48450363,1.4850314,0.0,1.0904719,4.745928,3.2735968,3.7641635,0.0,0.0,0.31250042,0.96931064,1.5395072,0.0,0.0,2.8459854,1.3164245,0.0,5.1011653,0.0,2.357296,1.249969,0.0,0.0,0.0,3.3426545,0.26232406,0.0,4.6711755,0.0,4.1321087,0.0,0.0,0.0,1.2967612,4.0125737,0.0,0.0,0.0,0.0,0.0,4.4840894,0.0,0.11891499,0.0,0.0,3.7499034,2.3751965,0.0,0.61289674,3.396669,0.0,3.6470957,0.14580995,0.0,0.0,4.7230945,4.208521,0.34497592,0.0,4.005937,2.1660519,0.0,0.0,3.2791052,0.48450363,1.4850314,0.0,1.0904719,4.745928,3.2735968,3.7641635,0.0,0.0,0.31250042,0.96931064,1.5395072,0.0,0.0,2.8459854,1.3164245,0.0,5.1011653,0.0,2.357296,1.249969,0.0,0.0,0.0,3.3426545,0.26232406
C000524,0.0,4.9106903,0.0,4.300963,0.0,0.0,0.0,1.3791767,4.2158093,0.0,0.0,0.0,0.0,0.0,4.7044935,0.0,0.15785436,0.0,0.0,3.9206975,2.5011885,0.0,0.59680986,3.5690007,0.0,3.8655152,0.1392026,0.0,0.0,4.9690547,4.375079,0.42668068,0.0,4.241102,2.3696866,0.0,0.0,3.435846,0.46065027,1.6025869,0.0,1.2348424,4.904898,3.3874612,3.9682565,0.0,0.0,0.40254334,1.059376,1.6367652,0.0,0.0,3.000523,1.3919424,0.0,5.3023477,0.0,2.5360367,1.3864878,0.0,0.0,0.0,3.5647528,0.3335089,0.0,4.9106903,0.0,4.300963,0.0,0.0,0.0,1.3791767,4.2158093,0.0,0.0,0.0,0.0,0.0,4.7044935,0.0,0.15785436,0.0,0.0,3.9206975,2.5011885,0.0,0.59680986,3.5690007,0.0,3.8655152,0.1392026,0.0,0.0,4.9690547,4.375079,0.42668068,0.0,4.241102,2.3696866,0.0,0.0,3.435846,0.46065027,1.6025869,0.0,1.2348424,4.904898,3.3874612,3.9682565,0.0,0.0,0.40254334,1.059376,1.6367652,0.0,0.0,3.000523,1.3919424,0.0,5.3023477,0.0,2.5360367,1.3864878,0.0,0.0,0.0,3.5647528,0.3335089
C000525,0.0,2.457361,0.0,2.4647264,0.8152205,0.0,0.0,0.11621091,1.9289656,0.0,0.0,0.0,0.0,0.0,2.3525434,0.0,0.0,0.28617638,0.754913,2.258152,1.2456551,0.0,1.4247684,2.3111613,0.0,2.2234507,0.0,0.0,0.0,2.7494476,2.7751553,0.20811091,0.0,2.9223268,0.7300941,0.5291939,0.12262058,1.8399929,1.3341024,0.5705296,0.0,0.3015647,3.067679,2.3200192,1.9464833,0.0,0.0,0.0,0.68738484,0.35066417,0.0,0.0,1.42035,1.4221759,0.0,3.8198786,0.0,1.4334087,0.13025865,0.0,0.0,0.60712314,1.4909997,0.16468352,0.0,1.5695524,1.1434158,1.1880414,2.0728748,0.0,0.0,2.9005368,1.1840026,0.16081089,0.0,0.0,1.796613,1.92329,1.320318,1.0104375,2.1728885,1.3305725,1.7491496,1.2352718,2.3969529,1.2041008,0.4976864,1.7012678,0.0,2.9136994,0.0,1.0602746,0.0,1.8515612,1.2883056,0.041622184,1.3527387,1.2039812,1.3810427,1.9837704,1.8279957,1.5339624,0.3809808,2.6604257,0.1103093,1.5973012,1.6765343,0.95111465,0.855034,1.209951,0.31527907,2.0220485,0.4484249,2.4955266,0.0,0.0,0.7842454,1.1771786,0.0,1.8239706,0.9287903,3.0322678,1.727264,0.0,1.8796079,1.6050854,1.4014782,2.7198923
C000526,0.0,3.9630585,0.0,3.7694612,0.76534283,0.0,0.0,0.00945732,2.9515169,0.0,0.0,0.0,0.0,0.0,3.903713,0.0,0.0,0.0,0.5137009,3.396285,1.6141857,0.0,1.7752845,3.2786555,0.0,3.2388763,0.0,0.0,0.0,4.0884275,4.3887277,0.8324389,0.0,4.489089,1.0567362,0.0,0.0,2.998135,1.663588,0.5845985,0.0,0.4901494,4.8690715,3.6458719,3.2222762,0.0,0.0,0.0,1.529607,0.008390307,0.0,0.0,2.347641,1.7971168,0.0,5.3061743,0.0,2.1269643,0.45945016,0.0,0.0,0.5082983,2.7969906,0.0,0.0,3.1485028,0.0,2.9355874,0.45956138,0.0,0.0,0.4956566,2.5189116,0.0,0.0,0.0,0.0,0.0,3.0831525,0.0,0.16788149,0.0,0.25685045,2.6483784,1.5360405,0.0,1.01891,2.550056,0.0,2.6623392,0.0,0.0,0.0,3.341249,3.189288,0.4546631,0.0,3.16538,1.142278,0.0316006,0.0,2.3816087,0.8970921,0.81344247,0.0,0.577834,3.628565,2.601073,2.4600034,0.0,0.0,0.17802554,0.97920185,0.5488354,0.0,0.0,1.9214859,1.3024316,0.0,3.9218934,0.0,1.7884425,0.57534444,0.0,0.0,0.2802648,2.291885,0.25114307
C000527,0.0,4.6711755,0.0,4.1321087,0.0,0.0,0.0,1.2967612,4.0125737,0.0,0.0,0.0,0.0,0.0,4.4840894,0.0,0.11891499,0.0,0.0,3.7499034,2.3751965,0.0,0.61289674,3.396669,0.0,3.6470957,0.14580995,0.0,0.0,4.7230945,4.208521,0.34497592,0.0,4.005937,2.1660519,0.0,0.0,3.2791052,0.48450363,1.4850314,0.0,1.0904719,4.745928,3.2735968,3.7641635,0.0,0.0,0.31250042,0.96931064,1.5395072,0.0,0.0,2.8459854,1.3164245,0.0,5.1011653,0.0,2.357296,1.249969,0.0,0.0,0.0,3.3426545,0.26232406,0.0,4.6711755,0.0,4.1321087,0.0,0.0,0.0,1.2967612,4.0125737,0.0,0.0,0.0,0.0,0.0,4.4840894,0.0,0.11891499,0.0,0.0,3.7499034,2.3751965,0.0,0.61289674,3.396669,0.0,3.6470957,0.14580995,0.0,0.0,4.7230945,4.208521,0.34497592,0.0,4.005937,2.1660519,0.0,0.0,3.2791052,0.48450363,1.4850314,0.0,1.0904719,4.745928,3.2735968,3.7641635,0.0,0.0,0.31250042,0.96931064,1.5395072,0.0,0.0,2.8459854,1.3164245,0.0,5.1011653,0.0,2.357296,1.249969,0.0,0.0,0.0,3.3426545,0.26232406
C000528,0.0,3.0991464,0.0,3.1362073,0.95242006,0.0,0.0,0.0,2.300859,0.0,0.0,0.0,0.0,0.0,3.20195,0.0,0.0,0.0,0.7285967,2.7629902,1.3100088,0.0,1.5873727,2.8392797,0.0,2.7251816,0.0,0.0,0.0,3.2127979,3.6520576,0.9025525,0.0,3.8577323,0.7170506,0.02296251,0.0,2.4769588,1.5203305,0.49636358,0.0,0.35937202,3.968576,3.1234794,2.5479343,0.0,0.0,0.0,1.5052946,0.0,0.0,0.0,1.8722582,1.5749631,0.0,4.3363395,0.0,1.8800845,0.3040021,0.0,0.0,0.60804045,2.3040493,0.21472108,0.0,3.4936638,0.08950379,3.2670987,0.6855021,0.0,0.0,0.8876955,2.8644238,0.0,0.0,0.0,0.0,0.0,3.4551718,0.0,0.13223056,0.0,0.36277857,2.8850412,1.6766764,0.0,1.0571207,2.8614407,0.0,3.167308,0.0,0.0,0.0,3.8425815,3.5558589,0.75786906,0.0,3.6166608,1.4294538,0.10238411,0.0,2.6438687,0.8006484,1.185292,0.0,0.9416477,3.9772873,2.7354462,2.6830075,0.0,0.0,0.42301288,1.3703833,0.73212695,0.0,0.0,2.1772614,1.466525,0.0,4.1522174,0.0,2.3833644,0.86104584,0.0,0.0,0.42508993,2.9152288,0.54030484
C000529,0.0,2.2884026,0.25690326,2.5337396,1.3754642,0.0,0.0,0.61447364,2.0716205,0.0,0.0,0.0,0.086408645,0.0,2.5038815,0.0,0.0,0.24431492,1.2004435,2.152462,1.4318404,0.0,1.535059,2.49546,0.0,2.7100794,0.0,0.0,0.0,2.6406693,2.8923717,0.62605834,0.0,2.8073962,0.6899374,0.57767946,0.25073534,1.8986676,1.1201296,1.0234983,0.0,0.3232764,3.1967816,2.360001,1.9687322,0.04669772,0.0,0.42268986,1.2184888,0.35644373,0.0,0.0,1.6208551,1.426903,0.0,3.4460912,0.0,2.0330005,0.48852435,0.0,0.0,1.0747744,1.7658758,0.7920965,0.0,1.605388,3.566121,1.365773,5.9827757,0.0,0.0,7.6505594,1.2336296,0.9670665,0.0,0.0,5.9436483,5.9143763,1.3533523,3.6882405,6.1058497,5.0765224,5.1517525,1.270908,5.4218245,4.3662825,0.91656077,2.3590236,0.0,5.9192395,0.0011584824,4.347111,0.0,1.7969811,1.4538684,0.070235565,4.211873,1.3736045,2.380848,5.5542526,6.045355,1.7924807,0.5724523,6.442812,0.48750612,4.1438746,1.7536745,1.1540465,1.1732893,3.7661994,1.0348679,5.309372,0.45424306,6.8708673,0.0,0.0,0.9058088,1.8326435,0.0,2.0313249,4.3055863,6.448698,3.8257952,0.07425214,6.7537885,4.658763,1.6203251,6.9402266
C000530,0.0,3.1188314,0.0,2.891477,0.0,0.0,0.0,0.7446002,2.7718089,0.0,0.0,0.0,0.0,0.0,3.0552945,0.0,0.035149574,0.0,0.0,2.6089103,1.6173308,0.0,0.46929267,2.3420389,0.0,2.5204425,0.118024014,0.0,0.0,3.2298822,2.8826792,0.19787395,0.0,2.727818,1.4010758,0.0,0.0,2.2478962,0.3880881,0.8701135,0.0,0.6194249,3.3428175,2.3437815,2.4823463,0.0,0.0,0.099247605,0.5692803,1.027675,0.0,0.0,1.9522374,0.91980577,0.0,3.5704699,0.0,1.4556763,0.7152367,0.0,0.0,0.0,2.2507377,0.0616135,0.0,3.9306054,0.0,3.7634628,0.53343934,0.0,0.0,0.64014834,3.200673,0.0,0.0,0.0,0.0,0.0,3.8704774,0.0,0.017574787,0.0,0.27169603,3.2153273,1.8061954,0.0,1.2493715,3.1078987,0.0,3.3073997,0.059012007,0.0,0.0,4.203659,4.0351295,0.66228986,0.0,4.0355473,1.485065,0.055392563,0.0,2.9547322,1.0160341,0.95140225,0.0,0.83950603,4.5334377,3.155303,3.1396441,0.0,0.0,0.1633962,1.3126911,0.6058072,0.0,0.0,2.4154048,1.5563964,0.0,4.814484,0.0,2.271222,0.7911319,0.0,0.0,0.2499193,3.0305011,0.18158984
C000531,0.0,2.6413672,0.0,2.7740242,1.0833509,0.0,0.0,0.19631459,2.099493,0.0,0.0,0.0,0.0,0.0,2.5600743,0.0,0.0,0.0,0.614877,2.504506,0.83325267,0.0,1.7523454,2.3481035,0.0,2.554845,0.0,0.0,0.0,3.1912289,3.536871,0.96143216,0.0,3.4427958,0.6263959,0.25524932,0.0,2.172679,1.1383982,0.46206915,0.0,0.51967007,3.5756454,2.6854732,2.0640924,0.0,0.0,0.0,1.5580217,0.0,0.0,0.0,1.8612642,1.365716,0.0,3.582596,0.0,1.9875867,0.2735582,0.0,0.0,0.85742193,2.4864054,0.19893053,0.0,2.762621,0.3413948,2.455466,1.1943892,0.0,0.0,1.4428185,2.2951233,0.0,0.0,0.0,0.37820378,0.4532785,2.6960967,0.110974886,0.75722855,0.30724397,0.7987576,2.3699095,1.8634344,0.15141235,0.96623546,2.4569368,0.0,3.071557,0.0,0.08061994,0.0,3.1611786,2.8171556,0.70558006,0.22789074,2.8004522,1.3532997,0.7121342,0.50985354,2.295695,0.80022985,1.6920285,0.0,1.1696547,3.183298,2.2360332,2.1158087,0.18720913,0.06343488,0.9593919,1.1847848,1.3493475,0.0,0.0,1.7867203,1.331446,0.0,3.3970633,0.02454474,2.6310565,1.1687926,0.0,0.3723317,0.897142,2.4501007,1.3424454
C000532,0.0,4.517453,0.0,4.030518,0.0,0.0,0.0,1.2357278,3.8872411,0.0,0.0,0.0,0.0,0.0,4.348421,0.0,0.087601274,0.0,0.0,3.6410933,2.288518,0.0,0.6286283,3.286436,0.0,3.5031018,0.15119177,0.0,0.0,4.5712194,4.10885,0.2926127,0.0,3.8636827,2.033347,0.0,0.0,3.18525,0.50784117,1.4016508,0.0,0.99505746,4.6559,3.2087321,3.6379929,0.0,0.0,0.24875264,0.90989894,1.471957,0.0,0.0,2.7493343,1.2697273,0.0,4.9852586,0.0,2.2367656,1.1581706,0.0,0.0,0.0,3.2038324,0.20541912,0.0,4.517453,0.0,4.030518,0.0,0.0,0.0,1.2357278,3.8872411,0.0,0.0,0.0,0.0,0.0,4.348421,0.0,0.087601274,0.0,0.0,3.6410933,2.288518,0.0,0.6286283,3.286436,0.0,3.5031018,0.15119177,0.0,0.0,4.5712194,4.10885,0.2926127,0.0,3.8636827,2.033347,0.0,0.0,3.18525,0.50784117,1.4016508,0.0,0.99505746,4.6559,3.2087321,3.6379929,0.0,0.0,0.24875264,0.90989894,1.471957,0.0,0.0,2.7493343,1.2697273,0.0,4.9852586,0.0,2.2367656,1.1581706,0.0,0.0,0.0,3.2038324,0.20541912
C000533,0.0,5.3598413,0.0,4.616248,0.0,0.0,0.0,1.6095928,4.579143,0.0,0.0,0.0,0.0,0.0,5.1125546,0.0,0.2840252,0.0,0.0,4.239031,2.7836053,0.0,0.54288125,3.8784797,0.0,4.3215804,0.12448905,0.0,0.0,5.4313593,4.6707053,0.57014066,0.0,4.6618876,2.762447,0.0,0.0,3.7247481,0.38174075,1.8787977,0.0,1.5370854,5.2044034,3.5896854,4.3263035,0.0,0.0,0.6253228,1.2384818,1.8709615,0.0,0.0,3.2618294,1.5122188,0.0,5.664124,0.0,2.9400327,1.6693242,0.0,0.0,0.0,3.9952252,0.5492611,0.0,5.3598413,0.0,4.616248,0.0,0.0,0.0,1.6095928,4.579143,0.0,0.0,0.0,0.0,0.0,5.1125546,0.0,0.2840252,0.0,0.0,4.239031,2.7836053,0.0,0.54288125,3.8784797,0.0,4.3215804,0.12448905,0.0,0.0,5.4313593,4.6707053,0.57014066,0.0,4.6618876,2.762447,0.0,0.0,3.7247481,0.38174075,1.8787977,0.0,1.5370854,5.2044034,3.5896854,4.3263035,0.0,0.0,0.6253228,1.2384818,1.8709615,0.0,0.0,3.2618294,1.5122188,0.0,5.664124,0.0,2.9400327,1.6693242,0.0,0.0,0.0,3.9952252,0.5492611
C000534,0.0,1.4471132,0.0,1.5058812,0.32564664,0.0,0.0,0.6659067,1.3827956,0.0,0.0,0.0,0.16702238,0.0,1.4626621,0.0,0.33343473,0.0,0.1606938,1.3302195,1.0517409,0.0,0.27298564,1.3511266,0.0,1.5042917,0.0,0.0,0.0,1.601228,1.3004253,0.0,0.0,1.2475618,0.8233225,0.1924571,0.0,1.2103292,0.1019193,0.71185434,0.0,0.30392173,1.656148,1.1746205,1.0090402,0.0,0.042681996,0.33139306,0.12724608,0.8515129,0.0,0.0,0.9485479,0.5793295,0.0,1.6803881,0.0,0.95851105,0.38899335,0.0,0.0,0.21351281,1.0692712,0.44617942,0.0,1.5949118,3.275651,1.1888328,4.9489226,0.0,0.0,7.446808,1.1799257,0.88825303,0.0,0.0,4.955708,5.3154025,1.2566115,3.0129075,5.920195,3.8789365,4.385882,1.1978406,5.0087023,3.6250966,0.34415388,2.109516,0.0,5.41441,0.0,3.7010617,0.0,1.8569777,1.183129,0.09854978,4.074715,1.1456318,2.6930003,5.093642,4.9032364,2.0194755,0.21513833,6.384474,0.6296544,3.7598386,1.6236378,0.85214543,0.8862057,3.3999088,1.0344136,5.3571677,0.5105287,6.2940702,0.0,0.0,0.80617565,1.496657,0.0,1.6351963,3.2320118,6.4960594,4.2749233,0.09789367,5.7186847,3.8678203,1.7339401,6.7756767
C000535,0.0,5.351248,0.0,4.9374366,0.59306365,0.0,0.0,0.4544955,4.1500187,0.0,0.0,0.0,0.0,0.0,5.2455263,0.0,0.0,0.0,0.32890984,4.3510175,2.2711568,0.0,1.8259143,4.3484464,0.0,4.417908,0.0,0.0,0.0,5.491456,5.48207,1.246464,0.0,5.8585873,1.9276884,0.0,0.0,4.004631,1.6259086,1.2614267,0.0,1.1069057,6.066348,4.4896145,4.404498,0.0,0.0,0.23489468,2.115995,0.49563086,0.0,0.0,3.206675,2.1812818,0.0,6.616833,0.0,3.0868683,1.1006846,0.0,0.0,0.3512417,4.003052,0.31381232,0.0,3.950569,0.0,3.6092603,0.3708259,0.0,0.0,0.7190848,3.2391362,0.0,0.0,0.0,0.0,0.0,3.8716917,0.0,0.15330087,0.0,0.16445492,3.2354436,1.9259884,0.0,1.0362731,3.151149,0.0,3.3563316,0.004553646,0.0,0.0,4.172388,3.847825,0.69443536,0.0,3.955669,1.6559789,0.002712911,0.0,2.9510026,0.8970063,1.172554,0.0,0.9364345,4.351783,3.1058972,3.1726208,0.0,0.00054351054,0.29687494,1.2997192,0.83018184,0.0,0.0,2.4156232,1.5351198,0.0,4.7233844,0.0,2.316815,0.9482957,0.0,0.0,0.1940033,3.0135312,0.39589167
C000536,0.0,2.3746827,0.0361491,2.56082,0.875829,0.0,0.0,0.51134294,2.1208384,0.0,0.0,0.0,0.1728282,0.039339125,2.373392,0.0,0.40702993,0.45290643,0.88398695,2.1919537,1.4844627,0.0,1.3086139,2.4166608,0.0,2.5454688,0.0,0.0,0.0,3.0449102,2.6972797,0.0,0.0,2.736702,0.94673854,0.39500752,0.32592216,1.828576,1.2301676,0.86382,0.0,0.4531005,3.1214724,2.2299056,1.989563,0.0,0.0,0.25322372,0.54763544,1.0359268,0.0,0.0,1.6054934,1.2703266,0.0,3.711751,0.0,1.6772567,0.27835968,0.0,0.0,0.7100363,1.6323758,0.33853453,0.0,1.9170959,0.6810495,1.8524327,1.4514139,0.0,0.0,1.8906054,1.6179522,0.0,0.0,0.0,1.0650674,1.1566163,1.7466133,0.12394962,1.4500232,0.85279775,1.2963252,1.654664,1.9747863,0.5185318,0.72248894,2.0250463,0.0,2.7296846,0.0,0.3397355,0.0,2.5475283,1.788991,0.0,0.60630256,1.8096154,1.2630422,1.2504665,1.0403876,1.6731356,0.45837635,1.8837645,0.0,1.1109859,2.2659051,1.3529239,1.258744,0.5775067,0.10689141,1.343465,0.51881254,1.8966385,0.0,0.0,1.1252658,1.1744123,0.0,2.512773,0.15188378,2.5750954,1.0400425,0.0,0.9289276,1.0155946,1.5052714,1.6806883
C000537,0.0,1.7741675,0.0,1.767261,0.19719964,0.0,0.0,0.6231381,1.6309285,0.0,0.0,0.0,0.0,0.0,1.7497923,0.0,0.15949386,0.0,0.0,1.5662334,1.0990586,0.0,0.26170465,1.4579111,0.0,1.5579319,0.05034198,0.0,0.0,1.9463398,1.6686069,0.0014633345,0.0,1.3911612,0.7818091,0.0,0.0,1.399353,0.12992941,0.5864971,0.0,0.2675244,1.9746056,1.3944302,1.3212312,0.0,0.0,0.11614083,0.29223603,0.7840531,0.0,0.0,1.1787152,0.5807934,0.0,2.0996022,0.0,0.97022897,0.37104657,0.0,0.0,0.062805384,1.261765,0.19493929,0.0,2.5211635,0.19472054,2.3604078,0.8815988,0.0,0.0,1.1751064,2.178854,0.0,0.0,0.0,0.27546355,0.30025285,2.48677,0.013449183,0.52316487,0.16598918,0.58289623,2.145956,1.670566,0.058870792,0.80771244,2.2768245,0.0,2.6514,0.010068396,0.029605707,0.0,3.0709057,2.433383,0.30728534,0.19431731,2.3915973,1.3026149,0.5163163,0.35906503,2.1033292,0.5604512,1.3030931,0.0,0.90302145,3.0011678,1.8743212,1.851751,0.16165951,0.02245627,0.6237408,0.82816285,1.2026507,0.0,0.0,1.6198204,1.2595261,0.0,3.188773,0.0,2.226574,0.8673874,0.0,0.2313064,0.5044843,2.0464387,0.8968245
C000538,0.0,4.002213,0.0,3.7375836,0.41679412,0.0,0.0,0.41815025,3.2803245,0.0,0.0,0.0,0.0,0.0,3.9052703,0.0,0.0,0.0,0.32111016,3.258138,1.750494,0.0,1.4765215,3.450635,0.0,3.3341644,0.0,0.0,0.0,4.206444,4.099411,0.683662,0.0,4.19702,1.50454,0.0,0.0,2.998937,1.2261637,1.0917011,0.0,0.70112646,4.4285054,3.2423239,3.2646513,0.0,0.0,0.22976388,1.2816783,0.5507406,0.0,0.0,2.3417327,1.7151619,0.0,5.03738,0.0,2.226156,0.7630666,0.0,0.0,0.2790881,2.7707288,0.23238556,0.0,2.3855941,1.4582729,1.8483877,2.2255278,0.0,0.0,3.543433,1.8545332,0.047186058,0.0,0.0,1.9308101,2.2237608,2.0355775,0.9686687,2.5840108,1.4174331,1.7917582,1.7886881,3.0653048,1.2187966,0.47509804,2.3070982,0.0,3.8829505,0.0014739198,1.0245153,0.0,2.6978245,1.8937856,0.13828062,1.4774204,1.88985,1.9211906,2.0587232,1.9150391,2.196049,0.36880025,3.3509967,0.0,2.128707,2.3814182,1.3968163,1.5059925,1.265254,0.35444057,2.5644455,0.826991,3.0781975,0.0,0.0,1.2825423,1.3039899,0.0,2.4228315,0.82897824,4.000444,2.277346,0.0,2.1713693,1.6343136,2.2102196,3.23207
C000539,0.0,4.991828,0.0,4.3593183,0.0,0.0,0.0,1.4074498,4.2850237,0.0,0.0,0.0,0.0,0.0,4.780303,0.0,0.1712386,0.0,0.0,3.9779902,2.543917,0.0,0.5911205,3.6273685,0.0,3.9392896,0.13687241,0.0,0.0,5.053466,4.431791,0.45418775,0.0,4.321529,2.4390233,0.0,0.0,3.4897325,0.45326936,1.6420499,0.0,1.2839893,4.960003,3.4263883,4.0380507,0.0,0.0,0.43265262,1.0896341,1.6699125,0.0,0.0,3.053471,1.4175625,0.0,5.3716235,0.0,2.597031,1.4328427,0.0,0.0,0.0,3.6407344,0.35724187,0.0,4.991828,0.0,4.3593183,0.0,0.0,0.0,1.4074498,4.2850237,0.0,0.0,0.0,0.0,0.0,4.780303,0.0,0.1712386,0.0,0.0,3.9779902,2.543917,0.0,0.5911205,3.6273685,0.0,3.9392896,0.13687241,0.0,0.0,5.053466,4.431791,0.45418775,0.0,4.321529,2.4390233,0.0,0.0,3.4897325,0.45326936,1.6420499,0.0,1.2839893,4.960003,3.4263883,4.0380507,0.0,0.0,0.43265262,1.0896341,1.6699125,0.0,0.0,3.053471,1.4175625,0.0,5.3716235,0.0,2.597031,1.4328427,0.0,0.0,0.0,3.6407344,0.35724187
C000540,0.0,4.44118,0.0,3.9804492,0.0,0.0,0.0,1.2045172,3.8252444,0.0,0.0,0.0,0.0,0.0,4.2812924,0.0,0.069955856,0.0,0.0,3.5867972,2.2465672,0.0,0.6373542,3.23307,0.0,3.4304752,0.15394661,0.0,0.0,4.4966474,4.0596786,0.26560825,0.0,3.7922544,1.9674802,0.0,0.0,3.138443,0.52192837,1.3603028,0.0,0.946996,4.6119156,3.1757183,3.5749917,0.0,0.0,0.2174189,0.8788609,1.4384847,0.0,0.0,2.7027626,1.2464758,0.0,4.9292917,0.0,2.1761575,1.1129113,0.0,0.0,0.0,3.134778,0.17753105,0.0,4.44118,0.0,3.9804492,0.0,0.0,0.0,1.2045172,3.8252444,0.0,0.0,0.0,0.0,0.0,4.2812924,0.0,0.069955856,0.0,0.0,3.5867972,2.2465672,0.0,0.6373542,3.23307,0.0,3.4304752,0.15394661,0.0,0.0,4.4966474,4.0596786,0.26560825,0.0,3.7922544,1.9674802,0.0,0.0,3.138443,0.52192837,1.3603028,0.0,0.946996,4.6119156,3.1757183,3.5749917,0.0,0.0,0.2174189,0.8788609,1.4384847,0.0,0.0,2.7027626,1.2464758,0.0,4.9292917,0.0,2.1761575,1.1129113,0.0,0.0,0.0,3.134778,0.17753105
C000541,0.0,3.228661,0.45111373,3.162332,0.9716375,0.0,0.0,1.253979,2.7598586,0.0,0.0,0.0,0.34661734,0.3709364,3.1196563,0.0,0.90049326,0.43696043,0.8781015,2.7338026,2.1810133,0.0,1.1694787,3.020663,0.0,3.4851098,0.0,0.0,0.0,3.998988,3.2097912,0.2211622,0.0,3.4578252,1.6684356,0.6587614,0.28942737,2.4543772,0.9617014,1.6399949,0.0,1.10494,3.5630176,2.534274,2.5824733,0.0,0.0,0.8840535,0.90882033,1.7077335,0.0,0.0,2.062025,1.4567819,0.0,4.232785,0.0,2.692293,0.94223654,0.0,0.116084725,0.645143,2.4416342,1.0377071,0.0,1.6925386,2.716339,1.1436987,4.0039306,0.0,0.0,6.5038357,1.2583753,0.7751777,0.0,0.0,4.04895,4.4945855,1.3116299,2.6069367,5.071481,3.0622437,3.4941912,1.149542,4.460325,3.0419064,0.200759,1.9028991,0.0,4.7844872,0.0,2.8507755,0.0,1.917472,1.0968806,0.059815153,3.4116623,0.9453165,2.6272283,4.2402897,3.9678013,1.9752293,0.15305902,5.5318017,0.54246736,3.3354795,1.4911938,0.67227674,0.8411673,2.7876651,0.86806774,4.6432815,0.4726324,5.449629,0.0,0.0,0.7844245,1.4172007,0.0,1.5205594,2.4795961,5.641787,3.8686345,0.08977974,4.7249994,3.1810303,1.8169202,5.828583
C000542,0.0,4.44118,0.0,3.9804492,0.0,0.0,0.0,1.2045172,3.8252444,0.0,0.0,0.0,0.0,0.0,4.2812924,0.0,0.069955856,0.0,0.0,3.5867972,2.2465672,0.0,0.6373542,3.23307,0.0,3.4304752,0.15394661,0.0,0.0,4.4966474,4.0596786,0.26560825,0.0,3.7922544,1.9674802,0.0,0.0,3.138443,0.52192837,1.3603028,0.0,0.946996,4.6119156,3.1757183,3.5749917,0.0,0.0,0.2174189,0.8788609,1.4384847,0.0,0.0,2.7027626,1.2464758,0.0,4.9292917,0.0,2.1761575,1.1129113,0.0,0.0,0.0,3.134778,0.17753105,0.0,4.44118,0.0,3.9804492,0.0,0.0,0.0,1.2045172,3.8252444,0.0,0.0,0.0,0.0,0.0,4.2812924,0.0,0.069955856,0.0,0.0,3.5867972,2.2465672,0.0,0.6373542,3.23307,0.0,3.4304752,0.15394661,0.0,0.0,4.4966474,4.0596786,0.26560825,0.0,3.7922544,1.9674802,0.0,0.0,3.138443,0.52192837,1.3603028,0.0,0.946996,4.6119156,3.1757183,3.5749917,0.0,0.0,0.2174189,0.8788609,1.4384847,0.0,0.0,2.7027626,1.2464758,0.0,4.9292917,0.0,2.1761575,1.1129113,0.0,0.0,0.0,3.134778,0.17753105
C000543,0.0,2.9128602,0.0,2.7471242,0.0,0.0,0.0,0.70888853,2.5876834,0.0,0.0,0.0,0.0,0.0,2.86646,0.0,0.031069718,0.0,0.0,2.4474201,1.5304399,0.0,0.46459553,2.1916943,0.0,2.3288755,0.11581939,0.0,0.0,3.0229883,2.7245655,0.125536,0.0,2.5162015,1.2399267,0.0,0.0,2.1101613,0.399502,0.77861446,0.0,0.50884545,3.1862354,2.2245016,2.302188,0.0,0.0,0.043892447,0.4964038,0.9694447,0.0,0.0,1.8230597,0.8553001,0.0,3.3864465,0.0,1.3289045,0.61743474,0.0,0.0,0.007327512,2.0638068,0.022958178,0.0,2.8604429,0.1769282,2.6814563,0.6601388,0.0,0.0,1.108442,2.4428246,0.0,0.0,0.0,0.09630836,0.17635821,2.8454978,0.0,0.376111,0.018573344,0.4099898,2.3577325,1.8178045,0.0,0.67250115,2.3582892,0.0,2.791331,0.03860646,0.0,0.0,3.1484,2.767149,0.40819085,0.019977132,2.7050598,1.3405333,0.36970416,0.05149057,2.3054085,0.55296904,1.2561995,0.0,0.8664349,3.234019,2.1819804,2.2383585,0.0,0.04060437,0.6099127,0.9350955,1.1136264,0.0,0.0,1.7972053,1.1807636,0.0,3.4186995,0.0,2.1465948,0.95334196,0.0,0.075430416,0.41798195,2.324765,0.7630949
C000544,0.0,3.0372078,0.0,2.833797,0.0,0.0,0.0,0.72114354,2.7008686,0.0,0.0,0.0,0.0,0.0,2.9811366,0.0,0.027781516,0.0,0.0,2.5474577,1.5767701,0.0,0.47110626,2.280406,0.0,2.4440866,0.11865229,0.0,0.0,3.1472154,2.8221724,0.17146975,0.0,2.6486063,1.335688,0.0,0.0,2.1922662,0.39683232,0.8268515,0.0,0.5733006,3.2878237,2.3025694,2.4130237,0.0,0.0,0.0707919,0.5386873,0.9983964,0.0,0.0,1.9014771,0.8933157,0.0,3.5011523,0.0,1.3976957,0.6731378,0.0,0.0,0.0,2.1788363,0.037425205,0.0,2.0150445,1.9073396,1.5402375,3.1333084,0.0,0.0,4.747511,1.6120814,0.3617816,0.0,0.0,2.7863264,3.0409975,1.6813234,1.5965033,3.5320773,2.1974432,2.630121,1.55713,3.644341,1.9058263,0.5146825,2.1684499,0.0,4.339423,0.014831536,1.8082349,0.0,2.3628972,1.6879432,0.15176375,2.24131,1.4477934,2.1067007,2.9868236,2.9543686,2.0856235,0.31551704,4.1939344,0.2044533,2.624466,2.1873636,1.1955271,1.2727145,1.8899217,0.468688,3.293134,0.56187654,4.173172,0.0,0.0,1.1351877,1.3031838,0.0,2.0885403,1.649596,4.5775957,2.8068213,0.0,3.1151288,2.44355,2.0315232,4.236906
C000545,0.0,4.6711755,0.0,4.1321087,0.0,0.0,0.0,1.2967612,4.0125737,0.0,0.0,0.0,0.0,0.0,4.4840894,0.0,0.11891499,0.0,0.0,3.7499034,2.3751965,0.0,0.61289674,3.396669,0.0,3.6470957,0.14580995,0.0,0.0,4.7230945,4.208521,0.34497592,0.0,4.005937,2.1660519,0.0,0.0,3.2791052,0.48450363,1.4850314,0.0,1.0904719,4.745928,3.2735968,3.7641635,0.0,0.0,0.31250042,0.96931064,1.5395072,0.0,0.0,2.8459854,1.3164245,0.0,5.1011653,0.0,2.357296,1.249969,0.0,0.0,0.0,3.3426545,0.26232406,0.0,4.6711755,0.0,4.1321087,0.0,0.0,0.0,1.2967612,4.0125737,0.0,0.0,0.0,0.0,0.0,4.4840894,0.0,0.11891499,0.0,0.0,3.7499034,2.3751965,0.0,0.61289674,3.396669,0.0,3.6470957,0.14580995,0.0,0.0,4.7230945,4.208521,0.34497592,0.0,4.005937,2.1660519,0.0,0.0,3.2791052,0.48450363,1.4850314,0.0,1.0904719,4.745928,3.2735968,3.7641635,0.0,0.0,0.31250042,0.96931064,1.5395072,0.0,0.0,2.8459854,1.3164245,0.0,5.1011653,0.0,2.357296,1.249969,0.0,0.0,0.0,3.3426545,0.26232406
C000546,0.0,3.2775428,0.0,3.003201,0.0,0.0,0.0,0.79282254,2.908113,0.0,0.0,0.0,0.0,0.0,3.1988223,0.0,0.04966784,0.0,0.0,2.726495,1.6959059,0.0,0.46552628,2.4640014,0.0,2.6692052,0.11559651,0.0,0.0,3.3896613,3.0004973,0.2493529,0.0,2.8820872,1.5296056,0.0,0.0,2.3570797,0.36996964,0.95714617,0.0,0.70827144,3.4455712,2.4229398,2.6174192,0.0,0.0,0.15856427,0.6285106,1.0854602,0.0,0.0,2.0510492,0.9702752,0.0,3.701747,0.0,1.5705842,0.7995512,0.0,0.0,0.0,2.3889856,0.11299252,0.0,3.1797636,0.101896346,2.8896093,0.5305667,0.0,0.0,0.9860082,2.696599,0.0,0.0,0.0,0.06971421,0.12817374,3.1525764,0.0,0.31207564,0.0,0.29270926,2.6290214,1.773806,0.0,0.7255991,2.5348704,0.0,2.9167252,0.03853217,0.0,0.0,3.5083392,3.0374405,0.49978018,0.014451605,3.0348904,1.5082814,0.2270596,0.04162288,2.471858,0.61081684,1.2199608,0.0,0.9231209,3.49565,2.3947732,2.487357,0.0,0.02691944,0.4809587,1.0270334,1.023209,0.0,0.0,1.9705667,1.2999204,0.0,3.7796233,0.0,2.1439354,0.96553177,0.0,0.05368854,0.3004528,2.580132,0.618865
C000547,0.0,5.07775,0.0,4.419758,0.0,0.0,0.0,1.4447359,4.3565764,0.0,0.0,0.0,0.0,0.0,4.8604884,0.0,0.18976656,0.0,0.0,4.0375113,2.59401,0.0,0.58173215,3.685242,0.0,4.0227776,0.13439447,0.0,0.0,5.1387243,4.489235,0.4841375,0.0,4.403348,2.512756,0.0,0.0,3.5437078,0.44164065,1.6871576,0.0,1.3397741,5.0171843,3.46518,4.108858,0.0,0.0,0.47038698,1.1237433,1.7091242,0.0,0.0,3.1054587,1.4398807,0.0,5.443994,0.0,2.669736,1.4856623,0.0,0.0,0.0,3.7228658,0.38978177,0.0,5.07775,0.0,4.419758,0.0,0.0,0.0,1.4447359,4.3565764,0.0,0.0,0.0,0.0,0.0,4.8604884,0.0,0.18976656,0.0,0.0,4.0375113,2.59401,0.0,0.58173215,3.685242,0.0,4.0227776,0.13439447,0.0,0.0,5.1387243,4.489235,0.4841375,0.0,4.403348,2.512756,0.0,0.0,3.5437078,0.44164065,1.6871576,0.0,1.3397741,5.0171843,3.46518,4.108858,0.0,0.0,0.47038698,1.1237433,1.7091242,0.0,0.0,3.1054587,1.4398807,0.0,5.443994,0.0,2.669736,1.4856623,0.0,0.0,0.0,3.7228658,0.38978177
C000548,0.0,4.991828,0.0,4.3593183,0.0,0.0,0.0,1.4074498,4.2850237,0.0,0.0,0.0,0.0,0.0,4.780303,0.0,0.1712386,0.0,0.0,3.9779902,2.543917,0.0,0.5911205,3.6273685,0.0,3.9392896,0.13687241,0.0,0.0,5.053466,4.431791,0.45418775,0.0,4.321529,2.4390233,0.0,0.0,3.4897325,0.45326936,1.6420499,0.0,1.2839893,4.960003,3.4263883,4.0380507,0.0,0.0,0.43265262,1.0896341,1.6699125,0.0,0.0,3.053471,1.4175625,0.0,5.3716235,0.0,2.597031,1.4328427,0.0,0.0,0.0,3.6407344,0.35724187,0.0,4.991828,0.0,4.3593183,0.0,0.0,0.0,1.4074498,4.2850237,0.0,0.0,0.0,0.0,0.0,4.780303,0.0,0.1712386,0.0,0.0,3.9779902,2.543917,0.0,0.5911205,3.6273685,0.0,3.9392896,0.13687241,0.0,0.0,5.053466,4.431791,0.45418775,0.0,4.321529,2.4390233,0.0,0.0,3.4897325,0.45326936,1.6420499,0.0,1.2839893,4.960003,3.4263883,4.0380507,0.0,0.0,0.43265262,1.0896341,1.6699125,0.0,0.0,3.053471,1.4175625,0.0,5.3716235,0.0,2.597031,1.4328427,0.0,0.0,0.0,3.6407344,0.35724187
C000549,0.0,2.6813624,2.3605862,2.367703,3.7301872,0.0,0.0,4.9570494,1.3476796,0.3337736,0.0,0.0,2.5119581,2.8004234,1.7401332,1.281915,3.663997,2.4872732,3.5530837,1.6068428,3.6871886,1.2604971,1.0123348,3.111023,0.0,5.024538,0.0,1.8442525,0.0,2.8729432,2.1543598,0.0,1.8344679,2.6518493,2.561657,4.033179,2.868972,2.4604852,0.13006324,4.482542,0.11101176,2.9925067,2.9073715,1.6737044,1.3362728,1.9544811,0.0,3.776021,1.2149785,3.6764562,0.0,0.0,1.2210962,1.8644903,0.0,2.5971844,1.9817241,5.5536556,2.9878738,0.0,2.6329856,3.0102434,2.4168422,5.0004473,0.0,2.4787478,3.2895336,2.3403723,5.9230747,0.0,0.0,7.3314676,1.6227669,0.7166929,0.0,0.0,5.365302,5.190311,1.9838071,3.1939845,5.565974,4.87988,5.372799,2.0461497,5.588001,3.5968,1.5026711,3.214528,0.0,6.613195,0.0,3.8254683,0.0,2.7299085,2.5443633,0.14447036,3.6740918,2.8324223,2.7245753,5.489907,5.516245,2.4406788,1.0478144,6.244911,0.2858572,4.0948977,2.908565,2.1054595,1.9673494,3.4924715,0.69214994,4.974196,0.6568735,6.5214214,0.0,0.0,1.4571075,2.2789576,0.0,3.5730815,3.9894485,6.625634,3.622042,0.0,5.903657,4.8565674,2.235384,6.7415314
C000550,0.0,2.3360076,0.27299702,2.3346474,1.1963861,0.0,0.0,0.8899004,1.94309,0.0,0.0,0.0,0.0,0.0,2.470168,0.0,0.0,0.0,0.9383961,2.0240877,1.3901429,0.0,1.3484056,2.0218048,0.0,2.6933553,0.0,0.0,0.0,2.7694836,2.715751,0.4093548,0.0,2.627923,0.61043394,0.41783476,0.48616356,1.9907467,0.93947047,1.047409,0.0,0.43688226,2.9860158,2.114131,1.7915312,0.045244575,0.0,0.3777592,0.86039186,0.9222485,0.0,0.0,1.6763504,1.2309229,0.0,3.2526877,0.0,1.7772434,0.5517909,0.0,0.0,0.99175745,1.7398336,0.82455885,0.0,2.6680489,0.7822105,2.3638868,1.6558794,0.0,0.0,2.1031473,2.1300561,0.0,0.0,0.0,0.7365298,0.8266787,2.5305693,0.18462835,1.1422001,0.60583997,1.2231388,2.1609976,2.2547152,0.33475646,0.910582,2.5861495,0.0,3.4079196,0.0,0.22759621,0.0,3.2131321,2.5597808,0.42713928,0.36480713,2.563533,1.4920837,1.2283568,0.96523285,2.262905,0.5656321,2.2067878,0.0,1.4734918,2.9528065,1.8904439,1.836172,0.4318818,0.076367624,1.5109968,1.0791645,1.8235031,0.0,0.0,1.6795154,1.4791371,0.0,3.1574793,0.14773707,3.1784523,1.4407024,0.0,0.64929193,1.1354066,2.3520107,1.9434077
C000551,0.0,5.26433,0.0,5.0251126,0.71550393,0.0,0.0,0.3924408,4.1740017,0.0,0.0,0.0,0.0,0.0,5.2267823,0.0,0.0,0.0,0.15807298,4.5323944,2.240297,0.0,2.0733702,4.4363437,0.0,4.611081,0.0,0.0,0.0,5.803214,5.6298046,0.96805906,0.0,5.6833143,1.9389231,0.0,0.0,4.0436783,1.764493,1.0832158,0.0,1.1119754,6.4713526,4.5413938,4.387411,0.0,0.0,0.0,1.8377068,0.61787915,0.0,0.0,3.3378842,2.1188507,0.0,6.792903,0.0,3.0468729,0.98603666,0.0,0.0,0.4210649,3.9635365,0.015287906,0.0,3.6921647,0.0,3.5309536,0.48382849,0.0,0.0,0.6832917,3.0872276,0.0,0.0,0.0,0.0,0.0,3.685894,0.0,0.14123118,0.0,0.07903649,3.1535287,1.8452863,0.0,1.1801735,3.0563757,0.0,3.265884,0.0,0.0,0.0,4.116282,3.7880847,0.48402953,0.0,3.6336503,1.4720659,0.022954864,0.0,2.8660989,0.9780552,0.9947969,0.0,0.79017216,4.437227,3.020703,2.9924645,0.0,0.00093030743,0.13744076,1.0873377,0.85063386,0.0,0.0,2.3673568,1.4482098,0.0,4.6673036,0.0,2.1788921,0.78203845,0.0,0.0,0.29827094,2.7750063,0.20622714
C000552,0.0,3.3398278,0.0329071,3.4610367,0.9282928,0.0,0.0,0.0,2.5359945,0.0,0.0,0.0,0.0,0.0,3.5417485,0.0,0.0,0.0,0.690247,2.931224,1.4016685,0.0,1.5567436,3.0590553,0.0,2.9959624,0.0,0.0,0.0,3.455484,3.906311,1.115269,0.0,4.1770954,0.82403845,0.0,0.0,2.7274911,1.4653496,0.64863396,0.0,0.4901537,4.266571,3.3780358,2.866709,0.0,0.0,0.0739843,1.7553252,0.0,0.0,0.0,2.0660055,1.6259518,0.0,4.5574565,0.0,2.1780639,0.44560456,0.0,0.0,0.5815309,2.6124454,0.28506833,0.0,2.8216615,0.7168661,2.3940494,1.5331075,0.0,0.0,2.0774653,2.2027297,0.009245507,0.0,0.0,0.90826494,1.0010567,2.6357577,0.37888223,1.2951314,0.6287526,1.1643361,2.2482283,2.1976807,0.40115932,0.71371967,2.580571,0.0,3.451753,0.0023226175,0.32844898,0.0,3.2172472,2.5951087,0.4107022,0.6317497,2.6378536,1.594375,1.1068833,0.9559514,2.2356563,0.4689574,2.1611166,0.0,1.5053381,3.071977,1.9454229,1.8330581,0.5133735,0.09558119,1.4354311,1.1652542,1.8259065,0.0,0.0,1.6584431,1.3677367,0.0,3.0565941,0.27031463,3.1723733,1.4999202,0.0,0.8267619,1.0587319,2.504443,1.8638012
C000553,0.0,4.8295536,0.0,4.2426066,0.0,0.0,0.0,1.3509032,4.1465945,0.0,0.0,0.0,0.0,0.0,4.628681,0.0,0.14447023,0.0,0.0,3.8634048,2.4584599,0.0,0.6024993,3.510633,0.0,3.7917423,0.14153293,0.0,0.0,4.884644,4.3183684,0.39917353,0.0,4.1606746,2.300349,0.0,0.0,3.381959,0.46803138,1.5631235,0.0,1.1856955,4.849792,3.3485336,3.898463,0.0,0.0,0.37243396,1.0291177,1.6036185,0.0,0.0,2.9475756,1.3663222,0.0,5.2330713,0.0,2.4750426,1.3401322,0.0,0.0,0.0,3.4887705,0.3097754,0.0,4.8295536,0.0,4.2426066,0.0,0.0,0.0,1.3509032,4.1465945,0.0,0.0,0.0,0.0,0.0,4.628681,0.0,0.14447023,0.0,0.0,3.8634048,2.4584599,0.0,0.6024993,3.510633,0.0,3.7917423,0.14153293,0.0,0.0,4.884644,4.3183684,0.39917353,0.0,4.1606746,2.300349,0.0,0.0,3.381959,0.46803138,1.5631235,0.0,1.1856955,4.849792,3.3485336,3.898463,0.0,0.0,0.37243396,1.0291177,1.6036185,0.0,0.0,2.9475756,1.3663222,0.0,5.2330713,0.0,2.4750426,1.3401322,0.0,0.0,0.0,3.4887705,0.3097754
C000554,0.0,3.9477844,0.09288862,3.5884051,0.6483124,0.0,0.0,0.69603586,3.1854076,0.0,0.0,0.0,0.0,0.0,3.6371489,0.0,0.0,0.0,0.36173207,3.266685,1.6706465,0.0,1.5648594,3.3007522,0.0,3.3612273,0.0,0.0,0.0,4.369866,4.223928,0.97584575,0.0,4.456563,1.4684604,0.19526824,0.0,2.9947305,1.0338527,1.2357588,0.0,0.8388349,4.32889,3.372253,3.2581842,0.0,0.0,0.44888526,1.749833,0.40656254,0.0,0.0,2.4309635,1.6036792,0.0,4.792563,0.0,2.660279,0.8534731,0.0,0.0,0.6745938,3.226255,0.4692449,0.0,2.7746954,0.5693349,2.3578193,1.2259821,0.0,0.0,1.751057,2.1770763,0.0,0.0,0.0,0.53753763,0.664375,2.603655,0.17997986,0.98457843,0.45425788,0.88243115,2.247151,2.0922303,0.25194103,0.79241955,2.4427915,0.0,3.0856771,0.0,0.12838872,0.0,3.0887482,2.5720146,0.6098981,0.34764045,2.7071872,1.5393329,0.9407331,0.6411355,2.336867,0.6635181,1.9687697,0.0,1.3601912,2.9172218,2.0484784,2.0646353,0.3559177,0.09798954,1.279281,1.198726,1.4878582,0.0,0.0,1.6357483,1.34167,0.0,3.1962383,0.0676132,2.8766017,1.3858558,0.0,0.56312174,0.9231035,2.430095,1.6727883
C000555,0.0,3.8194442,0.0083682835,3.762471,0.8085637,0.0,0.0,0.23213327,2.8371952,0.0,0.0,0.0,0.0,0.0,3.8918996,0.0,0.0,0.0,0.5889397,3.1893659,1.6590974,0.0,1.5301563,3.360362,0.0,3.2459147,0.0,0.0,0.0,3.8405547,4.2440395,1.103807,0.0,4.5100913,1.094982,0.0,0.0,3.0071535,1.4286482,0.93635607,0.0,0.62235516,4.5403748,3.6224937,3.173077,0.0,0.0,0.25384533,1.8130534,0.08207542,0.0,0.0,2.3389053,1.6451427,0.0,4.916211,0.0,2.4249525,0.64061075,0.0,0.0,0.5628133,2.811843,0.41523284,0.0,3.4695275,0.036789548,3.35466,0.6984067,0.0,0.0,0.74784166,2.7940445,0.0,0.0,0.0,0.0,0.0,3.4102433,0.0,0.13083573,0.0,0.42056713,2.9202518,1.5752573,0.0,1.1742586,2.834883,0.0,3.0991383,0.0017462,0.0,0.0,3.8111908,3.6779082,0.7828173,0.0,3.7329473,1.323394,0.16438018,0.0,2.6543224,0.9120353,1.0728474,0.0,0.89125186,4.039067,2.8624535,2.7102726,0.0,0.0,0.3537736,1.4308243,0.5021129,0.0,0.0,2.175587,1.4518296,0.0,4.18955,0.0,2.3615112,0.76767445,0.0,0.0,0.50643134,2.8909333,0.47837043
C000556,0.0,4.365396,0.0,3.930901,0.0,0.0,0.0,1.1732485,3.7636876,0.0,0.0,0.0,0.0,0.0,4.214825,0.0,0.050368816,0.0,0.0,3.5322993,2.2068186,0.0,0.64657336,3.1817873,0.0,3.3572855,0.1566275,0.0,0.0,4.42352,4.010731,0.23750108,0.0,3.7197547,1.902455,0.0,0.0,3.0913744,0.5385255,1.3199968,0.0,0.89876294,4.568469,3.141261,3.5117688,0.0,0.0,0.18718593,0.84615463,1.4058892,0.0,0.0,2.6582088,1.223271,0.0,4.8748875,0.0,2.1157603,1.0688256,0.0,0.0,0.0,3.0660133,0.15126653,0.0,4.365396,0.0,3.930901,0.0,0.0,0.0,1.1732485,3.7636876,0.0,0.0,0.0,0.0,0.0,4.214825,0.0,0.050368816,0.0,0.0,3.5322993,2.2068186,0.0,0.64657336,3.1817873,0.0,3.3572855,0.1566275,0.0,0.0,4.42352,4.010731,0.23750108,0.0,3.7197547,1.902455,0.0,0.0,3.0913744,0.5385255,1.3199968,0.0,0.89876294,4.568469,3.141261,3.5117688,0.0,0.0,0.18718593,0.84615463,1.4058892,0.0,0.0,2.6582088,1.223271,0.0,4.8748875,0.0,2.1157603,1.0688256,0.0,0.0,0.0,3.0660133,0.15126653
C000557,0.0,4.6711755,0.0,4.1321087,0.0,0.0,0.0,1.2967612,4.0125737,0.0,0.0,0.0,0.0,0.0,4.4840894,0.0,0.11891499,0.0,0.0,3.7499034,2.3751965,0.0,0.61289674,3.396669,0.0,3.6470957,0.14580995,0.0,0.0,4.7230945,4.208521,0.34497592,0.0,4.005937,2.1660519,0.0,0.0,3.2791052,0.48450363,1.4850314,0.0,1.0904719,4.745928,3.2735968,3.7641635,0.0,0.0,0.31250042,0.96931064,1.5395072,0.0,0.0,2.8459854,1.3164245,0.0,5.1011653,0.0,2.357296,1.249969,0.0,0.0,0.0,3.3426545,0.26232406,0.0,4.6711755,0.0,4.1321087,0.0,0.0,0.0,1.2967612,4.0125737,0.0,0.0,0.0,0.0,0.0,4.4840894,0.0,0.11891499,0.0,0.0,3.7499034,2.3751965,0.0,0.61289674,3.396669,0.0,3.6470957,0.14580995,0.0,0.0,4.7230945,4.208521,0.34497592,0.0,4.005937,2.1660519,0.0,0.0,3.2791052,0.48450363,1.4850314,0.0,1.0904719,4.745928,3.2735968,3.7641635,0.0,0.0,0.31250042,0.96931064,1.5395072,0.0,0.0,2.8459854,1.3164245,0.0,5.1011653,0.0,2.357296,1.249969,0.0,0.0,0.0,3.3426545,0.26232406
C000558,0.0,1.1024354,0.4120203,1.4942963,1.9929193,0.0,0.0,0.61922354,1.0797397,0.0,0.0,0.0,0.94194496,0.3277596,1.3004019,0.0,0.4926701,0.82262903,1.6045153,1.3365599,1.2332404,0.0,1.6794562,1.7886404,0.0,2.2810383,0.0,0.5716536,0.0,1.6904914,1.7865095,0.0,0.23685013,1.75124,0.3233218,1.0772545,0.98961186,1.1778619,1.3058524,0.8322185,0.0,0.3272735,2.2557788,1.5772381,0.6854282,0.53330696,0.0,0.481722,0.41323054,0.7949527,0.0,0.0,0.920918,1.2601259,0.0,2.2390366,0.7190131,1.6098299,0.18984307,0.0,0.21438363,1.4934356,0.85230577,0.9549365,0.0,2.1871505,1.2688286,1.7907925,2.5753696,0.0,0.0,3.1670356,1.6999047,0.04416173,0.0,0.0,1.9558496,2.0310535,1.8924065,0.81022835,2.3655944,1.5941259,2.0821092,1.7654938,2.8477077,0.99775946,0.7678707,2.3357399,0.0,3.7703667,0.0006776333,0.9416153,0.0,2.63555,1.9724567,0.106976226,1.2524847,1.8622067,1.5715966,2.1780517,2.1987352,1.9542801,0.5309075,2.9700434,0.021382526,1.923021,2.4499226,1.4827839,1.3305862,1.2800967,0.23910105,2.2642477,0.635336,2.9890082,0.0,0.0,1.2212416,1.4441417,0.0,2.6081307,0.9172266,3.6584275,1.8986126,0.0,1.9665114,1.8664093,1.8806747,2.943912
C000559,0.0,4.2902927,0.0,3.8823357,0.0,0.0,0.0,1.145171,3.7044387,0.0,0.0,0.0,0.0,0.0,4.1480355,0.0,0.034182936,0.0,0.0,3.4782727,2.1696503,0.0,0.6561631,3.1334074,0.0,3.288463,0.15946442,0.0,0.0,4.353773,3.9609628,0.20830801,0.0,3.6472192,1.8406935,0.0,0.0,3.0456429,0.554196,1.2810378,0.0,0.8527434,4.525694,3.1058564,3.448229,0.0,0.0,0.15776369,0.814541,1.3768015,0.0,0.0,2.615044,1.2019055,0.0,4.821518,0.0,2.0583134,1.0249199,0.0,0.0,0.0,2.9982934,0.12739614,0.0,4.2902927,0.0,3.8823357,0.0,0.0,0.0,1.145171,3.7044387,0.0,0.0,0.0,0.0,0.0,4.1480355,0.0,0.034182936,0.0,0.0,3.4782727,2.1696503,0.0,0.6561631,3.1334074,0.0,3.288463,0.15946442,0.0,0.0,4.353773,3.9609628,0.20830801,0.0,3.6472192,1.8406935,0.0,0.0,3.0456429,0.554196,1.2810378,0.0,0.8527434,4.525694,3.1058564,3.448229,0.0,0.0,0.15776369,0.814541,1.3768015,0.0,0.0,2.615044,1.2019055,0.0,4.821518,0.0,2.0583134,1.0249199,0.0,0.0,0.0,2.9982934,0.12739614
C000560,0.0,2.848188,0.0,2.704596,0.0,0.0,0.0,0.7225122,2.5358114,0.0,0.0,0.0,0.0,0.0,2.8099139,0.0,0.03606,0.0,0.0,2.401898,1.5179288,0.0,0.45802164,2.157632,0.0,2.2763505,0.11553117,0.0,0.0,2.9659162,2.6841369,0.09317133,0.0,2.4278955,1.1924495,0.0,0.0,2.0738707,0.39223075,0.7737854,0.0,0.4779803,3.1305978,2.177446,2.2483413,0.0,0.0,0.03753801,0.47599518,0.9694703,0.0,0.0,1.7864131,0.83656114,0.0,3.3313296,0.0,1.3100686,0.5901924,0.0,0.0,0.020239249,2.0038035,0.039009567,0.0,3.6238277,0.0,3.5743573,0.527478,0.0,0.0,0.49723244,2.9635496,0.0,0.0,0.0,0.0,0.0,3.5869088,0.0,0.01803,0.0,0.25547808,3.029189,1.6595261,0.0,1.2942588,2.9196768,0.0,3.0778646,0.057765584,0.0,0.0,3.961185,3.8498876,0.51800185,0.0,3.699233,1.2754909,0.027493417,0.0,2.7527785,1.0503654,0.7563851,0.0,0.6647375,4.423714,3.0198917,2.8893132,0.0,0.0,0.018769005,1.1268315,0.5110301,0.0,0.0,2.2589068,1.4495751,0.0,4.611235,0.0,2.0343552,0.6364499,0.0,0.0,0.27644977,2.775076,0.019504784
C000561,0.0,5.1719646,0.0,4.483232,0.0,0.0,0.0,1.494397,4.431928,0.0,0.0,0.0,0.0,0.0,4.944562,0.0,0.21410017,0.0,0.0,4.1032906,2.6543455,0.0,0.56954753,3.7479706,0.0,4.117673,0.13112259,0.0,0.0,5.2333393,4.5499883,0.5148298,0.0,4.4879475,2.5963287,0.0,0.0,3.6012723,0.42493197,1.7452637,0.0,1.402808,5.076772,3.504819,4.183442,0.0,0.0,0.5173289,1.1610245,1.7578404,0.0,0.0,3.1594954,1.464017,0.0,5.5209675,0.0,2.754617,1.5455703,0.0,0.0,0.0,3.8106258,0.4368088,0.0,5.1719646,0.0,4.483232,0.0,0.0,0.0,1.494397,4.431928,0.0,0.0,0.0,0.0,0.0,4.944562,0.0,0.21410017,0.0,0.0,4.1032906,2.6543455,0.0,0.56954753,3.7479706,0.0,4.117673,0.13112259,0.0,0.0,5.2333393,4.5499883,0.5148298,0.0,4.4879475,2.5963287,0.0,0.0,3.6012723,0.42493197,1.7452637,0.0,1.402808,5.076772,3.504819,4.183442,0.0,0.0,0.5173289,1.1610245,1.7578404,0.0,0.0,3.1594954,1.464017,0.0,5.5209675,0.0,2.754617,1.5455703,0.0,0.0,0.0,3.8106258,0.4368088
C000562,0.0,2.6596265,0.56106126,2.9812324,2.3596385,0.0,0.0,1.1021755,1.9932433,0.0,0.0,0.0,0.6264373,0.0,2.7013474,0.0,0.28947717,1.2185544,1.7942159,2.561302,1.8803432,0.0,2.6183348,2.9775057,0.0,3.47535,0.0,0.12572667,0.0,3.4691179,3.4532526,0.7956036,0.0,3.8066082,0.92329586,1.2585936,0.8128208,2.1821322,2.065382,1.119236,0.0,0.98034745,3.805486,3.1184053,2.2519212,0.2515452,0.0,0.60378385,1.4398102,0.6383401,0.0,0.0,1.8009652,1.7640648,0.0,4.308858,0.40166324,2.7981977,0.2476314,0.0,0.0,1.6143935,2.3052351,1.168652,0.0,2.972634,1.192884,2.6980383,2.2562253,0.0,0.0,3.0990949,2.373814,0.0,0.0,0.0,1.4688394,1.4676472,2.8123147,0.4967022,2.048734,1.3181379,1.9114078,2.4690278,3.0299165,0.5523654,1.0951774,2.9995935,0.0,4.24561,0.0,0.48596945,0.0,3.5400643,2.8272223,0.34213564,0.8516096,2.960681,1.9949791,1.9279392,1.6500934,2.6558526,0.7776113,3.1144357,0.004035244,2.0336826,3.299209,2.2443051,2.212097,0.80793893,0.10669197,2.2250905,1.0358806,2.8640027,0.0,0.0,1.8196405,1.7056255,0.0,3.6822734,0.36582538,4.038304,1.9418862,0.0,1.4454982,1.7638289,2.5838845,2.9302616
C000563,0.0,2.8807943,0.33334816,2.6160972,1.3650248,0.0,0.0,0.035583913,1.8992676,0.0,0.0,0.0,0.0,0.0,3.0066955,0.0,0.0,0.2747579,1.2516139,2.4955254,1.4588513,0.0,1.5249233,2.545964,0.0,2.5080142,0.0,0.0,0.0,2.5001965,3.2714636,0.72359276,0.0,3.713977,0.46011943,0.6418797,0.62796223,2.0531597,1.7499309,0.56296873,0.0,0.25555968,3.0341501,3.0157824,2.1638687,0.0,0.0,0.415399,1.1646693,0.36877993,0.0,0.0,1.5396571,1.7340002,0.0,3.9450316,0.0,1.8671108,0.5797658,0.0,0.0,1.2772624,1.878174,0.6835879,0.0,2.4551857,0.90274507,2.1027431,1.6954708,0.0,0.0,2.1859605,1.939535,0.0,0.0,0.0,1.2037042,1.3565079,2.3121758,0.33842233,1.5590111,0.93085957,1.4599544,1.9463215,2.1657894,0.68940943,0.8643284,2.4193552,0.0,3.1837966,0.0,0.4004482,0.0,2.8021138,2.3423748,0.28856298,0.82799864,2.379779,1.4054767,1.3794438,1.3449103,2.0660923,0.58418375,2.253417,0.0,1.3672739,2.62068,1.8176508,1.686334,0.6553968,0.1714145,1.6446985,0.88377684,1.9869515,0.0,0.0,1.4471914,1.416544,0.0,2.8813934,0.17910184,3.022507,1.5073782,0.0,1.2446507,1.2586972,2.0617707,2.0523255
C000564,0.0,4.8444915,0.0,4.586216,0.6167911,0.0,0.0,0.22072989,3.7031035,0.0,0.0,0.0,0.0,0.0,4.8035173,0.0,0.0,0.0,0.3867591,3.989683,1.9696097,0.0,1.8042948,4.005117,0.0,3.8934176,0.0,0.0,0.0,4.889531,5.1567492,1.1565379,0.0,5.454394,1.4806771,0.0,0.0,3.6735137,1.6874304,1.0214304,0.0,0.80588424,5.678879,4.333439,4.008667,0.0,0.0,0.10094349,1.9814551,0.2177456,0.0,0.0,2.8684645,1.9935796,0.0,6.1507196,0.0,2.704838,0.80599475,0.0,0.0,0.4355579,3.54429,0.17140213,0.0,3.7815537,0.0,3.487377,0.37860644,0.0,0.0,0.6459576,3.0759416,0.0,0.0,0.0,0.0,0.0,3.7222996,0.0,0.18179575,0.0,0.19337955,3.1162632,1.8243957,0.0,1.0152576,3.0321438,0.0,3.179288,0.002863057,0.0,0.0,3.9505901,3.7393708,0.6719945,0.0,3.8356082,1.5013236,0.008985013,0.0,2.8384213,0.9049747,1.1108954,0.0,0.84167504,4.2092896,3.068438,3.0381055,0.0,0.0,0.2784927,1.2682552,0.7368896,0.0,0.0,2.285571,1.4612182,0.0,4.54421,0.0,2.200172,0.853276,0.0,0.0,0.2257436,2.8612275,0.37133276
C000565,0.0,2.7105713,11.267548,4.0219364,21.804924,0.0,0.0,22.782454,0.1538806,3.005373,0.0,0.0,21.352983,18.480953,2.2510445,13.0513935,18.753107,20.100578,20.179054,3.0314217,17.206274,14.742092,7.289419,7.284105,0.0,17.752216,0.0,16.610706,0.0,2.734367,5.08969,0.0,13.301716,6.843602,5.7635555,19.459028,21.55523,3.733249,6.6654553,17.819786,0.78859866,12.375604,4.9128833,5.2746825,4.270225,13.080816,3.0807796,14.518133,0.0,21.228788,0.0,0.0,1.8474222,6.2567034,0.0,8.401178,18.255096,16.908005,8.268888,0.0,23.385994,18.289793,1.2513535,20.835854,0.0,3.1536813,9.4536495,3.3418968,17.099463,0.0,0.0,19.60569,1.3082981,2.223506,0.0,0.0,16.336182,14.998803,2.0481472,10.181453,15.422535,15.145591,15.71678,2.9067175,14.130717,11.429767,4.6001663,5.8570766,0.0,15.247735,0.0,12.579292,0.0,2.9257383,4.342577,0.0,11.134957,5.192853,5.4688854,15.100366,16.44127,3.5381527,3.4297037,15.624983,0.56306016,10.540412,4.2506723,3.9331675,3.473852,10.559976,2.2203312,13.043196,0.20182434,17.71573,0.0,0.0,1.8604423,4.8107357,0.0,6.334054,13.469558,15.244895,8.190696,0.0,18.180742,14.239368,2.918554,17.777811
C000566,0.0,2.8091118,0.0,2.6708636,0.0,0.0,0.0,0.7518541,2.455441,0.0,0.0,0.0,0.0,0.0,2.7663324,0.0,0.06680085,0.0,0.0,2.3290663,1.4878778,0.0,0.42978284,2.1585088,0.0,2.238502,0.10042765,0.0,0.0,2.9053254,2.612877,0.09419169,0.0,2.40131,1.1932772,0.0,0.0,2.0618908,0.35339323,0.7991835,0.0,0.48669872,3.0339272,2.12016,2.1890945,0.0,0.0,0.08043814,0.4760322,0.9605257,0.0,0.0,1.7802845,0.79787153,0.0,3.2078083,0.0,1.3414584,0.5981948,0.0,0.0,0.0,1.9507465,0.09071928,0.0,5.4490366,1.2565776,5.2837243,2.0960045,0.0,0.0,4.0443244,4.5186806,0.0,0.0,0.0,0.8572936,1.0278049,5.3382874,0.14130631,1.9468696,0.9770323,1.9021876,4.6120954,4.1821995,0.28352526,1.2432351,4.9600744,0.0,6.3287954,0.025106912,0.0,0.0,6.175885,5.4629493,0.8458135,0.78465414,5.418118,3.3431382,1.8981364,0.9725702,4.6246014,0.9844357,4.203741,0.0,2.6391296,6.048964,4.176031,4.3208036,0.40728983,0.04221724,2.613309,1.8574466,3.6713247,0.0,0.0,3.5394216,2.4261036,0.0,6.4774084,0.0,5.615678,2.7739422,0.0,0.9733926,1.9163377,4.743706,3.3276846
C000567,0.0,4.594108,0.0,4.080994,0.0,0.0,0.0,1.2668654,3.9495687,0.0,0.0,0.0,0.0,0.0,4.416078,0.0,0.10367714,0.0,0.0,3.6952255,2.3321958,0.0,0.6202911,3.3414314,0.0,3.5752459,0.14837685,0.0,0.0,4.6469107,4.158209,0.3187505,0.0,3.9342623,2.0998545,0.0,0.0,3.2318428,0.49575514,1.4438144,0.0,1.0429646,4.7003064,3.2406063,3.7008202,0.0,0.0,0.28095362,0.93960404,1.5060972,0.0,0.0,2.7974977,1.2929994,0.0,5.0424576,0.0,2.2975178,1.2043599,0.0,0.0,0.0,3.2731085,0.23457666,0.0,4.594108,0.0,4.080994,0.0,0.0,0.0,1.2668654,3.9495687,0.0,0.0,0.0,0.0,0.0,4.416078,0.0,0.10367714,0.0,0.0,3.6952255,2.3321958,0.0,0.6202911,3.3414314,0.0,3.5752459,0.14837685,0.0,0.0,4.6469107,4.158209,0.3187505,0.0,3.9342623,2.0998545,0.0,0.0,3.2318428,0.49575514,1.4438144,0.0,1.0429646,4.7003064,3.2406063,3.7008202,0.0,0.0,0.28095362,0.93960404,1.5060972,0.0,0.0,2.7974977,1.2929994,0.0,5.0424576,0.0,2.2975178,1.2043599,0.0,0.0,0.0,3.2731085,0.23457666
C000568,0.0,2.8676257,0.0,2.7155137,0.0,0.0,0.0,0.71273774,2.5477748,0.0,0.0,0.0,0.0,0.0,2.8264916,0.0,0.032875776,0.0,0.0,2.4133768,1.5173278,0.0,0.45967144,2.1660411,0.0,2.2901254,0.11476899,0.0,0.0,2.9805274,2.6929412,0.107588656,0.0,2.460782,1.2081721,0.0,0.0,2.0824335,0.3952063,0.7721345,0.0,0.48731193,3.1447186,2.192318,2.2639563,0.0,0.0,0.038781326,0.48148543,0.96449333,0.0,0.0,1.7958424,0.8416642,0.0,3.3432157,0.0,1.3122096,0.59927404,0.0,0.0,0.0139224455,2.0224462,0.030195912,0.0,2.726003,1.6110204,2.2716286,2.68709,0.0,0.0,3.8219082,1.9831669,0.25496557,0.0,0.0,2.0686517,2.2896922,2.320907,1.1985266,2.747064,1.7385298,2.2429821,2.0444455,3.2233214,1.3517336,0.7550959,2.674066,0.0,4.3604245,0.022953797,1.2443762,0.0,3.0385227,2.4946625,0.20786583,1.6120408,2.4285364,2.0595083,2.5680737,2.3297405,2.492155,0.38326073,3.5647202,0.14895341,2.380809,2.943962,1.8621594,1.7435887,1.4021765,0.31371245,2.7541177,1.0345972,3.2113156,0.0,0.0,1.4841852,1.577038,0.0,2.9920778,1.1327175,4.4637074,2.4943237,0.0,2.3497357,2.1227374,2.5856743,3.5759323
C000569,0.0,1.895794,0.0,1.8847666,0.098745055,0.0,0.0,0.4392575,1.7791936,0.0,0.0,0.0,0.0,0.0,1.9170445,0.0,0.05355973,0.0,0.0,1.6914191,1.0700326,0.0,0.32494396,1.5228789,0.0,1.6263767,0.07465158,0.0,0.0,2.0878696,1.8039246,0.08242883,0.0,1.6539801,0.8490909,0.0,0.0,1.4508626,0.24176727,0.4839053,0.0,0.3031608,2.1578033,1.5350202,1.4523475,0.0,0.0,0.015631739,0.2850566,0.7086152,0.0,0.0,1.2461779,0.6219278,0.0,2.2976716,0.0,0.8717405,0.35485747,0.0,0.0,0.038953025,1.415946,0.03086933,0.0,2.7410805,0.4103442,2.4512315,1.1571901,0.0,0.0,1.2675864,2.1029375,0.0,0.0,0.0,0.33257172,0.39098954,2.6308794,0.1344504,0.5802805,0.30882642,0.8605865,2.23346,1.775259,0.09413716,0.9407589,2.4869323,0.0,2.8691635,0.014930315,0.008666821,0.0,3.173799,2.667191,0.4742493,0.22226417,2.7272987,1.2689097,0.7612356,0.58056,2.2329116,0.6262724,1.5330127,0.0,1.0713017,3.1339836,2.0603864,1.933222,0.2559354,0.0,0.8541996,1.1624908,1.0467008,0.0,0.0,1.6639382,1.4415205,0.0,3.3272896,0.0,2.539813,1.0490211,0.0,0.31390506,0.8335282,2.3147244,1.1933813
C000570,0.0,5.3598413,0.0,4.616248,0.0,0.0,0.0,1.6095928,4.579143,0.0,0.0,0.0,0.0,0.0,5.1125546,0.0,0.2840252,0.0,0.0,4.239031,2.7836053,0.0,0.54288125,3.8784797,0.0,4.3215804,0.12448905,0.0,0.0,5.4313593,4.6707053,0.57014066,0.0,4.6618876,2.762447,0.0,0.0,3.7247481,0.38174075,1.8787977,0.0,1.5370854,5.2044034,3.5896854,4.3263035,0.0,0.0,0.6253228,1.2384818,1.8709615,0.0,0.0,3.2618294,1.5122188,0.0,5.664124,0.0,2.9400327,1.6693242,0.0,0.0,0.0,3.9952252,0.5492611,0.0,5.3598413,0.0,4.616248,0.0,0.0,0.0,1.6095928,4.579143,0.0,0.0,0.0,0.0,0.0,5.1125546,0.0,0.2840252,0.0,0.0,4.239031,2.7836053,0.0,0.54288125,3.8784797,0.0,4.3215804,0.12448905,0.0,0.0,5.4313593,4.6707053,0.57014066,0.0,4.6618876,2.762447,0.0,0.0,3.7247481,0.38174075,1.8787977,0.0,1.5370854,5.2044034,3.5896854,4.3263035,0.0,0.0,0.6253228,1.2384818,1.8709615,0.0,0.0,3.2618294,1.5122188,0.0,5.664124,0.0,2.9400327,1.6693242,0.0,0.0,0.0,3.9952252,0.5492611
C000571,0.0,4.2902927,0.0,3.8823357,0.0,0.0,0.0,1.145171,3.7044387,0.0,0.0,0.0,0.0,0.0,4.1480355,0.0,0.034182936,0.0,0.0,3.4782727,2.1696503,0.0,0.6561631,3.1334074,0.0,3.288463,0.15946442,0.0,0.0,4.353773,3.9609628,0.20830801,0.0,3.6472192,1.8406935,0.0,0.0,3.0456429,0.554196,1.2810378,0.0,0.8527434,4.525694,3.1058564,3.448229,0.0,0.0,0.15776369,0.814541,1.3768015,0.0,0.0,2.615044,1.2019055,0.0,4.821518,0.0,2.0583134,1.0249199,0.0,0.0,0.0,2.9982934,0.12739614,0.0,4.2902927,0.0,3.8823357,0.0,0.0,0.0,1.145171,3.7044387,0.0,0.0,0.0,0.0,0.0,4.1480355,0.0,0.034182936,0.0,0.0,3.4782727,2.1696503,0.0,0.6561631,3.1334074,0.0,3.288463,0.15946442,0.0,0.0,4.353773,3.9609628,0.20830801,0.0,3.6472192,1.8406935,0.0,0.0,3.0456429,0.554196,1.2810378,0.0,0.8527434,4.525694,3.1058564,3.448229,0.0,0.0,0.15776369,0.814541,1.3768015,0.0,0.0,2.615044,1.2019055,0.0,4.821518,0.0,2.0583134,1.0249199,0.0,0.0,0.0,2.9982934,0.12739614
C000572,0.0,2.829682,0.0,2.6949158,0.0,0.0,0.0,0.7350105,2.5228107,0.0,0.0,0.0,0.0,0.0,2.7933488,0.0,0.041511647,0.0,0.0,2.389174,1.5191312,0.0,0.45589933,2.1512668,0.0,2.2638664,0.11603641,0.0,0.0,2.9512343,2.6744452,0.077567585,0.0,2.395948,1.1778437,0.0,0.0,2.0673995,0.3876776,0.77685857,0.0,0.4698064,3.1158385,2.1618066,2.2319095,0.0,0.0,0.03808653,0.4715408,0.9755603,0.0,0.0,1.7790385,0.83038074,0.0,3.3173516,0.0,1.311022,0.5817874,0.0,0.0,0.025782399,1.984146,0.050269898,0.0,3.5982819,0.0,3.5718281,0.5931365,0.0,0.0,0.7082432,2.9610941,0.0,0.0,0.0,0.0,0.0,3.6238253,0.0,0.020755824,0.0,0.31392172,2.9474359,1.7878293,0.0,1.198647,2.9539032,0.0,3.1925094,0.058018204,0.0,0.0,4.0078545,3.7836893,0.5245469,0.0,3.7307122,1.3921782,0.11215294,0.0,2.8058224,0.93007195,0.87186736,0.0,0.76944375,4.36316,2.934989,2.879047,0.0,0.0,0.14688414,1.1842961,0.71212184,0.0,0.0,2.3188732,1.4743536,0.0,4.5435534,0.0,2.225206,0.7617432,0.0,0.0,0.3132486,2.8250747,0.19994919
C000573,0.0,4.8295536,0.0,4.2426066,0.0,0.0,0.0,1.3509032,4.1465945,0.0,0.0,0.0,0.0,0.0,4.628681,0.0,0.14447023,0.0,0.0,3.8634048,2.4584599,0.0,0.6024993,3.510633,0.0,3.7917423,0.14153293,0.0,0.0,4.884644,4.3183684,0.39917353,0.0,4.1606746,2.300349,0.0,0.0,3.381959,0.46803138,1.5631235,0.0,1.1856955,4.849792,3.3485336,3.898463,0.0,0.0,0.37243396,1.0291177,1.6036185,0.0,0.0,2.9475756,1.3663222,0.0,5.2330713,0.0,2.4750426,1.3401322,0.0,0.0,0.0,3.4887705,0.3097754,0.0,4.8295536,0.0,4.2426066,0.0,0.0,0.0,1.3509032,4.1465945,0.0,0.0,0.0,0.0,0.0,4.628681,0.0,0.14447023,0.0,0.0,3.8634048,2.4584599,0.0,0.6024993,3.510633,0.0,3.7917423,0.14153293,0.0,0.0,4.884644,4.3183684,0.39917353,0.0,4.1606746,2.300349,0.0,0.0,3.381959,0.46803138,1.5631235,0.0,1.1856955,4.849792,3.3485336,3.898463,0.0,0.0,0.37243396,1.0291177,1.6036185,0.0,0.0,2.9475756,1.3663222,0.0,5.2330713,0.0,2.4750426,1.3401322,0.0,0.0,0.0,3.4887705,0.3097754
C000574,0.0,3.7728121,0.23911741,3.6510797,0.5630945,0.0,0.0,0.8857593,3.3160653,0.0,0.0,0.0,0.0,0.0,3.7175453,0.0,0.4626546,0.0,0.5644941,3.1636965,2.0682938,0.0,1.3218281,3.4264576,0.0,3.6109326,0.0,0.0,0.0,4.4833565,3.7482305,0.37639648,0.0,3.9906278,1.8422846,0.18210006,0.0,2.846358,1.1061612,1.4511678,0.0,1.0132097,4.252145,2.973455,3.1158438,0.0,0.0,0.60117936,1.1590228,1.3238235,0.0,0.0,2.4571161,1.609241,0.0,4.8491216,0.0,2.6514845,0.97780627,0.0,0.0,0.407117,2.8720877,0.58571696,0.0,2.2858713,0.5239312,1.9935313,1.2242852,0.0,0.0,1.9813699,2.0299041,0.0,0.0,0.0,0.76257294,0.832097,2.1547015,0.19028531,1.315045,0.48187232,0.994839,1.8580872,2.0668921,0.26527974,0.625183,2.13948,0.0,2.888754,0.0,0.09168028,0.0,2.8205035,2.0484874,0.16279157,0.5617406,1.955252,1.515354,1.0102682,0.8491079,1.976508,0.44378957,1.957301,0.0,1.1502575,2.5619853,1.5175189,1.5821856,0.47555026,0.10148046,1.2845306,0.69211453,1.9180874,0.0,0.0,1.4049834,1.2400441,0.0,2.7667487,0.0,2.626969,1.3189431,0.0,0.71194166,0.8884678,1.94249,1.6839155
C000575,0.0,2.7286983,0.179789,2.4490674,1.1667064,0.0,0.0,0.020840079,1.9211802,0.0,0.0,0.0,0.0,0.0,2.8320198,0.0,0.0,0.0,0.880023,2.313165,1.2567284,0.0,1.5487946,2.2724552,0.0,2.5510664,0.0,0.0,0.0,2.691083,3.1526484,0.6246361,0.0,3.1663246,0.44127858,0.4131541,0.23147371,1.9832704,1.5134518,0.4573903,0.0,0.33905473,3.118629,2.6311345,1.899471,0.0,0.0,0.08765196,0.89430857,0.26955983,0.0,0.0,1.6003616,1.5044374,0.0,3.5393925,0.0,1.638562,0.5204636,0.0,0.0,1.0419883,1.8811176,0.36317953,0.0,2.0483308,1.0934091,1.6284606,1.9702843,0.0,0.0,2.7740304,1.6000543,0.08019289,0.0,0.0,1.5439457,1.6745623,1.8060737,0.6585794,1.9658487,1.1137931,1.6992726,1.5257151,2.344537,0.9164863,0.7001064,2.1395261,0.0,3.1505008,0.0,0.74675316,0.0,2.3560457,1.7811832,0.18368404,1.1786656,1.6757935,1.470271,1.7936465,1.6688216,1.8685,0.44976315,2.662841,0.054211456,1.5449808,2.2143738,1.3058144,1.2282557,0.99343556,0.22380418,2.0061193,0.6748898,2.3868392,0.0,0.0,1.1430453,1.3468587,0.0,2.2640555,0.4964127,3.169927,1.7659124,0.0,1.6499335,1.5240959,1.7697359,2.57281
C000576,0.0,1.3564988,0.15730214,1.6753371,1.1520636,0.0,0.0,0.19988221,1.2590363,0.0,0.0,0.0,0.2924461,0.0,1.5880196,0.0,0.0,0.35318667,0.95334995,1.3484459,0.85429525,0.0,1.3925788,1.7786338,0.0,1.8012903,0.0,0.0,0.0,1.7352905,1.8911159,0.2586739,0.0,1.7793913,0.32362473,0.51124954,0.3784957,1.2562118,1.122977,0.4381873,0.0,0.095062524,2.173523,1.5900038,1.0727783,0.11932904,0.0,0.17252605,0.5691812,0.14813721,0.0,0.0,0.9496741,1.1404071,0.0,2.3000557,0.046072036,1.2306712,0.1416003,0.0,0.0,0.9086001,0.9280456,0.3598615,0.0,1.8447585,0.96759045,1.4906567,1.9939793,0.0,0.0,2.7110796,1.5542821,0.1030644,0.0,0.0,1.4682659,1.595066,1.6744666,0.6549459,1.912301,1.0577552,1.5547653,1.4420974,2.3858798,0.747152,0.6021824,1.9102685,0.0,3.1088452,0.00081042864,0.71496856,0.0,2.2244458,1.6189739,0.09794908,1.1273792,1.4317719,1.3656639,1.6649528,1.6309167,1.7273889,0.39911303,2.5027666,0.0541504,1.4904373,2.122634,1.173571,1.116326,0.99431634,0.21536037,1.8540331,0.6000874,2.422306,0.0,0.0,1.0696985,1.1870037,0.0,2.098036,0.61788744,3.0336397,1.6650211,0.0,1.5068525,1.4945632,1.6476616,2.4366689
C000577,0.0,3.1962273,0.0,2.9458208,0.0,0.0,0.0,0.7680964,2.8372183,0.0,0.0,0.0,0.0,0.0,3.1254513,0.0,0.042483084,0.0,0.0,2.6652777,1.6551723,0.0,0.46679395,2.401825,0.0,2.592287,0.116641305,0.0,0.0,3.3072991,2.9390624,0.22346953,0.0,2.8037968,1.4642808,0.0,0.0,2.3013232,0.37860703,0.912771,0.0,0.6636235,3.3919003,2.3815303,2.5476258,0.0,0.0,0.12886576,0.5984744,1.0554513,0.0,0.0,2.0010877,0.94406676,0.0,3.633365,0.0,1.5124637,0.7565308,0.0,0.0,0.0,2.3179572,0.087179355,0.0,2.7617998,0.55902886,2.3547304,1.2944432,0.0,0.0,1.855875,2.263634,0.0,0.0,0.0,0.56689173,0.6400973,2.690501,0.18156743,1.0434381,0.51878875,0.9347432,2.2694175,2.1945562,0.24123852,0.75934297,2.4550111,0.0,3.205618,0.019440217,0.0,0.0,3.1105797,2.5606296,0.5669522,0.40653893,2.5976932,1.5631608,1.0052128,0.76404,2.34889,0.667854,2.049692,0.0,1.4043452,2.9884472,2.03563,2.0513237,0.31553218,0.10510084,1.2976776,1.1390344,1.7024937,0.0,0.0,1.6737938,1.3347586,0.0,3.22983,0.0,2.9445221,1.465346,0.0,0.53066665,0.9485049,2.4576871,1.7567054
C000578,0.0,5.07775,0.0,4.419758,0.0,0.0,0.0,1.4447359,4.3565764,0.0,0.0,0.0,0.0,0.0,4.8604884,0.0,0.18976656,0.0,0.0,4.0375113,2.59401,0.0,0.58173215,3.685242,0.0,4.0227776,0.13439447,0.0,0.0,5.1387243,4.489235,0.4841375,0.0,4.403348,2.512756,0.0,0.0,3.5437078,0.44164065,1.6871576,0.0,1.3397741,5.0171843,3.46518,4.108858,0.0,0.0,0.47038698,1.1237433,1.7091242,0.0,0.0,3.1054587,1.4398807,0.0,5.443994,0.0,2.669736,1.4856623,0.0,0.0,0.0,3.7228658,0.38978177,0.0,5.07775,0.0,4.419758,0.0,0.0,0.0,1.4447359,4.3565764,0.0,0.0,0.0,0.0,0.0,4.8604884,0.0,0.18976656,0.0,0.0,4.0375113,2.59401,0.0,0.58173215,3.685242,0.0,4.0227776,0.13439447,0.0,0.0,5.1387243,4.489235,0.4841375,0.0,4.403348,2.512756,0.0,0.0,3.5437078,0.44164065,1.6871576,0.0,1.3397741,5.0171843,3.46518,4.108858,0.0,0.0,0.47038698,1.1237433,1.7091242,0.0,0.0,3.1054587,1.4398807,0.0,5.443994,0.0,2.669736,1.4856623,0.0,0.0,0.0,3.7228658,0.38978177
C000579,0.0,5.544314,0.0,5.2275076,0.6744094,0.0,0.0,0.5067491,4.419032,0.0,0.0,0.0,0.0,0.0,5.483849,0.0,0.0,0.0,0.12791008,4.729755,2.4040697,0.0,2.0643926,4.640345,0.0,4.8676376,0.0,0.0,0.0,6.0835586,5.8258595,1.0585436,0.0,5.957353,2.164538,0.0,0.0,4.229187,1.7277262,1.2283353,0.0,1.2663337,6.651374,4.673484,4.616415,0.0,0.0,0.04563175,1.9486167,0.7467052,0.0,0.0,3.5196862,2.2037232,0.0,7.029735,0.0,3.2607486,1.143576,0.0,0.0,0.38620585,4.199576,0.112911165,0.0,3.8320122,0.0,3.6320171,0.4632901,0.0,0.0,0.74048036,3.2095604,0.0,0.0,0.0,0.0,0.0,3.8142524,0.0,0.14128482,0.0,0.06395504,3.2520626,1.9271089,0.0,1.175653,3.158308,0.0,3.3940551,0.0,0.0,0.0,4.2562695,3.8859377,0.5292718,0.0,3.770512,1.5848016,0.022996088,0.0,2.9587703,0.95959526,1.0673909,0.0,0.86731195,4.527014,3.0866187,3.1068082,0.0,0.00092520006,0.16031545,1.1427692,0.9150249,0.0,0.0,2.458177,1.4905784,0.0,4.7854676,0.0,2.2858129,0.86076665,0.0,0.0,0.2808361,2.8928516,0.25510317
C000580,0.0,4.5557528,0.0,4.4324927,0.7196933,0.0,0.0,0.15522304,3.4990685,0.0,0.0,0.0,0.0,0.0,4.5541987,0.0,0.0,0.0,0.34702307,3.8555317,1.873559,0.0,1.8743236,3.8904898,0.0,3.7935853,0.0,0.0,0.0,4.753577,5.046887,0.8801875,0.0,4.994885,1.2996373,0.0,0.0,3.5417209,1.7109668,0.87858355,0.0,0.65417594,5.7012177,4.15388,3.766618,0.0,0.0,0.0,1.7114757,0.20318586,0.0,0.0,2.769145,1.8573241,0.0,5.9620986,0.0,2.5175104,0.6490988,0.0,0.0,0.47842485,3.323464,0.012191087,0.0,3.484527,0.0,3.313208,0.43897837,0.0,0.0,0.5418486,2.860109,0.0,0.0,0.0,0.0,0.0,3.4691563,0.0,0.13215192,0.0,0.17351153,2.936048,1.6916162,0.0,1.0706651,2.8735607,0.0,2.975056,0.0061220787,0.0,0.0,3.7340286,3.5873237,0.49011388,0.0,3.4549909,1.2827458,0.0,0.0,2.6790245,0.9544337,0.9343642,0.0,0.66322935,4.131132,2.9054708,2.7998228,0.0,0.003376769,0.14537628,1.0707722,0.6490996,0.0,0.0,2.1624727,1.3517157,0.0,4.3539987,0.0,1.9778347,0.6826072,0.0,0.0,0.27197385,2.6096401,0.21333843
C000581,0.0,4.870636,0.0,4.5824313,0.631852,0.0,0.0,0.24792933,3.75007,0.0,0.0,0.0,0.0,0.0,4.788297,0.0,0.0,0.0,0.3235485,4.02921,2.0076156,0.0,1.8499963,4.004437,0.0,3.9971032,0.0,0.0,0.0,5.0236764,5.1477294,1.0700154,0.0,5.3706756,1.5555859,0.0,0.0,3.6868172,1.6706581,0.98066,0.0,0.8446239,5.7814827,4.2605076,4.0039053,0.0,0.0,0.030763693,1.887514,0.30259496,0.0,0.0,2.9158645,2.0115418,0.0,6.2107935,0.0,2.7122202,0.83240616,0.0,0.0,0.4042298,3.5808487,0.10089809,0.0,3.6648407,0.0,3.3987744,0.39297426,0.0,0.0,0.6020551,2.9999487,0.0,0.0,0.0,0.0,0.0,3.6009238,0.0,0.14511393,0.0,0.16177425,3.0367413,1.7698199,0.0,1.0518667,2.9485068,0.0,3.1011841,0.004225608,0.0,0.0,3.889719,3.6451626,0.59393686,0.0,3.66556,1.4336221,0.005652435,0.0,2.7619674,0.92369086,1.0086724,0.0,0.7789165,4.1733046,2.9638672,2.9320729,0.0,0.001304064,0.17836756,1.1693451,0.7128347,0.0,0.0,2.2458832,1.4351385,0.0,4.4816103,0.0,2.0984108,0.78934145,0.0,0.0,0.2266953,2.7578485,0.27604735
C000582,0.0,4.991828,0.0,4.3593183,0.0,0.0,0.0,1.4074498,4.2850237,0.0,0.0,0.0,0.0,0.0,4.780303,0.0,0.1712386,0.0,0.0,3.9779902,2.543917,0.0,0.5911205,3.6273685,0.0,3.9392896,0.13687241,0.0,0.0,5.053466,4.431791,0.45418775,0.0,4.321529,2.4390233,0.0,0.0,3.4897325,0.45326936,1.6420499,0.0,1.2839893,4.960003,3.4263883,4.0380507,0.0,0.0,0.43265262,1.0896341,1.6699125,0.0,0.0,3.053471,1.4175625,0.0,5.3716235,0.0,2.597031,1.4328427,0.0,0.0,0.0,3.6407344,0.35724187,0.0,4.991828,0.0,4.3593183,0.0,0.0,0.0,1.4074498,4.2850237,0.0,0.0,0.0,0.0,0.0,4.780303,0.0,0.1712386,0.0,0.0,3.9779902,2.543917,0.0,0.5911205,3.6273685,0.0,3.9392896,0.13687241,0.0,0.0,5.053466,4.431791,0.45418775,0.0,4.321529,2.4390233,0.0,0.0,3.4897325,0.45326936,1.6420499,0.0,1.2839893,4.960003,3.4263883,4.0380507,0.0,0.0,0.43265262,1.0896341,1.6699125,0.0,0.0,3.053471,1.4175625,0.0,5.3716235,0.0,2.597031,1.4328427,0.0,0.0,0.0,3.6407344,0.35724187
C000583,0.0,4.8994083,0.0,4.6162143,0.6139735,0.0,0.0,0.24269027,3.7544043,0.0,0.0,0.0,0.0,0.0,4.833918,0.0,0.0,0.0,0.358177,4.030047,2.0051594,0.0,1.8200405,4.0344334,0.0,3.962537,0.0,0.0,0.0,4.9813185,5.1764503,1.1428757,0.0,5.4622345,1.5369718,0.0,0.0,3.7074137,1.6769708,1.0236778,0.0,0.84259576,5.7492914,4.33076,4.042026,0.0,0.0,0.09048091,1.9665716,0.26505494,0.0,0.0,2.9083223,2.012482,0.0,6.2109337,0.0,2.7331684,0.8359084,0.0,0.0,0.41542402,3.593363,0.1553323,0.0,3.7629552,0.0,3.472528,0.37982458,0.0,0.0,0.63457096,3.0688748,0.0,0.0,0.0,0.0,0.0,3.6982026,0.0,0.16801241,0.0,0.1790885,3.102769,1.8166288,0.0,1.0276957,3.0180922,0.0,3.1692386,0.0034619905,0.0,0.0,3.953364,3.7183993,0.6533656,0.0,3.7942877,1.4930708,0.0065506436,0.0,2.826013,0.9110135,1.0823958,0.0,0.8312379,4.2153006,3.0442586,3.0192122,0.0,0.0012874678,0.24871117,1.2416779,0.73698884,0.0,0.0,2.2833989,1.4598392,0.0,4.5432386,0.0,2.1755736,0.84090424,0.0,0.0,0.22113347,2.8447618,0.34021074
C000584,0.0,4.8474326,0.0,4.5353966,0.65113044,0.0,0.0,0.2726999,3.7384634,0.0,0.0,0.0,0.0,0.0,4.754878,0.0,0.0,0.0,0.32673788,4.023951,2.0198545,0.0,1.8495932,3.9730897,0.0,4.022338,0.0,0.0,0.0,5.0468163,5.1050463,1.0439651,0.0,5.320369,1.6027132,0.0,0.0,3.6561158,1.6516417,0.97673345,0.0,0.8697424,5.7392116,4.187717,3.979711,0.0,0.0,0.025640965,1.8491108,0.34116203,0.0,0.0,2.9184303,2.0224257,0.0,6.1870174,0.0,2.7190588,0.85096776,0.0,0.0,0.39413106,3.5700846,0.105139256,0.0,3.6032848,0.0,3.3383875,0.4064271,0.0,0.0,0.6026852,2.9491677,0.0,0.0,0.0,0.0,0.0,3.5365686,0.0,0.13900305,0.0,0.16336894,2.9912262,1.7505916,0.0,1.055168,2.8992615,0.0,3.0655935,0.0031911135,0.0,0.0,3.8477309,3.582746,0.56684613,0.0,3.5894825,1.4185069,0.010789771,0.0,2.7149928,0.9162413,0.9844574,0.0,0.7635807,4.1106834,2.8966866,2.8741522,0.0,0.0023739375,0.16196346,1.1329502,0.7117661,0.0,0.0,2.2196457,1.4243771,0.0,4.4238515,0.0,2.0704339,0.77288824,0.0,0.0,0.22860686,2.7034233,0.26768386
C000585,0.0,4.9106903,0.0,4.300963,0.0,0.0,0.0,1.3791767,4.2158093,0.0,0.0,0.0,0.0,0.0,4.7044935,0.0,0.15785436,0.0,0.0,3.9206975,2.5011885,0.0,0.59680986,3.5690007,0.0,3.8655152,0.1392026,0.0,0.0,4.9690547,4.375079,0.42668068,0.0,4.241102,2.3696866,0.0,0.0,3.435846,0.46065027,1.6025869,0.0,1.2348424,4.904898,3.3874612,3.9682565,0.0,0.0,0.40254334,1.059376,1.6367652,0.0,0.0,3.000523,1.3919424,0.0,5.3023477,0.0,2.5360367,1.3864878,0.0,0.0,0.0,3.5647528,0.3335089,0.0,4.9106903,0.0,4.300963,0.0,0.0,0.0,1.3791767,4.2158093,0.0,0.0,0.0,0.0,0.0,4.7044935,0.0,0.15785436,0.0,0.0,3.9206975,2.5011885,0.0,0.59680986,3.5690007,0.0,3.8655152,0.1392026,0.0,0.0,4.9690547,4.375079,0.42668068,0.0,4.241102,2.3696866,0.0,0.0,3.435846,0.46065027,1.6025869,0.0,1.2348424,4.904898,3.3874612,3.9682565,0.0,0.0,0.40254334,1.059376,1.6367652,0.0,0.0,3.000523,1.3919424,0.0,5.3023477,0.0,2.5360367,1.3864878,0.0,0.0,0.0,3.5647528,0.3335089
C000586,0.0,4.8295536,0.0,4.2426066,0.0,0.0,0.0,1.3509032,4.1465945,0.0,0.0,0.0,0.0,0.0,4.628681,0.0,0.14447023,0.0,0.0,3.8634048,2.4584599,0.0,0.6024993,3.510633,0.0,3.7917423,0.14153293,0.0,0.0,4.884644,4.3183684,0.39917353,0.0,4.1606746,2.300349,0.0,0.0,3.381959,0.46803138,1.5631235,0.0,1.1856955,4.849792,3.3485336,3.898463,0.0,0.0,0.37243396,1.0291177,1.6036185,0.0,0.0,2.9475756,1.3663222,0.0,5.2330713,0.0,2.4750426,1.3401322,0.0,0.0,0.0,3.4887705,0.3097754,0.0,4.8295536,0.0,4.2426066,0.0,0.0,0.0,1.3509032,4.1465945,0.0,0.0,0.0,0.0,0.0,4.628681,0.0,0.14447023,0.0,0.0,3.8634048,2.4584599,0.0,0.6024993,3.510633,0.0,3.7917423,0.14153293,0.0,0.0,4.884644,4.3183684,0.39917353,0.0,4.1606746,2.300349,0.0,0.0,3.381959,0.46803138,1.5631235,0.0,1.1856955,4.849792,3.3485336,3.898463,0.0,0.0,0.37243396,1.0291177,1.6036185,0.0,0.0,2.9475756,1.3663222,0.0,5.2330713,0.0,2.4750426,1.3401322,0.0,0.0,0.0,3.4887705,0.3097754
C000587,0.0,4.44118,0.0,3.9804492,0.0,0.0,0.0,1.2045172,3.8252444,0.0,0.0,0.0,0.0,0.0,4.2812924,0.0,0.069955856,0.0,0.0,3.5867972,2.2465672,0.0,0.6373542,3.23307,0.0,3.4304752,0.15394661,0.0,0.0,4.4966474,4.0596786,0.26560825,0.0,3.7922544,1.9674802,0.0,0.0,3.138443,0.52192837,1.3603028,0.0,0.946996,4.6119156,3.1757183,3.5749917,0.0,0.0,0.2174189,0.8788609,1.4384847,0.0,0.0,2.7027626,1.2464758,0.0,4.9292917,0.0,2.1761575,1.1129113,0.0,0.0,0.0,3.134778,0.17753105,0.0,4.44118,0.0,3.9804492,0.0,0.0,0.0,1.2045172,3.8252444,0.0,0.0,0.0,0.0,0.0,4.2812924,0.0,0.069955856,0.0,0.0,3.5867972,2.2465672,0.0,0.6373542,3.23307,0.0,3.4304752,0.15394661,0.0,0.0,4.4966474,4.0596786,0.26560825,0.0,3.7922544,1.9674802,0.0,0.0,3.138443,0.52192837,1.3603028,0.0,0.946996,4.6119156,3.1757183,3.5749917,0.0,0.0,0.2174189,0.8788609,1.4384847,0.0,0.0,2.7027626,1.2464758,0.0,4.9292917,0.0,2.1761575,1.1129113,0.0,0.0,0.0,3.134778,0.17753105
C000588,0.0,3.977778,0.47294867,4.136407,1.706559,0.0,0.0,1.9645472,3.5600917,0.0,0.0,0.0,0.50142735,0.09097138,4.4247203,0.0,0.7850787,0.8047666,1.5166053,3.877379,2.7552521,0.0,1.8083174,3.7587688,0.0,4.608059,0.0,0.0,0.0,4.8924756,4.535138,0.7234475,0.0,4.6117487,2.0324268,0.8214189,0.73845047,2.889366,1.5964956,2.2420845,0.0,1.4354596,4.911212,3.6115174,3.2890756,0.0,0.0,0.8816851,1.2809018,2.2452834,0.0,0.0,2.8794188,2.015215,0.0,5.6977134,0.0,3.4252744,1.1192993,0.0,0.0,1.6429971,3.2727268,1.4532065,0.0,2.4740477,1.0677782,2.49527,2.203231,0.0,0.0,3.120363,2.0411775,0.0,0.0,0.0,1.5015317,1.5993551,2.3054085,0.4693655,2.237867,1.4261422,1.8831304,2.1803732,2.8324986,0.6797928,0.8731653,2.5919988,0.0,3.942356,0.0,0.60349554,0.0,3.2203445,2.415287,0.16919686,0.900811,2.4363337,1.8101116,1.9936832,1.810053,2.2499354,0.69658107,2.8364675,0.0,1.9313935,2.999388,1.8605458,1.7651062,0.9242737,0.09656814,2.0293658,0.7325261,3.001241,0.0,0.0,1.5718584,1.4376307,0.0,3.2357273,0.47962365,3.7331936,1.6539606,0.0,1.4508911,1.6511245,2.1666305,2.6852617
C000589,0.0,1.9060856,0.09950681,1.8607715,0.980036,0.0,0.0,0.17317669,1.4671894,0.0,0.0,0.0,0.0,0.0,1.8612119,0.0,0.0,0.054614782,0.86827374,1.8075628,1.0716717,0.0,1.306264,1.9350418,0.0,1.914082,0.0,0.0,0.0,1.9761912,2.3537672,0.23932537,0.0,2.2048857,0.31673142,0.33793488,0.53848475,1.501172,1.0732005,0.42754805,0.0,0.0,2.3332605,2.036635,1.5219464,0.036016688,0.0,0.2497194,0.62894785,0.38889965,0.0,0.0,1.1546268,1.2648938,0.0,2.8372865,0.0,1.1886883,0.3183587,0.0,0.0,0.99649215,1.2816385,0.28983104,0.0,1.911765,1.2791557,1.4471718,2.2794933,0.0,0.0,3.1743972,1.4383818,0.1650062,0.0,0.0,1.772884,1.9435259,1.6714879,0.88837934,2.2803247,1.3708878,1.8792439,1.4677995,2.679245,1.0753598,0.5776916,2.0483441,0.0,3.3497257,0.0,0.96665984,0.0,2.1453702,1.6151776,0.16641735,1.3582716,1.5275656,1.5705389,2.1114244,2.0128725,1.8768679,0.38543132,3.0025318,0.092831105,1.8386407,2.004605,1.2287414,1.2055353,1.2084653,0.2966183,2.3388813,0.70638514,2.7584496,0.0,0.0,1.0092794,1.3202032,0.0,2.135578,0.85563135,3.4985685,2.0500991,0.0,1.9265195,1.7760264,1.7618421,3.0648415
C000590,0.0,2.9369211,0.0,2.7589726,0.0,0.0,0.0,0.7274217,2.5837533,0.0,0.0,0.0,0.0,0.0,2.8858628,0.0,0.03794636,0.0,0.0,2.4420817,1.5299852,0.0,0.4547537,2.2222793,0.0,2.338389,0.10761968,0.0,0.0,3.0345192,2.7246845,0.14052597,0.0,2.5493083,1.27083,0.0,0.0,2.1334608,0.38268992,0.80750364,0.0,0.53196764,3.169543,2.2194996,2.312076,0.0,0.0,0.07678084,0.50897604,0.9729838,0.0,0.0,1.8488992,0.8507287,0.0,3.369873,0.0,1.3675511,0.64145476,0.0,0.0,0.0,2.0742826,0.056471802,0.0,3.9521635,0.037805244,3.7658176,0.5516449,0.0,0.0,0.75678414,3.209042,0.0,0.0,0.0,0.0,0.0,3.8701193,0.0,0.01897318,0.0,0.27053747,3.2607708,1.8849945,0.0,1.2088671,3.1568565,0.0,3.404839,0.05380984,0.0,0.0,4.337414,4.01592,0.6584057,0.0,4.0347176,1.6069179,0.1462815,0.0,2.9971418,0.93852127,1.0631614,0.0,0.9598074,4.5034776,3.0966618,3.1444473,0.0,0.0,0.24937168,1.3064795,0.72843593,0.0,0.0,2.420283,1.6009723,0.0,4.789235,0.0,2.4250555,0.87251186,0.0,0.0,0.23601586,3.0950878,0.29292208
C000591,0.0,4.8295536,0.0,4.2426066,0.0,0.0,0.0,1.3509032,4.1465945,0.0,0.0,0.0,0.0,0.0,4.628681,0.0,0.14447023,0.0,0.0,3.8634048,2.4584599,0.0,0.6024993,3.510633,0.0,3.7917423,0.14153293,0.0,0.0,4.884644,4.3183684,0.39917353,0.0,4.1606746,2.300349,0.0,0.0,3.381959,0.46803138,1.5631235,0.0,1.1856955,4.849792,3.3485336,3.898463,0.0,0.0,0.37243396,1.0291177,1.6036185,0.0,0.0,2.9475756,1.3663222,0.0,5.2330713,0.0,2.4750426,1.3401322,0.0,0.0,0.0,3.4887705,0.3097754,0.0,4.8295536,0.0,4.2426066,0.0,0.0,0.0,1.3509032,4.1465945,0.0,0.0,0.0,0.0,0.0,4.628681,0.0,0.14447023,0.0,0.0,3.8634048,2.4584599,0.0,0.6024993,3.510633,0.0,3.7917423,0.14153293,0.0,0.0,4.884644,4.3183684,0.39917353,0.0,4.1606746,2.300349,0.0,0.0,3.381959,0.46803138,1.5631235,0.0,1.1856955,4.849792,3.3485336,3.898463,0.0,0.0,0.37243396,1.0291177,1.6036185,0.0,0.0,2.9475756,1.3663222,0.0,5.2330713,0.0,2.4750426,1.3401322,0.0,0.0,0.0,3.4887705,0.3097754
C000592,0.0,5.1719646,0.0,4.483232,0.0,0.0,0.0,1.494397,4.431928,0.0,0.0,0.0,0.0,0.0,4.944562,0.0,0.21410017,0.0,0.0,4.1032906,2.6543455,0.0,0.56954753,3.7479706,0.0,4.117673,0.13112259,0.0,0.0,5.2333393,4.5499883,0.5148298,0.0,4.4879475,2.5963287,0.0,0.0,3.6012723,0.42493197,1.7452637,0.0,1.402808,5.076772,3.504819,4.183442,0.0,0.0,0.5173289,1.1610245,1.7578404,0.0,0.0,3.1594954,1.464017,0.0,5.5209675,0.0,2.754617,1.5455703,0.0,0.0,0.0,3.8106258,0.4368088,0.0,5.1719646,0.0,4.483232,0.0,0.0,0.0,1.494397,4.431928,0.0,0.0,0.0,0.0,0.0,4.944562,0.0,0.21410017,0.0,0.0,4.1032906,2.6543455,0.0,0.56954753,3.7479706,0.0,4.117673,0.13112259,0.0,0.0,5.2333393,4.5499883,0.5148298,0.0,4.4879475,2.5963287,0.0,0.0,3.6012723,0.42493197,1.7452637,0.0,1.402808,5.076772,3.504819,4.183442,0.0,0.0,0.5173289,1.1610245,1.7578404,0.0,0.0,3.1594954,1.464017,0.0,5.5209675,0.0,2.754617,1.5455703,0.0,0.0,0.0,3.8106258,0.4368088
C000593,0.0,2.658838,0.03893692,2.73955,0.7658174,0.0,0.0,0.2823941,2.2937393,0.0,0.0,0.0,0.0,0.0,2.7325423,0.0,0.0,0.07000229,0.54213727,2.484766,1.3949485,0.0,1.3461914,2.6378639,0.0,2.732791,0.0,0.0,0.0,3.3749208,2.924093,0.37067783,0.0,3.0968375,1.1318811,0.20878291,0.0,2.1850612,1.0887377,0.84046054,0.0,0.5409963,3.4283814,2.427866,2.1997883,0.0,0.0,0.111842655,0.8838206,0.61113006,0.0,0.0,1.7847592,1.3476381,0.0,3.8467774,0.0,1.8245962,0.41017786,0.0,0.0,0.472116,1.9517941,0.26146775,0.0,2.7915564,0.21422824,2.6281555,0.9382547,0.0,0.0,1.0148281,2.3266625,0.0,0.0,0.0,0.124487676,0.10054825,2.8229003,0.0,0.3066439,0.066771105,0.6279333,2.4504766,1.7407677,0.0,0.9265096,2.508425,0.0,2.8266892,0.0,0.0,0.0,3.3862689,2.7754462,0.4683377,0.03145962,2.8193598,1.3176849,0.4689446,0.14429095,2.3102252,0.7008796,1.3430182,0.0,0.87639606,3.259098,2.1374195,2.0766249,0.039030872,0.013159368,0.6459634,1.03229,1.0519725,0.0,0.0,1.7447659,1.4575629,0.0,3.5374477,0.0,2.3095925,0.83505535,0.0,0.011822708,0.5834075,2.2907627,0.85328853
C000594,0.0,5.3598413,0.0,4.616248,0.0,0.0,0.0,1.6095928,4.579143,0.0,0.0,0.0,0.0,0.0,5.1125546,0.0,0.2840252,0.0,0.0,4.239031,2.7836053,0.0,0.54288125,3.8784797,0.0,4.3215804,0.12448905,0.0,0.0,5.4313593,4.6707053,0.57014066,0.0,4.6618876,2.762447,0.0,0.0,3.7247481,0.38174075,1.8787977,0.0,1.5370854,5.2044034,3.5896854,4.3263035,0.0,0.0,0.6253228,1.2384818,1.8709615,0.0,0.0,3.2618294,1.5122188,0.0,5.664124,0.0,2.9400327,1.6693242,0.0,0.0,0.0,3.9952252,0.5492611,0.0,5.3598413,0.0,4.616248,0.0,0.0,0.0,1.6095928,4.579143,0.0,0.0,0.0,0.0,0.0,5.1125546,0.0,0.2840252,0.0,0.0,4.239031,2.7836053,0.0,0.54288125,3.8784797,0.0,4.3215804,0.12448905,0.0,0.0,5.4313593,4.6707053,0.57014066,0.0,4.6618876,2.762447,0.0,0.0,3.7247481,0.38174075,1.8787977,0.0,1.5370854,5.2044034,3.5896854,4.3263035,0.0,0.0,0.6253228,1.2384818,1.8709615,0.0,0.0,3.2618294,1.5122188,0.0,5.664124,0.0,2.9400327,1.6693242,0.0,0.0,0.0,3.9952252,0.5492611
C000595,0.0,2.9626853,0.0,2.7806764,0.0,0.0,0.0,0.715209,2.6292653,0.0,0.0,0.0,0.0,0.0,2.9128146,0.0,0.031404197,0.0,0.0,2.4838784,1.5465956,0.0,0.464719,2.2284482,0.0,2.37388,0.11520968,0.0,0.0,3.0711093,2.7598658,0.14700094,0.0,2.5722284,1.282453,0.0,0.0,2.1435785,0.39628285,0.79986155,0.0,0.5382942,3.2216783,2.2532072,2.3449824,0.0,0.0,0.05924866,0.5143875,0.97985864,0.0,0.0,1.8568817,0.8683256,0.0,3.4254522,0.0,1.3598878,0.64286625,0.0,0.0,0.0,2.110063,0.03162067,0.0,3.5238142,0.25827238,3.2527428,0.89034456,0.0,0.0,0.9364007,2.7447424,0.0,0.0,0.0,0.0,0.0,3.3827503,0.0,0.12591523,0.0,0.5856269,2.871425,1.7378368,0.0,1.13391,2.9548357,0.0,3.2785625,0.038403224,0.0,0.0,3.877023,3.5552263,0.77439314,0.0,3.5880086,1.4379859,0.31602204,0.048352484,2.7136981,0.8298469,1.3467151,0.0,1.0579869,4.0675526,2.6984112,2.627147,0.0,0.0,0.5704373,1.5076137,0.6981252,0.0,0.0,2.1287236,1.5374695,0.0,4.1581845,0.0,2.5643418,0.9336861,0.0,0.0,0.58840626,3.051911,0.7242124
C000596,0.0,4.080577,0.078772515,4.013016,0.7776433,0.0,0.0,0.129796,3.0779023,0.0,0.0,0.0,0.0,0.0,4.1275854,0.0,0.0,0.0,0.577339,3.4263306,1.7122567,0.0,1.6191069,3.556003,0.0,3.440887,0.0,0.0,0.0,4.1349735,4.433588,1.249328,0.0,4.896263,1.251447,0.0,0.0,3.1822696,1.5493648,0.937063,0.0,0.7313714,4.767941,3.807561,3.3837914,0.0,0.0,0.28287196,1.9360147,0.07286793,0.0,0.0,2.4223518,1.8208568,0.0,5.2755756,0.0,2.4986167,0.6829651,0.0,0.0,0.4892835,3.0670428,0.4212743,0.0,3.7796233,0.060857847,3.5766351,0.67231065,0.0,0.0,0.74796027,3.0308723,0.0,0.0,0.0,0.0,0.0,3.732622,0.0,0.14102319,0.0,0.40380168,3.1390324,1.7305102,0.0,1.1751817,3.07462,0.0,3.2867033,0.002084906,0.0,0.0,4.0171013,3.9225044,0.8873065,0.0,4.088576,1.4887804,0.07784051,0.0,2.913082,0.951221,1.1856112,0.0,0.9406967,4.2479568,3.0806313,3.0439975,0.0,0.0,0.45403528,1.5800892,0.53128207,0.0,0.0,2.321215,1.5957426,0.0,4.539643,0.0,2.4666958,0.8636594,0.0,0.0,0.46598086,3.1025803,0.5348126
C000597,0.0,5.07775,0.0,4.419758,0.0,0.0,0.0,1.4447359,4.3565764,0.0,0.0,0.0,0.0,0.0,4.8604884,0.0,0.18976656,0.0,0.0,4.0375113,2.59401,0.0,0.58173215,3.685242,0.0,4.0227776,0.13439447,0.0,0.0,5.1387243,4.489235,0.4841375,0.0,4.403348,2.512756,0.0,0.0,3.5437078,0.44164065,1.6871576,0.0,1.3397741,5.0171843,3.46518,4.108858,0.0,0.0,0.47038698,1.1237433,1.7091242,0.0,0.0,3.1054587,1.4398807,0.0,5.443994,0.0,2.669736,1.4856623,0.0,0.0,0.0,3.7228658,0.38978177,0.0,5.07775,0.0,4.419758,0.0,0.0,0.0,1.4447359,4.3565764,0.0,0.0,0.0,0.0,0.0,4.8604884,0.0,0.18976656,0.0,0.0,4.0375113,2.59401,0.0,0.58173215,3.685242,0.0,4.0227776,0.13439447,0.0,0.0,5.1387243,4.489235,0.4841375,0.0,4.403348,2.512756,0.0,0.0,3.5437078,0.44164065,1.6871576,0.0,1.3397741,5.0171843,3.46518,4.108858,0.0,0.0,0.47038698,1.1237433,1.7091242,0.0,0.0,3.1054587,1.4398807,0.0,5.443994,0.0,2.669736,1.4856623,0.0,0.0,0.0,3.7228658,0.38978177
C000598,0.0,4.5747843,0.0,4.4414577,0.68675375,0.0,0.0,0.15528926,3.489673,0.0,0.0,0.0,0.0,0.0,4.6215987,0.0,0.0,0.0,0.4254661,3.8318386,1.8513813,0.0,1.7923379,3.8978043,0.0,3.716777,0.0,0.0,0.0,4.6064262,5.0659456,1.0335653,0.0,5.15222,1.2677073,0.0,0.0,3.5281525,1.7013748,0.9449473,0.0,0.64691895,5.5773497,4.2442846,3.8142266,0.0,0.0,0.0,1.8576982,0.117621124,0.0,0.0,2.7325892,1.8661884,0.0,5.91061,0.0,2.560107,0.66821903,0.0,0.0,0.50317454,3.3404198,0.11791617,0.0,3.6530037,0.0,3.421271,0.41324687,0.0,0.0,0.6120719,2.9770107,0.0,0.0,0.0,0.0,0.0,3.638733,0.0,0.17963967,0.0,0.21273305,3.043664,1.7685382,0.0,1.0093393,2.9818954,0.0,3.096735,0.0037221536,0.0,0.0,3.8164988,3.701281,0.6122093,0.0,3.6905627,1.3984967,0.0064811595,0.0,2.7692916,0.91477364,1.0713726,0.0,0.7642686,4.16785,3.0295331,2.9483914,0.0,0.0004895311,0.22635776,1.2076304,0.68821704,0.0,0.0,2.2214484,1.3994335,0.0,4.434929,0.0,2.1294749,0.78669035,0.0,0.0,0.25936103,2.7665691,0.34162098
C000599,0.0,1.5655318,7.3850956,1.6766808,13.425787,0.0,0.0,15.061513,0.16460419,2.7380295,0.0,0.0,12.843528,12.134892,0.36519212,8.18433,12.188012,11.4952755,12.104158,1.1041784,10.787412,9.254206,3.3013186,3.9825296,0.0,11.32464,0.0,10.696966,0.0,1.7086428,1.935807,0.0,9.4033375,2.467721,4.01451,12.268469,12.727371,2.0461888,1.603364,12.492212,0.8125422,7.92713,2.3524954,1.6209679,1.4410433,8.605339,1.7889636,10.094795,0.0,13.112049,0.0,0.0,0.79498464,3.214888,0.0,2.9392316,11.733791,12.216089,6.5723257,0.0,13.497756,10.679865,1.1894593,14.091312,0.0,2.861825,4.4790764,2.4637413,7.8602448,0.0,0.0,9.929053,1.6715269,1.2710457,0.0,0.0,7.242169,7.1242948,2.1012414,4.5758038,7.663437,6.4971237,7.0854874,2.2504182,7.3663116,5.095752,1.8288493,3.8584895,0.0,8.382755,0.0,5.394598,0.0,3.0407221,2.845172,0.3072943,5.2459126,3.1216402,3.5562572,7.5745335,7.4634266,3.0291622,1.063925,8.532132,0.55662316,5.488451,3.2199712,2.2466738,2.235705,4.787346,1.0251545,6.9988074,0.8454837,8.704822,0.0,0.0,1.4879979,2.7357235,0.0,3.8754597,5.6463475,8.932403,5.110778,0.0,8.189452,6.4598827,2.5890307,9.302816
C000600,0.0,5.2659802,0.0,4.5480413,0.0,0.0,0.0,1.5478469,4.5064483,0.0,0.0,0.0,0.0,0.0,5.0286765,0.0,0.24344437,0.0,0.0,4.170088,2.7167761,0.0,0.55687636,3.811788,0.0,4.215868,0.12780133,0.0,0.0,5.329979,4.6106067,0.54409236,0.0,4.5735846,2.679678,0.0,0.0,3.6608446,0.40588516,1.8074943,0.0,1.4677275,5.1383047,3.5457587,4.256547,0.0,0.0,0.5676535,1.1990026,1.8102305,0.0,0.0,3.2121224,1.4881855,0.0,5.5953703,0.0,2.8431854,1.6064732,0.0,0.0,0.0,3.900533,0.4882537,0.0,5.2659802,0.0,4.5480413,0.0,0.0,0.0,1.5478469,4.5064483,0.0,0.0,0.0,0.0,0.0,5.0286765,0.0,0.24344437,0.0,0.0,4.170088,2.7167761,0.0,0.55687636,3.811788,0.0,4.215868,0.12780133,0.0,0.0,5.329979,4.6106067,0.54409236,0.0,4.5735846,2.679678,0.0,0.0,3.6608446,0.40588516,1.8074943,0.0,1.4677275,5.1383047,3.5457587,4.256547,0.0,0.0,0.5676535,1.1990026,1.8102305,0.0,0.0,3.2121224,1.4881855,0.0,5.5953703,0.0,2.8431854,1.6064732,0.0,0.0,0.0,3.900533,0.4882537
C000601,0.0,4.991828,0.0,4.3593183,0.0,0.0,0.0,1.4074498,4.2850237,0.0,0.0,0.0,0.0,0.0,4.780303,0.0,0.1712386,0.0,0.0,3.9779902,2.543917,0.0,0.5911205,3.6273685,0.0,3.9392896,0.13687241,0.0,0.0,5.053466,4.431791,0.45418775,0.0,4.321529,2.4390233,0.0,0.0,3.4897325,0.45326936,1.6420499,0.0,1.2839893,4.960003,3.4263883,4.0380507,0.0,0.0,0.43265262,1.0896341,1.6699125,0.0,0.0,3.053471,1.4175625,0.0,5.3716235,0.0,2.597031,1.4328427,0.0,0.0,0.0,3.6407344,0.35724187,0.0,4.991828,0.0,4.3593183,0.0,0.0,0.0,1.4074498,4.2850237,0.0,0.0,0.0,0.0,0.0,4.780303,0.0,0.1712386,0.0,0.0,3.9779902,2.543917,0.0,0.5911205,3.6273685,0.0,3.9392896,0.13687241,0.0,0.0,5.053466,4.431791,0.45418775,0.0,4.321529,2.4390233,0.0,0.0,3.4897325,0.45326936,1.6420499,0.0,1.2839893,4.960003,3.4263883,4.0380507,0.0,0.0,0.43265262,1.0896341,1.6699125,0.0,0.0,3.053471,1.4175625,0.0,5.3716235,0.0,2.597031,1.4328427,0.0,0.0,0.0,3.6407344,0.35724187
C000602,0.0,4.517453,0.0,4.030518,0.0,0.0,0.0,1.2357278,3.8872411,0.0,0.0,0.0,0.0,0.0,4.348421,0.0,0.087601274,0.0,0.0,3.6410933,2.288518,0.0,0.6286283,3.286436,0.0,3.5031018,0.15119177,0.0,0.0,4.5712194,4.10885,0.2926127,0.0,3.8636827,2.033347,0.0,0.0,3.18525,0.50784117,1.4016508,0.0,0.99505746,4.6559,3.2087321,3.6379929,0.0,0.0,0.24875264,0.90989894,1.471957,0.0,0.0,2.7493343,1.2697273,0.0,4.9852586,0.0,2.2367656,1.1581706,0.0,0.0,0.0,3.2038324,0.20541912,0.0,4.517453,0.0,4.030518,0.0,0.0,0.0,1.2357278,3.8872411,0.0,0.0,0.0,0.0,0.0,4.348421,0.0,0.087601274,0.0,0.0,3.6410933,2.288518,0.0,0.6286283,3.286436,0.0,3.5031018,0.15119177,0.0,0.0,4.5712194,4.10885,0.2926127,0.0,3.8636827,2.033347,0.0,0.0,3.18525,0.50784117,1.4016508,0.0,0.99505746,4.6559,3.2087321,3.6379929,0.0,0.0,0.24875264,0.90989894,1.471957,0.0,0.0,2.7493343,1.2697273,0.0,4.9852586,0.0,2.2367656,1.1581706,0.0,0.0,0.0,3.2038324,0.20541912
C000603,0.0,4.9371686,0.0,4.726448,0.6952304,0.0,0.0,0.26219583,3.8649766,0.0,0.0,0.0,0.0,0.0,4.8899655,0.0,0.0,0.0,0.1955243,4.225867,2.05226,0.0,2.0054622,4.1527476,0.0,4.255486,0.0,0.0,0.0,5.3697195,5.3188453,0.9095051,0.0,5.344867,1.6677482,0.0,0.0,3.7944477,1.7274685,0.9547713,0.0,0.933046,6.130516,4.311981,4.0906816,0.0,0.0,0.0,1.7355036,0.4451042,0.0,0.0,3.07347,2.0064995,0.0,6.4230647,0.0,2.7882864,0.82963514,0.0,0.0,0.42042634,3.664315,0.0,0.0,3.534811,0.0,3.3786197,0.45983183,0.0,0.0,0.5912099,2.9321537,0.0,0.0,0.0,0.0,0.0,3.5168912,0.0,0.13119686,0.0,0.09776215,3.006731,1.7371554,0.0,1.1461143,2.9159126,0.0,3.0891166,0.0036944672,0.0,0.0,3.9049459,3.6277418,0.45475256,0.0,3.4794302,1.3486785,0.012664994,0.0,2.7354646,0.9660996,0.9184743,0.0,0.71586037,4.2638345,2.9072158,2.8447838,0.0,0.0024242625,0.12321996,1.0359334,0.7462635,0.0,0.0,2.2378054,1.3889401,0.0,4.478847,0.0,2.0422924,0.7028465,0.0,0.0,0.28342718,2.6426198,0.18530029
C000604,0.0,4.1313014,0.5075552,3.8561792,1.4382026,0.0,0.0,1.61921,3.6678863,0.0,0.0,0.0,0.08352673,0.28070444,4.092545,0.0,0.89643645,0.3206504,0.8964768,3.391268,2.7550383,0.0,1.8427048,3.6179988,0.0,4.7640123,0.0,0.0,0.0,5.052318,4.3567834,0.63939947,0.0,4.5903907,1.8190229,0.68256736,0.5571459,3.0726166,1.399039,2.1251907,0.0,1.4679742,4.773733,3.4526138,3.6270182,0.0,0.0,0.9213925,1.3803954,2.271585,0.0,0.0,2.8274417,1.5997658,0.0,5.3006716,0.0,3.6306999,1.3769366,0.0,0.08779743,0.9415082,3.2963903,1.3515353,0.0,2.4947984,0.9574151,2.0955446,1.9327716,0.0,0.0,2.655109,2.0835335,0.0,0.0,0.0,1.1884853,1.2935299,2.3400083,0.42733422,1.7776443,0.9806374,1.416728,2.0285199,2.624005,0.53837985,0.94265765,2.411494,0.0,3.6583118,0.0,0.340945,0.0,3.0104964,2.3444636,0.38643906,0.7878441,2.419323,1.6326016,1.5982887,1.503068,2.2024128,0.6892481,2.6713474,0.0,1.7063948,2.7480297,1.8673286,1.9058589,0.69267446,0.14040884,1.8347888,0.95434004,2.5726058,0.0,0.0,1.5418969,1.3340117,0.0,2.9829557,0.30898973,3.496075,1.7650414,0.0,1.1948521,1.4234581,2.2538521,2.5255873
C000605,0.0,4.8295536,0.0,4.2426066,0.0,0.0,0.0,1.3509032,4.1465945,0.0,0.0,0.0,0.0,0.0,4.628681,0.0,0.14447023,0.0,0.0,3.8634048,2.4584599,0.0,0.6024993,3.510633,0.0,3.7917423,0.14153293,0.0,0.0,4.884644,4.3183684,0.39917353,0.0,4.1606746,2.300349,0.0,0.0,3.381959,0.46803138,1.5631235,0.0,1.1856955,4.849792,3.3485336,3.898463,0.0,0.0,0.37243396,1.0291177,1.6036185,0.0,0.0,2.9475756,1.3663222,0.0,5.2330713,0.0,2.4750426,1.3401322,0.0,0.0,0.0,3.4887705,0.3097754,0.0,4.8295536,0.0,4.2426066,0.0,0.0,0.0,1.3509032,4.1465945,0.0,0.0,0.0,0.0,0.0,4.628681,0.0,0.14447023,0.0,0.0,3.8634048,2.4584599,0.0,0.6024993,3.510633,0.0,3.7917423,0.14153293,0.0,0.0,4.884644,4.3183684,0.39917353,0.0,4.1606746,2.300349,0.0,0.0,3.381959,0.46803138,1.5631235,0.0,1.1856955,4.849792,3.3485336,3.898463,0.0,0.0,0.37243396,1.0291177,1.6036185,0.0,0.0,2.9475756,1.3663222,0.0,5.2330713,0.0,2.4750426,1.3401322,0.0,0.0,0.0,3.4887705,0.3097754
C000606,0.0,4.594108,0.0,4.080994,0.0,0.0,0.0,1.2668654,3.9495687,0.0,0.0,0.0,0.0,0.0,4.416078,0.0,0.10367714,0.0,0.0,3.6952255,2.3321958,0.0,0.6202911,3.3414314,0.0,3.5752459,0.14837685,0.0,0.0,4.6469107,4.158209,0.3187505,0.0,3.9342623,2.0998545,0.0,0.0,3.2318428,0.49575514,1.4438144,0.0,1.0429646,4.7003064,3.2406063,3.7008202,0.0,0.0,0.28095362,0.93960404,1.5060972,0.0,0.0,2.7974977,1.2929994,0.0,5.0424576,0.0,2.2975178,1.2043599,0.0,0.0,0.0,3.2731085,0.23457666,0.0,4.594108,0.0,4.080994,0.0,0.0,0.0,1.2668654,3.9495687,0.0,0.0,0.0,0.0,0.0,4.416078,0.0,0.10367714,0.0,0.0,3.6952255,2.3321958,0.0,0.6202911,3.3414314,0.0,3.5752459,0.14837685,0.0,0.0,4.6469107,4.158209,0.3187505,0.0,3.9342623,2.0998545,0.0,0.0,3.2318428,0.49575514,1.4438144,0.0,1.0429646,4.7003064,3.2406063,3.7008202,0.0,0.0,0.28095362,0.93960404,1.5060972,0.0,0.0,2.7974977,1.2929994,0.0,5.0424576,0.0,2.2975178,1.2043599,0.0,0.0,0.0,3.2731085,0.23457666
C000607,0.0,2.8521264,0.0,2.6970015,0.0,0.0,0.0,0.7547257,2.4751966,0.0,0.0,0.0,0.0,0.0,2.7985787,0.0,0.062379792,0.0,0.0,2.3441787,1.4938295,0.0,0.43420485,2.1870873,0.0,2.2525682,0.09674192,0.0,0.0,2.9380274,2.6342013,0.109393,0.0,2.4554195,1.220633,0.0,0.0,2.0904133,0.35461378,0.8098617,0.0,0.5021753,3.0507069,2.1369858,2.2183902,0.0,0.0,0.09981547,0.48944068,0.9628369,0.0,0.0,1.8097359,0.80360335,0.0,3.2342927,0.0,1.3632647,0.62027746,0.0,0.0,0.0,1.9737493,0.09875473,0.0,2.4336264,1.5206275,2.021487,2.5758402,0.0,0.0,3.8390112,1.9238764,0.07146853,0.0,0.0,2.1884148,2.4475248,2.143628,1.1335467,2.8065655,1.5574175,2.1021698,1.9401461,3.1657164,1.3818145,0.62537915,2.406953,0.0,4.1572895,0.016123654,1.192245,0.0,2.8229768,2.164972,0.13657479,1.6512572,2.0577998,1.9292604,2.228586,2.1332371,2.2127326,0.40868556,3.44295,0.012300794,2.1970553,2.6864052,1.5567503,1.5466743,1.383575,0.3538616,2.5842981,0.83882904,3.32632,0.0,0.0,1.4278469,1.3304353,0.0,2.563571,1.0389222,4.168005,2.2459412,0.0,2.4300559,1.8874227,2.3280003,3.3360932
C000608,0.0,4.6327963,0.0,4.5662575,0.837821,0.0,0.0,0.19298905,3.6259978,0.0,0.0,0.0,0.0,0.0,4.6461406,0.0,0.0,0.0,0.28463328,4.0532827,1.9477862,0.0,2.0587165,4.009661,0.0,4.037747,0.0,0.0,0.0,5.1476164,5.172835,0.7385962,0.0,5.016084,1.4242873,0.0,0.0,3.634096,1.801599,0.84088916,0.0,0.74847233,6.033208,4.197839,3.8417757,0.0,0.0,0.0,1.5731812,0.3763773,0.0,0.0,2.931752,1.9182062,0.0,6.2351108,0.0,2.5921419,0.65283126,0.0,0.0,0.5173104,3.4184563,0.0,0.0,3.3768394,0.0,3.2995434,0.5380966,0.0,0.0,0.56621826,2.812496,0.0,0.0,0.0,0.0,0.0,3.3951802,0.0,0.13384129,0.0,0.14231664,2.9165835,1.6909714,0.0,1.1729171,2.841415,0.0,2.9777756,0.002083227,0.0,0.0,3.7899876,3.557162,0.3692981,0.0,3.3062031,1.2190497,0.016326968,0.0,2.6560655,1.0026302,0.86355275,0.0,0.6142692,4.2185397,2.849689,2.7191515,0.0,0.0021851547,0.12655273,0.9530871,0.7190277,0.0,0.0,2.163932,1.3459626,0.0,4.38847,0.0,1.9441167,0.61288077,0.0,0.0,0.3398831,2.5108232,0.18793997
C000609,0.0,1.1086239,2.884881,1.1905808,5.261458,0.0,0.0,5.748776,0.5397917,0.8002287,0.0,0.0,5.0607986,4.6624246,0.6273314,2.6910548,4.800361,4.179346,4.5835648,0.8841361,4.3245654,3.2531564,1.4207112,2.2621994,0.0,4.956234,0.0,3.6260362,0.0,1.1853604,1.364759,0.0,3.242219,1.5162244,1.6520487,4.8455915,5.0896406,1.3357015,0.8693492,5.2198086,0.20714872,2.9633677,1.5707551,1.136687,0.9259542,2.9614,0.7104209,4.007169,0.0,5.4040594,0.0,0.0,0.6785252,1.6610553,0.0,1.9223788,3.986227,5.0476103,2.6660826,0.0,5.3187757,4.156365,0.6607441,5.622103,0.0,1.3050809,3.1827292,0.9743823,5.0672865,0.0,0.0,7.1618843,0.9680023,0.95724124,0.0,0.0,5.161154,5.3382435,0.9972536,3.2746196,5.6575003,4.143677,4.3942842,0.9122217,4.8812094,3.8236365,0.46096453,1.8713615,0.0,5.117885,0.0,3.8144245,0.0,1.4932961,1.0193832,0.021407342,3.9782643,0.85570526,2.3684907,4.9920764,5.1857758,1.6838148,0.23191795,6.02542,0.5372618,3.677943,1.3117102,0.66889215,0.823475,3.4281776,0.9973591,4.970254,0.28990275,6.2159777,0.0,0.0,0.673614,1.5599229,0.0,1.4551952,3.6112723,5.8955383,3.8795342,0.09500178,5.9446297,4.008724,1.3778275,6.4730463
C000610,0.0,3.6387699,0.0,3.6214478,0.8242383,0.0,0.0,0.0,2.7444534,0.0,0.0,0.0,0.0,0.0,3.659082,0.0,0.0,0.0,0.4504504,3.1271095,1.4895555,0.0,1.6794169,3.235833,0.0,3.2502875,0.0,0.0,0.0,3.9346373,4.067576,0.8917304,0.0,4.2879467,1.0957255,0.0,0.0,2.9159737,1.4651043,0.6383556,0.0,0.57445514,4.609654,3.4221344,2.9661305,0.0,0.0,0.0,1.5539165,0.051178813,0.0,0.0,2.2926297,1.654706,0.0,4.889157,0.0,2.1498628,0.49064666,0.0,0.0,0.4432096,2.6962795,0.09964597,0.0,2.5649166,1.2194649,2.1532156,2.1273692,0.0,0.0,3.0606868,2.0043614,0.046801593,0.0,0.0,1.5361593,1.764623,2.3192828,0.78463215,2.092219,1.1806978,1.635314,2.058668,2.7551131,0.97325736,0.66594887,2.4437082,0.0,3.8183763,0.0014900959,0.84155416,0.0,2.9490464,2.3252609,0.35268968,1.189318,2.332611,1.7539122,1.7810982,1.6047046,2.2894537,0.47294587,2.9603486,0.0,1.9346173,2.8200724,1.7678677,1.7538807,0.99131167,0.25951147,2.1523004,1.1163533,2.544696,0.0,0.0,1.5108155,1.3845406,0.0,2.7958684,0.7092992,3.8244355,1.9954064,0.0,1.730072,1.5877067,2.4750981,2.8035693
C000611,0.0,1.7368915,1.595199,1.9874054,5.263461,0.0,0.0,2.1328173,1.2452935,0.0,0.0,0.0,3.9583333,2.3789582,2.1320448,1.6366886,1.9285157,4.216016,4.243902,2.3143697,3.2799218,2.137499,3.4173574,3.0504637,0.0,4.2224383,0.0,2.5577679,0.0,2.2541447,3.5048814,0.26891896,1.1147586,4.062734,0.39776886,2.8087697,4.5997396,1.4307842,3.8732867,2.726151,0.0,1.7326871,2.8916762,3.7552857,2.4432714,1.9711256,0.5925941,1.3462842,0.17257059,3.1111777,0.0,0.0,1.4159963,2.263577,0.0,4.947704,3.2289152,3.1071277,0.4618358,0.0,3.1863837,3.9362423,1.0270678,2.794493,0.0,1.3939774,4.9390683,1.4294486,7.944331,0.0,0.0,10.588195,1.0727544,1.11502,0.0,0.0,8.178367,8.307398,1.1485412,4.979361,8.687546,6.7706723,7.0788546,1.3222247,7.096783,5.847256,0.9316015,2.8652956,0.0,7.772748,0.0,5.9396334,0.0,1.8928483,1.5036241,0.19228052,5.8168483,1.435754,3.179841,7.3469286,8.122544,2.1211274,0.55483365,8.867877,0.70567214,5.515442,1.7135392,1.1542138,1.159406,5.3566456,1.3001004,7.5009503,0.42783988,9.57066,0.0,0.0,0.7736892,2.0081706,0.0,2.170172,5.7142534,8.714535,5.231613,0.023999816,9.332583,6.1429667,1.8040541,9.537167
C000612,0.0,2.8771396,0.20262581,2.6029832,1.7536237,0.0,0.0,0.33258882,2.1315727,0.0,0.0,0.0,0.20006073,0.0,2.973845,0.0,0.0,0.5466846,1.3062435,2.6026864,1.7486615,0.0,1.6667995,2.5702891,0.0,2.6703491,0.0,0.0,0.0,2.747602,3.3946288,0.3488289,0.0,3.451654,0.48485747,0.7890607,0.9216007,1.9805577,1.9868382,0.81534433,0.0,0.3730381,3.3202262,2.9750464,2.1777186,0.11885601,0.0,0.21021426,0.64663154,0.8955976,0.0,0.0,1.5060776,1.7576146,0.0,4.284872,0.0,1.6933365,0.4621171,0.0,0.0,1.4341518,1.7316102,0.615713,0.0,1.8319166,1.3940104,1.447553,2.4730396,0.0,0.0,3.2544143,1.3865093,0.025977295,0.0,0.0,2.114005,2.3596995,1.5869368,0.8655165,2.617867,1.6641012,2.1861167,1.4652332,2.677773,1.4230669,0.5991031,2.0421634,0.0,3.3916116,0.0,1.1677091,0.0,2.1377432,1.5870723,0.069765784,1.5114737,1.5848769,1.4704432,2.1663213,2.2860684,1.652407,0.5444509,3.0048773,0.0,1.7858303,1.9780254,1.185727,1.0721133,1.2659078,0.3205535,2.3294473,0.46288973,3.0668833,0.0,0.0,0.95478976,1.2651831,0.0,2.1234584,0.86175585,3.4433339,1.8535483,0.0,2.244383,1.8194201,1.5601776,3.0081735
C000613,0.0,5.2659802,0.0,4.5480413,0.0,0.0,0.0,1.5478469,4.5064483,0.0,0.0,0.0,0.0,0.0,5.0286765,0.0,0.24344437,0.0,0.0,4.170088,2.7167761,0.0,0.55687636,3.811788,0.0,4.215868,0.12780133,0.0,0.0,5.329979,4.6106067,0.54409236,0.0,4.5735846,2.679678,0.0,0.0,3.6608446,0.40588516,1.8074943,0.0,1.4677275,5.1383047,3.5457587,4.256547,0.0,0.0,0.5676535,1.1990026,1.8102305,0.0,0.0,3.2121224,1.4881855,0.0,5.5953703,0.0,2.8431854,1.6064732,0.0,0.0,0.0,3.900533,0.4882537,0.0,5.2659802,0.0,4.5480413,0.0,0.0,0.0,1.5478469,4.5064483,0.0,0.0,0.0,0.0,0.0,5.0286765,0.0,0.24344437,0.0,0.0,4.170088,2.7167761,0.0,0.55687636,3.811788,0.0,4.215868,0.12780133,0.0,0.0,5.329979,4.6106067,0.54409236,0.0,4.5735846,2.679678,0.0,0.0,3.6608446,0.40588516,1.8074943,0.0,1.4677275,5.1383047,3.5457587,4.256547,0.0,0.0,0.5676535,1.1990026,1.8102305,0.0,0.0,3.2121224,1.4881855,0.0,5.5953703,0.0,2.8431854,1.6064732,0.0,0.0,0.0,3.900533,0.4882537
C000614,0.0,4.2364407,0.0,3.851695,0.0,0.0,0.0,1.1276256,3.6617959,0.0,0.0,0.0,0.0,0.0,4.1016097,0.0,0.022582274,0.0,0.0,3.4386058,2.146176,0.0,0.6643386,3.1011117,0.0,3.2407303,0.16193718,0.0,0.0,4.3028345,3.928115,0.18104115,0.0,3.59376,1.7935318,0.0,0.0,3.0167894,0.5670839,1.2544296,0.0,0.81761307,4.4987144,3.0805655,3.401005,0.0,0.0,0.13691115,0.7912637,1.3570081,0.0,0.0,2.5869007,1.1849428,0.0,4.785444,0.0,2.0186238,0.9924681,0.0,0.0,0.0,2.9460726,0.111315206,0.0,4.2364407,0.0,3.851695,0.0,0.0,0.0,1.1276256,3.6617959,0.0,0.0,0.0,0.0,0.0,4.1016097,0.0,0.022582274,0.0,0.0,3.4386058,2.146176,0.0,0.6643386,3.1011117,0.0,3.2407303,0.16193718,0.0,0.0,4.3028345,3.928115,0.18104115,0.0,3.59376,1.7935318,0.0,0.0,3.0167894,0.5670839,1.2544296,0.0,0.81761307,4.4987144,3.0805655,3.401005,0.0,0.0,0.13691115,0.7912637,1.3570081,0.0,0.0,2.5869007,1.1849428,0.0,4.785444,0.0,2.0186238,0.9924681,0.0,0.0,0.0,2.9460726,0.111315206
C000615,0.0,4.4932055,2.9855714,5.105831,5.627138,0.0,0.0,6.0591917,2.451736,0.25609672,0.0,0.0,3.6754813,2.8114398,3.8171628,1.5658988,4.5106926,4.7530217,6.0687437,3.873906,5.563817,1.2584887,2.9971263,5.876054,0.0,8.110543,0.0,2.1012206,0.0,5.38927,4.863922,0.0,1.5305195,6.007306,3.5402162,6.934973,4.6712947,4.531082,2.6833303,5.7883973,0.0,4.202815,5.7590957,4.5131736,3.3825603,2.50311,0.0,4.907753,1.8350809,4.955124,0.0,0.0,2.3819177,3.6167758,0.0,6.734209,2.423367,8.104007,3.5727515,0.0,3.5185952,5.037203,3.8875804,7.046646,0.0,3.8635654,6.704782,3.9763684,12.24218,0.0,0.0,14.519954,2.1099706,1.5501673,0.0,0.0,11.122941,10.279821,2.9677536,6.759977,11.159685,10.603022,11.474337,3.3277183,10.840145,7.4621954,3.4811091,5.6168313,0.0,12.205306,0.0,8.344432,0.0,4.0832405,4.419178,0.0,7.574426,5.193643,4.8661566,11.343199,11.321781,3.8756013,2.5202367,11.824453,0.42056927,7.872548,4.815938,3.8089123,3.4614613,7.3036523,1.4169171,9.784869,0.7527038,12.83213,0.0,0.0,2.2157946,4.1627226,0.0,6.327684,9.034138,12.169781,6.475339,0.0,12.347167,10.274755,3.2727463,13.171255
C000616,0.0,4.991828,0.0,4.3593183,0.0,0.0,0.0,1.4074498,4.2850237,0.0,0.0,0.0,0.0,0.0,4.780303,0.0,0.1712386,0.0,0.0,3.9779902,2.543917,0.0,0.5911205,3.6273685,0.0,3.9392896,0.13687241,0.0,0.0,5.053466,4.431791,0.45418775,0.0,4.321529,2.4390233,0.0,0.0,3.4897325,0.45326936,1.6420499,0.0,1.2839893,4.960003,3.4263883,4.0380507,0.0,0.0,0.43265262,1.0896341,1.6699125,0.0,0.0,3.053471,1.4175625,0.0,5.3716235,0.0,2.597031,1.4328427,0.0,0.0,0.0,3.6407344,0.35724187,0.0,4.991828,0.0,4.3593183,0.0,0.0,0.0,1.4074498,4.2850237,0.0,0.0,0.0,0.0,0.0,4.780303,0.0,0.1712386,0.0,0.0,3.9779902,2.543917,0.0,0.5911205,3.6273685,0.0,3.9392896,0.13687241,0.0,0.0,5.053466,4.431791,0.45418775,0.0,4.321529,2.4390233,0.0,0.0,3.4897325,0.45326936,1.6420499,0.0,1.2839893,4.960003,3.4263883,4.0380507,0.0,0.0,0.43265262,1.0896341,1.6699125,0.0,0.0,3.053471,1.4175625,0.0,5.3716235,0.0,2.597031,1.4328427,0.0,0.0,0.0,3.6407344,0.35724187
C000617,0.0,4.991828,0.0,4.3593183,0.0,0.0,0.0,1.4074498,4.2850237,0.0,0.0,0.0,0.0,0.0,4.780303,0.0,0.1712386,0.0,0.0,3.9779902,2.543917,0.0,0.5911205,3.6273685,0.0,3.9392896,0.13687241,0.0,0.0,5.053466,4.431791,0.45418775,0.0,4.321529,2.4390233,0.0,0.0,3.4897325,0.45326936,1.6420499,0.0,1.2839893,4.960003,3.4263883,4.0380507,0.0,0.0,0.43265262,1.0896341,1.6699125,0.0,0.0,3.053471,1.4175625,0.0,5.3716235,0.0,2.597031,1.4328427,0.0,0.0,0.0,3.6407344,0.35724187,0.0,4.991828,0.0,4.3593183,0.0,0.0,0.0,1.4074498,4.2850237,0.0,0.0,0.0,0.0,0.0,4.780303,0.0,0.1712386,0.0,0.0,3.9779902,2.543917,0.0,0.5911205,3.6273685,0.0,3.9392896,0.13687241,0.0,0.0,5.053466,4.431791,0.45418775,0.0,4.321529,2.4390233,0.0,0.0,3.4897325,0.45326936,1.6420499,0.0,1.2839893,4.960003,3.4263883,4.0380507,0.0,0.0,0.43265262,1.0896341,1.6699125,0.0,0.0,3.053471,1.4175625,0.0,5.3716235,0.0,2.597031,1.4328427,0.0,0.0,0.0,3.6407344,0.35724187
C000618,0.0,3.9764576,0.0,3.9474192,0.8409046,0.0,0.0,0.0,3.1175284,0.0,0.0,0.0,0.0,0.0,4.007155,0.0,0.0,0.0,0.33617944,3.5143785,1.661452,0.0,1.8495126,3.5571446,0.0,3.6652613,0.0,0.0,0.0,4.4752235,4.4420915,0.8680406,0.0,4.605765,1.336496,0.0,0.0,3.1840792,1.5697933,0.6827734,0.0,0.7414576,5.1496964,3.6815352,3.280313,0.0,0.0,0.0,1.5399966,0.23182115,0.0,0.0,2.5562556,1.788722,0.0,5.3969216,0.0,2.3307397,0.58382607,0.0,0.0,0.4666805,3.0194924,0.0095745325,0.0,3.1421926,3.0115793,3.088866,5.2616463,0.0,0.0,7.0346665,2.3446496,0.6341564,0.0,0.0,4.5093575,4.51576,2.803708,2.9119694,5.146136,4.118337,4.653515,2.634666,5.373038,3.023881,1.2820381,3.700907,0.0,6.8766594,0.0013473692,3.2230508,0.0,3.6271985,3.3058536,0.32411814,3.2577019,3.3459098,2.944371,4.909245,4.8244147,2.995596,0.45447707,6.283037,0.23367421,3.994217,3.699523,2.5426924,2.501036,3.0346766,0.5816658,4.9148707,1.0110509,6.0782638,0.0,0.0,1.9624705,2.3474383,0.0,4.159457,3.2699034,6.9616356,3.8162043,0.0,5.208769,4.345209,3.1577532,6.3003125
C000619,0.0,2.8497846,0.0,2.7058907,0.0,0.0,0.0,0.72214484,2.5377438,0.0,0.0,0.0,0.0,0.0,2.811433,0.0,0.035517544,0.0,0.0,2.4035337,1.5187402,0.0,0.4585577,2.1583033,0.0,2.277614,0.11573432,0.0,0.0,2.9675984,2.6858716,0.093339525,0.0,2.4294243,1.1930053,0.0,0.0,2.0748327,0.39294735,0.7736878,0.0,0.47827676,3.132899,2.1789083,2.2499518,0.0,0.0,0.037208308,0.47627693,0.9697217,0.0,0.0,1.7872933,0.8373033,0.0,3.3340383,0.0,1.3101496,0.59051675,0.0,0.0,0.020544104,2.0053086,0.038291343,0.0,4.0210505,0.0,3.8540206,0.49897632,0.0,0.0,0.7107885,3.3082018,0.0,0.0,0.0,0.0,0.0,3.9463282,0.0,0.017758772,0.0,0.22610898,3.319193,1.8972591,0.0,1.2679448,3.2185483,0.0,3.4630811,0.05786716,0.0,0.0,4.4125376,4.109463,0.646277,0.0,4.090524,1.6048679,0.07485701,0.0,3.026651,0.9831065,1.0028639,0.0,0.93413264,4.6753798,3.1818922,3.2055452,0.0,0.0,0.1486602,1.3001986,0.7363024,0.0,0.0,2.4927359,1.5989292,0.0,4.936145,0.0,2.3875957,0.85550284,0.0,0.0,0.23009107,3.1330023,0.19508344
C000620,0.0,2.8014596,0.0,2.6650872,0.0,0.0,0.0,0.7601954,2.4420745,0.0,0.0,0.0,0.0,0.0,2.7575042,0.0,0.07276061,0.0,0.0,2.315691,1.4849927,0.0,0.42569542,2.1598902,0.0,2.2313414,0.09724852,0.0,0.0,2.8944416,2.6012778,0.09230303,0.0,2.3927355,1.1924001,0.0,0.0,2.0612621,0.34700447,0.8057909,0.0,0.48792765,3.0167553,2.1093311,2.17868,0.0,0.0,0.09024741,0.4753642,0.9612037,0.0,0.0,1.7794962,0.7919012,0.0,3.1875403,0.0,1.3489102,0.59931135,0.0,0.0,0.0,1.9402578,0.10205671,0.0,3.295917,0.0,3.2904546,0.5311744,0.0,0.0,0.43258935,2.6379566,0.0,0.0,0.0,0.0,0.0,3.2553775,0.0,0.036380306,0.0,0.32009542,2.7867742,1.49916,0.0,1.2375062,2.663996,0.0,2.789645,0.04862426,0.0,0.0,3.6250532,3.5429642,0.45152473,0.0,3.4093447,1.13589,0.1241412,0.0,2.5183825,1.0193049,0.6524514,0.0,0.5738972,4.013674,2.7646534,2.586052,0.0,0.0,0.045123704,1.0249984,0.48060185,0.0,0.0,2.0558426,1.3701121,0.0,4.225675,0.0,1.8743255,0.52472484,0.0,0.0,0.2838751,2.489973,0.051028356
C000621,0.0,3.953434,0.0,3.5623112,0.6623143,0.0,0.0,0.28274012,2.9237924,0.0,0.0,0.0,0.0,0.0,3.8921757,0.0,0.0,0.0,0.53770775,3.3226595,1.5543824,0.0,1.5729439,3.117617,0.0,3.122065,0.0,0.0,0.0,3.8096693,4.374171,0.8197324,0.0,4.3488264,0.98007035,0.0,0.0,2.9049,1.3638506,0.7812714,0.0,0.41920725,4.358018,3.5978067,3.101808,0.0,0.0,0.16826952,1.5093664,0.23312208,0.0,0.0,2.3898997,1.6916983,0.0,4.822655,0.0,2.1672382,0.7445935,0.0,0.0,0.8149097,2.923369,0.21271831,0.0,2.5723467,0.3162654,2.2844093,1.002127,0.0,0.0,1.1481664,2.0912085,0.0,0.0,0.0,0.4287216,0.37647718,2.5435815,0.017601818,0.5801819,0.3271476,0.821967,2.1259053,1.6483227,0.0887395,0.93101966,2.3987143,0.0,2.6755493,0.0,0.010872449,0.0,2.832078,2.573134,0.41086942,0.21740863,2.5337193,1.1221848,0.64163256,0.5901078,2.1766338,0.764939,1.4633145,0.0,0.8433342,2.8922615,2.0640292,1.9361402,0.22376384,0.025104845,0.80998755,0.9101722,1.1048771,0.0,0.0,1.5797038,1.3747559,0.0,3.2219906,0.0,2.1963015,0.9503827,0.0,0.3081034,0.7832375,2.0102358,1.1158547
C000622,0.0,3.4301548,0.13822946,3.1323647,0.8739233,0.0,0.0,0.36664566,2.6986952,0.0,0.0,0.0,0.0,0.0,3.3638253,0.0,0.0,0.0,0.60397553,2.8830864,1.5610297,0.0,1.5357816,2.9512355,0.0,3.0532856,0.0,0.0,0.0,3.726275,3.5885863,0.7753329,0.0,3.7973988,1.164583,0.2848327,0.0,2.5481482,1.307044,0.8995129,0.0,0.6671194,3.9147065,2.9823487,2.6435874,0.0,0.0,0.3376066,1.3683999,0.4580997,0.0,0.0,2.065515,1.6859221,0.0,4.3857026,0.0,2.2431831,0.7428843,0.0,0.0,0.58221114,2.616198,0.39835504,0.0,2.6187968,1.5577201,2.2618513,2.6426997,0.0,0.0,3.8756146,1.9948634,0.035231557,0.0,0.0,2.0975952,2.323936,2.2538192,1.0749058,2.8471894,1.8371783,2.3015308,1.9810754,3.1855016,1.138622,0.74282753,2.7758608,0.0,4.3394885,0.0015853932,1.1057738,0.0,3.0614803,2.360721,0.14518584,1.4482884,2.3736744,2.0358968,2.5772312,2.4713645,2.463357,0.46122414,3.6117997,0.020894688,2.384301,2.8375022,1.8551091,1.7601746,1.3700395,0.15971026,2.751555,0.7910657,3.5351007,0.0,0.0,1.4657961,1.6164833,0.0,3.0823262,0.87389547,4.373193,2.3955421,0.0,2.4971735,2.0781035,2.3806143,3.5939226
C000623,0.0,5.3598413,0.0,4.616248,0.0,0.0,0.0,1.6095928,4.579143,0.0,0.0,0.0,0.0,0.0,5.1125546,0.0,0.2840252,0.0,0.0,4.239031,2.7836053,0.0,0.54288125,3.8784797,0.0,4.3215804,0.12448905,0.0,0.0,5.4313593,4.6707053,0.57014066,0.0,4.6618876,2.762447,0.0,0.0,3.7247481,0.38174075,1.8787977,0.0,1.5370854,5.2044034,3.5896854,4.3263035,0.0,0.0,0.6253228,1.2384818,1.8709615,0.0,0.0,3.2618294,1.5122188,0.0,5.664124,0.0,2.9400327,1.6693242,0.0,0.0,0.0,3.9952252,0.5492611,0.0,5.3598413,0.0,4.616248,0.0,0.0,0.0,1.6095928,4.579143,0.0,0.0,0.0,0.0,0.0,5.1125546,0.0,0.2840252,0.0,0.0,4.239031,2.7836053,0.0,0.54288125,3.8784797,0.0,4.3215804,0.12448905,0.0,0.0,5.4313593,4.6707053,0.57014066,0.0,4.6618876,2.762447,0.0,0.0,3.7247481,0.38174075,1.8787977,0.0,1.5370854,5.2044034,3.5896854,4.3263035,0.0,0.0,0.6253228,1.2384818,1.8709615,0.0,0.0,3.2618294,1.5122188,0.0,5.664124,0.0,2.9400327,1.6693242,0.0,0.0,0.0,3.9952252,0.5492611
C000624,0.0,5.1719646,0.0,4.483232,0.0,0.0,0.0,1.494397,4.431928,0.0,0.0,0.0,0.0,0.0,4.944562,0.0,0.21410017,0.0,0.0,4.1032906,2.6543455,0.0,0.56954753,3.7479706,0.0,4.117673,0.13112259,0.0,0.0,5.2333393,4.5499883,0.5148298,0.0,4.4879475,2.5963287,0.0,0.0,3.6012723,0.42493197,1.7452637,0.0,1.402808,5.076772,3.504819,4.183442,0.0,0.0,0.5173289,1.1610245,1.7578404,0.0,0.0,3.1594954,1.464017,0.0,5.5209675,0.0,2.754617,1.5455703,0.0,0.0,0.0,3.8106258,0.4368088,0.0,5.1719646,0.0,4.483232,0.0,0.0,0.0,1.494397,4.431928,0.0,0.0,0.0,0.0,0.0,4.944562,0.0,0.21410017,0.0,0.0,4.1032906,2.6543455,0.0,0.56954753,3.7479706,0.0,4.117673,0.13112259,0.0,0.0,5.2333393,4.5499883,0.5148298,0.0,4.4879475,2.5963287,0.0,0.0,3.6012723,0.42493197,1.7452637,0.0,1.402808,5.076772,3.504819,4.183442,0.0,0.0,0.5173289,1.1610245,1.7578404,0.0,0.0,3.1594954,1.464017,0.0,5.5209675,0.0,2.754617,1.5455703,0.0,0.0,0.0,3.8106258,0.4368088
C000625,0.0,3.1945474,0.0,2.9444952,0.0,0.0,0.0,0.76808673,2.8350124,0.0,0.0,0.0,0.0,0.0,3.1238706,0.0,0.042473033,0.0,0.0,2.663254,1.654084,0.0,0.4665098,2.4010766,0.0,2.590477,0.116348736,0.0,0.0,3.305211,2.937398,0.2231575,0.0,2.8025246,1.4634115,0.0,0.0,2.3004422,0.378311,0.9125075,0.0,0.662885,3.3895702,2.380145,2.546003,0.0,0.0,0.12930453,0.59792745,1.0548372,0.0,0.0,2.0003421,0.9431833,0.0,3.6308208,0.0,1.5119845,0.7561914,0.0,0.0,0.0,2.3161082,0.08769607,0.0,3.8955774,0.0,3.7435179,0.538246,0.0,0.0,0.61913383,3.1606297,0.0,0.0,0.0,0.0,0.0,3.8414297,0.0,0.021236517,0.0,0.28935516,3.186037,1.7771873,0.0,1.2432847,3.082864,0.0,3.2600799,0.058174368,0.0,0.0,4.142097,4.0097275,0.6603413,0.0,4.0181837,1.4468741,0.049091406,0.0,2.93187,1.0257237,0.93171465,0.0,0.8140852,4.4897676,3.1463914,3.1070004,0.0,0.0,0.15454748,1.3154397,0.5708251,0.0,0.0,2.3966064,1.5381472,0.0,4.7698116,0.0,2.2425854,0.76577437,0.0,0.0,0.25895256,2.992041,0.17648494
C000626,0.0,2.8216758,0.0,2.9274192,0.9925843,0.0,0.0,0.19376495,2.215634,0.0,0.0,0.0,0.0,0.0,2.7698557,0.0,0.0,0.0,0.6412362,2.6415057,0.981957,0.0,1.7089535,2.5177178,0.0,2.6177938,0.0,0.0,0.0,3.14639,3.7312021,0.9808874,0.0,3.7640357,0.6909714,0.21515825,0.0,2.3066943,1.1966776,0.5354787,0.0,0.43189073,3.6354208,2.974231,2.3372154,0.0,0.0,0.017322935,1.6114084,0.0,0.0,0.0,1.9339101,1.3763397,0.0,3.8183537,0.0,2.0535054,0.31502306,0.0,0.0,0.9080015,2.538733,0.28495964,0.0,2.888428,0.38483438,2.5399232,1.2848254,0.0,0.0,1.3923575,2.275801,0.0,0.0,0.0,0.359308,0.39362538,2.7373173,0.10379518,0.65344995,0.26327157,0.92697424,2.3666897,1.7832533,0.05910657,1.0394942,2.5917456,0.0,3.0879943,0.0,0.00870835,0.0,3.3434515,2.9168313,0.6859302,0.2365563,2.9490662,1.2943221,0.7452936,0.5035414,2.3092778,0.7590111,1.6913759,0.0,1.1473933,3.321973,2.2610958,2.0105758,0.19232623,0.024427019,0.9456442,1.386192,1.1424421,0.0,0.0,1.8292116,1.398635,0.0,3.4503415,0.034423087,2.7575371,1.159011,0.0,0.27110407,0.9811897,2.5875142,1.3499312
C000627,0.0,3.9643097,0.14487931,3.3981295,1.2197855,0.0,0.0,0.30510947,2.9663813,0.0,0.0,0.0,0.0,0.0,3.9893432,0.0,0.0,0.0,0.8484255,3.2631593,1.9092618,0.0,1.6069748,3.223909,0.0,3.2907512,0.0,0.0,0.0,3.7636116,4.1588693,0.7772377,0.0,4.386735,0.9935573,0.45610285,0.11978233,2.7479422,1.8278332,0.9101916,0.0,0.5884811,4.2532654,3.630322,2.9448867,0.0,0.0,0.28853315,1.2471004,0.7363664,0.0,0.0,2.1091654,1.9499619,0.0,5.02133,0.0,2.249211,0.8507694,0.0,0.0,1.0584617,2.6803937,0.49925494,0.0,2.3866622,1.1382489,1.9226097,1.9918168,0.0,0.0,2.754888,1.906168,0.006015493,0.0,0.0,1.598664,1.8368559,2.1935875,0.5033795,2.1364303,1.1843169,1.7236946,1.8745601,2.532613,0.96320665,0.6757899,2.3988223,0.0,3.499618,0.0,0.6219283,0.0,2.7121186,2.1018085,0.15544754,1.1218411,2.1338944,1.6121601,1.6954849,1.6552665,2.030816,0.539926,2.7225337,0.0,1.6520259,2.5118866,1.6165348,1.5432591,0.86808187,0.23907964,2.0210578,0.73310745,2.647941,0.0,0.0,1.3339918,1.3815491,0.0,2.6953402,0.3329786,3.3879485,1.7918565,0.0,1.6774441,1.4528364,2.0071778,2.5567534
C000628,0.0,4.8295536,0.0,4.2426066,0.0,0.0,0.0,1.3509032,4.1465945,0.0,0.0,0.0,0.0,0.0,4.628681,0.0,0.14447023,0.0,0.0,3.8634048,2.4584599,0.0,0.6024993,3.510633,0.0,3.7917423,0.14153293,0.0,0.0,4.884644,4.3183684,0.39917353,0.0,4.1606746,2.300349,0.0,0.0,3.381959,0.46803138,1.5631235,0.0,1.1856955,4.849792,3.3485336,3.898463,0.0,0.0,0.37243396,1.0291177,1.6036185,0.0,0.0,2.9475756,1.3663222,0.0,5.2330713,0.0,2.4750426,1.3401322,0.0,0.0,0.0,3.4887705,0.3097754,0.0,4.8295536,0.0,4.2426066,0.0,0.0,0.0,1.3509032,4.1465945,0.0,0.0,0.0,0.0,0.0,4.628681,0.0,0.14447023,0.0,0.0,3.8634048,2.4584599,0.0,0.6024993,3.510633,0.0,3.7917423,0.14153293,0.0,0.0,4.884644,4.3183684,0.39917353,0.0,4.1606746,2.300349,0.0,0.0,3.381959,0.46803138,1.5631235,0.0,1.1856955,4.849792,3.3485336,3.898463,0.0,0.0,0.37243396,1.0291177,1.6036185,0.0,0.0,2.9475756,1.3663222,0.0,5.2330713,0.0,2.4750426,1.3401322,0.0,0.0,0.0,3.4887705,0.3097754
C000629,0.0,4.9106903,0.0,4.300963,0.0,0.0,0.0,1.3791767,4.2158093,0.0,0.0,0.0,0.0,0.0,4.7044935,0.0,0.15785436,0.0,0.0,3.9206975,2.5011885,0.0,0.59680986,3.5690007,0.0,3.8655152,0.1392026,0.0,0.0,4.9690547,4.375079,0.42668068,0.0,4.241102,2.3696866,0.0,0.0,3.435846,0.46065027,1.6025869,0.0,1.2348424,4.904898,3.3874612,3.9682565,0.0,0.0,0.40254334,1.059376,1.6367652,0.0,0.0,3.000523,1.3919424,0.0,5.3023477,0.0,2.5360367,1.3864878,0.0,0.0,0.0,3.5647528,0.3335089,0.0,4.9106903,0.0,4.300963,0.0,0.0,0.0,1.3791767,4.2158093,0.0,0.0,0.0,0.0,0.0,4.7044935,0.0,0.15785436,0.0,0.0,3.9206975,2.5011885,0.0,0.59680986,3.5690007,0.0,3.8655152,0.1392026,0.0,0.0,4.9690547,4.375079,0.42668068,0.0,4.241102,2.3696866,0.0,0.0,3.435846,0.46065027,1.6025869,0.0,1.2348424,4.904898,3.3874612,3.9682565,0.0,0.0,0.40254334,1.059376,1.6367652,0.0,0.0,3.000523,1.3919424,0.0,5.3023477,0.0,2.5360367,1.3864878,0.0,0.0,0.0,3.5647528,0.3335089
C000630,0.0,4.84943,0.0,4.5910974,0.6159946,0.0,0.0,0.22171533,3.7072597,0.0,0.0,0.0,0.0,0.0,4.808254,0.0,0.0,0.0,0.3855571,3.99309,1.9715774,0.0,1.8049667,4.009308,0.0,3.8973556,0.0,0.0,0.0,4.8945427,5.1613197,1.1577001,0.0,5.458819,1.4828837,0.0,0.0,3.6774216,1.687603,1.0235294,0.0,0.807623,5.684443,4.337072,4.012806,0.0,0.0,0.101707526,1.983304,0.21895468,0.0,0.0,2.8715434,1.9943616,0.0,6.155712,0.0,2.707919,0.8076951,0.0,0.0,0.43518856,3.5485244,0.17175207,0.0,3.784535,0.0,3.490327,0.37818047,0.0,0.0,0.64635575,3.0786514,0.0,0.0,0.0,0.0,0.0,3.7252681,0.0,0.18162076,0.0,0.19277854,3.11848,1.825644,0.0,1.0155984,3.034516,0.0,3.181725,0.0029327944,0.0,0.0,3.9537017,3.7422495,0.6727137,0.0,3.8383112,1.5027239,0.0087817125,0.0,2.8406634,0.9052905,1.1118407,0.0,0.84271294,4.2128286,3.070715,3.0407844,0.0,3.0480325e-05,0.27873963,1.2692814,0.73760676,0.0,0.0,2.2874203,1.4617645,0.0,4.5475807,0.0,2.2018478,0.8543131,0.0,0.0,0.2255435,2.863935,0.3712666
C000631,0.0,2.7783868,0.0,2.6513205,0.0,0.0,0.0,0.7504813,2.442262,0.0,0.0,0.0,0.0,0.0,2.741418,0.0,0.06760684,0.0,0.0,2.3210742,1.4838197,0.0,0.43062985,2.1361775,0.0,2.2240796,0.103476085,0.0,0.0,2.8831296,2.603274,0.08146925,0.0,2.360147,1.1698487,0.0,0.0,2.0415714,0.35386795,0.788658,0.0,0.46996462,3.0230422,2.1102543,2.1725907,0.0,0.0,0.064652234,0.46551913,0.9600358,0.0,0.0,1.755624,0.79631484,0.0,3.195821,0.0,1.3212751,0.5797848,0.0,0.0,0.0044556335,1.9314399,0.08246739,0.0,2.6809316,0.6494739,2.252953,1.4313153,0.0,0.0,2.0239508,2.1859956,0.0,0.0,0.0,0.7112056,0.7879976,2.5268447,0.25463367,1.166062,0.58847,1.0276986,2.2053955,2.1797957,0.30084687,0.84416133,2.4524262,0.0,3.2270591,0.020695217,0.10865686,0.0,3.0782542,2.5150604,0.51000726,0.5245208,2.4717686,1.529316,1.110879,0.9307829,2.3057394,0.60456216,2.110107,0.0,1.4334271,2.9989808,1.9957111,1.9211966,0.43552867,0.08736217,1.369767,1.1197257,1.7782558,0.0,0.0,1.6560774,1.3150964,0.0,3.1171021,0.06803347,3.0783632,1.4897153,0.0,0.6674124,1.0153497,2.4093335,1.8827648
C000632,0.0,5.07775,0.0,4.419758,0.0,0.0,0.0,1.4447359,4.3565764,0.0,0.0,0.0,0.0,0.0,4.8604884,0.0,0.18976656,0.0,0.0,4.0375113,2.59401,0.0,0.58173215,3.685242,0.0,4.0227776,0.13439447,0.0,0.0,5.1387243,4.489235,0.4841375,0.0,4.403348,2.512756,0.0,0.0,3.5437078,0.44164065,1.6871576,0.0,1.3397741,5.0171843,3.46518,4.108858,0.0,0.0,0.47038698,1.1237433,1.7091242,0.0,0.0,3.1054587,1.4398807,0.0,5.443994,0.0,2.669736,1.4856623,0.0,0.0,0.0,3.7228658,0.38978177,0.0,5.07775,0.0,4.419758,0.0,0.0,0.0,1.4447359,4.3565764,0.0,0.0,0.0,0.0,0.0,4.8604884,0.0,0.18976656,0.0,0.0,4.0375113,2.59401,0.0,0.58173215,3.685242,0.0,4.0227776,0.13439447,0.0,0.0,5.1387243,4.489235,0.4841375,0.0,4.403348,2.512756,0.0,0.0,3.5437078,0.44164065,1.6871576,0.0,1.3397741,5.0171843,3.46518,4.108858,0.0,0.0,0.47038698,1.1237433,1.7091242,0.0,0.0,3.1054587,1.4398807,0.0,5.443994,0.0,2.669736,1.4856623,0.0,0.0,0.0,3.7228658,0.38978177
C000633,0.0,4.594108,0.0,4.080994,0.0,0.0,0.0,1.2668654,3.9495687,0.0,0.0,0.0,0.0,0.0,4.416078,0.0,0.10367714,0.0,0.0,3.6952255,2.3321958,0.0,0.6202911,3.3414314,0.0,3.5752459,0.14837685,0.0,0.0,4.6469107,4.158209,0.3187505,0.0,3.9342623,2.0998545,0.0,0.0,3.2318428,0.49575514,1.4438144,0.0,1.0429646,4.7003064,3.2406063,3.7008202,0.0,0.0,0.28095362,0.93960404,1.5060972,0.0,0.0,2.7974977,1.2929994,0.0,5.0424576,0.0,2.2975178,1.2043599,0.0,0.0,0.0,3.2731085,0.23457666,0.0,4.594108,0.0,4.080994,0.0,0.0,0.0,1.2668654,3.9495687,0.0,0.0,0.0,0.0,0.0,4.416078,0.0,0.10367714,0.0,0.0,3.6952255,2.3321958,0.0,0.6202911,3.3414314,0.0,3.5752459,0.14837685,0.0,0.0,4.6469107,4.158209,0.3187505,0.0,3.9342623,2.0998545,0.0,0.0,3.2318428,0.49575514,1.4438144,0.0,1.0429646,4.7003064,3.2406063,3.7008202,0.0,0.0,0.28095362,0.93960404,1.5060972,0.0,0.0,2.7974977,1.2929994,0.0,5.0424576,0.0,2.2975178,1.2043599,0.0,0.0,0.0,3.2731085,0.23457666
C000634,0.0,4.2364407,0.0,3.851695,0.0,0.0,0.0,1.1276256,3.6617959,0.0,0.0,0.0,0.0,0.0,4.1016097,0.0,0.022582274,0.0,0.0,3.4386058,2.146176,0.0,0.6643386,3.1011117,0.0,3.2407303,0.16193718,0.0,0.0,4.3028345,3.928115,0.18104115,0.0,3.59376,1.7935318,0.0,0.0,3.0167894,0.5670839,1.2544296,0.0,0.81761307,4.4987144,3.0805655,3.401005,0.0,0.0,0.13691115,0.7912637,1.3570081,0.0,0.0,2.5869007,1.1849428,0.0,4.785444,0.0,2.0186238,0.9924681,0.0,0.0,0.0,2.9460726,0.111315206,0.0,4.2364407,0.0,3.851695,0.0,0.0,0.0,1.1276256,3.6617959,0.0,0.0,0.0,0.0,0.0,4.1016097,0.0,0.022582274,0.0,0.0,3.4386058,2.146176,0.0,0.6643386,3.1011117,0.0,3.2407303,0.16193718,0.0,0.0,4.3028345,3.928115,0.18104115,0.0,3.59376,1.7935318,0.0,0.0,3.0167894,0.5670839,1.2544296,0.0,0.81761307,4.4987144,3.0805655,3.401005,0.0,0.0,0.13691115,0.7912637,1.3570081,0.0,0.0,2.5869007,1.1849428,0.0,4.785444,0.0,2.0186238,0.9924681,0.0,0.0,0.0,2.9460726,0.111315206
C000635,0.0,5.2659802,0.0,4.5480413,0.0,0.0,0.0,1.5478469,4.5064483,0.0,0.0,0.0,0.0,0.0,5.0286765,0.0,0.24344437,0.0,0.0,4.170088,2.7167761,0.0,0.55687636,3.811788,0.0,4.215868,0.12780133,0.0,0.0,5.329979,4.6106067,0.54409236,0.0,4.5735846,2.679678,0.0,0.0,3.6608446,0.40588516,1.8074943,0.0,1.4677275,5.1383047,3.5457587,4.256547,0.0,0.0,0.5676535,1.1990026,1.8102305,0.0,0.0,3.2121224,1.4881855,0.0,5.5953703,0.0,2.8431854,1.6064732,0.0,0.0,0.0,3.900533,0.4882537,0.0,5.2659802,0.0,4.5480413,0.0,0.0,0.0,1.5478469,4.5064483,0.0,0.0,0.0,0.0,0.0,5.0286765,0.0,0.24344437,0.0,0.0,4.170088,2.7167761,0.0,0.55687636,3.811788,0.0,4.215868,0.12780133,0.0,0.0,5.329979,4.6106067,0.54409236,0.0,4.5735846,2.679678,0.0,0.0,3.6608446,0.40588516,1.8074943,0.0,1.4677275,5.1383047,3.5457587,4.256547,0.0,0.0,0.5676535,1.1990026,1.8102305,0.0,0.0,3.2121224,1.4881855,0.0,5.5953703,0.0,2.8431854,1.6064732,0.0,0.0,0.0,3.900533,0.4882537
C000636,0.0,5.2659802,0.0,4.5480413,0.0,0.0,0.0,1.5478469,4.5064483,0.0,0.0,0.0,0.0,0.0,5.0286765,0.0,0.24344437,0.0,0.0,4.170088,2.7167761,0.0,0.55687636,3.811788,0.0,4.215868,0.12780133,0.0,0.0,5.329979,4.6106067,0.54409236,0.0,4.5735846,2.679678,0.0,0.0,3.6608446,0.40588516,1.8074943,0.0,1.4677275,5.1383047,3.5457587,4.256547,0.0,0.0,0.5676535,1.1990026,1.8102305,0.0,0.0,3.2121224,1.4881855,0.0,5.5953703,0.0,2.8431854,1.6064732,0.0,0.0,0.0,3.900533,0.4882537,0.0,5.2659802,0.0,4.5480413,0.0,0.0,0.0,1.5478469,4.5064483,0.0,0.0,0.0,0.0,0.0,5.0286765,0.0,0.24344437,0.0,0.0,4.170088,2.7167761,0.0,0.55687636,3.811788,0.0,4.215868,0.12780133,0.0,0.0,5.329979,4.6106067,0.54409236,0.0,4.5735846,2.679678,0.0,0.0,3.6608446,0.40588516,1.8074943,0.0,1.4677275,5.1383047,3.5457587,4.256547,0.0,0.0,0.5676535,1.1990026,1.8102305,0.0,0.0,3.2121224,1.4881855,0.0,5.5953703,0.0,2.8431854,1.6064732,0.0,0.0,0.0,3.900533,0.4882537
C000637,0.0,1.7408279,0.0,1.7511119,0.15159711,0.0,0.0,0.49802482,1.6264281,0.0,0.0,0.0,0.0,0.0,1.7578582,0.0,0.11100692,0.0,0.0,1.5644631,1.0400677,0.0,0.26113287,1.4289472,0.0,1.516232,0.059984587,0.0,0.0,1.9455395,1.6475168,0.05282705,0.0,1.454202,0.78627217,0.0,0.0,1.3562168,0.16849469,0.49935272,0.0,0.2768847,1.9580656,1.3985666,1.3093339,0.0,0.0,0.059785854,0.26662964,0.72897655,0.0,0.0,1.1561923,0.5687192,0.0,2.0985115,0.0,0.86628145,0.3298819,0.0,0.0,0.0356256,1.2832973,0.11432216,0.0,2.6901958,0.4015231,2.3985648,1.1826875,0.0,0.0,1.2803109,2.0945497,0.0,0.0,0.0,0.3552293,0.37475604,2.5750804,0.14622296,0.5837082,0.29057604,0.88573724,2.225788,1.7672542,0.09819348,0.89035356,2.4774327,0.0,2.858287,0.011996917,0.010194672,0.0,3.2052245,2.6005573,0.45225582,0.22599721,2.6402597,1.2986678,0.75283706,0.5489975,2.1983745,0.6104074,1.5420661,0.0,1.0799868,3.1020875,1.9719034,1.8071835,0.23910752,0.0,0.86154497,1.1373904,1.086621,0.0,0.0,1.6448625,1.4164054,0.0,3.2512603,0.0,2.5646567,1.0529895,0.0,0.2774522,0.8116581,2.2803483,1.2017767
C000638,0.0,5.2659802,0.0,4.5480413,0.0,0.0,0.0,1.5478469,4.5064483,0.0,0.0,0.0,0.0,0.0,5.0286765,0.0,0.24344437,0.0,0.0,4.170088,2.7167761,0.0,0.55687636,3.811788,0.0,4.215868,0.12780133,0.0,0.0,5.329979,4.6106067,0.54409236,0.0,4.5735846,2.679678,0.0,0.0,3.6608446,0.40588516,1.8074943,0.0,1.4677275,5.1383047,3.5457587,4.256547,0.0,0.0,0.5676535,1.1990026,1.8102305,0.0,0.0,3.2121224,1.4881855,0.0,5.5953703,0.0,2.8431854,1.6064732,0.0,0.0,0.0,3.900533,0.4882537,0.0,5.2659802,0.0,4.5480413,0.0,0.0,0.0,1.5478469,4.5064483,0.0,0.0,0.0,0.0,0.0,5.0286765,0.0,0.24344437,0.0,0.0,4.170088,2.7167761,0.0,0.55687636,3.811788,0.0,4.215868,0.12780133,0.0,0.0,5.329979,4.6106067,0.54409236,0.0,4.5735846,2.679678,0.0,0.0,3.6608446,0.40588516,1.8074943,0.0,1.4677275,5.1383047,3.5457587,4.256547,0.0,0.0,0.5676535,1.1990026,1.8102305,0.0,0.0,3.2121224,1.4881855,0.0,5.5953703,0.0,2.8431854,1.6064732,0.0,0.0,0.0,3.900533,0.4882537
C000639,0.0,4.851212,0.0,4.634482,0.62683815,0.0,0.0,0.2209931,3.7032862,0.0,0.0,0.0,0.0,0.0,4.852361,0.0,0.0,0.0,0.40579563,4.0015345,1.9619982,0.0,1.7933594,4.053572,0.0,3.891049,0.0,0.0,0.0,4.860966,5.2217374,1.1796253,0.0,5.487538,1.4482713,0.0,0.0,3.6956768,1.6992234,1.0663813,0.0,0.7879145,5.7048426,4.3928785,4.0335217,0.0,0.0,0.113036856,2.0139759,0.18859088,0.0,0.0,2.8713524,1.9729007,0.0,6.1521196,0.0,2.7328749,0.7960508,0.0,0.0,0.45994174,3.5607219,0.20607233,0.0,3.8436422,0.0,3.5550942,0.38004303,0.0,0.0,0.6679009,3.1243343,0.0,0.0,0.0,0.0,0.0,3.8017006,0.0,0.19284177,0.0,0.20289782,3.1683323,1.8532591,0.0,1.0055243,3.0925517,0.0,3.2348065,0.003916148,0.0,0.0,3.9955351,3.8172736,0.698636,0.0,3.9101942,1.5296224,0.0070870332,0.0,2.8870597,0.9049167,1.1616724,0.0,0.86615324,4.270915,3.1326768,3.1009405,0.0,0.0,0.3062719,1.3063475,0.7493157,0.0,0.0,2.3174396,1.4657782,0.0,4.597598,0.0,2.2577095,0.8802159,0.0,0.0,0.23257564,2.9252987,0.40638453
C000640,0.0,3.610299,0.0,3.2352724,0.0,0.0,0.0,0.9500663,3.16878,0.0,0.0,0.0,0.0,0.0,3.4835863,0.0,0.115862906,0.0,0.0,2.9546835,1.886308,0.0,0.4517426,2.7317357,0.0,2.9878392,0.100872405,0.0,0.0,3.737846,3.2331703,0.33372375,0.0,3.202085,1.8196867,0.0,0.0,2.5923114,0.31070367,1.1917946,0.0,0.90042335,3.6425807,2.5722914,2.8880143,0.0,0.0,0.3291806,0.74825776,1.2480723,0.0,0.0,2.2597666,1.0727135,0.0,3.9455092,0.0,1.8457582,0.9921107,0.0,0.0,0.0,2.6614158,0.28800708,0.0,4.1020613,0.00564608,3.915897,0.6053461,0.0,0.0,0.7420477,3.3011112,0.0,0.0,0.0,0.0,0.0,4.068796,0.0,0.057931453,0.0,0.38407078,3.3890858,1.9174476,0.0,1.2314974,3.2657485,0.0,3.432342,0.050436202,0.0,0.0,4.288206,4.2147775,0.7478141,0.0,4.292762,1.5682218,0.06023349,0.0,3.1205747,1.0418736,1.1166861,0.0,0.9139166,4.578062,3.3201363,3.3120422,0.0,0.0,0.3100857,1.4701769,0.62979347,0.0,0.0,2.509512,1.6479628,0.0,4.927243,0.0,2.446751,0.87187916,0.0,0.0,0.33915994,3.1546688,0.37719318
C000641,0.0,2.94038,0.0,2.9217234,0.5915583,0.0,0.0,0.13504204,2.5023544,0.0,0.0,0.0,0.0,0.0,2.989634,0.0,0.0,0.0,0.40592927,2.6344597,1.290303,0.0,1.5061848,2.7171116,0.0,2.5915806,0.0,0.0,0.0,3.494735,3.20737,0.42913404,0.0,3.2282484,1.0155793,0.0,0.0,2.3079696,1.2619238,0.5857741,0.0,0.39934027,3.8649786,2.6680825,2.4185653,0.0,0.0,0.0,0.9393809,0.36764276,0.0,0.0,1.9184122,1.4085959,0.0,4.162221,0.0,1.7105961,0.3673067,0.0,0.0,0.40543577,2.1284416,0.0,0.0,2.2019083,0.33275115,1.9739257,0.9583157,0.0,0.0,1.3754506,1.896568,0.0,0.0,0.0,0.4439765,0.44126853,2.1369352,0.09867921,0.79583603,0.27163637,0.67514175,1.8155268,1.738719,0.1388308,0.6826887,2.0364127,0.0,2.5051324,0.0,0.021884447,0.0,2.6671886,2.0253766,0.26002368,0.26251057,1.9653286,1.2560195,0.66108114,0.5061924,1.9030129,0.4985293,1.4535955,0.0,0.9158726,2.5516717,1.5851341,1.5865186,0.22057544,0.060689587,0.88788843,0.7168553,1.3477911,0.0,0.0,1.3568004,1.1637801,0.0,2.7554426,0.0,2.1736612,1.0006653,0.0,0.30303353,0.65198284,1.819616,1.1584438
C000642,0.0,2.7928145,0.0,2.875521,0.6619095,0.0,0.0,0.11862329,2.41361,0.0,0.0,0.0,0.0,0.0,2.882316,0.0,0.0,0.0,0.40352333,2.5767105,1.3240277,0.0,1.4466977,2.737668,0.0,2.7079902,0.0,0.0,0.0,3.426361,3.1106112,0.4055733,0.0,3.1837049,1.0386844,0.0,0.0,2.3140397,1.1843789,0.6773,0.0,0.45318115,3.6715307,2.5854592,2.3279574,0.0,0.0,0.0,0.9332194,0.44552362,0.0,0.0,1.8921299,1.3440509,0.0,4.00847,0.0,1.7434484,0.36464113,0.0,0.0,0.41111594,2.0356057,0.061833933,0.0,2.431349,2.3362386,1.9362692,3.8382983,0.0,0.0,5.69465,1.8127224,0.5741917,0.0,0.0,3.535879,3.788504,1.9299997,2.2485092,4.330777,2.8136199,3.2706954,1.7819717,4.3335686,2.4895284,0.5634879,2.5924077,0.0,5.1187696,0.0,2.3633893,0.0,2.6965294,2.0624385,0.20131071,2.7944007,1.8740648,2.5468123,3.7533748,3.55981,2.4862823,0.3464122,5.02139,0.36389896,3.14362,2.5240142,1.4368362,1.5575908,2.3944771,0.6403098,4.028458,0.71423405,4.920289,0.0,0.0,1.2458526,1.7119364,0.0,2.6209335,2.2080145,5.4818,3.4047246,0.0,4.1309013,3.0678926,2.3474898,5.1056066
C000643,0.0,2.143405,0.0,2.5077615,1.2987392,0.0,0.0,0.0,1.7600498,0.0,0.0,0.0,0.0,0.0,2.353454,0.0,0.0,0.063722,0.87208855,2.1862464,1.0093646,0.0,1.7459888,2.3335733,0.0,2.4970174,0.0,0.0,0.0,2.7066636,2.8910186,0.51414186,0.0,2.9829893,0.521726,0.26387703,0.0,2.0264547,1.3609204,0.27846912,0.0,0.18957712,3.4514036,2.4864478,1.7817149,0.0,0.0,0.0,1.023705,0.0,0.0,0.0,1.5620013,1.4471092,0.0,3.5976791,0.0,1.5399225,0.015064955,0.0,0.0,0.75739706,1.6951761,0.19471945,0.0,2.0907528,3.3336022,1.6944219,5.189212,0.0,0.0,7.4343324,1.4897214,0.6406647,0.0,0.0,4.9358196,5.2187114,1.6534108,3.0041857,5.74522,4.078421,4.5843563,1.5751892,5.2636414,3.369494,0.68158406,2.723099,0.0,5.9987164,0.00037956136,3.3770378,0.0,2.4124575,1.786333,0.087614216,3.7334173,1.6981364,2.7875867,5.1308756,5.092442,2.4157686,0.39255494,6.433855,0.39599523,4.055301,2.1824198,1.2806888,1.3773956,3.3006685,0.78636974,5.375664,0.60493296,6.416243,0.0,0.0,1.0963973,1.8703777,0.0,2.3284638,3.15179,6.718569,4.1670237,0.029740822,5.757612,4.161597,2.2273057,6.804688
C000644,0.0,4.44118,0.0,3.9804492,0.0,0.0,0.0,1.2045172,3.8252444,0.0,0.0,0.0,0.0,0.0,4.2812924,0.0,0.069955856,0.0,0.0,3.5867972,2.2465672,0.0,0.6373542,3.23307,0.0,3.4304752,0.15394661,0.0,0.0,4.4966474,4.0596786,0.26560825,0.0,3.7922544,1.9674802,0.0,0.0,3.138443,0.52192837,1.3603028,0.0,0.946996,4.6119156,3.1757183,3.5749917,0.0,0.0,0.2174189,0.8788609,1.4384847,0.0,0.0,2.7027626,1.2464758,0.0,4.9292917,0.0,2.1761575,1.1129113,0.0,0.0,0.0,3.134778,0.17753105,0.0,4.44118,0.0,3.9804492,0.0,0.0,0.0,1.2045172,3.8252444,0.0,0.0,0.0,0.0,0.0,4.2812924,0.0,0.069955856,0.0,0.0,3.5867972,2.2465672,0.0,0.6373542,3.23307,0.0,3.4304752,0.15394661,0.0,0.0,4.4966474,4.0596786,0.26560825,0.0,3.7922544,1.9674802,0.0,0.0,3.138443,0.52192837,1.3603028,0.0,0.946996,4.6119156,3.1757183,3.5749917,0.0,0.0,0.2174189,0.8788609,1.4384847,0.0,0.0,2.7027626,1.2464758,0.0,4.9292917,0.0,2.1761575,1.1129113,0.0,0.0,0.0,3.134778,0.17753105
C000645,0.0,4.451356,0.0,4.3696637,0.7994309,0.0,0.0,0.14431348,3.436081,0.0,0.0,0.0,0.0,0.0,4.455076,0.0,0.0,0.0,0.35360017,3.844399,1.8637989,0.0,1.9452789,3.8398511,0.0,3.8022306,0.0,0.0,0.0,4.802995,4.9839816,0.7513733,0.0,4.8401585,1.2904577,0.0,0.0,3.4821672,1.7385447,0.81692016,0.0,0.6424581,5.72337,4.0589104,3.6765676,0.0,0.0,0.0,1.5741382,0.25445184,0.0,0.0,2.7584412,1.8531263,0.0,5.953615,0.0,2.4669948,0.59573925,0.0,0.0,0.5083362,3.2397752,0.0,0.0,3.3359795,0.0,3.2225726,0.49624997,0.0,0.0,0.52653533,2.7485032,0.0,0.0,0.0,0.0,0.0,3.3331218,0.0,0.12857577,0.0,0.17680009,2.850462,1.651033,0.0,1.1130347,2.7859783,0.0,2.8950126,0.0049803928,0.0,0.0,3.6616652,3.4849648,0.38623357,0.0,3.2755718,1.1977403,0.008336738,0.0,2.5981286,0.97159815,0.86328256,0.0,0.60037076,4.0798073,2.8039696,2.6703563,0.0,0.0045874137,0.1255806,0.96957517,0.6506645,0.0,0.0,2.1047738,1.3211325,0.0,4.2718763,0.0,1.9005585,0.60673225,0.0,0.0,0.30954525,2.4749262,0.18998179
C000646,0.0,5.07775,0.0,4.419758,0.0,0.0,0.0,1.4447359,4.3565764,0.0,0.0,0.0,0.0,0.0,4.8604884,0.0,0.18976656,0.0,0.0,4.0375113,2.59401,0.0,0.58173215,3.685242,0.0,4.0227776,0.13439447,0.0,0.0,5.1387243,4.489235,0.4841375,0.0,4.403348,2.512756,0.0,0.0,3.5437078,0.44164065,1.6871576,0.0,1.3397741,5.0171843,3.46518,4.108858,0.0,0.0,0.47038698,1.1237433,1.7091242,0.0,0.0,3.1054587,1.4398807,0.0,5.443994,0.0,2.669736,1.4856623,0.0,0.0,0.0,3.7228658,0.38978177,0.0,5.07775,0.0,4.419758,0.0,0.0,0.0,1.4447359,4.3565764,0.0,0.0,0.0,0.0,0.0,4.8604884,0.0,0.18976656,0.0,0.0,4.0375113,2.59401,0.0,0.58173215,3.685242,0.0,4.0227776,0.13439447,0.0,0.0,5.1387243,4.489235,0.4841375,0.0,4.403348,2.512756,0.0,0.0,3.5437078,0.44164065,1.6871576,0.0,1.3397741,5.0171843,3.46518,4.108858,0.0,0.0,0.47038698,1.1237433,1.7091242,0.0,0.0,3.1054587,1.4398807,0.0,5.443994,0.0,2.669736,1.4856623,0.0,0.0,0.0,3.7228658,0.38978177
C000647,0.0,0.5608039,2.6546862,0.8532195,5.6901464,0.0,0.0,5.6330395,0.22259867,0.49471334,0.0,0.0,5.420044,5.3753366,0.24674225,3.2973175,4.8250437,4.73393,4.9367213,0.50616896,4.4000397,3.9103234,1.6775084,1.6752133,0.0,4.699488,0.0,4.3629417,0.0,0.8749188,0.9848231,0.0,3.2967503,1.3346965,0.8002863,4.497351,5.834382,0.77579296,1.447907,4.786441,0.031275406,2.8371782,1.0012845,0.8297545,0.7223952,3.6292634,0.54429686,3.5898776,0.0,5.805872,0.0,0.0,0.48453924,1.310466,0.0,1.7224035,4.6726027,4.519965,1.8518493,0.0,6.0407653,4.1929293,0.0,5.2690706,0.0,1.4229634,2.5453947,1.0796292,4.30463,0.0,0.0,5.487808,0.90717816,0.38822415,0.0,0.0,4.169322,4.1931705,1.0937228,2.4026792,4.365991,3.4314554,3.6943264,1.0563803,4.1267724,2.9545074,0.7811715,1.9554448,0.0,4.539709,0.0,2.9221888,0.0,1.6072401,1.1945856,0.041658424,2.7628233,1.3466036,1.80485,3.9585714,4.291346,1.5385569,0.5535328,4.793239,0.17360826,3.0523572,1.4492342,0.9378674,0.9488665,2.654811,0.60463005,3.8005757,0.33078358,4.987787,0.0,0.0,0.7136829,1.4719173,0.0,1.7987978,2.936415,4.9317203,2.7903821,0.0093656685,4.624194,3.320287,1.3152087,5.12326
C000648,0.0,4.9349203,0.7849227,4.4777226,1.1176839,0.0,0.0,2.4312646,4.346487,0.0,0.0,0.0,0.0,0.37151092,4.765798,0.0,1.2221512,0.0,0.75533795,4.076061,3.2302032,0.0,1.1945286,4.365463,0.0,5.316143,0.0,0.0,0.0,5.971015,4.6981206,0.9061031,0.0,4.9565816,2.8466926,0.4332621,0.0,3.7427547,0.5728731,2.8400779,0.0,2.1708288,5.35119,3.6027007,3.8309739,0.0,0.0,1.7436495,2.1044037,2.4264798,0.0,0.0,3.4834347,1.7406516,0.0,5.417592,0.0,4.7062774,2.0138059,0.0,0.0,0.84641343,4.5942483,1.8493791,0.0,3.1062288,3.6292539,2.7374845,5.856008,0.0,0.0,8.468298,2.3589196,0.62568337,0.0,0.0,5.3099117,5.624544,2.4913085,3.3092313,6.569101,4.6173024,5.0915227,2.3847876,6.263768,3.5014403,0.8024677,3.7659574,0.0,7.473901,0.0,3.4842615,0.0,3.6563966,2.8015065,0.31783602,3.8675063,2.9109297,3.6217983,5.718657,5.595704,3.2977037,0.36300623,7.478179,0.36366543,4.8744464,3.2779143,2.0937736,2.1960013,3.4924386,0.7587894,6.1491985,0.9996876,7.6063123,0.0,0.0,1.7827554,2.2329226,0.0,3.6528995,3.2672567,8.194388,4.8338437,0.0,6.316019,4.668209,3.295987,7.7671638
C000649,0.0,4.517453,0.0,4.030518,0.0,0.0,0.0,1.2357278,3.8872411,0.0,0.0,0.0,0.0,0.0,4.348421,0.0,0.087601274,0.0,0.0,3.6410933,2.288518,0.0,0.6286283,3.286436,0.0,3.5031018,0.15119177,0.0,0.0,4.5712194,4.10885,0.2926127,0.0,3.8636827,2.033347,0.0,0.0,3.18525,0.50784117,1.4016508,0.0,0.99505746,4.6559,3.2087321,3.6379929,0.0,0.0,0.24875264,0.90989894,1.471957,0.0,0.0,2.7493343,1.2697273,0.0,4.9852586,0.0,2.2367656,1.1581706,0.0,0.0,0.0,3.2038324,0.20541912,0.0,4.517453,0.0,4.030518,0.0,0.0,0.0,1.2357278,3.8872411,0.0,0.0,0.0,0.0,0.0,4.348421,0.0,0.087601274,0.0,0.0,3.6410933,2.288518,0.0,0.6286283,3.286436,0.0,3.5031018,0.15119177,0.0,0.0,4.5712194,4.10885,0.2926127,0.0,3.8636827,2.033347,0.0,0.0,3.18525,0.50784117,1.4016508,0.0,0.99505746,4.6559,3.2087321,3.6379929,0.0,0.0,0.24875264,0.90989894,1.471957,0.0,0.0,2.7493343,1.2697273,0.0,4.9852586,0.0,2.2367656,1.1581706,0.0,0.0,0.0,3.2038324,0.20541912
C000650,0.0,3.556941,0.0,3.5678525,0.853457,0.0,0.0,0.0,2.6945949,0.0,0.0,0.0,0.0,0.0,3.625878,0.0,0.0,0.0,0.5412722,3.0733738,1.4684874,0.0,1.6171982,3.1822238,0.0,3.141103,0.0,0.0,0.0,3.7582743,4.0277724,0.97528553,0.0,4.2357016,0.98734623,0.0,0.0,2.837874,1.4885967,0.6316457,0.0,0.5236776,4.500416,3.4330983,2.9322667,0.0,0.0,0.0,1.6256921,0.0,0.0,0.0,2.182387,1.637613,0.0,4.8020487,0.0,2.1083512,0.46553978,0.0,0.0,0.492486,2.6760426,0.14416128,0.0,3.3881662,0.0,3.2231426,0.68322784,0.0,0.0,0.60310215,2.7521527,0.0,0.0,0.0,0.0,0.0,3.3539932,0.0,0.10266897,0.0,0.34976053,2.8270514,1.5267602,0.0,1.1557769,2.7931144,0.0,2.9936306,0.0028642367,0.0,0.0,3.6773136,3.574152,0.7434268,0.0,3.556511,1.2448479,0.03523554,0.0,2.5865421,0.909391,0.9723249,0.0,0.7789715,3.9974852,2.780835,2.6516316,0.0,0.0004030975,0.24149115,1.3484793,0.442523,0.0,0.0,2.1247766,1.4591421,0.0,4.1437087,0.0,2.145003,0.71433467,0.0,0.0,0.45700678,2.7911863,0.33593893
C000651,0.0,3.6498525,0.0,3.2695546,0.0,0.0,0.0,0.93209374,3.2191393,0.0,0.0,0.0,0.0,0.0,3.5244699,0.0,0.09806064,0.0,0.0,2.9969394,1.8962994,0.0,0.45917797,2.7478662,0.0,3.0170374,0.10948343,0.0,0.0,3.77662,3.2739959,0.3457733,0.0,3.2309575,1.8312448,0.0,0.0,2.6106505,0.33077005,1.1770496,0.0,0.91117364,3.6995182,2.6079931,2.9287987,0.0,0.0,0.30086166,0.7569182,1.2421892,0.0,0.0,2.2795525,1.0885689,0.0,4.009202,0.0,1.8437862,0.9941236,0.0,0.0,0.0,2.704032,0.25046414,0.0,4.224473,0.0,4.0385036,0.58538014,0.0,0.0,0.73265207,3.415435,0.0,0.0,0.0,0.0,0.0,4.1904087,0.0,0.04903032,0.0,0.3533568,3.4755917,1.9554776,0.0,1.2436252,3.3590176,0.0,3.5268786,0.054741714,0.0,0.0,4.3843894,4.3434353,0.7665419,0.0,4.394346,1.5926023,0.0,0.0,3.195156,1.0582759,1.1328537,0.0,0.9152688,4.7348413,3.4351852,3.4358153,0.0,0.0,0.27518886,1.5000397,0.63583827,0.0,0.0,2.5854678,1.6536143,0.0,5.0626297,0.0,2.4591012,0.8766314,0.0,0.0,0.3341804,3.231426,0.33211818
C000652,0.0,2.8458178,0.0,2.7026744,0.0,0.0,0.0,0.72305787,2.5329423,0.0,0.0,0.0,0.0,0.0,2.8076594,0.0,0.03686528,0.0,0.0,2.3994699,1.5167251,0.0,0.45722604,2.1566372,0.0,2.2744756,0.1152296,0.0,0.0,2.9634194,2.6815624,0.09292159,0.0,2.4256268,1.1916252,0.0,0.0,2.0724437,0.391167,0.77393013,0.0,0.47754046,3.1271818,2.1752744,2.2459521,0.0,0.0,0.038027424,0.4755773,0.96909714,0.0,0.0,1.7851058,0.83546036,0.0,3.327309,0.0,1.3099487,0.5897112,0.0,0.0,0.019787021,2.0015693,0.040075585,0.0,2.6862144,0.8829683,2.3144283,1.5185709,0.0,0.0,2.5117164,2.2989569,0.0,0.0,0.0,1.1331618,1.4164913,2.5410838,0.33676887,1.7254989,0.7760286,1.2609398,2.139319,2.478308,0.6066597,0.6222373,2.5317476,0.0,3.533406,0.02304592,0.30616972,0.0,3.1520944,2.4002955,0.15665263,0.8884074,2.3375697,1.7818502,1.227043,1.1654612,2.2942424,0.3683766,2.4570272,0.0,1.5525106,2.985456,1.7841495,1.9053869,0.62697464,0.15744628,1.6927555,0.8598527,2.3845754,0.0,0.0,1.64413,1.3104647,0.0,3.0481021,0.106394865,3.292543,1.7115784,0.0,1.2501109,1.0523049,2.3477383,2.0870404
C000653,0.0,3.3980699,0.0,3.441546,0.8334577,0.0,0.0,0.5356955,2.940356,0.0,0.0,0.0,0.0,0.0,3.4677327,0.0,0.06179383,0.0,0.53293395,3.150446,1.8331795,0.0,1.6140544,3.119513,0.0,3.3304017,0.0,0.0,0.0,4.224875,3.7328591,0.2767189,0.0,3.6956117,1.3807074,0.0990493,0.0,2.685863,1.4001029,1.011003,0.0,0.6755421,4.484872,3.0142236,2.8577158,0.0,0.0,0.0,0.9967203,0.9456955,0.0,0.0,2.360833,1.5456052,0.0,4.9063773,0.0,2.1837664,0.5105858,0.0,0.0,0.571723,2.486636,0.19317922,0.0,2.5699053,0.61966753,2.2635832,1.4604464,0.0,0.0,1.920755,2.0945091,0.0,0.0,0.0,0.8618477,0.86826414,2.4680371,0.25258452,1.2365277,0.6217358,1.142951,2.2265286,2.2262952,0.28906304,0.76128376,2.4797437,0.0,3.2487648,0.0,0.05496119,0.0,3.1707785,2.3956857,0.29623145,0.48652554,2.4238222,1.572652,1.119432,0.89937574,2.2181995,0.52906084,2.1045454,0.0,1.3407307,2.9532824,1.8356361,1.7359082,0.51640755,0.09751353,1.3114974,0.94898456,1.8676164,0.0,0.0,1.5278325,1.3866153,0.0,3.2150977,0.029056743,2.9765077,1.3204836,0.0,0.6707063,1.0673373,2.1878595,1.8035156
C000654,0.0,4.0711985,0.012794346,3.7947693,1.0189962,0.0,0.0,0.8053351,3.2933922,0.0,0.0,0.0,0.0,0.0,3.9850368,0.0,0.0,0.0,0.30101022,3.2948356,1.9296076,0.0,1.6342547,3.4067328,0.0,3.9713492,0.0,0.0,0.0,4.6014433,4.297558,0.99831736,0.0,4.1863747,1.4701045,0.13129511,0.0,3.0868404,1.1722189,1.1202879,0.0,1.2065852,4.7864275,3.251068,2.9549494,0.0,0.0,0.31313962,1.5746646,0.8364019,0.0,0.0,2.7067127,1.6172353,0.0,4.7751822,0.0,2.739695,1.0857521,0.0,0.0,0.6963141,3.370068,0.4508419,0.0,2.8067195,0.2557238,2.526404,1.154565,0.0,0.0,1.1630036,2.3376884,0.0,0.0,0.0,0.3337999,0.35506067,2.7653031,0.040676527,0.50744027,0.27061754,0.75772744,2.333179,1.753459,0.10696106,1.0859362,2.6022904,0.0,3.0131154,0.0,0.031880915,0.0,3.2498379,2.8625264,0.6181005,0.22256045,2.7485673,1.1788316,0.6009645,0.4894371,2.3018427,0.8422796,1.5118221,0.0,1.0256685,3.336898,2.209928,2.0730774,0.19011362,0.033055343,0.7760465,1.1370169,1.0999732,0.0,0.0,1.763637,1.4429356,0.0,3.4867682,0.0,2.4713154,1.0293014,0.0,0.28307357,0.82056445,2.385433,1.0839136
C000655,0.0,5.1719646,0.0,4.483232,0.0,0.0,0.0,1.494397,4.431928,0.0,0.0,0.0,0.0,0.0,4.944562,0.0,0.21410017,0.0,0.0,4.1032906,2.6543455,0.0,0.56954753,3.7479706,0.0,4.117673,0.13112259,0.0,0.0,5.2333393,4.5499883,0.5148298,0.0,4.4879475,2.5963287,0.0,0.0,3.6012723,0.42493197,1.7452637,0.0,1.402808,5.076772,3.504819,4.183442,0.0,0.0,0.5173289,1.1610245,1.7578404,0.0,0.0,3.1594954,1.464017,0.0,5.5209675,0.0,2.754617,1.5455703,0.0,0.0,0.0,3.8106258,0.4368088,0.0,5.1719646,0.0,4.483232,0.0,0.0,0.0,1.494397,4.431928,0.0,0.0,0.0,0.0,0.0,4.944562,0.0,0.21410017,0.0,0.0,4.1032906,2.6543455,0.0,0.56954753,3.7479706,0.0,4.117673,0.13112259,0.0,0.0,5.2333393,4.5499883,0.5148298,0.0,4.4879475,2.5963287,0.0,0.0,3.6012723,0.42493197,1.7452637,0.0,1.402808,5.076772,3.504819,4.183442,0.0,0.0,0.5173289,1.1610245,1.7578404,0.0,0.0,3.1594954,1.464017,0.0,5.5209675,0.0,2.754617,1.5455703,0.0,0.0,0.0,3.8106258,0.4368088
C000656,0.0,5.07775,0.0,4.419758,0.0,0.0,0.0,1.4447359,4.3565764,0.0,0.0,0.0,0.0,0.0,4.8604884,0.0,0.18976656,0.0,0.0,4.0375113,2.59401,0.0,0.58173215,3.685242,0.0,4.0227776,0.13439447,0.0,0.0,5.1387243,4.489235,0.4841375,0.0,4.403348,2.512756,0.0,0.0,3.5437078,0.44164065,1.6871576,0.0,1.3397741,5.0171843,3.46518,4.108858,0.0,0.0,0.47038698,1.1237433,1.7091242,0.0,0.0,3.1054587,1.4398807,0.0,5.443994,0.0,2.669736,1.4856623,0.0,0.0,0.0,3.7228658,0.38978177,0.0,5.07775,0.0,4.419758,0.0,0.0,0.0,1.4447359,4.3565764,0.0,0.0,0.0,0.0,0.0,4.8604884,0.0,0.18976656,0.0,0.0,4.0375113,2.59401,0.0,0.58173215,3.685242,0.0,4.0227776,0.13439447,0.0,0.0,5.1387243,4.489235,0.4841375,0.0,4.403348,2.512756,0.0,0.0,3.5437078,0.44164065,1.6871576,0.0,1.3397741,5.0171843,3.46518,4.108858,0.0,0.0,0.47038698,1.1237433,1.7091242,0.0,0.0,3.1054587,1.4398807,0.0,5.443994,0.0,2.669736,1.4856623,0.0,0.0,0.0,3.7228658,0.38978177
C000657,0.0,3.5389671,0.0,3.183999,0.0,0.0,0.0,1.102562,3.0354207,0.0,0.0,0.0,0.0,0.0,3.4119015,0.0,0.23115772,0.0,0.0,2.831848,1.9271436,0.0,0.41251338,2.7260785,0.0,2.9409823,0.060824417,0.0,0.0,3.6741076,3.1355102,0.27601665,0.0,3.152093,1.8392012,0.0,0.0,2.5936942,0.22094801,1.3082381,0.0,0.9015234,3.4929724,2.4776897,2.791462,0.0,0.0,0.48876983,0.7336613,1.3421669,0.0,0.0,2.2516785,1.0276307,0.0,3.761745,0.0,1.9338094,1.0377889,0.0,0.0,0.0,2.5641675,0.47832984,0.0,2.1189015,1.5901729,1.6192583,2.8748438,0.0,0.0,3.9800782,1.6945461,0.12937365,0.0,0.0,2.438282,2.5811012,1.8424256,1.1935395,2.9979844,1.9060923,2.3221319,1.6111784,3.29562,1.4210352,0.6401901,2.2971716,0.0,4.0257273,0.0035779069,1.2531369,0.0,2.487923,1.8130057,0.10052611,1.7228128,1.716004,1.8649123,2.5324526,2.6170623,2.0410707,0.3806419,3.6796894,0.063788444,2.2617645,2.2157998,1.3568527,1.3706499,1.582885,0.38994637,2.8073728,0.66654426,3.6417773,0.0,0.0,1.202754,1.4012887,0.0,2.3239563,1.1252222,4.2186246,2.3777132,0.0,2.646143,2.0995944,1.9923314,3.7318757
C000658,0.0,4.9678645,0.0,4.6818285,0.64229435,0.0,0.0,0.27507186,3.8525765,0.0,0.0,0.0,0.0,0.0,4.8814673,0.0,0.0,0.0,0.25054023,4.1512,2.064373,0.0,1.9145303,4.108383,0.0,4.179572,0.0,0.0,0.0,5.2433476,5.260393,1.0041003,0.0,5.400661,1.6623316,0.0,0.0,3.773755,1.6710804,0.99834704,0.0,0.92037463,5.9818406,4.2900014,4.089614,0.0,0.0,0.0,1.8355943,0.39044365,0.0,0.0,3.0284204,2.0289676,0.0,6.3535314,0.0,2.798986,0.87404203,0.0,0.0,0.3855539,3.6796544,0.055627853,0.0,3.6181085,0.0,3.391558,0.41064823,0.0,0.0,0.5888034,2.9749708,0.0,0.0,0.0,0.0,0.0,3.5664563,0.0,0.12642089,0.0,0.12527011,3.0238376,1.7563196,0.0,1.0963956,2.9349344,0.0,3.1026006,0.0056628473,0.0,0.0,3.904787,3.6393337,0.525735,0.0,3.5829213,1.4039626,0.0054604765,0.0,2.755314,0.93851346,0.96088994,0.0,0.75427496,4.222495,2.934019,2.8967533,0.0,0.0056408737,0.12628485,1.1078113,0.71907985,0.0,0.0,2.2530823,1.4151521,0.0,4.489818,0.0,2.076309,0.757612,0.0,0.0,0.24007148,2.7199926,0.21951398
C000659,0.0,3.4473052,0.0,3.1197805,0.0,0.0,0.0,0.8535493,3.051201,0.0,0.0,0.0,0.0,0.0,3.3463597,0.0,0.06805792,0.0,0.0,2.8529837,1.7858412,0.0,0.46168172,2.594662,0.0,2.8298879,0.11223919,0.0,0.0,3.5639477,3.1255047,0.29946715,0.0,3.0398383,1.6697791,0.0,0.0,2.4721963,0.3485613,1.0603709,0.0,0.8025061,3.552527,2.5054488,2.7596107,0.0,0.0,0.22633104,0.68971646,1.1534499,0.0,0.0,2.153564,1.0257722,0.0,3.8396297,0.0,1.6952307,0.89052904,0.0,0.0,0.0,2.5323508,0.17915411,0.0,1.1693236,9.569345,0.86824703,15.8428135,0.0,0.0,19.90715,0.7581474,3.258387,0.0,0.0,16.945387,16.320148,0.69853985,11.059431,16.458149,14.423632,13.895366,0.7523509,12.961962,12.865225,1.6737745,3.5378551,0.0,12.94248,0.011223919,13.255011,0.0,1.199763,1.0012696,0.029946715,12.023184,1.0615423,4.962797,14.880315,16.608976,1.8422508,0.8483906,16.169514,1.6541103,10.115027,1.1109469,1.0312406,0.9528743,10.818746,3.0706303,13.627205,0.27528504,17.89369,0.0,0.0,0.47170457,3.2608886,0.0,1.7705572,13.226311,14.721308,9.151454,0.3306152,19.357813,12.502855,1.3412428,18.06907
C000660,0.0,2.7555313,0.0,3.005959,1.100977,0.0,0.0,0.0,2.1740081,0.0,0.0,0.0,0.0,0.0,2.9988222,0.0,0.0,0.0,0.6654083,2.607856,1.1575391,0.0,1.7069845,2.7128203,0.0,2.748303,0.0,0.0,0.0,3.2885466,3.4571354,0.74988675,0.0,3.533368,0.7240673,0.021143705,0.0,2.3627849,1.4930956,0.2937074,0.0,0.31540185,4.053791,2.9482257,2.325385,0.0,0.0,0.0,1.2862196,0.0,0.0,0.0,1.8845906,1.5249434,0.0,4.1806393,0.0,1.7663991,0.21155512,0.0,0.0,0.6132671,2.1958122,0.0,0.0,2.5810874,0.7606794,2.2242408,1.499699,0.0,0.0,2.1036851,2.063249,0.0,0.0,0.0,0.7412742,0.839105,2.4373147,0.25623053,1.2668582,0.6623798,1.071468,2.1330554,2.2459316,0.3563009,0.7383965,2.3613188,0.0,3.2118504,0.0014080107,0.22259118,0.0,2.9591653,2.3895338,0.46206108,0.5121858,2.4212582,1.5035039,1.1289561,0.95601314,2.2300603,0.51066524,2.1694689,0.0,1.4791781,2.8589435,1.917844,1.8789221,0.4815498,0.0907192,1.466281,1.092233,1.8123139,0.0,0.0,1.5602847,1.2986977,0.0,2.995915,0.19644155,3.0766482,1.4918493,0.0,0.7372287,1.0786712,2.3421304,1.9498844
C000661,0.0,4.748954,0.0,4.1849966,0.0,0.0,0.0,1.322895,4.077856,0.0,0.0,0.0,0.0,0.0,4.553611,0.0,0.13127246,0.0,0.0,3.8062406,2.4160001,0.0,0.60812235,3.4525928,0.0,3.7182646,0.1438452,0.0,0.0,4.801029,4.2620254,0.37172046,0.0,4.080956,2.2314837,0.0,0.0,3.32861,0.4756386,1.5236974,0.0,1.1368798,4.7953997,3.3099542,3.8292518,0.0,0.0,0.3423121,0.99895215,1.570714,0.0,0.0,2.8951707,1.3407818,0.0,5.1645555,0.0,2.4144711,1.2940309,0.0,0.0,0.0,3.4134014,0.28599963,0.0,4.748954,0.0,4.1849966,0.0,0.0,0.0,1.322895,4.077856,0.0,0.0,0.0,0.0,0.0,4.553611,0.0,0.13127246,0.0,0.0,3.8062406,2.4160001,0.0,0.60812235,3.4525928,0.0,3.7182646,0.1438452,0.0,0.0,4.801029,4.2620254,0.37172046,0.0,4.080956,2.2314837,0.0,0.0,3.32861,0.4756386,1.5236974,0.0,1.1368798,4.7953997,3.3099542,3.8292518,0.0,0.0,0.3423121,0.99895215,1.570714,0.0,0.0,2.8951707,1.3407818,0.0,5.1645555,0.0,2.4144711,1.2940309,0.0,0.0,0.0,3.4134014,0.28599963
C000662,0.0,0.88676596,2.0826921,1.6924481,5.293537,0.0,0.0,3.542715,0.38261676,0.0,0.0,0.0,4.5623045,3.490176,0.95467216,2.0069056,3.1411858,4.816247,4.680072,1.5582409,3.468914,2.9917023,2.890294,2.2225025,0.0,4.2748146,0.0,3.4674482,0.0,1.5650024,2.2837296,0.0,1.6748304,2.9825814,0.4679442,4.1056557,5.1832366,1.0060486,3.2645998,3.0713375,0.0,2.2249622,2.1014009,2.496798,1.58252,2.6908934,0.40851215,2.173888,0.0,4.103386,0.0,0.0,0.86885643,1.8184245,0.0,3.5932465,3.6496599,3.4720275,0.66730917,0.0,4.4756703,4.144628,0.36325634,3.7256205,0.0,1.8639305,2.6163576,1.4677894,4.2860093,0.0,0.0,5.886701,1.3177863,0.4137122,0.0,0.0,4.12668,4.256258,1.469974,2.249701,4.7015767,3.3499022,3.760613,1.4429351,4.405144,2.7129328,0.69482577,2.3919768,0.0,4.988109,0.0,2.5750601,0.0,2.1750271,1.5602081,0.039767545,2.8714914,1.6051112,2.2681627,4.1382604,4.1797953,2.0092986,0.4754038,5.1722302,0.24293654,3.2175663,1.9227357,1.157981,1.1352086,2.6365736,0.61472446,4.22181,0.5482211,5.278596,0.0,0.0,0.9324411,1.6378585,0.0,2.1526597,2.405007,5.53217,3.2426085,0.0,4.583495,3.3803186,1.8593369,5.502921
C000663,0.0,2.240554,0.038780198,2.3886213,1.2055542,0.0,0.0,0.730718,1.9573823,0.0,0.0,0.0,0.0,0.0,2.2316904,0.0,0.0,0.012745224,0.8159834,2.1319604,1.0636495,0.0,1.371052,2.217818,0.0,2.5209975,0.0,0.0,0.0,2.8930607,2.7880313,0.57687277,0.0,2.5238643,0.72121996,0.3804996,0.08594473,1.8247541,0.84552103,0.91923726,0.0,0.49529874,3.0625129,2.0599892,1.5903779,0.0,0.0,0.19180316,1.1366009,0.31924927,0.0,0.0,1.6829946,1.2582164,0.0,3.1064885,0.0,1.893245,0.34156275,0.0,0.0,0.88547534,1.9928187,0.54853916,0.0,1.7483828,2.231088,1.3439233,3.8101146,0.0,0.0,5.230306,1.3551223,0.55535156,0.0,0.0,3.476392,3.6213663,1.445037,2.076717,4.0253005,2.84251,3.1873953,1.3435576,3.8614066,2.3537254,0.6638764,2.1576061,0.0,4.554403,0.0,2.3848128,0.0,2.0235722,1.5541927,0.1668782,2.6130593,1.4672673,2.0301967,3.6288357,3.7072628,1.9544481,0.47528976,4.697463,0.32361907,2.8925748,1.9038838,1.234675,1.1706977,2.280792,0.61165464,3.738492,0.5684628,4.6138077,0.0,0.0,0.9934687,1.4394877,0.0,2.0461128,2.1981037,4.9945498,3.0488281,0.028632488,3.9153018,2.9782438,1.8129051,4.9466257
C000664,0.0,0.0,4.4702673,0.5912422,11.312919,0.0,0.0,5.6698055,0.0,1.314059,0.0,0.0,11.039285,8.058627,0.6257193,6.0588984,6.220463,10.642166,9.197508,1.1534588,6.3830557,7.4927425,5.689911,3.3207073,0.0,6.723639,0.0,7.967463,0.0,0.10854912,2.9379015,0.0,5.1412926,4.260052,0.0,7.272788,12.167696,0.2776866,6.968785,6.660343,0.0,3.9871812,1.1193452,4.5563593,2.9823835,5.6354012,1.9764849,3.8720984,0.0,8.385658,0.0,0.0,0.37906086,3.0898504,0.0,5.2962923,9.340622,5.1308565,1.2484543,0.0,10.574839,8.358927,0.0,7.4298573,0.0,1.583797,4.6182027,1.2486393,7.45956,0.0,0.0,9.914512,1.2432593,1.1811566,0.0,0.0,7.5225844,7.529979,1.3220621,4.5962853,7.990607,6.241907,6.4159756,1.2605422,6.8074555,5.34721,0.957287,2.7434576,0.0,7.384249,0.0,5.3669677,0.0,1.8917241,1.5434269,0.17162119,5.387117,1.5400721,3.1382596,7.0208135,7.563608,2.212328,0.81038904,8.436349,0.70036894,5.234087,1.7256712,1.3145328,1.2360673,4.8456097,1.3036479,7.0027013,0.5877355,8.94782,0.0,0.0,0.8806364,1.9718037,0.0,2.0646389,5.165321,8.331294,5.1534038,0.048766494,8.531941,5.836639,2.0986128,9.185673
C000665,0.0,3.3663764,0.0,3.065546,0.0,0.0,0.0,0.8200187,2.9873285,0.0,0.0,0.0,0.0,0.0,3.277867,0.0,0.057823632,0.0,0.0,2.796047,1.7424333,0.0,0.4649662,2.5301237,0.0,2.7542367,0.11536146,0.0,0.0,3.481668,3.0683036,0.27609733,0.0,2.9650536,1.6001523,0.0,0.0,2.4166098,0.3613991,1.0056951,0.0,0.7567249,3.5073977,2.4691725,2.693512,0.0,0.0,0.18847445,0.66083413,1.1194903,0.0,0.0,2.104087,1.0004456,0.0,3.7795815,0.0,1.6322082,0.84481055,0.0,0.0,0.0,2.466936,0.1402236,0.0,4.09603,0.02092062,3.8802013,0.57117,0.0,0.0,0.7354244,3.3259838,0.0,0.0,0.0,0.0,0.0,4.0484567,0.0,0.028911816,0.0,0.30447164,3.3439853,1.9102291,0.0,1.2264947,3.2333777,0.0,3.4394085,0.05768073,0.0,0.0,4.341857,4.1619115,0.7353156,0.0,4.226075,1.5939922,0.068127535,0.0,3.1016583,1.0048481,1.0977714,0.0,0.92381585,4.6073217,3.2651699,3.2789416,0.0,0.0,0.2879892,1.4316583,0.662239,0.0,0.0,2.5037708,1.6268044,0.0,4.92914,0.0,2.4382792,0.8842094,0.0,0.0,0.27058828,3.1740997,0.3165671
C000666,0.0,5.07775,0.0,4.419758,0.0,0.0,0.0,1.4447359,4.3565764,0.0,0.0,0.0,0.0,0.0,4.8604884,0.0,0.18976656,0.0,0.0,4.0375113,2.59401,0.0,0.58173215,3.685242,0.0,4.0227776,0.13439447,0.0,0.0,5.1387243,4.489235,0.4841375,0.0,4.403348,2.512756,0.0,0.0,3.5437078,0.44164065,1.6871576,0.0,1.3397741,5.0171843,3.46518,4.108858,0.0,0.0,0.47038698,1.1237433,1.7091242,0.0,0.0,3.1054587,1.4398807,0.0,5.443994,0.0,2.669736,1.4856623,0.0,0.0,0.0,3.7228658,0.38978177,0.0,5.07775,0.0,4.419758,0.0,0.0,0.0,1.4447359,4.3565764,0.0,0.0,0.0,0.0,0.0,4.8604884,0.0,0.18976656,0.0,0.0,4.0375113,2.59401,0.0,0.58173215,3.685242,0.0,4.0227776,0.13439447,0.0,0.0,5.1387243,4.489235,0.4841375,0.0,4.403348,2.512756,0.0,0.0,3.5437078,0.44164065,1.6871576,0.0,1.3397741,5.0171843,3.46518,4.108858,0.0,0.0,0.47038698,1.1237433,1.7091242,0.0,0.0,3.1054587,1.4398807,0.0,5.443994,0.0,2.669736,1.4856623,0.0,0.0,0.0,3.7228658,0.38978177
C000667,0.0,3.5763428,0.630893,3.2600093,1.4298903,0.0,0.0,1.7419728,3.0032973,0.0,0.0,0.0,0.236654,0.47823995,3.5179029,0.0,0.88371074,0.13739294,0.77767265,2.9591718,2.4707947,0.0,1.2632896,3.2398624,0.0,4.211031,0.0,0.0,0.0,4.2786636,3.5615008,0.6277931,0.0,3.5008922,1.7681657,0.64151084,0.27849504,2.749817,0.8106485,1.9768701,0.0,1.6120694,4.0165076,2.6871388,2.4138641,0.0,0.0,1.2583902,1.3511729,1.8443288,0.0,0.0,2.3754168,1.4262686,0.0,3.8741107,0.0,3.408206,1.4089884,0.0,0.0,0.94543976,3.1674125,1.4396172,0.0,2.91842,0.56340784,2.5155265,1.5146103,0.0,0.0,1.8030182,2.4182732,0.0,0.0,0.0,0.53574234,0.6758235,2.866431,0.019346535,1.0203784,0.41951892,1.0436026,2.4271712,2.2457254,0.060768414,0.9769762,2.701212,0.0,3.4727147,0.0,0.045773525,0.0,3.46657,2.7954361,0.5183193,0.3017685,2.7578554,1.4912287,0.959415,0.77205247,2.390128,0.70524067,2.0252416,0.0,1.3912234,3.2786493,2.150185,1.9990721,0.2497726,0.021634104,1.3149853,1.1835643,1.7673048,0.0,0.0,1.7969269,1.4802116,0.0,3.4006622,0.008365084,3.1067898,1.3753333,0.0,0.38481155,1.0127484,2.5333464,1.7010154
C000668,0.0,1.7056302,1.0806352,1.8905745,3.029836,0.0,0.0,1.85743,1.2980775,0.0,0.0,0.0,1.9379283,1.3441002,1.8401114,0.6901483,1.3653741,1.9998341,2.223646,1.702911,2.4920197,0.87210524,2.163333,2.368387,0.0,3.6710482,0.0,1.2755601,0.0,2.2610958,2.5351665,0.294745,0.6455338,2.9873,0.5710952,1.8968801,2.2310576,1.6136627,2.0087152,1.9136553,0.0,1.4243404,2.5682364,2.5739896,1.7476734,0.9306978,0.26558346,1.4101398,0.65862024,2.0302892,0.0,0.0,1.1899526,1.3587099,0.0,3.2559407,1.3807477,2.6702132,0.58576894,0.0,1.469105,2.2745728,1.4901617,2.1924329,0.0,2.2054887,1.747538,1.7769699,2.9679756,0.0,0.0,4.0627394,1.6449642,0.16881098,0.0,0.0,2.4723616,2.5102673,2.0004735,1.3203362,2.9206834,1.9723997,2.4862866,1.7180359,3.3983693,1.4432378,0.8091491,2.4387693,0.0,4.2342567,0.0,1.3432949,0.0,2.5678802,2.01109,0.21810457,1.7521957,1.9987942,1.8854921,2.7157793,2.5843234,2.1366038,0.6392888,3.8488503,0.090665415,2.4098287,2.3669114,1.566739,1.5221643,1.5136635,0.35314047,2.972554,0.8210691,3.5351448,0.0,0.0,1.2389486,1.5223821,0.0,2.5599463,1.2888399,4.39298,2.485538,0.0,2.6374884,2.4023414,2.152043,3.889415
C000669,0.0,2.910016,0.0,2.7448688,0.0,0.0,0.0,0.7099102,2.583297,0.0,0.0,0.0,0.0,0.0,2.8636005,0.0,0.032063447,0.0,0.0,2.443334,1.5285015,0.0,0.4635142,2.1905441,0.0,2.3256984,0.11517931,0.0,0.0,3.019096,2.7208881,0.124929585,0.0,2.5138292,1.2384688,0.0,0.0,2.1089547,0.39792427,0.779061,0.0,0.5081953,3.1812234,2.221407,2.298679,0.0,0.0,0.04513638,0.496054,0.9686184,0.0,0.0,1.8218133,0.8535176,0.0,3.380708,0.0,1.329429,0.6169826,0.0,0.0,0.006389059,2.0602767,0.024957666,0.0,3.7523062,0.0,3.6393485,0.51329327,0.0,0.0,0.5584893,3.0613742,0.0,0.0,0.0,0.0,0.0,3.6907825,0.0,0.016031723,0.0,0.25318402,3.0944223,1.7187979,0.0,1.2703507,2.9861848,0.0,3.1736357,0.057589654,0.0,0.0,4.065756,3.906008,0.57870007,0.0,3.840552,1.3798435,0.05369875,0.0,2.819302,1.0273255,0.82786655,0.0,0.75282675,4.4486113,3.0463412,2.985833,0.0,0.0,0.053268827,1.2002238,0.55930305,0.0,0.0,2.318386,1.4993274,0.0,4.6862445,0.0,2.130701,0.70597446,0.0,0.0,0.25083292,2.87987,0.08010141
C000670,0.0,2.8006217,0.0,2.6777606,0.00095936656,0.0,0.0,0.75077724,2.4970322,0.0,0.0,0.0,0.0,0.0,2.7679317,0.0,0.050921634,0.0,0.0,2.365919,1.5153391,0.0,0.45046365,2.1409206,0.0,2.2430396,0.11533844,0.0,0.0,2.9264603,2.6537058,0.061196454,0.0,2.3543553,1.160109,0.0,0.0,2.0550904,0.37833616,0.78097767,0.0,0.45949882,3.0866532,2.1369839,2.204791,0.0,0.0,0.040279057,0.46516758,0.97972673,0.0,0.0,1.7664466,0.81942946,0.0,3.2861438,0.0,1.3117727,0.5708859,0.0,0.0,0.029548705,1.954545,0.06589726,0.0,3.8924122,0.0,3.7764297,0.4976405,0.0,0.0,0.63329804,3.2005658,0.0,0.0,0.0,0.0,0.0,3.8298664,0.0,0.025460817,0.0,0.230014,3.2490501,1.8170844,0.0,1.3050702,3.1357093,0.0,3.3469713,0.05766922,0.0,0.0,4.296772,4.04316,0.58196044,0.0,3.9637058,1.4977777,0.052892804,0.0,2.9501991,1.0202743,0.89849925,0.0,0.83835554,4.6351156,3.1484008,3.0979931,0.0,0.0,0.04921542,1.2346158,0.6659717,0.0,0.0,2.437243,1.5572038,0.0,4.865388,0.0,2.2778988,0.7793045,0.0,0.0,0.24715245,3.0199404,0.114634246
C000671,0.0,1.9441051,0.32201728,2.1136973,1.2799848,0.0,0.0,0.15814577,1.5483644,0.0,0.0,0.0,0.1670782,0.0,2.2002807,0.0,0.0,0.5353332,1.0470427,1.8696626,1.1488858,0.0,1.4419477,2.1623936,0.0,2.2291994,0.0,0.0,0.0,2.134676,2.5645037,0.81590044,0.0,2.7958622,0.33230823,0.58304477,0.51510704,1.6100682,1.5066323,0.71076363,0.0,0.41921395,2.5827646,2.4121876,1.7003541,0.0,0.0,0.426791,1.0040005,0.26233548,0.0,0.0,1.2150109,1.3459728,0.0,3.121815,0.0,1.6846304,0.36379957,0.0,0.0,1.0698022,1.5964534,0.6992493,0.0,2.3818545,0.7814204,1.964657,1.7378834,0.0,0.0,2.2567627,1.9329685,0.0,0.0,0.0,0.9468722,0.9978941,2.2290213,0.31335643,1.397428,0.79251885,1.3091086,1.9018127,2.2540038,0.35214746,0.81429124,2.3700476,0.0,3.2483943,0.00051297806,0.23392563,0.0,2.7591002,2.2170925,0.40936387,0.70099133,2.1774461,1.4550382,1.3790547,1.2684398,2.098719,0.60210586,2.3545365,0.0,1.4928026,2.634508,1.7645789,1.6627105,0.5866929,0.09951963,1.6465629,1.0279511,2.01127,0.0,0.0,1.4450923,1.3113972,0.0,2.7592258,0.21968424,3.109666,1.59623,0.0,0.8425612,1.2885879,2.152402,2.2096426
C000672,0.0,4.8295536,0.0,4.2426066,0.0,0.0,0.0,1.3509032,4.1465945,0.0,0.0,0.0,0.0,0.0,4.628681,0.0,0.14447023,0.0,0.0,3.8634048,2.4584599,0.0,0.6024993,3.510633,0.0,3.7917423,0.14153293,0.0,0.0,4.884644,4.3183684,0.39917353,0.0,4.1606746,2.300349,0.0,0.0,3.381959,0.46803138,1.5631235,0.0,1.1856955,4.849792,3.3485336,3.898463,0.0,0.0,0.37243396,1.0291177,1.6036185,0.0,0.0,2.9475756,1.3663222,0.0,5.2330713,0.0,2.4750426,1.3401322,0.0,0.0,0.0,3.4887705,0.3097754,0.0,4.8295536,0.0,4.2426066,0.0,0.0,0.0,1.3509032,4.1465945,0.0,0.0,0.0,0.0,0.0,4.628681,0.0,0.14447023,0.0,0.0,3.8634048,2.4584599,0.0,0.6024993,3.510633,0.0,3.7917423,0.14153293,0.0,0.0,4.884644,4.3183684,0.39917353,0.0,4.1606746,2.300349,0.0,0.0,3.381959,0.46803138,1.5631235,0.0,1.1856955,4.849792,3.3485336,3.898463,0.0,0.0,0.37243396,1.0291177,1.6036185,0.0,0.0,2.9475756,1.3663222,0.0,5.2330713,0.0,2.4750426,1.3401322,0.0,0.0,0.0,3.4887705,0.3097754
C000673,0.0,4.8320713,0.0,4.6545506,0.6870234,0.0,0.0,0.22203934,3.6607072,0.0,0.0,0.0,0.0,0.0,4.91764,0.0,0.0,0.0,0.49412182,3.9957504,1.9469419,0.0,1.7914777,4.0779033,0.0,3.8409982,0.0,0.0,0.0,4.751157,5.31775,1.2032375,0.0,5.525818,1.3414656,0.0,0.0,3.676106,1.7662456,1.0907724,0.0,0.71219075,5.7168703,4.486182,4.039073,0.0,0.0,0.099158995,2.0449114,0.11124706,0.0,0.0,2.848599,1.9566828,0.0,6.1384697,0.0,2.7359467,0.76352435,0.0,0.0,0.5526639,3.5483744,0.25082764,0.0,3.940206,0.017617993,3.6434503,0.40533146,0.0,0.0,0.723319,3.1858788,0.0,0.0,0.0,0.0,0.0,3.9294024,0.0,0.22670688,0.0,0.24706091,3.2443936,1.9087849,0.0,0.9995829,3.1786747,0.0,3.3179414,0.0039016232,0.0,0.0,4.0506096,3.9408128,0.7350216,0.0,4.033939,1.5600282,0.014100844,0.0,2.9537072,0.91743124,1.2442085,0.0,0.89613694,4.356834,3.2359405,3.1883163,0.0,0.0,0.3521635,1.363385,0.7675529,0.0,0.0,2.36122,1.4859679,0.0,4.6720705,0.0,2.354319,0.9218769,0.0,0.0,0.27633196,3.015778,0.47771895
C000674,0.0,0.03762579,3.3312917,0.57223517,7.211727,0.0,0.0,6.6671295,0.103185296,1.280379,0.0,0.0,7.2813177,6.176979,0.11665785,4.289886,6.04344,6.3378525,6.4050536,0.79540944,5.001737,4.888259,2.0352812,2.195542,0.0,5.274357,0.0,5.667431,0.0,0.34320736,1.0019605,0.0,4.0607743,1.1308478,1.3007929,6.14065,7.328184,0.6085844,1.852095,6.0289083,0.49448073,3.2872267,0.8168235,1.0323741,0.46514606,4.3971195,1.0711375,4.6477103,0.0,6.886796,0.0,0.0,0.05670905,2.0292335,0.0,1.9376228,6.2632036,5.126108,2.4457269,0.0031666905,7.6314144,5.674301,0.0,6.5426273,0.0,1.4853723,4.212888,1.2152863,7.667228,0.0,0.0,8.69374,0.9296396,0.99117714,0.0,0.0,7.361878,7.09974,1.0194163,4.4267874,7.1011753,6.454009,6.7218685,1.2764002,6.315122,5.2549977,1.6500659,2.6794941,0.0,6.902882,0.0,5.5027857,0.0,1.6916196,1.6407771,0.0,4.875974,1.6183383,2.366225,6.673802,7.626174,1.7332925,1.1980258,7.1926827,0.37117893,4.7157726,1.8020823,1.3481536,1.0848867,4.781213,1.1746213,6.0138326,0.2501845,8.021254,0.0,0.0,0.79466164,2.2405055,0.0,2.3560636,5.558154,7.286996,3.9282048,0.007935544,7.9696712,5.878462,1.4562262,8.12047
C000675,0.0,3.361138,0.0,3.061153,0.0,0.0,0.0,0.8206422,2.9800324,0.0,0.0,0.0,0.0,0.0,3.2725608,0.0,0.058041364,0.0,0.0,2.7895412,1.7392876,0.0,0.46392807,2.527953,0.0,2.7485938,0.114314504,0.0,0.0,3.4752364,3.062825,0.27497986,0.0,2.9608164,1.5977993,0.0,0.0,2.413815,0.36013702,1.0056796,0.0,0.754556,3.4995155,2.4644814,2.6881938,0.0,0.0,0.19042853,0.6590855,1.117918,0.0,0.0,2.1016905,0.99769247,0.0,3.7711298,0.0,1.6310806,0.8439454,0.0,0.0,0.0,2.4608035,0.14283963,0.0,2.3596547,0.8180852,1.9614233,1.7025356,0.0,0.0,2.254715,1.8235375,0.055036116,0.0,0.0,1.1094788,1.2548437,2.1682496,0.62345755,1.4901291,0.8966813,1.2790947,1.8713706,2.2532525,0.68195325,0.59164417,2.1909764,0.0,3.124917,0.0228629,0.6554991,0.0,2.668376,2.1327965,0.3035212,0.8438984,2.091291,1.428405,1.3951147,1.2651677,1.9913315,0.3897125,2.2696962,0.028227802,1.5185997,2.540618,1.6204758,1.6133064,0.7701174,0.21679688,1.531589,0.9003835,1.9566342,0.0,0.0,1.3681209,1.2739842,0.0,2.6961067,0.6468282,2.980725,1.5663381,0.0,1.2335055,1.2721251,2.112922,2.0371978
C000676,0.0,3.0253584,1.3458177,3.7371223,2.670879,0.0,0.0,2.9228735,2.4367828,0.0,0.0,0.0,1.3469512,1.0960693,3.1153846,0.02879477,2.0542428,2.1442244,2.5733156,3.027101,2.767018,0.0,1.959903,3.5648797,0.0,4.868985,0.0,0.32077548,0.0,4.3670583,3.6903489,0.0946103,0.17832205,4.0879793,1.9915634,2.5766687,1.8483756,2.8627963,1.7104728,2.6565628,0.0,2.3223648,4.2592907,3.2137444,2.3381393,0.7337775,0.0,2.2756965,1.1380181,2.8735034,0.0,0.0,2.267861,1.8516852,0.0,4.4603863,0.12722528,4.5523505,1.4789196,0.0,1.2436203,2.2106671,2.961888,2.7374377,0.0,2.5421648,1.2854877,2.1452909,2.2604442,0.0,0.0,3.462275,2.0416036,0.032437816,0.0,0.0,1.6958047,1.8252299,2.2896025,0.6388961,2.472319,1.3940959,1.9065366,2.0081947,2.9800143,0.76248574,0.6607122,2.5783575,0.0,4.0187945,0.0,0.58321226,0.0,3.0661047,2.234378,0.1248264,1.1424743,2.2258003,2.0321841,2.1806686,1.9010369,2.357412,0.37145954,3.263974,0.030468028,2.0932128,2.7388864,1.706226,1.6603125,1.0125679,0.19279507,2.49064,0.8557168,3.121427,0.0,0.0,1.5082151,1.5022883,0.0,2.898808,0.42773905,4.059618,2.1857796,0.0,1.7507101,1.7514963,2.3703403,3.2166045
C000677,0.0,4.365396,0.0,3.930901,0.0,0.0,0.0,1.1732485,3.7636876,0.0,0.0,0.0,0.0,0.0,4.214825,0.0,0.050368816,0.0,0.0,3.5322993,2.2068186,0.0,0.64657336,3.1817873,0.0,3.3572855,0.1566275,0.0,0.0,4.42352,4.010731,0.23750108,0.0,3.7197547,1.902455,0.0,0.0,3.0913744,0.5385255,1.3199968,0.0,0.89876294,4.568469,3.141261,3.5117688,0.0,0.0,0.18718593,0.84615463,1.4058892,0.0,0.0,2.6582088,1.223271,0.0,4.8748875,0.0,2.1157603,1.0688256,0.0,0.0,0.0,3.0660133,0.15126653,0.0,4.365396,0.0,3.930901,0.0,0.0,0.0,1.1732485,3.7636876,0.0,0.0,0.0,0.0,0.0,4.214825,0.0,0.050368816,0.0,0.0,3.5322993,2.2068186,0.0,0.64657336,3.1817873,0.0,3.3572855,0.1566275,0.0,0.0,4.42352,4.010731,0.23750108,0.0,3.7197547,1.902455,0.0,0.0,3.0913744,0.5385255,1.3199968,0.0,0.89876294,4.568469,3.141261,3.5117688,0.0,0.0,0.18718593,0.84615463,1.4058892,0.0,0.0,2.6582088,1.223271,0.0,4.8748875,0.0,2.1157603,1.0688256,0.0,0.0,0.0,3.0660133,0.15126653
C000678,0.0,2.5276096,3.074432,2.6056147,7.349711,0.0,0.0,4.1594687,1.7780412,0.0,0.0,0.0,6.7770615,5.1917343,2.7956233,3.108538,4.345192,6.4464364,5.980076,2.7464304,5.2954226,4.125261,3.9294121,4.4245396,0.0,6.535166,0.0,3.473866,0.0,3.0435028,4.072277,0.055279672,2.103444,5.4179993,1.2052006,4.7994747,7.5177207,1.9151952,4.8966794,5.408523,0.0,3.3101714,2.8093224,4.508024,3.6368918,3.100801,1.0112932,3.4575984,0.0,6.3395615,0.0,0.0,1.4635273,2.8998766,0.0,6.424089,4.5074477,5.229227,1.669596,0.0,6.297542,5.1755223,1.0695934,5.4301195,0.0,1.466951,4.5423474,1.1023605,7.2657304,0.0,0.0,9.609814,0.97129744,0.8788252,0.0,0.0,7.3550234,7.6501713,0.8504467,4.3983264,7.972797,6.1004777,6.2287564,1.0965693,6.5630665,5.279316,0.9274598,2.6040459,0.0,7.248041,0.0,5.220488,0.0,1.9916402,1.3408506,0.0050254245,5.1541286,1.2073774,3.0341554,6.708519,7.4621687,1.9933666,0.84462756,8.230245,0.5551871,5.2281046,1.5487792,1.0312339,0.9065676,4.732687,1.2522106,6.9659076,0.16428286,8.883701,0.0,0.0,0.7212382,1.6416351,0.0,1.7212929,4.994901,8.235489,4.9916344,0.011218407,8.302064,5.48387,1.9980041,8.865608
C000679,0.0,0.49621093,3.4831154,0.43809423,5.702896,0.0,0.0,6.901109,0.0,0.7646178,0.0,0.0,6.0882707,6.0143194,0.10934389,3.6776016,5.791148,5.0211277,4.9251432,0.3095582,4.830559,4.317584,0.80480015,1.6002187,0.0,4.8821893,0.0,4.4901032,0.0,0.23512697,0.5664714,0.0,3.7833407,0.7755873,1.5357604,5.5863276,5.939846,1.0228045,0.6497078,5.6846914,0.5632404,3.7062774,0.3469382,0.8384445,0.22400665,3.8622923,1.1527674,5.120333,0.0,6.2621164,0.0,0.0,0.015624553,1.3790745,0.0,0.8994292,4.552293,5.358513,3.3940682,0.0,6.884407,4.88846,0.64848065,6.5803685,0.0,1.5820049,2.5064788,1.1498338,3.951141,0.0,0.0,5.395847,1.0317792,0.44409487,0.0,0.0,3.851347,3.9312997,1.2818277,2.1681972,4.2283435,3.1612477,3.4542692,1.1095473,3.9523187,2.638143,0.599423,2.090265,0.0,4.52663,0.0,2.56126,0.0,1.7102947,1.2889156,0.04075351,2.7212627,1.2965826,2.0039039,3.8431237,3.935794,1.755752,0.34937626,4.7674227,0.22222543,3.0003517,1.5887734,0.9929471,0.97708094,2.4309394,0.66685957,3.8533287,0.4417661,4.74246,0.0,0.0,0.77866966,1.4961478,0.0,1.7814265,2.446629,4.937431,3.0092924,0.0020583656,4.277725,3.188196,1.6064407,5.095158
C000680,0.0,5.025832,0.072552495,4.7216015,0.6034256,0.0,0.0,1.108305,4.2990594,0.0,0.0,0.0,0.0,0.0,5.03168,0.0,0.27855426,0.0,0.29812187,4.339507,2.6671772,0.0,1.6563485,4.3234,0.0,4.7651663,0.0,0.0,0.0,5.8804326,5.0123253,0.7435877,0.0,5.2627378,2.4597166,0.0,0.0,3.8741336,1.3014189,1.7729541,0.0,1.4959823,5.820255,3.9568384,4.2182465,0.0,0.0,0.5025227,1.6702976,1.5226401,0.0,0.0,3.3406715,1.9554508,0.0,6.321257,0.0,3.4313805,1.3557657,0.0,0.0,0.39978385,3.9505255,0.62811965,0.0,3.5441399,1.1228099,3.148931,2.0560417,0.0,0.0,3.5472574,2.8878832,0.0,0.0,0.0,1.4324964,1.6348531,3.1139255,0.53274786,2.3230228,1.1683866,1.7390165,2.874627,3.391929,0.6659284,0.98866296,3.2829747,0.0,4.6590166,0.0,0.43828118,0.0,4.1766176,3.1768093,0.2583664,1.0022874,3.1888628,2.4922318,2.0592737,1.6287042,3.1434145,0.7955629,3.388495,0.0,2.2214022,3.8982148,2.3706443,2.572237,0.94183195,0.11906551,2.4108794,1.0822811,3.2901187,0.0,0.0,2.116519,1.7470565,0.0,4.136549,0.27745208,4.4327865,2.2806334,0.0,1.6111209,1.5866673,2.943851,3.0177255
C000681,0.0,4.8295536,0.0,4.2426066,0.0,0.0,0.0,1.3509032,4.1465945,0.0,0.0,0.0,0.0,0.0,4.628681,0.0,0.14447023,0.0,0.0,3.8634048,2.4584599,0.0,0.6024993,3.510633,0.0,3.7917423,0.14153293,0.0,0.0,4.884644,4.3183684,0.39917353,0.0,4.1606746,2.300349,0.0,0.0,3.381959,0.46803138,1.5631235,0.0,1.1856955,4.849792,3.3485336,3.898463,0.0,0.0,0.37243396,1.0291177,1.6036185,0.0,0.0,2.9475756,1.3663222,0.0,5.2330713,0.0,2.4750426,1.3401322,0.0,0.0,0.0,3.4887705,0.3097754,0.0,4.8295536,0.0,4.2426066,0.0,0.0,0.0,1.3509032,4.1465945,0.0,0.0,0.0,0.0,0.0,4.628681,0.0,0.14447023,0.0,0.0,3.8634048,2.4584599,0.0,0.6024993,3.510633,0.0,3.7917423,0.14153293,0.0,0.0,4.884644,4.3183684,0.39917353,0.0,4.1606746,2.300349,0.0,0.0,3.381959,0.46803138,1.5631235,0.0,1.1856955,4.849792,3.3485336,3.898463,0.0,0.0,0.37243396,1.0291177,1.6036185,0.0,0.0,2.9475756,1.3663222,0.0,5.2330713,0.0,2.4750426,1.3401322,0.0,0.0,0.0,3.4887705,0.3097754
C000682,0.0,4.510656,0.0,4.3795567,0.7449459,0.0,0.0,0.13732675,3.4710722,0.0,0.0,0.0,0.0,0.0,4.489454,0.0,0.0,0.0,0.33647272,3.850865,1.866935,0.0,1.9173687,3.8421395,0.0,3.800871,0.0,0.0,0.0,4.797647,4.9896073,0.8153392,0.0,4.9245024,1.3196563,0.0,0.0,3.5003688,1.7214288,0.82581216,0.0,0.66297984,5.7011943,4.086472,3.720938,0.0,0.0,0.0,1.6293647,0.23468074,0.0,0.0,2.763911,1.8724883,0.0,5.968498,0.0,2.4832528,0.6309857,0.0,0.0,0.47899497,3.2840152,0.0,0.0,3.3866897,0.0,3.2377355,0.4620422,0.0,0.0,0.5206026,2.7809324,0.0,0.0,0.0,0.0,0.0,3.367125,0.0,0.12749161,0.0,0.16823636,2.8704624,1.6564265,0.0,1.0972087,2.8003423,0.0,2.9108553,0.0052830502,0.0,0.0,3.6785676,3.500301,0.43087226,0.0,3.3416533,1.2312629,0.006522175,0.0,2.6166208,0.96244395,0.8751111,0.0,0.62503195,4.077687,2.8293867,2.7091498,0.0,0.005559829,0.1272243,1.0041821,0.64077514,0.0,0.0,2.1191921,1.3356879,0.0,4.2924204,0.0,1.9180365,0.6353126,0.0,0.0,0.28652245,2.5190156,0.19286442
C000683,0.0,5.2659802,0.0,4.5480413,0.0,0.0,0.0,1.5478469,4.5064483,0.0,0.0,0.0,0.0,0.0,5.0286765,0.0,0.24344437,0.0,0.0,4.170088,2.7167761,0.0,0.55687636,3.811788,0.0,4.215868,0.12780133,0.0,0.0,5.329979,4.6106067,0.54409236,0.0,4.5735846,2.679678,0.0,0.0,3.6608446,0.40588516,1.8074943,0.0,1.4677275,5.1383047,3.5457587,4.256547,0.0,0.0,0.5676535,1.1990026,1.8102305,0.0,0.0,3.2121224,1.4881855,0.0,5.5953703,0.0,2.8431854,1.6064732,0.0,0.0,0.0,3.900533,0.4882537,0.0,5.2659802,0.0,4.5480413,0.0,0.0,0.0,1.5478469,4.5064483,0.0,0.0,0.0,0.0,0.0,5.0286765,0.0,0.24344437,0.0,0.0,4.170088,2.7167761,0.0,0.55687636,3.811788,0.0,4.215868,0.12780133,0.0,0.0,5.329979,4.6106067,0.54409236,0.0,4.5735846,2.679678,0.0,0.0,3.6608446,0.40588516,1.8074943,0.0,1.4677275,5.1383047,3.5457587,4.256547,0.0,0.0,0.5676535,1.1990026,1.8102305,0.0,0.0,3.2121224,1.4881855,0.0,5.5953703,0.0,2.8431854,1.6064732,0.0,0.0,0.0,3.900533,0.4882537
C000684,0.0,3.3588455,0.0,3.4492357,0.92838144,0.0,0.0,0.0,2.5745087,0.0,0.0,0.0,0.0,0.0,3.4481535,0.0,0.0,0.0,0.46707606,3.0370145,1.3635427,0.0,1.7296257,3.0947635,0.0,3.1252763,0.0,0.0,0.0,3.7846951,3.9464266,0.76970524,0.0,3.9818707,0.925235,0.0,0.0,2.7461717,1.541064,0.45877624,0.0,0.46123433,4.5688195,3.3172405,2.7815502,0.0,0.0,0.0,1.3822268,0.0,0.0,0.0,2.1347022,1.6024418,0.0,4.758421,0.0,1.9538391,0.34153408,0.0,0.0,0.50222003,2.550609,0.0,0.0,3.1956654,0.0,3.0796022,0.7444785,0.0,0.0,0.56068677,2.5865052,0.0,0.0,0.0,0.0,0.0,3.1661701,0.0,0.08614721,0.0,0.34666014,2.6848094,1.4656388,0.0,1.2045501,2.6931784,0.0,2.8870792,0.0031587929,0.0,0.0,3.5217707,3.4202242,0.65111893,0.0,3.2700684,1.0960397,0.024634948,0.0,2.4442976,0.9252236,0.88584256,0.0,0.6981425,3.9389923,2.6391766,2.4629638,0.0,0.0029474262,0.21793604,1.2225238,0.4265581,0.0,0.0,2.019885,1.4159966,0.0,3.9962585,0.0,2.0097163,0.6230137,0.0,0.0,0.49376497,2.6187532,0.27711582
C000685,0.0,4.991828,0.0,4.3593183,0.0,0.0,0.0,1.4074498,4.2850237,0.0,0.0,0.0,0.0,0.0,4.780303,0.0,0.1712386,0.0,0.0,3.9779902,2.543917,0.0,0.5911205,3.6273685,0.0,3.9392896,0.13687241,0.0,0.0,5.053466,4.431791,0.45418775,0.0,4.321529,2.4390233,0.0,0.0,3.4897325,0.45326936,1.6420499,0.0,1.2839893,4.960003,3.4263883,4.0380507,0.0,0.0,0.43265262,1.0896341,1.6699125,0.0,0.0,3.053471,1.4175625,0.0,5.3716235,0.0,2.597031,1.4328427,0.0,0.0,0.0,3.6407344,0.35724187,0.0,4.991828,0.0,4.3593183,0.0,0.0,0.0,1.4074498,4.2850237,0.0,0.0,0.0,0.0,0.0,4.780303,0.0,0.1712386,0.0,0.0,3.9779902,2.543917,0.0,0.5911205,3.6273685,0.0,3.9392896,0.13687241,0.0,0.0,5.053466,4.431791,0.45418775,0.0,4.321529,2.4390233,0.0,0.0,3.4897325,0.45326936,1.6420499,0.0,1.2839893,4.960003,3.4263883,4.0380507,0.0,0.0,0.43265262,1.0896341,1.6699125,0.0,0.0,3.053471,1.4175625,0.0,5.3716235,0.0,2.597031,1.4328427,0.0,0.0,0.0,3.6407344,0.35724187
C000686,0.0,2.9507606,0.0,2.770615,0.0,0.0,0.0,0.72068185,2.6085143,0.0,0.0,0.0,0.0,0.0,2.900381,0.0,0.034453213,0.0,0.0,2.4648304,1.5390635,0.0,0.46007285,2.2253473,0.0,2.3576493,0.11174346,0.0,0.0,3.0543756,2.74368,0.14412373,0.0,2.561627,1.2771827,0.0,0.0,2.1387513,0.39014933,0.80307215,0.0,0.5354668,3.1978862,2.2378268,2.3299708,0.0,0.0,0.06722708,0.51188326,0.9767785,0.0,0.0,1.8531373,0.86035085,0.0,3.400132,0.0,1.3631563,0.6422361,0.0,0.0,0.0,2.0938497,0.042694442,0.0,3.9991636,0.038266562,3.803367,0.5506126,0.0,0.0,0.7677591,3.2590928,0.0,0.0,0.0,0.0,0.0,3.918166,0.0,0.017226607,0.0,0.2602951,3.2890587,1.9105885,0.0,1.2152833,3.1888614,0.0,3.4460542,0.05587173,0.0,0.0,4.377806,4.055754,0.6702874,0.0,4.0764017,1.6255362,0.13057289,0.0,3.0273871,0.94138694,1.0803322,0.0,0.97027355,4.560324,3.131225,3.1858444,0.0,0.0,0.2585445,1.3241262,0.7486875,0.0,0.0,2.4473705,1.6097027,0.0,4.842785,0.0,2.4419038,0.88611126,0.0,0.0,0.23428671,3.1309338,0.29485908
C000687,0.0,4.365396,0.0,3.930901,0.0,0.0,0.0,1.1732485,3.7636876,0.0,0.0,0.0,0.0,0.0,4.214825,0.0,0.050368816,0.0,0.0,3.5322993,2.2068186,0.0,0.64657336,3.1817873,0.0,3.3572855,0.1566275,0.0,0.0,4.42352,4.010731,0.23750108,0.0,3.7197547,1.902455,0.0,0.0,3.0913744,0.5385255,1.3199968,0.0,0.89876294,4.568469,3.141261,3.5117688,0.0,0.0,0.18718593,0.84615463,1.4058892,0.0,0.0,2.6582088,1.223271,0.0,4.8748875,0.0,2.1157603,1.0688256,0.0,0.0,0.0,3.0660133,0.15126653,0.0,4.365396,0.0,3.930901,0.0,0.0,0.0,1.1732485,3.7636876,0.0,0.0,0.0,0.0,0.0,4.214825,0.0,0.050368816,0.0,0.0,3.5322993,2.2068186,0.0,0.64657336,3.1817873,0.0,3.3572855,0.1566275,0.0,0.0,4.42352,4.010731,0.23750108,0.0,3.7197547,1.902455,0.0,0.0,3.0913744,0.5385255,1.3199968,0.0,0.89876294,4.568469,3.141261,3.5117688,0.0,0.0,0.18718593,0.84615463,1.4058892,0.0,0.0,2.6582088,1.223271,0.0,4.8748875,0.0,2.1157603,1.0688256,0.0,0.0,0.0,3.0660133,0.15126653
C000688,0.0,2.785271,0.0,2.6528668,0.0,0.0,0.0,0.7783707,2.4144142,0.0,0.0,0.0,0.0,0.0,2.7381194,0.0,0.08468482,0.0,0.0,2.2876103,1.4791167,0.0,0.4182096,2.1629586,0.0,2.2167087,0.09022006,0.0,0.0,2.8714066,2.5782697,0.087682955,0.0,2.3741121,1.1899606,0.0,0.0,2.0600383,0.33443975,0.82000995,0.0,0.48841342,2.9801297,2.0874443,2.1575732,0.0,0.0,0.111754164,0.4732166,0.96316135,0.0,0.0,1.7768383,0.77920586,0.0,3.1449883,0.0,1.3638319,0.60242873,0.0,0.0,0.0,1.9173195,0.12652963,0.0,2.967957,0.35470614,2.7141263,1.0081806,0.0,0.0,1.4262688,2.371254,0.0,0.0,0.0,0.29338554,0.3723794,2.9058242,0.12451155,0.66183126,0.23572834,0.7277196,2.4536145,1.9124265,0.17389965,0.8705701,2.5613492,0.0,3.0886366,0.022555014,0.006153386,0.0,3.3417664,2.9125643,0.53057945,0.24574652,2.856054,1.4753561,0.6524284,0.4550853,2.4424806,0.73138016,1.617173,0.0,1.142742,3.3759735,2.2161686,2.192853,0.1983069,0.06879369,0.8582629,1.1121192,1.2612714,0.0,0.0,1.8011208,1.401781,0.0,3.5586786,0.0,2.58637,1.1400607,0.0,0.30053103,0.70525527,2.5550718,1.1754389
C000689,0.0,5.2659802,0.0,4.5480413,0.0,0.0,0.0,1.5478469,4.5064483,0.0,0.0,0.0,0.0,0.0,5.0286765,0.0,0.24344437,0.0,0.0,4.170088,2.7167761,0.0,0.55687636,3.811788,0.0,4.215868,0.12780133,0.0,0.0,5.329979,4.6106067,0.54409236,0.0,4.5735846,2.679678,0.0,0.0,3.6608446,0.40588516,1.8074943,0.0,1.4677275,5.1383047,3.5457587,4.256547,0.0,0.0,0.5676535,1.1990026,1.8102305,0.0,0.0,3.2121224,1.4881855,0.0,5.5953703,0.0,2.8431854,1.6064732,0.0,0.0,0.0,3.900533,0.4882537,0.0,5.2659802,0.0,4.5480413,0.0,0.0,0.0,1.5478469,4.5064483,0.0,0.0,0.0,0.0,0.0,5.0286765,0.0,0.24344437,0.0,0.0,4.170088,2.7167761,0.0,0.55687636,3.811788,0.0,4.215868,0.12780133,0.0,0.0,5.329979,4.6106067,0.54409236,0.0,4.5735846,2.679678,0.0,0.0,3.6608446,0.40588516,1.8074943,0.0,1.4677275,5.1383047,3.5457587,4.256547,0.0,0.0,0.5676535,1.1990026,1.8102305,0.0,0.0,3.2121224,1.4881855,0.0,5.5953703,0.0,2.8431854,1.6064732,0.0,0.0,0.0,3.900533,0.4882537
C000690,0.0,4.9106903,0.0,4.300963,0.0,0.0,0.0,1.3791767,4.2158093,0.0,0.0,0.0,0.0,0.0,4.7044935,0.0,0.15785436,0.0,0.0,3.9206975,2.5011885,0.0,0.59680986,3.5690007,0.0,3.8655152,0.1392026,0.0,0.0,4.9690547,4.375079,0.42668068,0.0,4.241102,2.3696866,0.0,0.0,3.435846,0.46065027,1.6025869,0.0,1.2348424,4.904898,3.3874612,3.9682565,0.0,0.0,0.40254334,1.059376,1.6367652,0.0,0.0,3.000523,1.3919424,0.0,5.3023477,0.0,2.5360367,1.3864878,0.0,0.0,0.0,3.5647528,0.3335089,0.0,4.9106903,0.0,4.300963,0.0,0.0,0.0,1.3791767,4.2158093,0.0,0.0,0.0,0.0,0.0,4.7044935,0.0,0.15785436,0.0,0.0,3.9206975,2.5011885,0.0,0.59680986,3.5690007,0.0,3.8655152,0.1392026,0.0,0.0,4.9690547,4.375079,0.42668068,0.0,4.241102,2.3696866,0.0,0.0,3.435846,0.46065027,1.6025869,0.0,1.2348424,4.904898,3.3874612,3.9682565,0.0,0.0,0.40254334,1.059376,1.6367652,0.0,0.0,3.000523,1.3919424,0.0,5.3023477,0.0,2.5360367,1.3864878,0.0,0.0,0.0,3.5647528,0.3335089
C000691,0.0,1.347923,0.0,1.4264747,0.31246853,0.0,0.0,0.45642364,1.3190799,0.0,0.0,0.0,0.04632152,0.0,1.354674,0.0,0.15907401,0.0,0.098767035,1.2505803,0.88110423,0.0,0.3196317,1.2048749,0.0,1.3062828,0.027564004,0.0,0.0,1.5360494,1.2712274,0.0,0.0,1.1339799,0.6500003,0.05512401,0.0,1.1198816,0.13795868,0.4738518,0.0,0.16350217,1.5965549,1.1214378,0.9696025,0.0,0.0051137805,0.11696416,0.12870559,0.66694635,0.0,0.0,0.88736975,0.5542525,0.0,1.6901091,0.0,0.75771976,0.279267,0.0,0.0,0.1597206,0.9943074,0.2164829,0.0,2.4794357,0.5616378,2.1911001,1.4068962,0.0,0.0,1.9241164,2.095526,0.0,0.0,0.0,0.64416885,0.7387015,2.3675613,0.14872713,1.1260558,0.51960975,1.0214744,2.0540993,2.1327887,0.20908166,0.7728104,2.3186085,0.0,3.0691743,0.003062667,0.099665284,0.0,3.0121973,2.3026195,0.34552085,0.451452,2.285312,1.4604449,1.0279441,0.8242527,2.1291797,0.5455287,1.9613595,0.0,1.2889715,2.7964773,1.7569356,1.7623743,0.40490022,0.07484548,1.2819502,0.9001293,1.8394383,0.0,0.0,1.5477613,1.2987561,0.0,2.9709346,0.058859784,2.820651,1.293674,0.0,0.5828988,0.9435372,2.124684,1.7118669
C000692,0.0,5.2108855,0.29364902,4.858645,0.93226165,0.0,0.0,1.8238242,4.4450097,0.0,0.0,0.0,0.0,0.0,4.9755015,0.0,0.39752907,0.0,0.41859174,4.243601,2.74339,0.0,1.7085276,4.275792,0.0,5.136266,0.0,0.0,0.0,6.1860547,5.2804546,1.1592474,0.0,5.4993277,2.4846203,0.1835213,0.0,3.934533,0.96600604,2.118911,0.0,1.9261942,5.9590287,3.981648,4.091668,0.0,0.0,0.8714365,2.3086464,1.4449548,0.0,0.0,3.6396415,1.7777085,0.0,6.003136,0.0,4.241243,1.5952133,0.0,0.0,0.73076755,4.701043,1.0908947,0.0,3.9052026,0.48984027,3.5003288,1.1450716,0.0,0.0,1.9237545,3.2673833,0.0,0.0,0.0,0.079433165,0.36053202,3.727108,0.0,0.82840616,0.11990738,0.6655421,3.1783817,2.552875,0.0,1.0296934,3.2640328,0.0,4.1581125,0.0,0.0,0.0,4.558965,3.7417603,0.89176965,0.01088508,3.9005177,2.0517983,0.62520474,0.17007053,3.114651,0.5880188,2.1706698,0.0,1.7372264,4.299819,2.847762,2.9575748,0.0,0.029717725,1.2443221,1.783618,1.6429235,0.0,0.0,2.5614266,1.5147516,0.0,4.4200974,0.0,3.717355,1.5776198,0.0,0.061507467,0.7747427,3.5427332,1.6001973
C000693,0.0,4.594108,0.0,4.080994,0.0,0.0,0.0,1.2668654,3.9495687,0.0,0.0,0.0,0.0,0.0,4.416078,0.0,0.10367714,0.0,0.0,3.6952255,2.3321958,0.0,0.6202911,3.3414314,0.0,3.5752459,0.14837685,0.0,0.0,4.6469107,4.158209,0.3187505,0.0,3.9342623,2.0998545,0.0,0.0,3.2318428,0.49575514,1.4438144,0.0,1.0429646,4.7003064,3.2406063,3.7008202,0.0,0.0,0.28095362,0.93960404,1.5060972,0.0,0.0,2.7974977,1.2929994,0.0,5.0424576,0.0,2.2975178,1.2043599,0.0,0.0,0.0,3.2731085,0.23457666,0.0,4.594108,0.0,4.080994,0.0,0.0,0.0,1.2668654,3.9495687,0.0,0.0,0.0,0.0,0.0,4.416078,0.0,0.10367714,0.0,0.0,3.6952255,2.3321958,0.0,0.6202911,3.3414314,0.0,3.5752459,0.14837685,0.0,0.0,4.6469107,4.158209,0.3187505,0.0,3.9342623,2.0998545,0.0,0.0,3.2318428,0.49575514,1.4438144,0.0,1.0429646,4.7003064,3.2406063,3.7008202,0.0,0.0,0.28095362,0.93960404,1.5060972,0.0,0.0,2.7974977,1.2929994,0.0,5.0424576,0.0,2.2975178,1.2043599,0.0,0.0,0.0,3.2731085,0.23457666
C000694,0.0,1.9026257,0.0,1.891081,0.09794108,0.0,0.0,0.43813753,1.7872361,0.0,0.0,0.0,0.0,0.0,1.923798,0.0,0.05166841,0.0,0.0,1.6983511,1.0725833,0.0,0.32808518,1.5260522,0.0,1.6314887,0.07565973,0.0,0.0,2.0954032,1.8122073,0.08287266,0.0,1.6604549,0.85068876,0.0,0.0,1.4557381,0.24479504,0.48311388,0.0,0.30391946,2.1682515,1.5417402,1.459396,0.0,0.0,0.012902264,0.28639978,0.70894504,0.0,0.0,1.2497914,0.62486076,0.0,2.3091025,0.0,0.8721885,0.35570627,0.0,0.0,0.040648375,1.4219587,0.027084908,0.0,3.2567825,0.021288006,3.152745,0.6837656,0.0,0.0,0.71335334,2.7003438,0.0,0.0,0.0,0.0,0.0,3.192458,0.0,0.017222803,0.0,0.3055067,2.6860387,1.6598831,0.0,1.1134521,2.7216434,0.0,2.8527737,0.02521991,0.0,0.0,3.7653573,3.2894218,0.4631336,0.0,3.2765942,1.3714666,0.22281827,0.0,2.5570784,0.81801313,0.99097794,0.0,0.8085907,3.775238,2.470836,2.5373738,0.0,0.0,0.31309962,1.0716283,0.69830114,0.0,0.0,2.0037973,1.4907991,0.0,4.0419307,0.0,2.170715,0.70968914,0.0,0.0,0.24309623,2.512066,0.36170998
C000695,0.0,4.6711755,0.0,4.1321087,0.0,0.0,0.0,1.2967612,4.0125737,0.0,0.0,0.0,0.0,0.0,4.4840894,0.0,0.11891499,0.0,0.0,3.7499034,2.3751965,0.0,0.61289674,3.396669,0.0,3.6470957,0.14580995,0.0,0.0,4.7230945,4.208521,0.34497592,0.0,4.005937,2.1660519,0.0,0.0,3.2791052,0.48450363,1.4850314,0.0,1.0904719,4.745928,3.2735968,3.7641635,0.0,0.0,0.31250042,0.96931064,1.5395072,0.0,0.0,2.8459854,1.3164245,0.0,5.1011653,0.0,2.357296,1.249969,0.0,0.0,0.0,3.3426545,0.26232406,0.0,4.6711755,0.0,4.1321087,0.0,0.0,0.0,1.2967612,4.0125737,0.0,0.0,0.0,0.0,0.0,4.4840894,0.0,0.11891499,0.0,0.0,3.7499034,2.3751965,0.0,0.61289674,3.396669,0.0,3.6470957,0.14580995,0.0,0.0,4.7230945,4.208521,0.34497592,0.0,4.005937,2.1660519,0.0,0.0,3.2791052,0.48450363,1.4850314,0.0,1.0904719,4.745928,3.2735968,3.7641635,0.0,0.0,0.31250042,0.96931064,1.5395072,0.0,0.0,2.8459854,1.3164245,0.0,5.1011653,0.0,2.357296,1.249969,0.0,0.0,0.0,3.3426545,0.26232406
C000696,0.0,5.1719646,0.0,4.483232,0.0,0.0,0.0,1.494397,4.431928,0.0,0.0,0.0,0.0,0.0,4.944562,0.0,0.21410017,0.0,0.0,4.1032906,2.6543455,0.0,0.56954753,3.7479706,0.0,4.117673,0.13112259,0.0,0.0,5.2333393,4.5499883,0.5148298,0.0,4.4879475,2.5963287,0.0,0.0,3.6012723,0.42493197,1.7452637,0.0,1.402808,5.076772,3.504819,4.183442,0.0,0.0,0.5173289,1.1610245,1.7578404,0.0,0.0,3.1594954,1.464017,0.0,5.5209675,0.0,2.754617,1.5455703,0.0,0.0,0.0,3.8106258,0.4368088,0.0,5.1719646,0.0,4.483232,0.0,0.0,0.0,1.494397,4.431928,0.0,0.0,0.0,0.0,0.0,4.944562,0.0,0.21410017,0.0,0.0,4.1032906,2.6543455,0.0,0.56954753,3.7479706,0.0,4.117673,0.13112259,0.0,0.0,5.2333393,4.5499883,0.5148298,0.0,4.4879475,2.5963287,0.0,0.0,3.6012723,0.42493197,1.7452637,0.0,1.402808,5.076772,3.504819,4.183442,0.0,0.0,0.5173289,1.1610245,1.7578404,0.0,0.0,3.1594954,1.464017,0.0,5.5209675,0.0,2.754617,1.5455703,0.0,0.0,0.0,3.8106258,0.4368088
C000697,0.0,2.3212485,1.9307024,3.2649357,6.0405293,0.0,0.0,3.4447825,1.3513469,0.0,0.0,0.0,3.8311863,2.5181746,2.2510042,1.5976009,2.872155,4.640478,4.7147083,2.616973,3.972188,2.6229162,4.7391157,3.6428442,0.0,5.824746,0.0,2.835313,0.0,3.2572358,4.0919623,0.04408866,1.4542798,5.355565,0.7906478,4.04836,4.7159576,2.2116137,4.154305,2.9305372,0.0,2.6075444,3.929555,4.5578814,2.9898257,2.041747,0.3301444,2.1362143,1.2007904,3.2322319,0.0,0.0,1.5763731,2.0953429,0.0,5.5463343,3.232125,4.1800175,0.0,0.0,2.998712,3.9666147,1.907796,3.9121792,0.0,1.9641253,3.3560352,1.454602,5.1693516,0.0,0.0,7.8153625,1.4682531,0.67123497,0.0,0.0,5.130849,5.432143,1.509828,3.121371,6.0472403,4.0283685,4.444356,1.4494555,5.4936056,3.6042492,0.5640915,2.4715216,0.0,6.0364604,0.0,3.4385476,0.0,2.2528358,1.5538361,0.06873633,3.9820015,1.4154953,2.959239,5.17583,5.0252376,2.359448,0.39624196,6.671013,0.47965708,4.0613837,1.9311905,1.1225882,1.1828636,3.4230456,0.97414845,5.582072,0.5019939,6.6683187,0.0,0.0,0.9469536,1.6943388,0.0,1.9995676,3.1430225,6.8431244,4.3649383,0.051908273,5.885797,4.1066985,2.20523,7.120345
C000698,0.0,1.08489,2.6210032,1.3531238,4.8074713,0.0,0.0,5.2253346,0.8017074,0.38691503,0.0,0.0,4.628475,4.404689,0.96018565,2.4715652,4.423725,4.0380135,4.1415796,1.106087,4.069459,2.759244,1.1974716,2.1029406,0.0,4.6034427,0.0,3.1550875,0.0,1.4094437,1.4680011,0.0,2.59107,1.699106,1.4047126,4.229077,4.841447,1.2251512,1.1149869,4.6430807,0.0,2.8341627,1.384375,1.5325371,0.94658566,2.871566,0.5338759,3.7299325,0.0,5.224226,0.0,0.0,0.8149476,1.3737721,0.0,1.9688202,3.2601283,4.697711,2.520523,0.0,5.0232954,3.8061802,1.0251071,5.0153384,0.0,1.7047458,3.2672272,1.3362896,5.182059,0.0,0.0,7.2943993,1.2786175,0.69469035,0.0,0.0,5.1303673,5.36916,1.3267297,2.9876478,5.8424125,4.161347,4.495363,1.295174,5.0996866,3.5247574,0.5456418,2.459346,0.0,5.6993794,0.0,3.44575,0.0,2.0576515,1.4445115,0.04964178,3.7441573,1.3824034,2.6083791,5.005983,5.226919,2.0790298,0.23586713,6.3046026,0.3968722,3.9248886,1.7750818,1.0582454,1.1289678,3.3393006,0.8320617,5.237099,0.5462568,6.515889,0.0,0.0,0.9062545,1.623272,0.0,1.942473,3.1789262,6.4655395,4.0068727,0.027445953,5.886582,4.0054393,1.9073596,6.7227006
C000699,0.0,1.5551037,0.0,1.7891067,0.9049501,0.0,0.0,0.0,1.2165581,0.0,0.0,0.0,0.044392616,0.0,1.5593914,0.0,0.0,0.32603717,0.778649,1.545709,0.8717084,0.0,1.294266,1.8077749,0.0,1.6594595,0.0,0.0,0.0,1.8271985,2.0121503,0.20499262,0.0,2.0978873,0.35638803,0.45898002,0.25296646,1.2800442,1.1582518,0.33206755,0.0,0.036439195,2.1377301,1.7331865,1.2631803,0.0,0.0,0.0,0.47906104,0.047554255,0.0,0.0,0.88513994,1.1304345,0.0,2.7336946,0.0,0.9933158,0.0,0.0,0.0,0.62324977,0.8295011,0.20559415,0.0,1.1299316,1.6757251,0.8404176,2.8407607,0.0,0.0,3.771983,0.8063055,0.3517493,0.0,0.0,2.6671598,2.7571175,0.90434974,1.5543432,2.9313614,2.0985785,2.4186087,0.83449906,2.7784991,1.8242708,0.4197637,1.5540019,0.0,3.2171829,0.0,1.8604071,0.0,1.3277172,0.90498513,0.023016108,1.9889251,0.8071047,1.3917162,2.761386,2.7411432,1.3300056,0.22615105,3.329762,0.21594688,1.974238,1.2110037,0.6545394,0.55436224,1.8121791,0.5009851,2.6830041,0.26507404,3.2202888,0.0,0.0,0.55019295,1.1940435,0.0,1.2972016,1.6677892,3.5152922,2.1653817,0.0,2.912656,2.230001,1.1097935,3.5916905
C000700,0.0,5.1719646,0.0,4.483232,0.0,0.0,0.0,1.494397,4.431928,0.0,0.0,0.0,0.0,0.0,4.944562,0.0,0.21410017,0.0,0.0,4.1032906,2.6543455,0.0,0.56954753,3.7479706,0.0,4.117673,0.13112259,0.0,0.0,5.2333393,4.5499883,0.5148298,0.0,4.4879475,2.5963287,0.0,0.0,3.6012723,0.42493197,1.7452637,0.0,1.402808,5.076772,3.504819,4.183442,0.0,0.0,0.5173289,1.1610245,1.7578404,0.0,0.0,3.1594954,1.464017,0.0,5.5209675,0.0,2.754617,1.5455703,0.0,0.0,0.0,3.8106258,0.4368088,0.0,5.1719646,0.0,4.483232,0.0,0.0,0.0,1.494397,4.431928,0.0,0.0,0.0,0.0,0.0,4.944562,0.0,0.21410017,0.0,0.0,4.1032906,2.6543455,0.0,0.56954753,3.7479706,0.0,4.117673,0.13112259,0.0,0.0,5.2333393,4.5499883,0.5148298,0.0,4.4879475,2.5963287,0.0,0.0,3.6012723,0.42493197,1.7452637,0.0,1.402808,5.076772,3.504819,4.183442,0.0,0.0,0.5173289,1.1610245,1.7578404,0.0,0.0,3.1594954,1.464017,0.0,5.5209675,0.0,2.754617,1.5455703,0.0,0.0,0.0,3.8106258,0.4368088
C000701,0.0,3.033297,0.0,2.8305316,0.0,0.0,0.0,0.7215396,2.695189,0.0,0.0,0.0,0.0,0.0,2.977311,0.0,0.028136782,0.0,0.0,2.5424287,1.5741546,0.0,0.47017723,2.278524,0.0,2.4391751,0.11786748,0.0,0.0,3.1422405,2.8176787,0.17080444,0.0,2.645392,1.3337455,0.0,0.0,2.1902034,0.39584702,0.8264006,0.0,0.5720845,3.2819455,2.298799,2.408858,0.0,0.0,0.0719834,0.537601,0.99694806,0.0,0.0,1.8999518,0.8911209,0.0,3.4945862,0.0,1.3970741,0.6723604,0.0,0.0,0.0,2.174427,0.03886339,0.0,2.872026,0.18202004,2.568412,0.9571543,0.0,0.0,1.2174997,2.453174,0.0,0.0,0.0,0.25340557,0.34680852,2.8441484,0.13512951,0.5737192,0.27270305,0.6146916,2.441141,1.8101299,0.1737163,0.9427329,2.479208,0.0,2.9475899,0.02946687,0.049560785,0.0,3.237657,2.9079018,0.5714999,0.2543391,2.7918797,1.3331373,0.5228871,0.50213414,2.354629,0.8430471,1.4266913,0.0,0.99482673,3.3918204,2.332427,2.2544103,0.21637161,0.06315512,0.6571455,1.0323689,1.2467452,0.0,0.0,1.8552947,1.2734573,0.0,3.5837164,0.0,2.3341537,1.053171,0.0,0.3028968,0.687773,2.407931,0.99620324
C000702,0.0,1.8529724,1.3956472,2.2785594,5.272977,0.0,0.0,2.7165098,1.410586,0.0,0.0,0.0,3.8779159,2.7020426,2.327022,1.9714022,2.352704,4.0011024,4.126733,2.431386,3.8202498,2.3089278,3.1111267,3.1000128,0.0,4.9798136,0.0,2.6802673,0.0,2.7142563,3.2808397,0.0,1.50259,3.728362,0.78587765,2.5882804,4.4728384,1.7025926,3.3886137,2.84472,0.0,1.8662426,3.3235877,3.3424935,2.5502765,2.0903888,0.39383364,1.2156211,0.0,3.7983458,0.0,0.0,1.63218,2.2764466,0.0,4.881155,3.038136,3.2717957,0.39544415,0.0,3.408477,3.673556,1.0157251,2.9912226,0.0,2.1922688,2.8126316,1.9410775,4.9963784,0.0,0.0,6.334578,1.5885891,0.4944826,0.0,0.0,4.5552883,4.4819117,1.809161,2.5082412,4.942867,3.9303992,4.3584895,1.8766838,4.890963,3.0414147,1.2823441,2.852441,0.0,5.761623,0.0,2.8637702,0.0,2.5962143,2.148818,0.1268549,3.0372138,2.2701259,2.4104035,4.6391096,4.8415494,2.33866,1.0677264,5.6136765,0.2317442,3.566882,2.5619824,1.720134,1.6649626,2.8460672,0.5976811,4.4606295,0.5379709,5.842191,0.0,0.0,1.3080778,1.9951872,0.0,3.0475776,2.8734577,6.020267,3.2026694,0.0073553594,5.030067,3.9024522,1.9923661,5.90676
C000703,0.0,1.8074028,0.0,1.8033098,0.17699885,0.0,0.0,0.5252141,1.6978376,0.0,0.0,0.0,0.0,0.0,1.8051827,0.0,0.108745776,0.0,0.0,1.6270638,1.0860652,0.0,0.29677787,1.4548315,0.0,1.5614632,0.071645014,0.0,0.0,2.021822,1.7221382,0.024772158,0.0,1.4790546,0.7914833,0.0,0.0,1.4086905,0.18755157,0.5186026,0.0,0.2736485,2.0573773,1.4428566,1.3668063,0.0,0.0,0.04690144,0.28255418,0.7577972,0.0,0.0,1.1877713,0.6051677,0.0,2.2185926,0.0,0.8898323,0.34338152,0.0,0.0,0.0652877,1.3222353,0.115424156,0.0,2.7598276,0.26565605,2.5686507,0.93318826,0.0,0.0,1.3282866,2.422072,0.0,0.0,0.0,0.31941795,0.41168872,2.7137966,0.03922125,0.70537555,0.19350426,0.6139456,2.35749,1.8682029,0.08386444,0.8876017,2.4387698,0.0,2.9589684,0.014329003,0.06637816,0.0,3.342321,2.6987927,0.33884922,0.2378627,2.6440473,1.4396412,0.523791,0.40923628,2.2931256,0.5995823,1.4482075,0.0,1.0062977,3.2948143,2.0678651,2.086682,0.16529614,0.030528644,0.7086937,0.90651274,1.3965725,0.0,0.0,1.8004534,1.3023093,0.0,3.4741395,0.004595226,2.4245102,1.0190912,0.0,0.3059365,0.5648847,2.2778919,0.9834899
C000704,0.0,3.2142172,0.0,3.3513942,0.9854256,0.0,0.0,0.0,2.4016697,0.0,0.0,0.0,0.0,0.0,3.3226514,0.0,0.0,0.0,0.55478233,2.8614898,1.3592339,0.0,1.6561313,2.9978194,0.0,2.98285,0.0,0.0,0.0,3.5758777,3.831514,0.69562936,0.0,3.7768893,0.8161659,0.0,0.0,2.6739905,1.4559675,0.5214258,0.0,0.38059366,4.376391,3.2053227,2.6573257,0.0,0.0,0.0,1.36426,0.0,0.0,0.0,2.0768797,1.4986429,0.0,4.5246463,0.0,1.9444816,0.31470174,0.0,0.0,0.53457755,2.3949156,0.06644356,0.0,3.240549,0.0690492,3.144434,0.77005166,0.0,0.0,0.66588706,2.6024895,0.0,0.0,0.0,0.0,0.0,3.1837685,0.0,0.085015416,0.0,0.36995745,2.7309887,1.5184067,0.0,1.1739384,2.7308476,0.0,3.0192957,0.0035141234,0.0,0.0,3.653538,3.4297726,0.64781195,0.0,3.2968132,1.2048545,0.08905476,0.0,2.4847858,0.8524971,0.99517184,0.0,0.8346197,3.9498513,2.6297948,2.4408352,0.0,0.0037011318,0.26940003,1.2420908,0.5278695,0.0,0.0,2.0705273,1.3801397,0.0,3.9851277,0.0,2.2174957,0.7033124,0.0,0.0,0.46901712,2.7058246,0.36916342
C000705,0.0,3.0366395,0.0,2.8333497,0.0,0.0,0.0,0.72111297,2.700114,0.0,0.0,0.0,0.0,0.0,2.9806116,0.0,0.02778199,0.0,0.0,2.5467696,1.5763936,0.0,0.47099718,2.280138,0.0,2.4434543,0.11856102,0.0,0.0,3.1465068,2.8215814,0.17137408,0.0,2.648191,1.3353915,0.0,0.0,2.1919615,0.39672858,0.8267376,0.0,0.57307935,3.2870543,2.3020906,2.4124572,0.0,0.0,0.07091558,0.53851205,0.9981702,0.0,0.0,1.9012383,0.8930192,0.0,3.500301,0.0,1.3975288,0.67300177,0.0,0.0,0.0,2.1782215,0.03756735,0.0,5.620271,2.1827013,5.7227325,3.9061656,0.0,0.0,5.778281,4.6938915,0.0,0.0,0.0,2.4968135,2.168317,5.711581,1.1858755,3.3701642,2.69484,3.5980434,4.9371157,5.457492,0.67500144,1.8499016,5.6263747,0.0,7.9960985,0.023712205,0.6009681,0.0,6.625509,5.90768,0.69582593,1.6834255,6.0303206,3.7413456,3.2712064,2.805657,4.793743,1.0465181,5.9010534,0.0,3.809219,6.499092,4.8259625,4.817441,1.3924724,0.07760868,4.001648,2.0832002,5.1555223,0.0,0.0,3.824747,2.8645484,0.0,7.229117,0.8753517,7.3020144,3.5178323,0.0,2.5777283,3.4686966,5.2442584,5.1649885
C000706,0.0,4.2902927,0.0,3.8823357,0.0,0.0,0.0,1.145171,3.7044387,0.0,0.0,0.0,0.0,0.0,4.1480355,0.0,0.034182936,0.0,0.0,3.4782727,2.1696503,0.0,0.6561631,3.1334074,0.0,3.288463,0.15946442,0.0,0.0,4.353773,3.9609628,0.20830801,0.0,3.6472192,1.8406935,0.0,0.0,3.0456429,0.554196,1.2810378,0.0,0.8527434,4.525694,3.1058564,3.448229,0.0,0.0,0.15776369,0.814541,1.3768015,0.0,0.0,2.615044,1.2019055,0.0,4.821518,0.0,2.0583134,1.0249199,0.0,0.0,0.0,2.9982934,0.12739614,0.0,4.2902927,0.0,3.8823357,0.0,0.0,0.0,1.145171,3.7044387,0.0,0.0,0.0,0.0,0.0,4.1480355,0.0,0.034182936,0.0,0.0,3.4782727,2.1696503,0.0,0.6561631,3.1334074,0.0,3.288463,0.15946442,0.0,0.0,4.353773,3.9609628,0.20830801,0.0,3.6472192,1.8406935,0.0,0.0,3.0456429,0.554196,1.2810378,0.0,0.8527434,4.525694,3.1058564,3.448229,0.0,0.0,0.15776369,0.814541,1.3768015,0.0,0.0,2.615044,1.2019055,0.0,4.821518,0.0,2.0583134,1.0249199,0.0,0.0,0.0,2.9982934,0.12739614
C000707,0.0,2.5113518,4.8594522,1.6429166,7.0767508,0.0,0.0,10.183139,0.93823415,1.5186255,0.0,0.0,6.6514754,7.3054166,0.79002666,4.3805504,8.173158,5.5829563,6.685073,0.92030716,6.7428565,4.426559,0.5437729,3.1214726,0.0,7.760836,0.0,5.1269794,0.0,2.2161543,1.183187,0.0,5.309734,1.3523422,3.8803022,7.8140516,6.6770988,2.3543205,0.0,8.692388,0.79988235,5.462252,2.0404277,0.7119507,0.36852852,4.94688,0.7480967,7.6420717,0.80151594,8.285256,0.0,0.0,0.59973633,1.95625,0.0,1.1329173,5.1493382,9.163536,5.946649,0.0,7.3486958,5.7043095,2.3087635,9.9839735,0.0,2.4998217,1.8626708,2.2056804,3.343477,0.0,0.0,4.6127496,1.9674414,0.19839126,0.0,0.0,2.7551203,2.8402371,2.1496599,1.3377666,3.4510953,2.368638,2.9228635,2.0278308,3.7107518,1.5557446,0.89336365,2.8406034,0.0,4.861007,0.0,1.5757369,0.0,3.0585654,2.2978141,0.22715476,1.9376166,2.3168788,2.212857,3.142648,3.0169296,2.4006834,0.60487807,4.248626,0.09381508,2.6904702,2.8502173,1.8432844,1.6723921,1.7861602,0.28254333,3.2754283,0.78123087,4.2018104,0.0,0.0,1.5019873,1.6214161,0.0,3.008977,1.5104264,4.9092135,2.65249,0.0,2.8765461,2.5959816,2.3063853,4.320522
C000708,0.0,3.5082831,0.0,3.5067973,0.6893931,0.0,0.0,0.38636577,3.0121517,0.0,0.0,0.0,0.0,0.0,3.5590186,0.0,0.0,0.0,0.41141573,3.199424,1.7316725,0.0,1.645627,3.2152407,0.0,3.2537582,0.0,0.0,0.0,4.2549806,3.825369,0.31752363,0.0,3.760597,1.3279737,0.0,0.0,2.774294,1.416707,0.94976896,0.0,0.60631645,4.594948,3.1098757,2.9339976,0.0,0.0,0.0,1.0290127,0.76839787,0.0,0.0,2.3463418,1.5557246,0.0,4.9784403,0.0,2.1314394,0.49705023,0.0,0.0,0.4915379,2.5508065,0.067786425,0.0,4.0600786,1.6363404,3.792934,3.1300902,0.0,0.0,4.388153,3.1091623,0.0,0.0,0.0,2.0178246,2.1624534,3.5928922,0.92818224,3.0894866,2.110946,2.7542539,3.3732004,4.0760703,0.70506036,1.3545144,4.21214,0.0,5.938902,0.0,0.66090155,0.0,4.914299,4.031009,0.140908,1.1435922,4.1364098,2.8996384,3.1261945,2.6117823,3.7971163,1.1352342,4.276067,0.0,2.9402118,4.6643267,3.2050273,2.9752467,1.3123686,0.079982184,3.3082511,1.2223285,4.078491,0.0,0.0,2.3984938,2.3934693,0.0,5.2525287,0.43405056,5.747616,2.8201876,0.0,2.3523521,2.5623367,3.5949605,4.131538
C000709,0.0,2.0306287,0.0,1.9949921,0.07170075,0.0,0.0,0.4324634,1.8881605,0.0,0.0,0.0,0.0,0.0,2.050392,0.0,0.016217455,0.0,0.0,1.7864275,1.1098127,0.0,0.36257935,1.6280774,0.0,1.7369643,0.07826533,0.0,0.0,2.2075424,1.9247385,0.09851011,0.0,1.8224479,0.93421096,0.0,0.0,1.5363643,0.27736825,0.5256583,0.0,0.33110076,2.2993047,1.6382804,1.5697607,0.0,0.0,0.021035966,0.29425532,0.7164941,0.0,0.0,1.3333277,0.66414934,0.0,2.4226775,0.0,0.916163,0.3914653,0.0,0.0,0.03272815,1.5154262,0.021006,0.0,2.9379222,0.30253822,2.6785302,1.0437446,0.0,0.0,1.3122245,2.3801644,0.0,0.0,0.0,0.21943517,0.32722768,2.8413322,0.084248014,0.5620167,0.19858846,0.66183454,2.3934567,1.906451,0.13510333,0.92388475,2.5195942,0.0,2.99043,0.015653066,0.0,0.0,3.3458164,2.8520062,0.46945634,0.19285747,2.8193107,1.4494846,0.6108085,0.34873405,2.3860836,0.7522074,1.5026691,0.0,1.0746729,3.2766945,2.154018,2.1882372,0.13431923,0.062779196,0.8382672,1.1031759,1.1718433,0.0,0.0,1.7692757,1.428476,0.0,3.5208156,0.0,2.5028481,1.0707464,0.0,0.24812718,0.6384705,2.41657,1.0720339
C000710,0.0,5.2659802,0.0,4.5480413,0.0,0.0,0.0,1.5478469,4.5064483,0.0,0.0,0.0,0.0,0.0,5.0286765,0.0,0.24344437,0.0,0.0,4.170088,2.7167761,0.0,0.55687636,3.811788,0.0,4.215868,0.12780133,0.0,0.0,5.329979,4.6106067,0.54409236,0.0,4.5735846,2.679678,0.0,0.0,3.6608446,0.40588516,1.8074943,0.0,1.4677275,5.1383047,3.5457587,4.256547,0.0,0.0,0.5676535,1.1990026,1.8102305,0.0,0.0,3.2121224,1.4881855,0.0,5.5953703,0.0,2.8431854,1.6064732,0.0,0.0,0.0,3.900533,0.4882537,0.0,5.2659802,0.0,4.5480413,0.0,0.0,0.0,1.5478469,4.5064483,0.0,0.0,0.0,0.0,0.0,5.0286765,0.0,0.24344437,0.0,0.0,4.170088,2.7167761,0.0,0.55687636,3.811788,0.0,4.215868,0.12780133,0.0,0.0,5.329979,4.6106067,0.54409236,0.0,4.5735846,2.679678,0.0,0.0,3.6608446,0.40588516,1.8074943,0.0,1.4677275,5.1383047,3.5457587,4.256547,0.0,0.0,0.5676535,1.1990026,1.8102305,0.0,0.0,3.2121224,1.4881855,0.0,5.5953703,0.0,2.8431854,1.6064732,0.0,0.0,0.0,3.900533,0.4882537
C000711,0.0,4.594108,0.0,4.080994,0.0,0.0,0.0,1.2668654,3.9495687,0.0,0.0,0.0,0.0,0.0,4.416078,0.0,0.10367714,0.0,0.0,3.6952255,2.3321958,0.0,0.6202911,3.3414314,0.0,3.5752459,0.14837685,0.0,0.0,4.6469107,4.158209,0.3187505,0.0,3.9342623,2.0998545,0.0,0.0,3.2318428,0.49575514,1.4438144,0.0,1.0429646,4.7003064,3.2406063,3.7008202,0.0,0.0,0.28095362,0.93960404,1.5060972,0.0,0.0,2.7974977,1.2929994,0.0,5.0424576,0.0,2.2975178,1.2043599,0.0,0.0,0.0,3.2731085,0.23457666,0.0,4.594108,0.0,4.080994,0.0,0.0,0.0,1.2668654,3.9495687,0.0,0.0,0.0,0.0,0.0,4.416078,0.0,0.10367714,0.0,0.0,3.6952255,2.3321958,0.0,0.6202911,3.3414314,0.0,3.5752459,0.14837685,0.0,0.0,4.6469107,4.158209,0.3187505,0.0,3.9342623,2.0998545,0.0,0.0,3.2318428,0.49575514,1.4438144,0.0,1.0429646,4.7003064,3.2406063,3.7008202,0.0,0.0,0.28095362,0.93960404,1.5060972,0.0,0.0,2.7974977,1.2929994,0.0,5.0424576,0.0,2.2975178,1.2043599,0.0,0.0,0.0,3.2731085,0.23457666
C000712,0.0,5.2659802,0.0,4.5480413,0.0,0.0,0.0,1.5478469,4.5064483,0.0,0.0,0.0,0.0,0.0,5.0286765,0.0,0.24344437,0.0,0.0,4.170088,2.7167761,0.0,0.55687636,3.811788,0.0,4.215868,0.12780133,0.0,0.0,5.329979,4.6106067,0.54409236,0.0,4.5735846,2.679678,0.0,0.0,3.6608446,0.40588516,1.8074943,0.0,1.4677275,5.1383047,3.5457587,4.256547,0.0,0.0,0.5676535,1.1990026,1.8102305,0.0,0.0,3.2121224,1.4881855,0.0,5.5953703,0.0,2.8431854,1.6064732,0.0,0.0,0.0,3.900533,0.4882537,0.0,5.2659802,0.0,4.5480413,0.0,0.0,0.0,1.5478469,4.5064483,0.0,0.0,0.0,0.0,0.0,5.0286765,0.0,0.24344437,0.0,0.0,4.170088,2.7167761,0.0,0.55687636,3.811788,0.0,4.215868,0.12780133,0.0,0.0,5.329979,4.6106067,0.54409236,0.0,4.5735846,2.679678,0.0,0.0,3.6608446,0.40588516,1.8074943,0.0,1.4677275,5.1383047,3.5457587,4.256547,0.0,0.0,0.5676535,1.1990026,1.8102305,0.0,0.0,3.2121224,1.4881855,0.0,5.5953703,0.0,2.8431854,1.6064732,0.0,0.0,0.0,3.900533,0.4882537
C000713,0.0,3.1075044,0.0,2.882566,0.0,0.0,0.0,0.7439916,2.7567842,0.0,0.0,0.0,0.0,0.0,3.0448492,0.0,0.035158984,0.0,0.0,2.5952067,1.6098332,0.0,0.46712065,2.3367052,0.0,2.5078526,0.116206445,0.0,0.0,3.2157693,2.8709333,0.19596797,0.0,2.71954,1.395172,0.0,0.0,2.2418303,0.38602284,0.8678399,0.0,0.6150184,3.3274834,2.3342466,2.4710789,0.0,0.0,0.101708785,0.56578785,1.0231739,0.0,0.0,1.9474916,0.9138997,0.0,3.5535202,0.0,1.4523497,0.7125266,0.0,0.0,0.0,2.2384949,0.06444365,0.0,2.588742,0.2847806,2.2705908,0.817737,0.0,0.0,1.4202385,2.2588732,0.0,0.0,0.0,0.34072453,0.44438776,2.541342,0.017125582,0.75406,0.19809382,0.568034,2.1405587,1.821677,0.06658934,0.5807806,2.219803,0.0,2.777583,0.023241289,0.03539314,0.0,2.989018,2.3807416,0.3296456,0.21091154,2.3002934,1.4471447,0.5756939,0.3652754,2.1307316,0.41591686,1.533458,0.0,1.0082273,2.8773155,1.838439,1.9241912,0.14196962,0.05043233,0.83744127,0.80990773,1.4309313,0.0,0.0,1.6078533,1.1980735,0.0,3.0830226,0.0,2.2768722,1.1034464,0.0,0.29022136,0.53451985,2.1766343,1.0997359
C000714,0.0,4.4897447,0.0,4.2727118,0.70764756,0.0,0.0,0.14527798,3.4435067,0.0,0.0,0.0,0.0,0.0,4.416006,0.0,0.0,0.0,0.32722852,3.815149,1.843601,0.0,1.8824464,3.7241645,0.0,3.7661855,0.0,0.0,0.0,4.766143,4.8602715,0.8828896,0.0,4.9368296,1.3910962,0.0,0.0,3.4164774,1.6747849,0.7785382,0.0,0.7191145,5.523527,3.9826062,3.6900535,0.0,0.0,0.0,1.6421088,0.24498454,0.0,0.0,2.727189,1.9097602,0.0,5.893862,0.0,2.4730513,0.67119396,0.0,0.0,0.43552434,3.2631445,0.0,0.0,3.349053,0.0,3.1586223,0.44240248,0.0,0.0,0.52754265,2.7353904,0.0,0.0,0.0,0.0,0.0,3.297691,0.0,0.13515304,0.0,0.16361426,2.821769,1.6294245,0.0,1.0770469,2.7265925,0.0,2.8665671,0.0022502095,0.0,0.0,3.6299372,3.4017992,0.45933357,0.0,3.3196368,1.2516928,0.015676524,0.0,2.5553389,0.9290198,0.8523791,0.0,0.6450912,3.9469051,2.7511554,2.6619825,0.0,0.0032309927,0.13430053,1.005368,0.639783,0.0,0.0,2.0847478,1.3426625,0.0,4.2102947,0.0,1.904339,0.6444202,0.0,0.0,0.2625558,2.475858,0.1999526
C000715,0.0,5.1719646,0.0,4.483232,0.0,0.0,0.0,1.494397,4.431928,0.0,0.0,0.0,0.0,0.0,4.944562,0.0,0.21410017,0.0,0.0,4.1032906,2.6543455,0.0,0.56954753,3.7479706,0.0,4.117673,0.13112259,0.0,0.0,5.2333393,4.5499883,0.5148298,0.0,4.4879475,2.5963287,0.0,0.0,3.6012723,0.42493197,1.7452637,0.0,1.402808,5.076772,3.504819,4.183442,0.0,0.0,0.5173289,1.1610245,1.7578404,0.0,0.0,3.1594954,1.464017,0.0,5.5209675,0.0,2.754617,1.5455703,0.0,0.0,0.0,3.8106258,0.4368088,0.0,5.1719646,0.0,4.483232,0.0,0.0,0.0,1.494397,4.431928,0.0,0.0,0.0,0.0,0.0,4.944562,0.0,0.21410017,0.0,0.0,4.1032906,2.6543455,0.0,0.56954753,3.7479706,0.0,4.117673,0.13112259,0.0,0.0,5.2333393,4.5499883,0.5148298,0.0,4.4879475,2.5963287,0.0,0.0,3.6012723,0.42493197,1.7452637,0.0,1.402808,5.076772,3.504819,4.183442,0.0,0.0,0.5173289,1.1610245,1.7578404,0.0,0.0,3.1594954,1.464017,0.0,5.5209675,0.0,2.754617,1.5455703,0.0,0.0,0.0,3.8106258,0.4368088
C000716,0.0,4.748954,0.0,4.1849966,0.0,0.0,0.0,1.322895,4.077856,0.0,0.0,0.0,0.0,0.0,4.553611,0.0,0.13127246,0.0,0.0,3.8062406,2.4160001,0.0,0.60812235,3.4525928,0.0,3.7182646,0.1438452,0.0,0.0,4.801029,4.2620254,0.37172046,0.0,4.080956,2.2314837,0.0,0.0,3.32861,0.4756386,1.5236974,0.0,1.1368798,4.7953997,3.3099542,3.8292518,0.0,0.0,0.3423121,0.99895215,1.570714,0.0,0.0,2.8951707,1.3407818,0.0,5.1645555,0.0,2.4144711,1.2940309,0.0,0.0,0.0,3.4134014,0.28599963,0.0,4.748954,0.0,4.1849966,0.0,0.0,0.0,1.322895,4.077856,0.0,0.0,0.0,0.0,0.0,4.553611,0.0,0.13127246,0.0,0.0,3.8062406,2.4160001,0.0,0.60812235,3.4525928,0.0,3.7182646,0.1438452,0.0,0.0,4.801029,4.2620254,0.37172046,0.0,4.080956,2.2314837,0.0,0.0,3.32861,0.4756386,1.5236974,0.0,1.1368798,4.7953997,3.3099542,3.8292518,0.0,0.0,0.3423121,0.99895215,1.570714,0.0,0.0,2.8951707,1.3407818,0.0,5.1645555,0.0,2.4144711,1.2940309,0.0,0.0,0.0,3.4134014,0.28599963
C000717,0.0,3.1626215,0.0,2.919304,0.0,0.0,0.0,0.7679163,2.793084,0.0,0.0,0.0,0.0,0.0,3.0938244,0.0,0.042287868,0.0,0.0,2.6247838,1.633398,0.0,0.46110502,2.3868635,0.0,2.5560555,0.11078455,0.0,0.0,3.2655196,2.9057643,0.2172257,0.0,2.7783566,1.4468888,0.0,0.0,2.28369,0.3726785,0.9075066,0.0,0.64885306,3.3452542,2.3538036,2.515165,0.0,0.0,0.13765067,0.5875343,1.0431681,0.0,0.0,1.9861689,0.9263886,0.0,3.5824628,0.0,1.5028924,0.7497414,0.0,0.0,0.0,2.2809525,0.09752818,0.0,3.702419,0.22686906,3.4307187,0.90096045,0.0,0.0,1.0311021,2.946225,0.0,0.0,0.0,0.0,0.0,3.5465147,0.0,0.1745729,0.0,0.5523033,3.0220191,1.806911,0.0,1.1440828,3.0560896,0.0,3.467213,0.036928184,0.0,0.0,4.0777626,3.7461817,0.7877443,0.0,3.7461689,1.5572325,0.26497126,0.0,2.7750952,0.830555,1.3620601,0.0,1.0922743,4.2162747,2.8295403,2.78388,0.0,0.0,0.55085105,1.5629445,0.82731265,0.0,0.0,2.2936757,1.5210155,0.0,4.3119793,0.0,2.6548796,0.9855404,0.0,0.0,0.5460275,3.1633503,0.70045877
C000718,0.0,3.9105825,0.0018715858,3.8290606,0.76152325,0.0,0.0,0.16630563,2.928326,0.0,0.0,0.0,0.0,0.0,3.9236763,0.0,0.0,0.0,0.48361483,3.2359037,1.6577909,0.0,1.6055565,3.4060597,0.0,3.370654,0.0,0.0,0.0,4.0734177,4.225103,1.0511075,0.0,4.590975,1.2303814,0.0,0.0,3.089825,1.4223742,0.8706088,0.0,0.68669105,4.6705875,3.5832367,3.178786,0.0,0.0,0.20621216,1.7535555,0.1434238,0.0,0.0,2.4316435,1.700187,0.0,5.0501227,0.0,2.3907762,0.64828175,0.0,0.0,0.43954873,2.8771896,0.31180143,0.0,3.7101068,0.22750162,3.4775298,0.76479024,0.0,0.0,0.9526971,2.9641235,0.0,0.0,0.0,0.0,0.0,3.627612,0.0,0.10090914,0.0,0.43635416,3.091645,1.8210062,0.0,1.0975491,3.056795,0.0,3.3841143,0.0035087045,0.0,0.0,4.0841594,3.7692623,0.83858794,0.0,3.9013603,1.5845035,0.24965626,0.0,2.9365816,0.8292343,1.3834047,0.0,1.1124097,4.150334,2.9103978,2.9197655,0.0,0.00025005513,0.61884576,1.5455403,0.70431757,0.0,0.0,2.2793434,1.6192514,0.0,4.3674264,0.0,2.689627,1.0003152,0.0,0.0,0.48439994,3.160285,0.73121595
C000719,0.0,1.9674633,0.0,1.9568659,0.8948283,0.0,0.0,0.06398654,1.8817351,0.0,0.0,0.0,0.02756837,0.0,1.8493454,0.0,0.0,0.0,0.6997843,1.9018886,0.7900766,0.0,1.4424238,2.3792548,0.0,2.127281,0.0,0.0,0.0,2.3578453,2.5005112,0.6691981,0.0,2.173992,0.4761045,0.34577614,0.19273493,1.4633594,1.1304181,0.65215564,0.0,0.23703901,2.6519594,2.0936565,1.3497474,0.0,0.0,0.2622501,0.9635268,0.1729441,0.0,0.0,1.2979391,1.11331,0.0,2.8123221,0.0,1.4507523,0.3817367,0.0,0.0,0.8020319,1.7068188,0.4376094,0.0,2.5703654,0.59235424,2.1763225,1.5167878,0.0,0.0,1.782799,2.1111786,0.0,0.0,0.0,0.5967862,0.6484895,2.449975,0.21246715,1.0041571,0.5612861,1.1044868,2.1764615,2.0421088,0.30336466,1.0056759,2.5105567,0.0,3.1970568,0.0,0.080021925,0.0,2.9976704,2.5450249,0.6733712,0.38270354,2.5163193,1.3822455,1.1251702,0.90674967,2.2288783,0.7989203,2.0535278,0.0,1.3927553,2.923898,2.0419247,1.852153,0.34734917,0.080105096,1.3566872,1.1771843,1.6313097,0.0,0.0,1.5941974,1.3714645,0.0,3.0959208,0.044152573,2.9778755,1.4143218,0.0,0.5340997,1.153226,2.3726723,1.8784916
C000720,0.0,5.2024546,0.6776701,4.6700206,1.5676773,0.0,0.0,2.4463916,3.8653185,0.0,0.0,0.0,0.0,0.0,4.7898426,0.0,0.96222913,0.0,0.92093027,3.9019375,3.5963235,0.0,1.2388126,4.747189,0.0,5.186292,0.0,0.0,0.0,5.474345,4.8164706,0.39188394,0.0,5.292929,2.6749742,1.1816846,0.018887918,4.3904877,0.70559144,3.1926885,0.0,1.7997336,5.6493235,3.913043,3.9448814,0.0,0.0,2.0765548,1.8911061,2.2880642,0.0,0.0,3.4652145,2.0666647,0.0,5.717268,0.0,4.677796,1.9275962,0.0,0.0,0.9538852,3.834509,2.5112271,0.0,6.0966415,1.6975433,6.4810815,3.4269803,0.0,0.0,4.338718,4.5305696,0.0,0.0,0.0,0.8216689,0.40794364,6.005358,0.19418474,1.9345676,1.9873756,3.008892,5.325769,4.458535,0.25770953,2.8431063,5.8780823,0.0,7.7881255,0.0018847497,0.48798585,0.0,7.2935376,6.810861,1.1389555,0.4927167,7.374544,3.443445,2.8174446,1.5760423,5.158064,2.017264,4.362949,0.0,3.4506686,7.340611,5.5773354,4.9847736,0.5522135,0.0016833587,2.9295485,2.871805,3.4409888,0.0,0.0,4.144702,2.982148,0.0,7.966863,0.6066862,7.019731,2.523482,0.0,0.43058214,2.909526,5.8295016,4.1635966
C000721,0.0,2.9187334,0.0,2.7517824,0.0,0.0,0.0,0.7067788,2.596742,0.0,0.0,0.0,0.0,0.0,2.8723645,0.0,0.029017642,0.0,0.0,2.4558587,1.5344424,0.0,0.4668285,2.194069,0.0,2.3354368,0.117141016,0.0,0.0,3.031025,2.7321591,0.12678802,0.0,2.521099,1.242937,0.0,0.0,2.1126523,0.40275967,0.7776921,0.0,0.5101879,3.196584,2.2308917,2.3094325,0.0,0.0,0.04132371,0.497127,0.97115123,0.0,0.0,1.8256334,0.8589812,0.0,3.3982973,0.0,1.3278211,0.6183682,0.0,0.0,0.00926552,2.0710964,0.018829497,0.0,1.9765097,3.2399423,1.7555895,4.8764615,0.0,0.0,7.0718713,1.3205591,0.38656378,0.0,0.0,4.7821794,5.0296426,1.495963,2.7650402,5.5806108,4.0169134,4.322527,1.5148163,4.984454,3.3123188,0.6319335,2.7423928,0.0,5.906985,0.01673443,3.2251644,0.0,2.4376702,1.7403649,0.018112574,3.4270914,1.7483424,2.7435794,4.8762426,4.9051213,2.3125513,0.33738238,6.114769,0.24184926,4.06167,2.176663,1.3658221,1.2200037,3.064636,0.69931024,5.0880265,0.41550708,6.222054,0.0,0.0,1.0307112,1.6120948,0.0,2.3087065,3.0026476,6.5443144,3.8569982,0.0,5.4717746,3.858148,2.2617497,6.5231376
C000722,0.0,5.2659802,0.0,4.5480413,0.0,0.0,0.0,1.5478469,4.5064483,0.0,0.0,0.0,0.0,0.0,5.0286765,0.0,0.24344437,0.0,0.0,4.170088,2.7167761,0.0,0.55687636,3.811788,0.0,4.215868,0.12780133,0.0,0.0,5.329979,4.6106067,0.54409236,0.0,4.5735846,2.679678,0.0,0.0,3.6608446,0.40588516,1.8074943,0.0,1.4677275,5.1383047,3.5457587,4.256547,0.0,0.0,0.5676535,1.1990026,1.8102305,0.0,0.0,3.2121224,1.4881855,0.0,5.5953703,0.0,2.8431854,1.6064732,0.0,0.0,0.0,3.900533,0.4882537,0.0,5.2659802,0.0,4.5480413,0.0,0.0,0.0,1.5478469,4.5064483,0.0,0.0,0.0,0.0,0.0,5.0286765,0.0,0.24344437,0.0,0.0,4.170088,2.7167761,0.0,0.55687636,3.811788,0.0,4.215868,0.12780133,0.0,0.0,5.329979,4.6106067,0.54409236,0.0,4.5735846,2.679678,0.0,0.0,3.6608446,0.40588516,1.8074943,0.0,1.4677275,5.1383047,3.5457587,4.256547,0.0,0.0,0.5676535,1.1990026,1.8102305,0.0,0.0,3.2121224,1.4881855,0.0,5.5953703,0.0,2.8431854,1.6064732,0.0,0.0,0.0,3.900533,0.4882537
C000723,0.0,2.1524522,0.0,2.0954847,0.07959926,0.0,0.0,0.49331045,1.9876531,0.0,0.0,0.0,0.0,0.0,2.1604304,0.0,0.051235367,0.0,0.0,1.876018,1.1846142,0.0,0.36254358,1.7421316,0.0,1.874348,0.076744474,0.0,0.0,2.3307648,2.0134742,0.10776791,0.0,1.9510096,1.0417546,0.0,0.0,1.6258475,0.2618798,0.6275933,0.0,0.39647502,2.3967154,1.7071224,1.6678107,0.0,0.0,0.08156937,0.3248795,0.7856135,0.0,0.0,1.4090991,0.7016319,0.0,2.511576,0.0,1.0146228,0.4533941,0.0,0.0,0.030805796,1.6169837,0.094441965,0.0,1.8500675,1.0528107,1.5446903,1.8766177,0.0,0.0,2.5337155,1.390375,0.0076677464,0.0,0.0,1.4929215,1.643146,1.6521276,0.60453427,1.8217123,1.1522847,1.6029861,1.44651,2.2532768,0.89881015,0.54698664,1.961445,0.0,2.8790147,0.009593059,0.8153238,0.0,2.117309,1.5903436,0.1176378,1.0456448,1.5878127,1.3516443,1.7100511,1.6101835,1.7082632,0.35575742,2.4393885,0.0,1.4821717,1.9466426,1.2006496,1.1400473,0.9917975,0.23633254,1.8666582,0.59134924,2.2226467,0.0,0.0,0.9640788,1.2590313,0.0,2.1450958,0.6216688,2.907079,1.5559373,0.0,1.5939548,1.3821654,1.5735626,2.3849425
C000724,0.0,3.284476,0.0,3.0086713,0.0,0.0,0.0,0.7928625,2.9172163,0.0,0.0,0.0,0.0,0.0,3.205346,0.0,0.049709566,0.0,0.0,2.7348475,1.700398,0.0,0.46669924,2.4670885,0.0,2.6766777,0.116804175,0.0,0.0,3.3982806,3.0073655,0.250641,0.0,2.8873343,1.5331942,0.0,0.0,2.3607178,0.37119162,0.9582339,0.0,0.7113198,3.4551926,2.4286575,2.6241157,0.0,0.0,0.15675336,0.6307682,1.0879948,0.0,0.0,2.0541277,0.9739217,0.0,3.7122455,0.0,1.5725611,0.80095255,0.0,0.0,0.0,2.3966193,0.11085957,0.0,4.0351315,0.28775862,3.712307,0.9260461,0.0,0.0,1.1702801,3.2112663,0.0,0.0,0.0,0.0,0.0,3.8549604,0.0,0.24925824,0.0,0.54452276,3.2845936,2.0074112,0.0,1.169225,3.2948532,0.0,3.7984333,0.038934726,0.0,0.0,4.4081173,4.034881,0.8885153,0.0,4.088472,1.7515105,0.27592543,0.0,3.014206,0.81351024,1.5255284,0.0,1.2709733,4.516892,3.0610592,3.0695658,0.0,0.0,0.6773793,1.7453309,0.9150743,0.0,0.0,2.4837117,1.6005677,0.0,4.6208906,0.0,2.9513829,1.1436014,0.0,0.0,0.5576001,3.460355,0.8184112
C000725,0.0,4.2902927,0.0,3.8823357,0.0,0.0,0.0,1.145171,3.7044387,0.0,0.0,0.0,0.0,0.0,4.1480355,0.0,0.034182936,0.0,0.0,3.4782727,2.1696503,0.0,0.6561631,3.1334074,0.0,3.288463,0.15946442,0.0,0.0,4.353773,3.9609628,0.20830801,0.0,3.6472192,1.8406935,0.0,0.0,3.0456429,0.554196,1.2810378,0.0,0.8527434,4.525694,3.1058564,3.448229,0.0,0.0,0.15776369,0.814541,1.3768015,0.0,0.0,2.615044,1.2019055,0.0,4.821518,0.0,2.0583134,1.0249199,0.0,0.0,0.0,2.9982934,0.12739614,0.0,4.2902927,0.0,3.8823357,0.0,0.0,0.0,1.145171,3.7044387,0.0,0.0,0.0,0.0,0.0,4.1480355,0.0,0.034182936,0.0,0.0,3.4782727,2.1696503,0.0,0.6561631,3.1334074,0.0,3.288463,0.15946442,0.0,0.0,4.353773,3.9609628,0.20830801,0.0,3.6472192,1.8406935,0.0,0.0,3.0456429,0.554196,1.2810378,0.0,0.8527434,4.525694,3.1058564,3.448229,0.0,0.0,0.15776369,0.814541,1.3768015,0.0,0.0,2.615044,1.2019055,0.0,4.821518,0.0,2.0583134,1.0249199,0.0,0.0,0.0,2.9982934,0.12739614
C000726,0.0,4.8295536,0.0,4.2426066,0.0,0.0,0.0,1.3509032,4.1465945,0.0,0.0,0.0,0.0,0.0,4.628681,0.0,0.14447023,0.0,0.0,3.8634048,2.4584599,0.0,0.6024993,3.510633,0.0,3.7917423,0.14153293,0.0,0.0,4.884644,4.3183684,0.39917353,0.0,4.1606746,2.300349,0.0,0.0,3.381959,0.46803138,1.5631235,0.0,1.1856955,4.849792,3.3485336,3.898463,0.0,0.0,0.37243396,1.0291177,1.6036185,0.0,0.0,2.9475756,1.3663222,0.0,5.2330713,0.0,2.4750426,1.3401322,0.0,0.0,0.0,3.4887705,0.3097754,0.0,4.8295536,0.0,4.2426066,0.0,0.0,0.0,1.3509032,4.1465945,0.0,0.0,0.0,0.0,0.0,4.628681,0.0,0.14447023,0.0,0.0,3.8634048,2.4584599,0.0,0.6024993,3.510633,0.0,3.7917423,0.14153293,0.0,0.0,4.884644,4.3183684,0.39917353,0.0,4.1606746,2.300349,0.0,0.0,3.381959,0.46803138,1.5631235,0.0,1.1856955,4.849792,3.3485336,3.898463,0.0,0.0,0.37243396,1.0291177,1.6036185,0.0,0.0,2.9475756,1.3663222,0.0,5.2330713,0.0,2.4750426,1.3401322,0.0,0.0,0.0,3.4887705,0.3097754
C000727,0.0,3.3640182,0.0,3.063568,0.0,0.0,0.0,0.82029945,2.9840443,0.0,0.0,0.0,0.0,0.0,3.275478,0.0,0.057921696,0.0,0.0,2.793119,1.7410171,0.0,0.4644989,2.5291467,0.0,2.751696,0.11489018,0.0,0.0,3.4787726,3.0658371,0.27559426,0.0,2.9631457,1.5990934,0.0,0.0,2.4153514,0.3608311,1.0056878,0.0,0.75574845,3.5038495,2.4670606,2.6911178,0.0,0.0,0.18935406,0.66004694,1.1187825,0.0,0.0,2.103008,0.9992062,0.0,3.7757778,0.0,1.6317006,0.84442115,0.0,0.0,0.0,2.4641755,0.14140123,0.0,3.99406,0.0,3.832057,0.56330776,0.0,0.0,0.64042807,3.2378244,0.0,0.0,0.0,0.0,0.0,3.94472,0.0,0.028960848,0.0,0.3120363,3.275912,1.8222914,0.0,1.2374313,3.1705964,0.0,3.3372772,0.05744509,0.0,0.0,4.195673,4.1220093,0.6897929,0.0,4.1264324,1.476907,0.012971595,0.0,3.0088975,1.0363541,0.9874687,0.0,0.8285831,4.56451,3.2488775,3.212401,0.0,0.0,0.1753247,1.3743646,0.5735364,0.0,0.0,2.4541879,1.560771,0.0,4.8441,0.0,2.2955294,0.7900155,0.0,0.0,0.28569257,3.0559154,0.21678226
C000728,0.0,3.7635324,0.0,3.6051908,0.5017539,0.0,0.0,0.24909484,3.040406,0.0,0.0,0.0,0.0,0.0,3.6997972,0.0,0.0,0.0,0.44407204,3.0721586,1.615358,0.0,1.5509369,3.289122,0.0,3.0455396,0.0,0.0,0.0,3.8723717,3.990532,0.64961857,0.0,4.069917,1.2097464,0.0,0.0,2.8125618,1.3774474,0.90172523,0.0,0.49820188,4.248065,3.2367032,3.0754948,0.0,0.0,0.14337641,1.2289591,0.365307,0.0,0.0,2.1435363,1.665205,0.0,4.898046,0.0,1.9751198,0.58350915,0.0,0.0,0.38257927,2.5207658,0.14550827,0.0,4.20725,1.1966658,3.9212956,2.2857766,0.0,0.0,3.285725,3.307022,0.0,0.0,0.0,1.1247739,1.2898598,3.764608,0.27668655,2.1372848,1.2833962,1.9995711,3.367425,3.4540057,0.08627441,1.2534498,4.0710793,0.0,5.2890224,0.00053942204,0.11302008,0.0,4.790995,4.102737,0.2938683,0.58555686,4.2760496,2.5654294,2.1922324,1.7119877,3.7398787,0.8901397,3.4098177,0.0,2.3345096,4.6176815,3.2478807,3.1547532,0.7350917,0.0022493042,2.5266688,1.4772551,3.0631602,0.0,0.0,2.3984618,2.2416713,0.0,5.165275,0.0,4.850235,2.2968044,0.0,1.3151002,1.8355613,3.5388317,3.1248636
C000729,0.0,4.2364407,0.0,3.851695,0.0,0.0,0.0,1.1276256,3.6617959,0.0,0.0,0.0,0.0,0.0,4.1016097,0.0,0.022582274,0.0,0.0,3.4386058,2.146176,0.0,0.6643386,3.1011117,0.0,3.2407303,0.16193718,0.0,0.0,4.3028345,3.928115,0.18104115,0.0,3.59376,1.7935318,0.0,0.0,3.0167894,0.5670839,1.2544296,0.0,0.81761307,4.4987144,3.0805655,3.401005,0.0,0.0,0.13691115,0.7912637,1.3570081,0.0,0.0,2.5869007,1.1849428,0.0,4.785444,0.0,2.0186238,0.9924681,0.0,0.0,0.0,2.9460726,0.111315206,0.0,4.2364407,0.0,3.851695,0.0,0.0,0.0,1.1276256,3.6617959,0.0,0.0,0.0,0.0,0.0,4.1016097,0.0,0.022582274,0.0,0.0,3.4386058,2.146176,0.0,0.6643386,3.1011117,0.0,3.2407303,0.16193718,0.0,0.0,4.3028345,3.928115,0.18104115,0.0,3.59376,1.7935318,0.0,0.0,3.0167894,0.5670839,1.2544296,0.0,0.81761307,4.4987144,3.0805655,3.401005,0.0,0.0,0.13691115,0.7912637,1.3570081,0.0,0.0,2.5869007,1.1849428,0.0,4.785444,0.0,2.0186238,0.9924681,0.0,0.0,0.0,2.9460726,0.111315206
C000730,0.0,3.3390992,0.0,3.0426693,0.0,0.0,0.0,0.82326424,2.9493403,0.0,0.0,0.0,0.0,0.0,3.2502353,0.0,0.05895715,0.0,0.0,2.7621706,1.7260532,0.0,0.4595602,2.5188186,0.0,2.7248526,0.10990972,0.0,0.0,3.4481778,3.0397744,0.27027884,0.0,2.9429898,1.5878998,0.0,0.0,2.4020562,0.35482734,1.0056136,0.0,0.7454319,3.4663541,2.444744,2.6658194,0.0,0.0,0.19864877,0.6517277,1.1113023,0.0,0.0,2.0916085,0.98610985,0.0,3.7355704,0.0,1.6263368,0.8403056,0.0,0.0,0.0,2.4350033,0.15384534,0.0,3.630108,1.5515251,3.2890127,2.7178574,0.0,0.0,4.292771,3.077668,0.0024061021,0.0,0.0,1.9580382,2.1160743,3.347547,0.62234753,2.9980767,1.787858,2.3828928,3.0319314,3.875896,0.8434677,1.037543,3.5727181,0.0,5.403954,0.015701389,0.5249887,0.0,4.3566356,3.4151492,0.28967115,1.2681679,3.5079122,2.737131,2.5424962,2.250018,3.2849536,0.78000724,4.12982,0.0,2.7023952,4.0247536,2.6414707,2.7779136,1.0937167,0.17820147,3.0161822,1.1658393,4.063406,0.0,0.0,2.2660825,1.9004961,0.0,4.3356194,0.24961527,5.196368,2.6735694,0.0,2.0936058,2.1029534,3.3283737,3.8217156
C000731,0.0,4.517453,0.0,4.030518,0.0,0.0,0.0,1.2357278,3.8872411,0.0,0.0,0.0,0.0,0.0,4.348421,0.0,0.087601274,0.0,0.0,3.6410933,2.288518,0.0,0.6286283,3.286436,0.0,3.5031018,0.15119177,0.0,0.0,4.5712194,4.10885,0.2926127,0.0,3.8636827,2.033347,0.0,0.0,3.18525,0.50784117,1.4016508,0.0,0.99505746,4.6559,3.2087321,3.6379929,0.0,0.0,0.24875264,0.90989894,1.471957,0.0,0.0,2.7493343,1.2697273,0.0,4.9852586,0.0,2.2367656,1.1581706,0.0,0.0,0.0,3.2038324,0.20541912,0.0,4.517453,0.0,4.030518,0.0,0.0,0.0,1.2357278,3.8872411,0.0,0.0,0.0,0.0,0.0,4.348421,0.0,0.087601274,0.0,0.0,3.6410933,2.288518,0.0,0.6286283,3.286436,0.0,3.5031018,0.15119177,0.0,0.0,4.5712194,4.10885,0.2926127,0.0,3.8636827,2.033347,0.0,0.0,3.18525,0.50784117,1.4016508,0.0,0.99505746,4.6559,3.2087321,3.6379929,0.0,0.0,0.24875264,0.90989894,1.471957,0.0,0.0,2.7493343,1.2697273,0.0,4.9852586,0.0,2.2367656,1.1581706,0.0,0.0,0.0,3.2038324,0.20541912
C000732,0.0,4.297687,0.008788526,5.7489696,2.3320715,0.0,0.0,0.062999666,3.6448753,0.0,0.0,0.0,0.0,0.0,4.530025,0.0,0.0,1.4782633,2.2782254,4.62575,2.3198836,0.0,3.4992218,4.8206773,0.0,5.1866107,0.0,0.0,0.0,5.9281554,5.8977156,0.5173211,0.0,6.718244,1.5841466,1.929435,0.6000218,4.1596546,3.370047,0.76518416,0.0,1.1859337,6.819991,5.4076576,4.133185,0.0,0.0,0.26935855,1.6078205,0.9305346,0.0,0.0,3.2837071,2.865141,0.0,7.966175,0.0,3.538321,0.23458984,0.0,0.0,1.7413464,3.5371141,0.69990313,0.0,3.6159027,1.2108732,3.5350366,2.5434928,0.0,0.0,3.5182068,2.8787649,0.05095193,0.0,0.0,1.4319457,1.5416104,3.4953132,0.65644866,2.004072,1.3684233,2.2262633,3.0436554,3.4429379,0.75827366,1.2766783,3.5700965,0.0,4.9237914,0.0,0.7708238,0.0,4.2571325,3.652109,0.44426006,1.0609456,3.6597874,2.2494166,1.9803282,1.5670507,3.0906448,0.7795146,3.4295342,0.0,2.2184188,4.1896577,2.7932665,2.778913,0.9468221,0.19113554,2.2542346,1.2858301,3.0089421,0.0,0.0,2.3343987,2.0024683,0.0,4.492625,0.7473173,4.4678855,2.0228026,0.0,1.4999759,2.0488217,3.1194584,3.0109878
C000733,0.0,4.9106903,0.0,4.300963,0.0,0.0,0.0,1.3791767,4.2158093,0.0,0.0,0.0,0.0,0.0,4.7044935,0.0,0.15785436,0.0,0.0,3.9206975,2.5011885,0.0,0.59680986,3.5690007,0.0,3.8655152,0.1392026,0.0,0.0,4.9690547,4.375079,0.42668068,0.0,4.241102,2.3696866,0.0,0.0,3.435846,0.46065027,1.6025869,0.0,1.2348424,4.904898,3.3874612,3.9682565,0.0,0.0,0.40254334,1.059376,1.6367652,0.0,0.0,3.000523,1.3919424,0.0,5.3023477,0.0,2.5360367,1.3864878,0.0,0.0,0.0,3.5647528,0.3335089,0.0,4.9106903,0.0,4.300963,0.0,0.0,0.0,1.3791767,4.2158093,0.0,0.0,0.0,0.0,0.0,4.7044935,0.0,0.15785436,0.0,0.0,3.9206975,2.5011885,0.0,0.59680986,3.5690007,0.0,3.8655152,0.1392026,0.0,0.0,4.9690547,4.375079,0.42668068,0.0,4.241102,2.3696866,0.0,0.0,3.435846,0.46065027,1.6025869,0.0,1.2348424,4.904898,3.3874612,3.9682565,0.0,0.0,0.40254334,1.059376,1.6367652,0.0,0.0,3.000523,1.3919424,0.0,5.3023477,0.0,2.5360367,1.3864878,0.0,0.0,0.0,3.5647528,0.3335089
C000734,0.0,4.8444433,0.0,4.63057,0.69032145,0.0,0.0,0.22561604,3.7731514,0.0,0.0,0.0,0.0,0.0,4.78926,0.0,0.0,0.0,0.22639194,4.1301956,2.0042605,0.0,1.9738344,4.062638,0.0,4.140624,0.0,0.0,0.0,5.224619,5.2218895,0.9114081,0.0,5.2663746,1.5957303,0.0,0.0,3.7167668,1.7147195,0.91645396,0.0,0.8776221,6.0006704,4.248028,4.006085,0.0,0.0,0.0,1.7257903,0.38587502,0.0,0.0,2.9917912,1.9867353,0.0,6.3088756,0.0,2.7179608,0.7922212,0.0,0.0,0.42051324,3.5799272,0.0,0.0,3.5080867,0.0,3.3396838,0.44900063,0.0,0.0,0.57009757,2.8985963,0.0,0.0,0.0,0.0,0.0,3.4798641,0.0,0.13059036,0.0,0.11319597,2.9731154,1.7158165,0.0,1.1287467,2.8824937,0.0,3.0448937,0.004235763,0.0,0.0,3.8493624,3.5877736,0.45570406,0.0,3.4614992,1.3298564,0.011253618,0.0,2.7040193,0.9590299,0.90601575,0.0,0.7025932,4.204676,2.8839822,2.8151436,0.0,0.0033663511,0.12494209,1.0377458,0.71586245,0.0,0.0,2.2077956,1.3819952,0.0,4.4313602,0.0,2.01579,0.69308805,0.0,0.0,0.2739817,2.6194963,0.18814175
C000735,0.0,4.517453,0.0,4.030518,0.0,0.0,0.0,1.2357278,3.8872411,0.0,0.0,0.0,0.0,0.0,4.348421,0.0,0.087601274,0.0,0.0,3.6410933,2.288518,0.0,0.6286283,3.286436,0.0,3.5031018,0.15119177,0.0,0.0,4.5712194,4.10885,0.2926127,0.0,3.8636827,2.033347,0.0,0.0,3.18525,0.50784117,1.4016508,0.0,0.99505746,4.6559,3.2087321,3.6379929,0.0,0.0,0.24875264,0.90989894,1.471957,0.0,0.0,2.7493343,1.2697273,0.0,4.9852586,0.0,2.2367656,1.1581706,0.0,0.0,0.0,3.2038324,0.20541912,0.0,4.517453,0.0,4.030518,0.0,0.0,0.0,1.2357278,3.8872411,0.0,0.0,0.0,0.0,0.0,4.348421,0.0,0.087601274,0.0,0.0,3.6410933,2.288518,0.0,0.6286283,3.286436,0.0,3.5031018,0.15119177,0.0,0.0,4.5712194,4.10885,0.2926127,0.0,3.8636827,2.033347,0.0,0.0,3.18525,0.50784117,1.4016508,0.0,0.99505746,4.6559,3.2087321,3.6379929,0.0,0.0,0.24875264,0.90989894,1.471957,0.0,0.0,2.7493343,1.2697273,0.0,4.9852586,0.0,2.2367656,1.1581706,0.0,0.0,0.0,3.2038324,0.20541912
C000736,0.0,5.3598413,0.0,4.616248,0.0,0.0,0.0,1.6095928,4.579143,0.0,0.0,0.0,0.0,0.0,5.1125546,0.0,0.2840252,0.0,0.0,4.239031,2.7836053,0.0,0.54288125,3.8784797,0.0,4.3215804,0.12448905,0.0,0.0,5.4313593,4.6707053,0.57014066,0.0,4.6618876,2.762447,0.0,0.0,3.7247481,0.38174075,1.8787977,0.0,1.5370854,5.2044034,3.5896854,4.3263035,0.0,0.0,0.6253228,1.2384818,1.8709615,0.0,0.0,3.2618294,1.5122188,0.0,5.664124,0.0,2.9400327,1.6693242,0.0,0.0,0.0,3.9952252,0.5492611,0.0,5.3598413,0.0,4.616248,0.0,0.0,0.0,1.6095928,4.579143,0.0,0.0,0.0,0.0,0.0,5.1125546,0.0,0.2840252,0.0,0.0,4.239031,2.7836053,0.0,0.54288125,3.8784797,0.0,4.3215804,0.12448905,0.0,0.0,5.4313593,4.6707053,0.57014066,0.0,4.6618876,2.762447,0.0,0.0,3.7247481,0.38174075,1.8787977,0.0,1.5370854,5.2044034,3.5896854,4.3263035,0.0,0.0,0.6253228,1.2384818,1.8709615,0.0,0.0,3.2618294,1.5122188,0.0,5.664124,0.0,2.9400327,1.6693242,0.0,0.0,0.0,3.9952252,0.5492611
C000737,0.0,2.2120929,0.12431675,2.3710163,0.9200562,0.0,0.0,0.0,1.8549362,0.0,0.0,0.0,0.0,0.0,2.3168669,0.0,0.0,0.079268605,0.7629144,2.123957,0.9832912,0.0,1.4224169,2.3301508,0.0,2.253881,0.0,0.0,0.0,2.44663,2.851821,0.8948966,0.0,2.967383,0.43989944,0.22691402,0.009283468,1.7759991,1.2798249,0.58965194,0.0,0.25711197,2.9063532,2.5297554,1.9298248,0.0,0.0,0.23350173,1.2067405,0.0,0.0,0.0,1.4011306,1.2713815,0.0,3.3107448,0.0,1.6339928,0.34727234,0.0,0.0,0.76064277,1.8464438,0.38998288,0.0,2.6925755,0.46085805,2.3824768,1.2286807,0.0,0.0,1.5070502,2.221198,0.0,0.0,0.0,0.35555094,0.42649576,2.6033359,0.11973993,0.68220985,0.39174965,0.8710629,2.2782223,1.9228607,0.1586926,0.9402642,2.469151,0.0,3.0444658,0.0012403642,0.03792516,0.0,3.0925248,2.683439,0.6639276,0.23469234,2.7325275,1.3084288,0.8571607,0.59893656,2.2480507,0.6935138,1.7721337,0.0,1.2099396,3.014146,2.1580524,2.0317147,0.23678656,0.042761404,1.1229106,1.1927975,1.3288095,0.0,0.0,1.6782588,1.3406798,0.0,3.2385461,0.05876136,2.7343636,1.2353789,0.0,0.35211802,0.93859965,2.416715,1.5019815
C000738,0.0,3.7836175,0.0,3.5943491,0.4115503,0.0,0.0,0.28025597,3.1597288,0.0,0.0,0.0,0.0,0.0,3.7278135,0.0,0.0,0.0,0.219385,3.2311795,1.650805,0.0,1.5724351,3.3167295,0.0,3.2170515,0.0,0.0,0.0,4.209872,3.942711,0.5005828,0.0,3.9354494,1.3560563,0.0,0.0,2.895167,1.3044116,0.92657465,0.0,0.6358702,4.5567083,3.1742334,3.1033823,0.0,0.0,0.0,1.1288157,0.5557804,0.0,0.0,2.3413668,1.586103,0.0,4.9716,0.0,2.1041353,0.60337675,0.0,0.0,0.30212253,2.65253,0.0,0.0,2.636603,0.019855803,2.5193672,0.58195335,0.0,0.0,0.63815576,2.3007677,0.0,0.0,0.0,0.061153155,0.029001161,2.610584,0.0,0.17973565,0.0,0.3495412,2.2560587,1.4594578,0.0,1.0036587,2.3710918,0.0,2.4613802,0.0,0.0,0.0,3.1572845,2.6391637,0.2923402,0.0,2.570852,1.1068887,0.21192987,0.05687135,2.1451004,0.7686774,0.95544815,0.0,0.5831544,3.2119834,2.0878394,2.0460627,0.0044452003,0.008830705,0.25670847,0.77715045,0.7956198,0.0,0.0,1.6914129,1.2548147,0.0,3.4865925,0.0,1.79536,0.5713441,0.0,0.0,0.34957114,1.950326,0.38971135
C000739,0.0,4.5683947,0.0,4.338767,0.6835091,0.0,0.0,0.15007609,3.506653,0.0,0.0,0.0,0.0,0.0,4.494004,0.0,0.0,0.0,0.32382214,3.8437872,1.8698686,0.0,1.8785181,3.783618,0.0,3.7928653,0.0,0.0,0.0,4.794812,4.9239182,0.9216677,0.0,5.033396,1.394826,0.0,0.0,3.4785368,1.6847696,0.8108376,0.0,0.7198235,5.5913267,4.058135,3.7556996,0.0,0.0,0.0,1.6989965,0.23719403,0.0,0.0,2.7576578,1.9266047,0.0,5.966241,0.0,2.5042849,0.6931013,0.0,0.0,0.43006688,3.3257685,0.0,0.0,3.4243162,0.0,3.2142394,0.42662263,0.0,0.0,0.53145313,2.7998428,0.0,0.0,0.0,0.0,0.0,3.3710084,0.0,0.13288297,0.0,0.16191107,2.8685336,1.6578593,0.0,1.073734,2.777737,0.0,2.9131627,0.003090296,0.0,0.0,3.68099,3.4632914,0.4920544,0.0,3.4055662,1.2818804,0.012469219,0.0,2.6049788,0.9362641,0.8810663,0.0,0.66442543,4.0100822,2.8113446,2.728541,0.0,0.004116306,0.1371304,1.043814,0.64423573,0.0,0.0,2.1186228,1.3644056,0.0,4.2822313,0.0,1.9373937,0.67340565,0.0,0.0,0.25426996,2.5444388,0.20432636
C000740,0.0,3.3610177,3.7166808,5.052018,7.4398155,0.0,0.0,7.804655,2.3896656,0.0,0.0,0.0,5.6065254,4.795587,3.6511958,2.9200783,5.842575,7.0538507,6.522495,3.8242793,6.500435,3.2814999,3.469739,5.0977216,0.0,8.610748,0.0,3.6933777,0.0,4.7855806,5.387923,0.0,2.1242397,6.600937,2.8504758,6.824231,7.0687313,4.063119,3.9101,6.4817553,0.0,5.4104424,5.387308,5.2803736,4.369357,3.351009,0.07927951,4.8328023,0.33163118,7.9737077,0.0,0.0,2.8563921,3.1415071,0.0,7.570036,3.5625615,7.7102222,2.773791,0.0,7.352846,6.2199125,3.5300574,6.729916,0.0,1.9666363,4.1820216,1.9560562,7.0163827,0.0,0.0,8.544272,0.9177546,0.66511536,0.0,0.0,6.612619,6.2922883,1.5245937,3.877514,6.6764083,6.1162763,6.368646,1.6950073,6.195008,4.6337256,1.7215385,3.2652256,0.0,7.074373,0.0,4.7356486,0.0,2.1488998,2.297803,0.0,4.1320834,2.79829,2.8466098,6.782418,7.1379075,2.397199,1.5398712,7.3618264,0.30420503,4.9701076,2.3158185,2.0747712,1.8231115,4.1913276,0.82274085,5.9104195,0.2619167,7.711724,0.0,0.0,1.0846648,2.4376566,0.0,3.36815,4.829247,7.473703,4.1760345,0.0,7.655455,5.848021,1.9616232,8.0915785
C000741,0.0,3.646825,0.0,3.26693,0.0,0.0,0.0,0.9334694,3.2152839,0.0,0.0,0.0,0.0,0.0,3.5213408,0.0,0.099423245,0.0,0.0,2.9937048,1.8955343,0.0,0.4586087,2.746631,0.0,3.014802,0.10882426,0.0,0.0,3.7736516,3.2708712,0.344851,0.0,3.2287464,1.83036,0.0,0.0,2.6092467,0.32923406,1.1781785,0.0,0.9103508,3.69516,2.6052604,2.9256759,0.0,0.0,0.3030294,0.756255,1.2426397,0.0,0.0,2.2780385,1.0873553,0.0,4.004327,0.0,1.843937,0.9939693,0.0,0.0,0.0,2.7007694,0.25333807,0.0,4.2149177,0.0,4.0132575,0.58758855,0.0,0.0,0.74256706,3.4002633,0.0,0.0,0.0,0.0,0.0,4.172887,0.0,0.049711622,0.0,0.35952836,3.4592848,1.9512534,0.0,1.2405329,3.3418727,0.0,3.5148764,0.05441213,0.0,0.0,4.3848705,4.3141665,0.7710146,0.0,4.387383,1.6052333,0.016761601,0.0,3.1900592,1.0512657,1.1364741,0.0,0.92869127,4.7053714,3.4114923,3.4117975,0.0,0.0,0.29412115,1.5059094,0.64011174,0.0,0.0,2.57875,1.656939,0.0,5.0431767,0.0,2.4753392,0.89209783,0.0,0.0,0.32855225,3.2356966,0.3506534
C000742,0.0,4.44118,0.0,3.9804492,0.0,0.0,0.0,1.2045172,3.8252444,0.0,0.0,0.0,0.0,0.0,4.2812924,0.0,0.069955856,0.0,0.0,3.5867972,2.2465672,0.0,0.6373542,3.23307,0.0,3.4304752,0.15394661,0.0,0.0,4.4966474,4.0596786,0.26560825,0.0,3.7922544,1.9674802,0.0,0.0,3.138443,0.52192837,1.3603028,0.0,0.946996,4.6119156,3.1757183,3.5749917,0.0,0.0,0.2174189,0.8788609,1.4384847,0.0,0.0,2.7027626,1.2464758,0.0,4.9292917,0.0,2.1761575,1.1129113,0.0,0.0,0.0,3.134778,0.17753105,0.0,4.44118,0.0,3.9804492,0.0,0.0,0.0,1.2045172,3.8252444,0.0,0.0,0.0,0.0,0.0,4.2812924,0.0,0.069955856,0.0,0.0,3.5867972,2.2465672,0.0,0.6373542,3.23307,0.0,3.4304752,0.15394661,0.0,0.0,4.4966474,4.0596786,0.26560825,0.0,3.7922544,1.9674802,0.0,0.0,3.138443,0.52192837,1.3603028,0.0,0.946996,4.6119156,3.1757183,3.5749917,0.0,0.0,0.2174189,0.8788609,1.4384847,0.0,0.0,2.7027626,1.2464758,0.0,4.9292917,0.0,2.1761575,1.1129113,0.0,0.0,0.0,3.134778,0.17753105
C000743,0.0,4.594108,0.0,4.080994,0.0,0.0,0.0,1.2668654,3.9495687,0.0,0.0,0.0,0.0,0.0,4.416078,0.0,0.10367714,0.0,0.0,3.6952255,2.3321958,0.0,0.6202911,3.3414314,0.0,3.5752459,0.14837685,0.0,0.0,4.6469107,4.158209,0.3187505,0.0,3.9342623,2.0998545,0.0,0.0,3.2318428,0.49575514,1.4438144,0.0,1.0429646,4.7003064,3.2406063,3.7008202,0.0,0.0,0.28095362,0.93960404,1.5060972,0.0,0.0,2.7974977,1.2929994,0.0,5.0424576,0.0,2.2975178,1.2043599,0.0,0.0,0.0,3.2731085,0.23457666,0.0,4.594108,0.0,4.080994,0.0,0.0,0.0,1.2668654,3.9495687,0.0,0.0,0.0,0.0,0.0,4.416078,0.0,0.10367714,0.0,0.0,3.6952255,2.3321958,0.0,0.6202911,3.3414314,0.0,3.5752459,0.14837685,0.0,0.0,4.6469107,4.158209,0.3187505,0.0,3.9342623,2.0998545,0.0,0.0,3.2318428,0.49575514,1.4438144,0.0,1.0429646,4.7003064,3.2406063,3.7008202,0.0,0.0,0.28095362,0.93960404,1.5060972,0.0,0.0,2.7974977,1.2929994,0.0,5.0424576,0.0,2.2975178,1.2043599,0.0,0.0,0.0,3.2731085,0.23457666
C000744,0.0,3.1982007,0.0,2.9473767,0.0,0.0,0.0,0.76810795,2.8398085,0.0,0.0,0.0,0.0,0.0,3.1273077,0.0,0.042494953,0.0,0.0,2.6676545,1.6564505,0.0,0.4671277,2.4027028,0.0,2.5944133,0.116984926,0.0,0.0,3.309752,2.9410167,0.22383597,0.0,2.8052897,1.4653019,0.0,0.0,2.3023582,0.3789548,0.9130802,0.0,0.6644908,3.3946383,2.3831573,2.5495312,0.0,0.0,0.12835053,0.5991167,1.0561725,0.0,0.0,2.0019636,0.94510436,0.0,3.6363516,0.0,1.5130262,0.7569298,0.0,0.0,0.0,2.3201296,0.086572506,0.0,3.944398,0.9177665,3.5860965,1.7228702,0.0,0.0,2.8168511,3.093975,0.0,0.0,0.0,0.6466905,0.6928471,3.6804764,0.20274827,1.4078038,0.7824843,1.3608626,3.125492,3.067961,0.16725029,0.911713,3.4731717,0.0,4.528295,0.029246232,0.07610942,0.0,4.419074,3.6465437,0.47304165,0.38162163,3.8059144,2.3561578,1.6094345,0.8601657,3.3356109,0.65386343,2.880789,0.0,2.0151548,4.2550325,2.8435717,2.9332495,0.4433025,0.07642817,1.971111,1.5620267,2.3923259,0.0,0.0,2.3670774,1.8189328,0.0,4.4852915,0.026003316,4.223366,2.0095644,0.0,0.6835779,1.245993,3.423771,2.4474974
C000745,0.0,4.1271415,0.0,4.0788283,1.1201324,0.0,0.0,0.7587697,3.402039,0.0,0.0,0.0,0.0,0.0,3.9809914,0.0,0.0,0.0,0.38899195,3.5343237,1.6724191,0.0,1.8616238,3.5366523,0.0,4.068573,0.0,0.0,0.0,4.8907228,4.734712,1.2665566,0.0,4.7663255,1.5067923,0.062910885,0.0,3.1714487,1.1330476,1.0852724,0.0,1.2393177,5.1727247,3.595489,3.218431,0.0,0.0,0.21810068,2.036035,0.27510506,0.0,0.0,2.8577383,1.7124631,0.0,5.0252314,0.0,3.0685232,0.911736,0.0,0.0,0.79458076,3.7968285,0.36791533,0.0,1.9513786,2.6398416,1.54337,4.257185,0.0,0.0,6.1578426,1.4828447,0.62530094,0.0,0.0,4.0726614,4.3322306,1.6281242,2.5244956,4.772453,3.2493525,3.561682,1.5034167,4.523662,2.9551558,0.53935236,2.3578875,0.0,5.174363,0.0,2.8936133,0.0,2.2545207,1.6685925,0.28393456,3.1625934,1.5475647,2.408846,4.0427103,4.037822,2.1857054,0.34689957,5.3758593,0.40454847,3.4157457,2.0565755,1.2075971,1.2772663,2.7059584,0.7626101,4.365627,0.6683539,5.3430276,0.0,0.0,1.0437176,1.4936836,0.0,2.0653195,2.6900125,5.7405214,3.5309408,0.009672102,4.705639,3.3110056,2.1280668,5.60622
C000746,0.0,4.7972875,0.0,4.554801,0.62600625,0.0,0.0,0.20347536,3.6802783,0.0,0.0,0.0,0.0,0.0,4.741036,0.0,0.0,0.0,0.33719254,3.9725256,1.9564508,0.0,1.8380284,3.9762099,0.0,3.9040065,0.0,0.0,0.0,4.9048796,5.1228504,1.0663288,0.0,5.3228908,1.4572922,0.0,0.0,3.6537313,1.6845136,0.95760775,0.0,0.78355384,5.738707,4.2750683,3.9528437,0.0,0.0,0.018673107,1.8893805,0.23915464,0.0,0.0,2.860661,1.9667801,0.0,6.138331,0.0,2.6541853,0.77421,0.0,0.0,0.42477155,3.5073419,0.08735576,0.0,3.6721396,0.0,3.416549,0.38747287,0.0,0.0,0.593823,3.00268,0.0,0.0,0.0,0.0,0.0,3.617843,0.0,0.15377882,0.0,0.16859627,3.0448048,1.7680416,0.0,1.0422212,2.9641564,0.0,3.0982397,0.0043786056,0.0,0.0,3.877459,3.666562,0.6040784,0.0,3.6863463,1.4199959,0.003274843,0.0,2.774572,0.92578185,1.0208403,0.0,0.77437687,4.1859913,2.997356,2.9451184,0.0,0.00058508106,0.18909785,1.1861085,0.7017095,0.0,0.0,2.2416222,1.4274244,0.0,4.4819074,0.0,2.100145,0.78460944,0.0,0.0,0.23084578,2.764249,0.28326583
C000747,0.0,3.652942,0.0,3.2722316,0.0,0.0,0.0,0.93068993,3.2230725,0.0,0.0,0.0,0.0,0.0,3.5276635,0.0,0.09667015,0.0,0.0,3.00024,1.8970795,0.0,0.4597587,2.7491257,0.0,3.0193172,0.11015605,0.0,0.0,3.7796488,3.2771857,0.3467144,0.0,3.233212,1.8321475,0.0,0.0,2.6120832,0.33233744,1.1758981,0.0,0.9120133,3.7039661,2.6107821,2.9319837,0.0,0.0,0.29864958,0.75759465,1.2417296,0.0,0.0,2.281098,1.0898077,0.0,4.014178,0.0,1.8436326,0.9942806,0.0,0.0,0.0,2.707361,0.24753171,0.0,3.5801716,0.38760263,3.2020783,1.2681038,0.0,0.0,1.4772172,2.7960587,0.0,0.0,0.0,0.25027826,0.3141053,3.3527591,0.07860677,0.50346375,0.17718342,0.9034847,2.8997893,1.9716511,0.020137709,1.1581959,3.0896997,0.0,3.6239955,0.027539013,0.0,0.0,3.9450884,3.5591555,0.80483055,0.18583165,3.6654606,1.6082354,0.6653013,0.46093655,2.7361255,0.75747436,1.7904936,0.0,1.2947721,4.0579214,2.7455735,2.5998137,0.13486962,0.0,0.9439247,1.6785314,1.0795443,0.0,0.0,2.187382,1.6063417,0.0,4.1676164,0.0,3.093752,1.22963,0.0,0.20941943,0.9552257,3.1554852,1.2834723
C000748,0.0,5.3598413,0.0,4.616248,0.0,0.0,0.0,1.6095928,4.579143,0.0,0.0,0.0,0.0,0.0,5.1125546,0.0,0.2840252,0.0,0.0,4.239031,2.7836053,0.0,0.54288125,3.8784797,0.0,4.3215804,0.12448905,0.0,0.0,5.4313593,4.6707053,0.57014066,0.0,4.6618876,2.762447,0.0,0.0,3.7247481,0.38174075,1.8787977,0.0,1.5370854,5.2044034,3.5896854,4.3263035,0.0,0.0,0.6253228,1.2384818,1.8709615,0.0,0.0,3.2618294,1.5122188,0.0,5.664124,0.0,2.9400327,1.6693242,0.0,0.0,0.0,3.9952252,0.5492611,0.0,5.3598413,0.0,4.616248,0.0,0.0,0.0,1.6095928,4.579143,0.0,0.0,0.0,0.0,0.0,5.1125546,0.0,0.2840252,0.0,0.0,4.239031,2.7836053,0.0,0.54288125,3.8784797,0.0,4.3215804,0.12448905,0.0,0.0,5.4313593,4.6707053,0.57014066,0.0,4.6618876,2.762447,0.0,0.0,3.7247481,0.38174075,1.8787977,0.0,1.5370854,5.2044034,3.5896854,4.3263035,0.0,0.0,0.6253228,1.2384818,1.8709615,0.0,0.0,3.2618294,1.5122188,0.0,5.664124,0.0,2.9400327,1.6693242,0.0,0.0,0.0,3.9952252,0.5492611
C000749,0.0,2.9181216,0.0,2.751298,0.0,0.0,0.0,0.70699817,2.5957994,0.0,0.0,0.0,0.0,0.0,2.8717508,0.0,0.029231109,0.0,0.0,2.454981,1.5340259,0.0,0.4665962,2.193822,0.0,2.334755,0.11700358,0.0,0.0,3.030189,2.7313695,0.12665778,0.0,2.5205894,1.2426236,0.0,0.0,2.1123931,0.40242094,0.7777879,0.0,0.51004845,3.1955068,2.230227,2.308679,0.0,0.0,0.041590873,0.49705172,0.9709737,0.0,0.0,1.8253654,0.85859835,0.0,3.3970637,0.0,1.3279338,0.61827105,0.0,0.0,0.009063922,2.0703385,0.019258924,0.0,3.6101837,0.0,3.5624027,0.5449874,0.0,0.0,0.5114488,2.9457242,0.0,0.0,0.0,0.0,0.0,3.5794637,0.0,0.014615554,0.0,0.27224892,3.0001564,1.6573172,0.0,1.2658511,2.9048162,0.0,3.0638273,0.05850179,0.0,0.0,3.9075778,3.8341792,0.5284414,0.0,3.6825898,1.2576516,0.020633206,0.0,2.7331016,1.0332354,0.77968454,0.0,0.6554892,4.378736,3.0039086,2.8830845,0.0,0.0,0.020795437,1.1379633,0.50477874,0.0,0.0,2.2359154,1.4278696,0.0,4.5569353,0.0,2.0227838,0.6274329,0.0,0.0,0.2783588,2.751615,0.043437842
C000750,0.0,2.693527,0.37668258,3.1461957,1.3408858,0.0,0.0,0.8232343,2.123465,0.0,0.0,0.0,0.06700778,0.0,2.8864465,0.0,0.10329585,0.7674058,1.3624253,2.6581156,1.5443394,0.0,1.842197,2.795197,0.0,3.0324001,0.0,0.0,0.0,3.5317445,3.3038175,0.4477628,0.0,3.6354318,1.1537405,1.168708,0.39649895,2.383308,1.6752787,0.9454922,0.0,0.80176055,3.784502,2.8289695,2.2242894,0.0,0.0,0.41871324,1.0154722,0.7381752,0.0,0.0,1.8709948,1.7569005,0.0,4.199686,0.0,2.4765458,0.45458868,0.0,0.0,1.0898823,2.1281896,0.7436498,0.0,2.4966688,0.33571434,2.3918107,0.86831975,0.0,0.0,1.5698519,2.043581,0.0,0.0,0.0,0.34406152,0.46008444,2.3348982,0.0,0.79957837,0.25580195,0.7123747,2.0917618,1.8313991,0.014392682,0.67927355,2.2687616,0.0,2.680158,0.0,0.0,0.0,2.940543,2.3160226,0.14925426,0.10470752,2.3733463,1.4751877,0.8468759,0.25330067,2.1349866,0.5672474,1.577536,0.0,0.9369802,2.7991202,1.8455728,1.7772139,0.018524962,0.020801036,0.96779186,0.62012476,1.4813347,0.0,0.0,1.6119285,1.1969517,0.0,2.9530227,0.0,2.33214,0.9741185,0.0,0.27787584,0.6354556,1.9040852,1.2099781
C000751,0.0,5.1719646,0.0,4.483232,0.0,0.0,0.0,1.494397,4.431928,0.0,0.0,0.0,0.0,0.0,4.944562,0.0,0.21410017,0.0,0.0,4.1032906,2.6543455,0.0,0.56954753,3.7479706,0.0,4.117673,0.13112259,0.0,0.0,5.2333393,4.5499883,0.5148298,0.0,4.4879475,2.5963287,0.0,0.0,3.6012723,0.42493197,1.7452637,0.0,1.402808,5.076772,3.504819,4.183442,0.0,0.0,0.5173289,1.1610245,1.7578404,0.0,0.0,3.1594954,1.464017,0.0,5.5209675,0.0,2.754617,1.5455703,0.0,0.0,0.0,3.8106258,0.4368088,0.0,5.1719646,0.0,4.483232,0.0,0.0,0.0,1.494397,4.431928,0.0,0.0,0.0,0.0,0.0,4.944562,0.0,0.21410017,0.0,0.0,4.1032906,2.6543455,0.0,0.56954753,3.7479706,0.0,4.117673,0.13112259,0.0,0.0,5.2333393,4.5499883,0.5148298,0.0,4.4879475,2.5963287,0.0,0.0,3.6012723,0.42493197,1.7452637,0.0,1.402808,5.076772,3.504819,4.183442,0.0,0.0,0.5173289,1.1610245,1.7578404,0.0,0.0,3.1594954,1.464017,0.0,5.5209675,0.0,2.754617,1.5455703,0.0,0.0,0.0,3.8106258,0.4368088
C000752,0.0,4.6711755,0.0,4.1321087,0.0,0.0,0.0,1.2967612,4.0125737,0.0,0.0,0.0,0.0,0.0,4.4840894,0.0,0.11891499,0.0,0.0,3.7499034,2.3751965,0.0,0.61289674,3.396669,0.0,3.6470957,0.14580995,0.0,0.0,4.7230945,4.208521,0.34497592,0.0,4.005937,2.1660519,0.0,0.0,3.2791052,0.48450363,1.4850314,0.0,1.0904719,4.745928,3.2735968,3.7641635,0.0,0.0,0.31250042,0.96931064,1.5395072,0.0,0.0,2.8459854,1.3164245,0.0,5.1011653,0.0,2.357296,1.249969,0.0,0.0,0.0,3.3426545,0.26232406,0.0,4.6711755,0.0,4.1321087,0.0,0.0,0.0,1.2967612,4.0125737,0.0,0.0,0.0,0.0,0.0,4.4840894,0.0,0.11891499,0.0,0.0,3.7499034,2.3751965,0.0,0.61289674,3.396669,0.0,3.6470957,0.14580995,0.0,0.0,4.7230945,4.208521,0.34497592,0.0,4.005937,2.1660519,0.0,0.0,3.2791052,0.48450363,1.4850314,0.0,1.0904719,4.745928,3.2735968,3.7641635,0.0,0.0,0.31250042,0.96931064,1.5395072,0.0,0.0,2.8459854,1.3164245,0.0,5.1011653,0.0,2.357296,1.249969,0.0,0.0,0.0,3.3426545,0.26232406
C000753,0.0,4.9106903,0.0,4.300963,0.0,0.0,0.0,1.3791767,4.2158093,0.0,0.0,0.0,0.0,0.0,4.7044935,0.0,0.15785436,0.0,0.0,3.9206975,2.5011885,0.0,0.59680986,3.5690007,0.0,3.8655152,0.1392026,0.0,0.0,4.9690547,4.375079,0.42668068,0.0,4.241102,2.3696866,0.0,0.0,3.435846,0.46065027,1.6025869,0.0,1.2348424,4.904898,3.3874612,3.9682565,0.0,0.0,0.40254334,1.059376,1.6367652,0.0,0.0,3.000523,1.3919424,0.0,5.3023477,0.0,2.5360367,1.3864878,0.0,0.0,0.0,3.5647528,0.3335089,0.0,4.9106903,0.0,4.300963,0.0,0.0,0.0,1.3791767,4.2158093,0.0,0.0,0.0,0.0,0.0,4.7044935,0.0,0.15785436,0.0,0.0,3.9206975,2.5011885,0.0,0.59680986,3.5690007,0.0,3.8655152,0.1392026,0.0,0.0,4.9690547,4.375079,0.42668068,0.0,4.241102,2.3696866,0.0,0.0,3.435846,0.46065027,1.6025869,0.0,1.2348424,4.904898,3.3874612,3.9682565,0.0,0.0,0.40254334,1.059376,1.6367652,0.0,0.0,3.000523,1.3919424,0.0,5.3023477,0.0,2.5360367,1.3864878,0.0,0.0,0.0,3.5647528,0.3335089
C000754,0.0,4.365396,0.0,3.930901,0.0,0.0,0.0,1.1732485,3.7636876,0.0,0.0,0.0,0.0,0.0,4.214825,0.0,0.050368816,0.0,0.0,3.5322993,2.2068186,0.0,0.64657336,3.1817873,0.0,3.3572855,0.1566275,0.0,0.0,4.42352,4.010731,0.23750108,0.0,3.7197547,1.902455,0.0,0.0,3.0913744,0.5385255,1.3199968,0.0,0.89876294,4.568469,3.141261,3.5117688,0.0,0.0,0.18718593,0.84615463,1.4058892,0.0,0.0,2.6582088,1.223271,0.0,4.8748875,0.0,2.1157603,1.0688256,0.0,0.0,0.0,3.0660133,0.15126653,0.0,4.365396,0.0,3.930901,0.0,0.0,0.0,1.1732485,3.7636876,0.0,0.0,0.0,0.0,0.0,4.214825,0.0,0.050368816,0.0,0.0,3.5322993,2.2068186,0.0,0.64657336,3.1817873,0.0,3.3572855,0.1566275,0.0,0.0,4.42352,4.010731,0.23750108,0.0,3.7197547,1.902455,0.0,0.0,3.0913744,0.5385255,1.3199968,0.0,0.89876294,4.568469,3.141261,3.5117688,0.0,0.0,0.18718593,0.84615463,1.4058892,0.0,0.0,2.6582088,1.223271,0.0,4.8748875,0.0,2.1157603,1.0688256,0.0,0.0,0.0,3.0660133,0.15126653
C000755,0.0,1.8165358,0.0,1.8235604,0.13172613,0.0,0.0,0.45948464,1.7160352,0.0,0.0,0.0,0.0,0.0,1.8422892,0.0,0.07683156,0.0,0.0,1.6404736,1.0611835,0.0,0.30113205,1.4714466,0.0,1.572293,0.07268181,0.0,0.0,2.031548,1.7397271,0.06256584,0.0,1.5476452,0.8102428,0.0,0.0,1.4080452,0.21637249,0.4819631,0.0,0.28556842,2.0801685,1.4777555,1.3890944,0.0,0.0,0.022450935,0.27129918,0.7206259,0.0,0.0,1.1950902,0.6048187,0.0,2.2295976,0.0,0.85524434,0.3326938,0.0,0.0,0.04762469,1.3584079,0.058002613,0.0,2.909363,0.17352813,2.7363408,0.8483386,0.0,0.0,0.7225386,2.321434,0.0,0.0,0.0,0.0,0.0057811253,2.8393216,0.0,0.1567848,0.0,0.54855776,2.4317994,1.53912,0.0,1.0633242,2.544372,0.0,2.715132,0.018170452,0.0,0.0,3.3721783,2.978447,0.48937654,0.0,2.9301322,1.181886,0.30009505,0.076426014,2.2847717,0.786037,1.033575,0.0,0.7715152,3.4689429,2.2469163,2.1150901,0.0,0.0,0.38818467,1.1089829,0.6451342,0.0,0.0,1.8200339,1.3972508,0.0,3.6191092,0.0,2.097138,0.71189415,0.0,0.0,0.51722383,2.3757694,0.5358456
C000756,0.0,2.8551934,0.0,2.7102752,0.0,0.0,0.0,0.72089994,2.5442889,0.0,0.0,0.0,0.0,0.0,2.8165767,0.0,0.03368041,0.0,0.0,2.4090748,1.5214872,0.0,0.46037304,2.1605737,0.0,2.2818904,0.11642235,0.0,0.0,2.9732928,2.691745,0.09390941,0.0,2.4346004,1.1948864,0.0,0.0,2.078088,0.3953739,0.77335745,0.0,0.47928038,3.1406927,2.1838608,2.2554042,0.0,0.0,0.036091786,0.47723073,0.9705727,0.0,0.0,1.7902752,0.839815,0.0,3.3432102,0.0,1.3104246,0.5916152,0.0,0.0,0.021575987,2.0104055,0.035859272,0.0,2.5184815,1.1258823,2.0652745,2.1366835,0.0,0.0,3.0387213,2.0436594,0.0074309143,0.0,0.0,1.5161291,1.6601154,2.2874346,0.6618038,2.102272,1.241916,1.6987382,2.003447,2.8386023,0.7973578,0.5562154,2.4304616,0.0,3.7163827,0.012935816,0.6201256,0.0,2.928235,2.1925964,0.26031446,1.0121387,2.2469265,1.8136544,1.8273863,1.6632681,2.1689968,0.48305246,2.9766216,0.009277078,1.9095162,2.6600783,1.6882607,1.696896,0.9366505,0.25105163,2.1317153,0.98416775,2.7483733,0.0,0.0,1.4761853,1.3390597,0.0,2.796101,0.5621055,3.7592824,1.9927979,0.0,1.5743295,1.5501466,2.351337,2.8128607
C000757,0.0,2.8151157,0.0,2.6831074,0.0,0.0,0.0,0.738363,2.5051842,0.0,0.0,0.0,0.0,0.0,2.7794955,0.0,0.046459638,0.0,0.0,2.3742516,1.5117323,0.0,0.45100993,2.1451514,0.0,2.252348,0.11418327,0.0,0.0,2.935896,2.6586263,0.07603294,0.0,2.3820076,1.1727774,0.0,0.0,2.0586305,0.38114175,0.77774805,0.0,0.46710327,3.094849,2.1484675,2.2172236,0.0,0.0,0.041093793,0.46897203,0.97326756,0.0,0.0,1.7710078,0.8236154,0.0,3.292647,0.0,1.3102825,0.5788292,0.0,0.0,0.023003176,1.9704185,0.056820437,0.0,2.094725,2.349122,1.7587723,3.8128653,0.0,0.0,5.3832645,1.4190007,0.6041217,0.0,0.0,3.5479484,3.6391132,1.6277825,2.0529692,4.0869975,2.973962,3.4486876,1.5564722,4.115963,2.389231,0.75660497,2.4523787,0.0,4.8096824,0.028545817,2.4959257,0.0,2.2708187,1.7599839,0.019008234,2.67969,1.6780055,2.2461605,3.9288237,3.714211,2.1168187,0.3452316,4.745984,0.24671409,2.9610763,2.2877285,1.247214,1.3754463,2.393806,0.43943995,3.7766252,0.47014245,4.6463118,0.0,0.0,1.0301577,1.5762608,0.0,2.3530493,2.5133271,5.100217,3.0330486,0.0,3.9255314,3.0848186,1.8205297,4.9204206
C000758,0.0,3.6863384,0.4467954,4.095523,1.459895,0.0,0.0,0.9930783,2.8785734,0.0,0.0,0.0,0.0,0.0,3.979104,0.0,0.0,0.69056946,1.4655674,3.4156005,1.8340975,0.0,2.1600752,3.5761518,0.0,3.7690792,0.0,0.0,0.0,4.617267,4.442567,0.79175764,0.0,4.990687,1.5291685,1.222997,0.14288482,3.2152407,2.077181,1.220073,0.0,1.1755786,5.041692,3.783634,3.1392393,0.0,0.0,0.5947892,1.6267636,0.77924085,0.0,0.0,2.5736518,2.2389302,0.0,5.536626,0.0,3.1363146,0.7626108,0.0,0.0,1.2145393,3.1125894,0.8571271,0.0,2.7778845,0.6458785,2.529853,1.2315234,0.0,0.0,2.1482956,2.2456138,0.0,0.0,0.0,0.7328066,0.7986069,2.6210115,0.20745511,1.2436978,0.6201617,1.0353185,2.2891076,2.3096883,0.3591104,0.71423596,2.5311081,0.0,3.267599,0.0013279878,0.15075578,0.0,3.2344558,2.529259,0.24010901,0.44594714,2.6145735,1.8107327,1.2517027,0.7858086,2.375335,0.6635613,2.172705,0.0,1.4541408,3.0178921,2.0157292,2.012295,0.3665471,0.07887492,1.4050912,0.857121,1.9672202,0.0,0.0,1.6956736,1.4045104,0.0,3.27554,0.10671204,2.9847806,1.4468756,0.0,0.7182118,0.9261522,2.3530552,1.8514127
C000759,0.0,3.066746,0.0,2.9805863,0.4994889,0.0,0.0,0.064695,2.5440285,0.0,0.0,0.0,0.0,0.0,3.026416,0.0,0.0,0.0,0.3851367,2.6421325,1.3151503,0.0,1.4759765,2.7661142,0.0,2.576336,0.0,0.0,0.0,3.3572834,3.3415089,0.3831537,0.0,3.3035636,0.9224567,0.0,0.0,2.3217103,1.2815068,0.6448771,0.0,0.30561447,3.778832,2.724137,2.4956667,0.0,0.0,0.0,0.8770653,0.28185555,0.0,0.0,1.8174636,1.4395621,0.0,4.2533054,0.0,1.5785601,0.3138995,0.0,0.0,0.38132,2.0093973,0.0,0.0,2.4188735,0.18051423,2.2765405,0.6900855,0.0,0.0,0.7783529,2.0521433,0.0,0.0,0.0,0.19374509,0.1530924,2.354048,0.0,0.36915562,0.082278274,0.47726083,2.0531206,1.475906,0.0,0.87892646,2.2209253,0.0,2.3705854,0.0,0.0,0.0,2.8684673,2.3642461,0.27893093,0.0,2.3491068,1.0969437,0.37135157,0.12920175,1.9765462,0.6575485,1.0878731,0.0,0.65586203,2.821864,1.8588715,1.8075771,0.011881414,0.010768543,0.5062621,0.72440785,0.84366107,0.0,0.0,1.4414018,1.2308204,0.0,3.128605,0.0,1.8380976,0.6291782,0.0,0.0,0.40388146,1.7918102,0.6466184
C000760,0.0,3.1953294,0.0,2.9451118,0.0,0.0,0.0,0.76809156,2.8360386,0.0,0.0,0.0,0.0,0.0,3.1246061,0.0,0.042477753,0.0,0.0,2.6641953,1.6545904,0.0,0.46664202,2.4014244,0.0,2.591319,0.11648492,0.0,0.0,3.3061824,2.9381726,0.22330263,0.0,2.8031168,1.4638158,0.0,0.0,2.3008518,0.37844875,0.9126301,0.0,0.66322845,3.3906543,2.3807893,2.5467584,0.0,0.0,0.12910032,0.59818184,1.055123,0.0,0.0,2.0006888,0.94359434,0.0,3.6320043,0.0,1.5122077,0.7563493,0.0,0.0,0.0,2.3169687,0.08745569,0.0,2.7866826,0.79273546,2.404644,1.7120848,0.0,0.0,2.4757016,2.2859054,0.0,0.0,0.0,1.0419068,1.1420311,2.5643916,0.4755365,1.5047443,0.7488111,1.2972499,2.2429738,2.4245155,0.52802485,0.76907086,2.4971974,0.0,3.5910263,0.023296984,0.39628476,0.0,3.1377807,2.634669,0.39506173,0.8253805,2.547714,1.680587,1.3081543,1.15625,2.3186083,0.549437,2.3876803,0.0,1.5495974,3.1499271,1.9870151,1.9400047,0.6999556,0.13371667,1.563998,1.1147976,2.0656946,0.0,0.0,1.7190964,1.3589216,0.0,3.1446934,0.3506946,3.269312,1.6441704,0.0,1.0616512,1.2569135,2.5133486,2.135302
C000761,0.0,2.6732304,0.0,2.5814018,0.0035916641,0.0,0.0,0.8041901,2.3496118,0.0,0.0,0.0,0.0,0.0,2.638514,0.0,0.10613562,0.0,0.0,2.2358122,1.465333,0.0,0.40781862,2.099083,0.0,2.1623383,0.094178684,0.0,0.0,2.768384,2.5238948,0.037072927,0.0,2.2046413,1.104414,0.0,0.0,1.9992789,0.31206024,0.8150428,0.0,0.43940204,2.9081032,2.0276022,2.0752246,0.0,0.0,0.08423756,0.44855815,0.96706486,0.0,0.0,1.6981302,0.7573304,0.0,3.0617611,0.0,1.3355076,0.5476947,0.0,0.0,0.016839497,1.8321085,0.14127623,0.0,3.5211887,0.11036964,3.4690294,0.6561764,0.0,0.0,0.9110297,2.867796,0.0,0.0,0.0,0.0,0.0,3.5108078,0.0,0.05306781,0.0,0.37700525,2.889789,1.8777692,0.0,1.1046768,2.933379,0.0,3.2978346,0.047089342,0.0,0.0,3.9942698,3.6215415,0.52660817,0.0,3.6022413,1.5110068,0.29214087,0.0,2.767051,0.8080577,1.0417317,0.0,0.963604,4.17152,2.7694738,2.7258728,0.0,0.0,0.319756,1.1746048,0.8682228,0.0,0.0,2.2628932,1.444254,0.0,4.342385,0.0,2.4783235,0.86050117,0.0,0.0,0.32596067,2.853497,0.42691758
C000762,0.0,5.07775,0.0,4.419758,0.0,0.0,0.0,1.4447359,4.3565764,0.0,0.0,0.0,0.0,0.0,4.8604884,0.0,0.18976656,0.0,0.0,4.0375113,2.59401,0.0,0.58173215,3.685242,0.0,4.0227776,0.13439447,0.0,0.0,5.1387243,4.489235,0.4841375,0.0,4.403348,2.512756,0.0,0.0,3.5437078,0.44164065,1.6871576,0.0,1.3397741,5.0171843,3.46518,4.108858,0.0,0.0,0.47038698,1.1237433,1.7091242,0.0,0.0,3.1054587,1.4398807,0.0,5.443994,0.0,2.669736,1.4856623,0.0,0.0,0.0,3.7228658,0.38978177,0.0,5.07775,0.0,4.419758,0.0,0.0,0.0,1.4447359,4.3565764,0.0,0.0,0.0,0.0,0.0,4.8604884,0.0,0.18976656,0.0,0.0,4.0375113,2.59401,0.0,0.58173215,3.685242,0.0,4.0227776,0.13439447,0.0,0.0,5.1387243,4.489235,0.4841375,0.0,4.403348,2.512756,0.0,0.0,3.5437078,0.44164065,1.6871576,0.0,1.3397741,5.0171843,3.46518,4.108858,0.0,0.0,0.47038698,1.1237433,1.7091242,0.0,0.0,3.1054587,1.4398807,0.0,5.443994,0.0,2.669736,1.4856623,0.0,0.0,0.0,3.7228658,0.38978177
C000763,0.0,3.1102555,0.0,2.8847303,0.0,0.0,0.0,0.7441392,2.7604334,0.0,0.0,0.0,0.0,0.0,3.0473864,0.0,0.035156757,0.0,0.0,2.5985346,1.6116543,0.0,0.4676482,2.3380005,0.0,2.51091,0.11664794,0.0,0.0,3.2191968,2.8737857,0.19643086,0.0,2.7215505,1.396606,0.0,0.0,2.243303,0.38652444,0.86839205,0.0,0.61608875,3.3312075,2.3365622,2.4738157,0.0,0.0,0.101111025,0.56663615,1.0242672,0.0,0.0,1.9486444,0.9153342,0.0,3.5576372,0.0,1.4531578,0.71318483,0.0,0.0,0.0,2.2414677,0.06375632,0.0,3.989193,0.0,3.798036,0.54827726,0.0,0.0,0.70212424,3.2532687,0.0,0.0,0.0,0.0,0.0,3.9306479,0.0,0.017578378,0.0,0.27393624,3.266894,1.8651454,0.0,1.2360805,3.1579247,0.0,3.3827744,0.05832397,0.0,0.0,4.291757,4.0738187,0.6827328,0.0,4.088761,1.5582902,0.08583702,0.0,3.011424,0.99079573,1.0244911,0.0,0.8980613,4.559213,3.1697783,3.1920419,0.0,0.0,0.22204576,1.3399942,0.6628406,0.0,0.0,2.4432456,1.5965145,0.0,4.858829,0.0,2.3609893,0.8457918,0.0,0.0,0.25013196,3.0987039,0.24647278
C000764,0.0,5.3598413,0.0,4.616248,0.0,0.0,0.0,1.6095928,4.579143,0.0,0.0,0.0,0.0,0.0,5.1125546,0.0,0.2840252,0.0,0.0,4.239031,2.7836053,0.0,0.54288125,3.8784797,0.0,4.3215804,0.12448905,0.0,0.0,5.4313593,4.6707053,0.57014066,0.0,4.6618876,2.762447,0.0,0.0,3.7247481,0.38174075,1.8787977,0.0,1.5370854,5.2044034,3.5896854,4.3263035,0.0,0.0,0.6253228,1.2384818,1.8709615,0.0,0.0,3.2618294,1.5122188,0.0,5.664124,0.0,2.9400327,1.6693242,0.0,0.0,0.0,3.9952252,0.5492611,0.0,5.3598413,0.0,4.616248,0.0,0.0,0.0,1.6095928,4.579143,0.0,0.0,0.0,0.0,0.0,5.1125546,0.0,0.2840252,0.0,0.0,4.239031,2.7836053,0.0,0.54288125,3.8784797,0.0,4.3215804,0.12448905,0.0,0.0,5.4313593,4.6707053,0.57014066,0.0,4.6618876,2.762447,0.0,0.0,3.7247481,0.38174075,1.8787977,0.0,1.5370854,5.2044034,3.5896854,4.3263035,0.0,0.0,0.6253228,1.2384818,1.8709615,0.0,0.0,3.2618294,1.5122188,0.0,5.664124,0.0,2.9400327,1.6693242,0.0,0.0,0.0,3.9952252,0.5492611
C000765,0.0,4.8124,0.0,4.662991,0.755528,0.0,0.0,0.23974514,3.7705488,0.0,0.0,0.0,0.0,0.0,4.7904453,0.0,0.0,0.0,0.22174023,4.1754065,2.00694,0.0,2.042419,4.085203,0.0,4.175588,0.0,0.0,0.0,5.305691,5.261496,0.8341244,0.0,5.2191043,1.591978,0.0,0.0,3.7227387,1.7703819,0.88938886,0.0,0.8690469,6.0974402,4.271358,3.990943,0.0,0.0,0.0,1.6585125,0.4326212,0.0,0.0,3.0262823,1.975847,0.0,6.360728,0.0,2.7065628,0.7568955,0.0,0.0,0.4627887,3.5571628,0.0,0.0,3.4570827,0.0,3.3394425,0.49792153,0.0,0.0,0.59162587,2.8735347,0.0,0.0,0.0,0.0,0.0,3.456427,0.0,0.1372371,0.0,0.110870115,2.968123,1.716533,0.0,1.1630619,2.874822,0.0,3.0396364,0.0010094568,0.0,0.0,3.8582628,3.5904336,0.4170622,0.0,3.3979948,1.2986844,0.018977799,0.0,2.6949768,0.9829358,0.88942164,0.0,0.67219234,4.236838,2.8782024,2.7837393,0.0,0.0016895346,0.13003196,0.9937233,0.74601763,0.0,0.0,2.2061317,1.3709451,0.0,4.4359856,0.0,1.9996811,0.66206944,0.0,0.0,0.3124711,2.569491,0.19154692
C000766,0.0,4.991828,0.0,4.3593183,0.0,0.0,0.0,1.4074498,4.2850237,0.0,0.0,0.0,0.0,0.0,4.780303,0.0,0.1712386,0.0,0.0,3.9779902,2.543917,0.0,0.5911205,3.6273685,0.0,3.9392896,0.13687241,0.0,0.0,5.053466,4.431791,0.45418775,0.0,4.321529,2.4390233,0.0,0.0,3.4897325,0.45326936,1.6420499,0.0,1.2839893,4.960003,3.4263883,4.0380507,0.0,0.0,0.43265262,1.0896341,1.6699125,0.0,0.0,3.053471,1.4175625,0.0,5.3716235,0.0,2.597031,1.4328427,0.0,0.0,0.0,3.6407344,0.35724187,0.0,4.991828,0.0,4.3593183,0.0,0.0,0.0,1.4074498,4.2850237,0.0,0.0,0.0,0.0,0.0,4.780303,0.0,0.1712386,0.0,0.0,3.9779902,2.543917,0.0,0.5911205,3.6273685,0.0,3.9392896,0.13687241,0.0,0.0,5.053466,4.431791,0.45418775,0.0,4.321529,2.4390233,0.0,0.0,3.4897325,0.45326936,1.6420499,0.0,1.2839893,4.960003,3.4263883,4.0380507,0.0,0.0,0.43265262,1.0896341,1.6699125,0.0,0.0,3.053471,1.4175625,0.0,5.3716235,0.0,2.597031,1.4328427,0.0,0.0,0.0,3.6407344,0.35724187
C000767,0.0,4.991828,0.0,4.3593183,0.0,0.0,0.0,1.4074498,4.2850237,0.0,0.0,0.0,0.0,0.0,4.780303,0.0,0.1712386,0.0,0.0,3.9779902,2.543917,0.0,0.5911205,3.6273685,0.0,3.9392896,0.13687241,0.0,0.0,5.053466,4.431791,0.45418775,0.0,4.321529,2.4390233,0.0,0.0,3.4897325,0.45326936,1.6420499,0.0,1.2839893,4.960003,3.4263883,4.0380507,0.0,0.0,0.43265262,1.0896341,1.6699125,0.0,0.0,3.053471,1.4175625,0.0,5.3716235,0.0,2.597031,1.4328427,0.0,0.0,0.0,3.6407344,0.35724187,0.0,4.991828,0.0,4.3593183,0.0,0.0,0.0,1.4074498,4.2850237,0.0,0.0,0.0,0.0,0.0,4.780303,0.0,0.1712386,0.0,0.0,3.9779902,2.543917,0.0,0.5911205,3.6273685,0.0,3.9392896,0.13687241,0.0,0.0,5.053466,4.431791,0.45418775,0.0,4.321529,2.4390233,0.0,0.0,3.4897325,0.45326936,1.6420499,0.0,1.2839893,4.960003,3.4263883,4.0380507,0.0,0.0,0.43265262,1.0896341,1.6699125,0.0,0.0,3.053471,1.4175625,0.0,5.3716235,0.0,2.597031,1.4328427,0.0,0.0,0.0,3.6407344,0.35724187
C000768,0.0,2.9468412,0.08230081,2.955934,0.9871506,0.0,0.0,0.0,2.198063,0.0,0.0,0.0,0.0,0.0,3.0649145,0.0,0.0,0.0,0.7186636,2.6503787,1.2147471,0.0,1.4554302,2.7045941,0.0,2.633685,0.0,0.0,0.0,2.9724755,3.4843848,1.0638554,0.0,3.6351871,0.60680217,0.050338358,0.0,2.3486338,1.3855388,0.5204757,0.0,0.40065813,3.6622484,2.981003,2.3589482,0.0,0.0,0.11619038,1.6150261,0.0,0.0,0.0,1.7813569,1.4968802,0.0,3.8932261,0.0,1.9628108,0.43867692,0.0,0.0,0.6994055,2.3561053,0.33394048,0.0,2.8198552,0.33966804,2.498824,1.1150223,0.0,0.0,1.4192437,2.3776124,0.0,0.0,0.0,0.34389958,0.32261106,2.7371426,0.02631695,0.71800786,0.26284033,0.76899976,2.3458092,1.8729132,0.087464586,0.85572064,2.5530105,0.0,3.1201344,0.00076020934,0.04348492,0.0,3.321787,2.7303264,0.5856539,0.20142113,2.768317,1.3994211,0.644227,0.45841,2.2498853,0.6231378,1.6864903,0.0,1.1523724,3.2063966,2.1153815,2.0789723,0.14832042,0.024472322,0.94071686,1.1546401,1.397373,0.0,0.0,1.7798746,1.3251851,0.0,3.3585455,0.0028052542,2.6507306,1.1613095,0.0,0.22505638,0.75332683,2.470457,1.2644942
C000769,0.0,5.07775,0.0,4.419758,0.0,0.0,0.0,1.4447359,4.3565764,0.0,0.0,0.0,0.0,0.0,4.8604884,0.0,0.18976656,0.0,0.0,4.0375113,2.59401,0.0,0.58173215,3.685242,0.0,4.0227776,0.13439447,0.0,0.0,5.1387243,4.489235,0.4841375,0.0,4.403348,2.512756,0.0,0.0,3.5437078,0.44164065,1.6871576,0.0,1.3397741,5.0171843,3.46518,4.108858,0.0,0.0,0.47038698,1.1237433,1.7091242,0.0,0.0,3.1054587,1.4398807,0.0,5.443994,0.0,2.669736,1.4856623,0.0,0.0,0.0,3.7228658,0.38978177,0.0,5.07775,0.0,4.419758,0.0,0.0,0.0,1.4447359,4.3565764,0.0,0.0,0.0,0.0,0.0,4.8604884,0.0,0.18976656,0.0,0.0,4.0375113,2.59401,0.0,0.58173215,3.685242,0.0,4.0227776,0.13439447,0.0,0.0,5.1387243,4.489235,0.4841375,0.0,4.403348,2.512756,0.0,0.0,3.5437078,0.44164065,1.6871576,0.0,1.3397741,5.0171843,3.46518,4.108858,0.0,0.0,0.47038698,1.1237433,1.7091242,0.0,0.0,3.1054587,1.4398807,0.0,5.443994,0.0,2.669736,1.4856623,0.0,0.0,0.0,3.7228658,0.38978177
C000770,0.0,5.2595344,0.16973741,4.8524,0.9989246,0.0,0.0,1.2735564,4.21624,0.0,0.0,0.0,0.0,0.0,4.9334855,0.0,0.0,0.0,0.34725463,4.340067,2.311065,0.0,1.8133085,4.253007,0.0,4.9018893,0.0,0.0,0.0,5.906764,5.478851,1.4025986,0.0,5.4823933,2.2261314,0.07092452,0.0,3.7743337,1.0955751,1.6823287,0.0,1.7739747,5.9581795,4.103196,4.0154834,0.0,0.0,0.5678886,2.3200426,0.80549043,0.0,0.0,3.4144888,1.9912767,0.0,5.98714,0.0,3.8877378,1.4553034,0.0,0.0,0.68160945,4.6396847,0.6554874,0.0,3.529131,0.104729734,3.234762,0.8515962,0.0,0.0,1.0629605,2.8860233,0.0,0.0,0.0,0.06943246,0.124509364,3.4240525,0.0,0.2852717,0.015898714,0.4075273,2.950393,1.8894702,0.0,1.1030203,2.948244,0.0,3.4229572,0.0,0.0,0.0,3.9752195,3.5723763,0.7461174,0.020700099,3.5062878,1.531063,0.25228426,0.06211606,2.7420433,0.8257305,1.4242254,0.0,1.1346251,4.0760603,2.7789536,2.7179317,0.0052068457,0.023983108,0.54708403,1.4071194,0.9656007,0.0,0.0,2.28337,1.4428967,0.0,4.2287374,0.0,2.6724422,1.0536731,0.0,0.057681262,0.5846905,2.960184,0.80334425
C000771,0.0,2.8773003,0.0,2.7231073,0.0,0.0,0.0,0.7096353,2.5622325,0.0,0.0,0.0,0.0,0.0,2.835731,0.0,0.029441014,0.0,0.0,2.4248593,1.5234318,0.0,0.46396646,2.1697469,0.0,2.298922,0.116352595,0.0,0.0,2.9931817,2.7039912,0.10899304,0.0,2.4696655,1.2122066,0.0,0.0,2.0870957,0.40107018,0.7703993,0.0,0.4891091,3.160445,2.20163,2.2744536,0.0,0.0,0.035322543,0.4828536,0.96709204,0.0,0.0,1.8002176,0.8484526,0.0,3.3631928,0.0,1.3113046,0.6007505,0.0,0.0,0.016723223,2.0333457,0.024376737,0.0,3.692732,0.0,3.6123114,0.5189121,0.0,0.0,0.5216371,3.0197582,0.0,0.0,0.0,0.0,0.0,3.6419158,0.0,0.014720507,0.0,0.24972339,3.0591612,1.6890008,0.0,1.2902162,2.9550517,0.0,3.1232243,0.058176298,0.0,0.0,4.015932,3.8818822,0.5450328,0.0,3.7748702,1.3202714,0.03602308,0.0,2.7888217,1.0471195,0.7806387,0.0,0.7025808,4.455815,3.0408173,2.9400158,0.0,0.0,0.017661272,1.1616229,0.53487325,0.0,0.0,2.2918453,1.4751596,0.0,4.66261,0.0,2.0751925,0.66901577,0.0,0.0,0.26749632,2.8272066,0.034363635
C000772,0.0,5.290821,0.05791673,4.80863,0.75013363,0.0,0.0,0.9890105,4.3206196,0.0,0.0,0.0,0.0,0.0,5.0070596,0.0,0.0,0.0,0.12203334,4.3339705,2.1973228,0.0,1.8313851,4.3586545,0.0,4.7131653,0.0,0.0,0.0,5.758216,5.494396,1.420197,0.0,5.4330635,2.1512423,0.0,0.0,3.8248994,1.0669382,1.638463,0.0,1.5773908,5.9865746,4.1304417,4.076232,0.0,0.0,0.45195258,2.2408762,0.6536319,0.0,0.0,3.4332297,2.0271,0.0,6.01453,0.0,3.6101162,1.4033549,0.0,0.0,0.52990186,4.5895433,0.4559106,0.0,3.3898084,0.051146865,3.101525,0.79552084,0.0,0.0,0.8907177,2.819356,0.0,0.0,0.0,0.0762963,0.12670933,3.3084114,0.0,0.2744871,0.0213842,0.33895898,2.866541,1.7606791,0.0,1.1329724,2.8875468,0.0,3.2428162,0.0,0.0,0.0,3.8332603,3.4802153,0.71713096,0.038711257,3.349437,1.4307709,0.2178822,0.07716558,2.656971,0.84168583,1.3043779,0.0,0.99447155,4.0017266,2.7059212,2.6259983,0.031238893,0.01991623,0.43092492,1.2934871,0.8754322,0.0,0.0,2.2166939,1.4271946,0.0,4.1420617,0.0,2.4343045,0.9674711,0.0,0.07560397,0.5390113,2.8324852,0.6588246
C000773,0.0,3.0350235,0.0,2.8319879,0.0,0.0,0.0,0.72131735,2.6977346,0.0,0.0,0.0,0.0,0.0,2.9790163,0.0,0.027952455,0.0,0.0,2.5446718,1.575311,0.0,0.4706013,2.2793577,0.0,2.4413867,0.11822621,0.0,0.0,3.1444445,2.8196962,0.17109868,0.0,2.6468391,1.3345951,0.0,0.0,2.1911116,0.39630336,0.8265736,0.0,0.5725974,3.2845857,2.3005004,2.4107182,0.0,0.0,0.07143074,0.53807145,0.99757904,0.0,0.0,1.9006164,0.8921019,0.0,3.4975398,0.0,1.3973073,0.6726912,0.0,0.0,0.0,2.176388,0.038192514,0.0,2.573173,2.8667784,2.1439388,4.550819,0.0,0.0,6.5087996,1.6863782,0.7171933,0.0,0.0,4.215085,4.302434,1.9677814,2.520018,4.893121,3.6522532,4.1992693,1.862946,4.8979673,2.8177629,0.9236407,2.9780521,0.0,5.7643566,0.029556552,2.9214687,0.0,2.7340422,2.1655946,0.04277467,3.171224,2.2049184,2.7781296,4.821348,4.4469175,2.5838575,0.4597438,5.732664,0.31494462,3.6414866,2.708101,1.5700638,1.7593218,2.8408384,0.46538746,4.6461463,0.6319691,5.5754037,0.0,0.0,1.2642839,1.9313639,0.0,2.8926253,2.9351788,6.1736474,3.7309918,0.0,4.7809916,3.7410069,2.2816944,6.0099716
C000774,0.0,3.800822,0.013543278,3.7770884,0.8209648,0.0,0.0,0.054380685,2.871608,0.0,0.0,0.0,0.0,0.0,3.8669505,0.0,0.0,0.0,0.5951652,3.2292337,1.5799434,0.0,1.6124196,3.3504128,0.0,3.2485054,0.0,0.0,0.0,3.8891354,4.224967,1.1405923,0.0,4.572354,1.0870953,0.0,0.0,2.9833252,1.5195123,0.7921509,0.0,0.61904615,4.588717,3.62079,3.1520042,0.0,0.0,0.16242865,1.8162493,0.00056529045,0.0,0.0,2.2915633,1.7168937,0.0,5.005927,0.0,2.3084683,0.5727182,0.0,0.0,0.51763344,2.86063,0.3082001,0.0,2.9428248,0.016725168,2.768601,0.6470962,0.0,0.0,0.7675358,2.4634817,0.0,0.0,0.0,0.05732046,0.09302592,2.9495625,0.0,0.2956629,0.0,0.36957842,2.484537,1.5538646,0.0,0.89699996,2.4549036,0.0,2.7276964,0.0015148912,0.0,0.0,3.2652102,3.0090117,0.57344806,0.039284624,2.9823313,1.2306937,0.16592878,0.07037048,2.3175728,0.7455759,1.0602298,0.0,0.73291683,3.4363525,2.3864076,2.3083167,0.03669618,0.0121823745,0.35586858,1.0776576,0.734376,0.0,0.0,1.8547629,1.2875267,0.0,3.6495771,0.0,1.9980844,0.76014423,0.0,0.06508897,0.43058735,2.389051,0.544294
C000775,0.0,5.3598413,0.0,4.616248,0.0,0.0,0.0,1.6095928,4.579143,0.0,0.0,0.0,0.0,0.0,5.1125546,0.0,0.2840252,0.0,0.0,4.239031,2.7836053,0.0,0.54288125,3.8784797,0.0,4.3215804,0.12448905,0.0,0.0,5.4313593,4.6707053,0.57014066,0.0,4.6618876,2.762447,0.0,0.0,3.7247481,0.38174075,1.8787977,0.0,1.5370854,5.2044034,3.5896854,4.3263035,0.0,0.0,0.6253228,1.2384818,1.8709615,0.0,0.0,3.2618294,1.5122188,0.0,5.664124,0.0,2.9400327,1.6693242,0.0,0.0,0.0,3.9952252,0.5492611,0.0,5.3598413,0.0,4.616248,0.0,0.0,0.0,1.6095928,4.579143,0.0,0.0,0.0,0.0,0.0,5.1125546,0.0,0.2840252,0.0,0.0,4.239031,2.7836053,0.0,0.54288125,3.8784797,0.0,4.3215804,0.12448905,0.0,0.0,5.4313593,4.6707053,0.57014066,0.0,4.6618876,2.762447,0.0,0.0,3.7247481,0.38174075,1.8787977,0.0,1.5370854,5.2044034,3.5896854,4.3263035,0.0,0.0,0.6253228,1.2384818,1.8709615,0.0,0.0,3.2618294,1.5122188,0.0,5.664124,0.0,2.9400327,1.6693242,0.0,0.0,0.0,3.9952252,0.5492611
C000776,0.0,2.7980638,0.0,2.6692839,0.0,0.0,0.0,0.7422878,2.484548,0.0,0.0,0.0,0.0,0.0,2.7632759,0.0,0.052252136,0.0,0.0,2.3567827,1.5030708,0.0,0.4452862,2.1379917,0.0,2.238863,0.1120139,0.0,0.0,2.9179392,2.6401064,0.074236475,0.0,2.3656874,1.1668464,0.0,0.0,2.0483654,0.37349036,0.77878934,0.0,0.4639389,3.0702775,2.1328516,2.200032,0.0,0.0,0.044614296,0.46596497,0.97058374,0.0,0.0,1.7616062,0.81569564,0.0,3.263726,0.0,1.309417,0.57536596,0.0,0.0,0.019749463,1.954348,0.06448896,0.0,1.3100921,4.3434954,0.88009006,6.9798493,0.0,0.0,9.499388,0.97619253,1.4200814,0.0,0.0,7.3120313,7.3022566,0.9418015,4.752784,7.6496463,6.0276985,6.0058403,0.9369127,6.418655,5.4852934,0.64438677,2.1669707,0.0,6.624023,0.008000993,5.484398,0.0,1.4315768,1.0821738,0.006428833,5.383967,0.93667877,2.9533725,6.8543615,7.2385383,1.8319746,0.49040052,7.9682574,0.8357795,4.9252195,1.2903975,0.81243676,0.93458694,4.685317,1.4657967,6.5811534,0.32040048,8.383423,0.0,0.0,0.5919633,1.876922,0.0,1.5507444,5.3478317,7.594291,4.9754944,0.11937553,8.400752,5.55578,1.4827753,8.673736
C000777,0.0,3.290578,0.0,2.9990063,0.0,0.0,0.0,0.83719355,2.87663,0.0,0.0,0.0,0.0,0.0,3.1940875,0.0,0.06699903,0.0,0.0,2.6960435,1.705874,0.0,0.44808006,2.5013332,0.0,2.6724749,0.09715777,0.0,0.0,3.3869758,2.9837735,0.25619575,0.0,2.9012165,1.5694568,0.0,0.0,2.375418,0.3355381,1.0134912,0.0,0.7256306,3.384931,2.3964562,2.6148753,0.0,0.0,0.22664253,0.6334636,1.1045831,0.0,0.0,2.0735111,0.95693696,0.0,3.6494362,0.0,1.6190223,0.835284,0.0,0.0,0.0,2.370915,0.18971092,0.0,3.0991173,0.13174032,2.808899,0.54007727,0.0,0.0,0.9865485,2.5839813,0.0,0.0,0.0,0.08230039,0.15428756,3.0593174,0.0,0.36138105,0.0,0.32401228,2.5626907,1.7500257,0.0,0.70865995,2.4750834,0.0,2.832801,0.032385923,0.0,0.0,3.3729656,2.952469,0.5030505,0.010574688,2.974264,1.4717298,0.25997964,0.02712991,2.4122086,0.6256668,1.2223374,0.0,0.9283953,3.3501663,2.32444,2.3981502,0.0,0.037035316,0.53518623,1.0250998,0.9920632,0.0,0.0,1.9057674,1.2648276,0.0,3.643628,0.0,2.14581,0.96441823,0.0,0.06009136,0.31536484,2.5081756,0.6705634
C000778,0.0,1.9658633,0.65314066,2.3117201,1.4445978,0.0,0.0,1.1908005,1.5932615,0.0,0.0,0.0,1.1950355,0.9713987,1.7921852,0.0,1.0713603,1.1004341,1.5466726,1.6989135,1.6730796,0.28422862,1.3043702,2.5079622,0.0,2.6473353,0.0,0.080417514,0.0,2.5833654,2.247533,0.0,0.124128796,2.327056,1.0301375,1.2194135,1.1734653,1.5751235,1.1770921,1.3923048,0.0,0.74331564,2.346872,1.924684,1.5288173,0.39167166,0.0,1.1299827,0.38687825,1.5163649,0.0,0.0,1.2124798,1.2554843,0.0,3.0762641,0.0,2.0463815,0.6489905,0.0,0.8692446,1.162895,1.2287574,1.3147061,0.0,1.9625114,0.9264758,1.7195778,1.7974085,0.0,0.0,2.328732,1.5208472,0.0100774225,0.0,0.0,1.3612297,1.4642988,1.7648935,0.4636984,1.71577,1.093753,1.6102184,1.5586741,2.1982446,0.7029667,0.67219305,2.0534358,0.0005859457,2.9002843,0.0,0.59523904,0.0,2.3566985,1.7612493,0.092296794,0.8000013,1.7483637,1.3595291,1.6246574,1.5186981,1.7663765,0.50566477,2.278306,0.0,1.3342671,2.1026425,1.3442333,1.2403734,0.87363994,0.1499776,1.7081239,0.56139725,2.191524,0.0,0.0,1.088365,1.3140165,0.0,2.4528835,0.37727046,2.8302507,1.4612335,0.0,1.3899342,1.3679197,1.601901,2.2437804
C000779,0.0,4.594108,0.0,4.080994,0.0,0.0,0.0,1.2668654,3.9495687,0.0,0.0,0.0,0.0,0.0,4.416078,0.0,0.10367714,0.0,0.0,3.6952255,2.3321958,0.0,0.6202911,3.3414314,0.0,3.5752459,0.14837685,0.0,0.0,4.6469107,4.158209,0.3187505,0.0,3.9342623,2.0998545,0.0,0.0,3.2318428,0.49575514,1.4438144,0.0,1.0429646,4.7003064,3.2406063,3.7008202,0.0,0.0,0.28095362,0.93960404,1.5060972,0.0,0.0,2.7974977,1.2929994,0.0,5.0424576,0.0,2.2975178,1.2043599,0.0,0.0,0.0,3.2731085,0.23457666,0.0,4.594108,0.0,4.080994,0.0,0.0,0.0,1.2668654,3.9495687,0.0,0.0,0.0,0.0,0.0,4.416078,0.0,0.10367714,0.0,0.0,3.6952255,2.3321958,0.0,0.6202911,3.3414314,0.0,3.5752459,0.14837685,0.0,0.0,4.6469107,4.158209,0.3187505,0.0,3.9342623,2.0998545,0.0,0.0,3.2318428,0.49575514,1.4438144,0.0,1.0429646,4.7003064,3.2406063,3.7008202,0.0,0.0,0.28095362,0.93960404,1.5060972,0.0,0.0,2.7974977,1.2929994,0.0,5.0424576,0.0,2.2975178,1.2043599,0.0,0.0,0.0,3.2731085,0.23457666
C000780,0.0,3.5736992,0.0,3.5799806,0.8516156,0.0,0.0,0.0,2.7043014,0.0,0.0,0.0,0.0,0.0,3.6440113,0.0,0.0,0.0,0.57174855,3.0800114,1.4827911,0.0,1.613292,3.1919374,0.0,3.1279755,0.0,0.0,0.0,3.738593,4.0375996,1.0150099,0.0,4.2812676,0.9865625,0.0,0.0,2.8406181,1.4985176,0.65585977,0.0,0.53347266,4.474516,3.4521856,2.9544506,0.0,0.0,0.039462283,1.6655049,0.0,0.0,0.0,2.1787167,1.6510515,0.0,4.811594,0.0,2.1330423,0.47819787,0.0,0.0,0.5086547,2.6872535,0.1854868,0.0,3.4831407,0.016724005,3.2921448,0.67076546,0.0,0.0,0.6542805,2.8301306,0.0,0.0,0.0,0.0,0.0,3.4411404,0.0,0.11233545,0.0,0.34900865,2.8911326,1.5775152,0.0,1.1421466,2.8567097,0.0,3.075486,0.0021776159,0.0,0.0,3.7751884,3.6378858,0.7769594,0.0,3.6645527,1.3194063,0.040574405,0.0,2.6555712,0.8961649,1.0356942,0.0,0.83364123,4.0483403,2.8342626,2.7303069,0.0,0.0007825096,0.29537937,1.3967638,0.48962054,0.0,0.0,2.1785014,1.4821385,0.0,4.218147,0.0,2.2330065,0.76874876,0.0,0.0,0.44303057,2.8781707,0.38611612
C000781,0.0,4.8295536,0.0,4.2426066,0.0,0.0,0.0,1.3509032,4.1465945,0.0,0.0,0.0,0.0,0.0,4.628681,0.0,0.14447023,0.0,0.0,3.8634048,2.4584599,0.0,0.6024993,3.510633,0.0,3.7917423,0.14153293,0.0,0.0,4.884644,4.3183684,0.39917353,0.0,4.1606746,2.300349,0.0,0.0,3.381959,0.46803138,1.5631235,0.0,1.1856955,4.849792,3.3485336,3.898463,0.0,0.0,0.37243396,1.0291177,1.6036185,0.0,0.0,2.9475756,1.3663222,0.0,5.2330713,0.0,2.4750426,1.3401322,0.0,0.0,0.0,3.4887705,0.3097754,0.0,4.8295536,0.0,4.2426066,0.0,0.0,0.0,1.3509032,4.1465945,0.0,0.0,0.0,0.0,0.0,4.628681,0.0,0.14447023,0.0,0.0,3.8634048,2.4584599,0.0,0.6024993,3.510633,0.0,3.7917423,0.14153293,0.0,0.0,4.884644,4.3183684,0.39917353,0.0,4.1606746,2.300349,0.0,0.0,3.381959,0.46803138,1.5631235,0.0,1.1856955,4.849792,3.3485336,3.898463,0.0,0.0,0.37243396,1.0291177,1.6036185,0.0,0.0,2.9475756,1.3663222,0.0,5.2330713,0.0,2.4750426,1.3401322,0.0,0.0,0.0,3.4887705,0.3097754
C000782,0.0,0.8767299,1.3532882,1.1120178,2.9041,0.0,0.0,2.418551,0.7706999,0.41441193,0.0,0.0,2.19422,1.6846852,0.437538,0.714193,2.0736005,1.8921759,2.8794591,0.94152886,1.9063606,0.7780232,1.698847,1.7857361,0.0,2.8057852,0.0,2.092447,0.0,1.1930935,1.3164504,0.0,1.5564891,1.2456617,0.7360294,2.766603,2.3125408,1.0969636,0.82732815,2.4754832,0.1240295,0.965283,1.6750815,0.9362228,0.3802285,1.6451483,0.3006734,1.8832895,0.37470514,1.8383261,0.0,0.0,0.45426974,1.2889106,0.0,1.5901902,1.9785507,2.8241954,1.2266961,0.0,1.8785346,2.487436,0.4941801,2.7674356,0.0,1.4486172,3.6525617,1.0442997,5.4013796,0.0,0.0,8.295749,1.0715214,1.077103,0.0,0.0,5.626462,6.0809674,1.0566305,3.6100001,6.611194,4.278315,4.766083,1.0130246,5.467398,4.1381197,0.26181704,1.9220022,0.0,5.708201,0.0,4.41679,0.0,1.6106707,0.9969621,0.08052711,4.715574,0.9127618,2.868697,5.595524,5.306201,1.935524,0.17414375,6.919449,0.7752437,4.072573,1.4076827,0.72406334,0.7039874,3.9585357,1.2506038,5.9334283,0.3248163,6.9208136,0.0,0.0,0.6584779,1.4420395,0.0,1.3180391,3.916821,6.877715,4.754606,0.1199205,6.6137505,4.249569,1.6437694,7.374736
C000783,0.0,3.4778867,0.0,3.1498914,0.07036564,0.0,0.0,1.5915087,2.9322836,0.0,0.0,0.0,0.0,0.0,3.2923613,0.0,0.5345509,0.0,0.0,2.6827385,2.2194307,0.0,0.33993265,2.8190222,0.0,2.925313,0.0026282445,0.0,0.0,3.593915,3.0438411,0.0350091,0.0,2.8703938,1.812074,0.0,0.0,2.7446623,0.12492005,1.6479356,0.0,0.8883356,3.3876963,2.3839412,2.6879904,0.0,0.0,0.87319905,0.6784068,1.6553538,0.0,0.0,2.2988172,0.98197705,0.0,3.6291912,0.0,2.2635014,1.1398637,0.0,0.0,0.11768611,2.3774066,0.8485494,0.0,1.8175355,3.1955326,1.5802246,5.0614324,0.0,0.0,7.0731807,1.1773106,0.8354562,0.0,0.0,4.831971,4.8552666,1.5072675,3.1088665,5.347733,4.192018,4.5098815,1.3460027,4.9928555,3.6799977,0.6854574,2.4230044,0.0,5.6195035,0.00043804073,3.6540062,0.0,2.015652,1.5714678,0.05512168,3.6691723,1.6029698,2.492994,4.99583,4.8986416,2.0820827,0.3225641,5.9088707,0.45224938,3.8203983,1.9733082,1.1738567,1.1313552,3.260505,0.9311463,4.88637,0.5648413,5.946174,0.0,0.0,0.9721236,1.75868,0.0,2.0676315,3.4448063,6.178854,3.6635406,0.0005447169,5.483667,4.112905,1.9622542,6.433314
C000784,0.0,3.3580637,0.0,3.0585737,0.0,0.0,0.0,0.821008,2.9757507,0.0,0.0,0.0,0.0,0.0,3.2694454,0.0,0.05816914,0.0,0.0,2.7857227,1.7374411,0.0,0.46331865,2.526678,0.0,2.7452817,0.11370001,0.0,0.0,3.4714613,3.059609,0.274324,0.0,2.9583292,1.5964186,0.0,0.0,2.4121742,0.35939634,1.0056701,0.0,0.75328314,3.494889,2.4617271,2.6850722,0.0,0.0,0.19157523,0.6580588,1.116995,0.0,0.0,2.100284,0.9960764,0.0,3.7661684,0.0,1.6304189,0.84343755,0.0,0.0,0.0,2.4572043,0.14437498,0.0,4.00043,0.0,3.8259788,0.5590321,0.0,0.0,0.65584815,3.2392604,0.0,0.0,0.0,0.0,0.0,3.9480093,0.0,0.02908457,0.0,0.31244972,3.2747655,1.8288534,0.0,1.2371162,3.1646948,0.0,3.3403192,0.056850005,0.0,0.0,4.2126245,4.108695,0.6981219,0.0,4.139402,1.4971894,0.033467546,0.0,3.0165317,1.0297539,0.99952453,0.0,0.8480547,4.5490646,3.2344184,3.2070532,0.0,0.0,0.19917327,1.3831197,0.586092,0.0,0.0,2.4551845,1.57351,0.0,4.8456054,0.0,2.3175964,0.8056216,0.0,0.0,0.27994272,3.0694153,0.23514417
C000785,0.0,3.2027166,4.214806,3.772799,8.40744,0.0,0.0,8.954115,3.071341,0.0,0.0,0.0,8.148809,7.4125547,3.4737513,4.3458023,7.44621,7.559247,7.0991263,3.5760996,7.7609425,4.940791,3.0771692,4.63594,0.0,9.239531,0.0,4.4312806,0.0,4.354428,4.548416,0.0,4.1295996,5.279969,2.823091,6.8132677,8.702726,2.8639069,3.03215,8.615953,0.0,5.2819147,3.9409227,4.1530433,4.0838156,4.5823226,0.56001866,5.89709,0.0,9.909408,0.0,0.0,2.9236805,2.9730241,0.0,6.7639713,5.6177983,8.39276,3.8722644,0.0,8.897566,6.738596,2.5371752,8.2719345,0.0,2.152885,4.6179395,1.9992177,7.707113,0.0,0.0,9.908023,1.4732801,0.9921042,0.0,0.0,7.48136,7.4363184,1.6918669,4.5109267,7.9711604,6.577336,6.7657,1.7756877,7.170242,5.109533,1.447464,3.4401643,0.0,8.155113,0.0,5.1983204,0.0,2.6895714,2.3026412,0.004005149,5.10739,2.4960318,3.3941956,7.3949513,7.8271627,2.6327076,0.8081784,8.58446,0.46397728,5.555851,2.4360974,1.8991345,1.7500236,4.7914233,0.98760426,7.0742903,0.58411044,9.05974,0.0,0.0,1.2756389,2.3596497,0.0,3.1733847,5.3069105,8.8732395,5.148628,0.0005866699,8.382408,6.1890216,2.373974,9.362889
C000786,0.0,1.8320357,0.0,1.8273145,0.10933657,0.0,0.0,0.47326267,1.7003399,0.0,0.0,0.0,0.0,0.0,1.8535423,0.0,0.08556344,0.0,0.0,1.6182401,1.0622563,0.0,0.27948892,1.5023319,0.0,1.5878539,0.06139431,0.0,0.0,2.010172,1.7143651,0.07082734,0.0,1.5883279,0.8467732,0.0,0.0,1.4022688,0.19974218,0.5062717,0.0,0.29807192,2.0418403,1.4618801,1.3844544,0.0,0.0,0.06219023,0.2781398,0.72500026,0.0,0.0,1.2230788,0.5862459,0.0,2.1750653,0.0,0.8851963,0.3553141,0.0,0.0,0.026474759,1.3468281,0.09303702,0.0,1.965678,1.5109401,1.479652,2.4521527,0.0,0.0,3.9251533,1.5614163,0.33307418,0.0,0.0,2.17953,2.4053059,1.6938993,1.1878176,2.9226007,1.6188691,2.0722964,1.4568093,3.0779176,1.467643,0.3400595,1.9754103,0.0,3.6580465,0.0027906506,1.2898735,0.0,2.230752,1.5267826,0.12816733,1.809821,1.396409,1.9591495,2.4653888,2.2674165,1.942899,0.23654877,3.5548303,0.20543775,2.143571,1.9621564,1.0702654,1.1916003,1.4795909,0.4479806,2.753702,0.6205571,3.365257,0.0,0.0,1.0456103,1.2828541,0.0,2.0501535,1.0820304,3.9440577,2.4737656,0.028388029,2.4314306,1.8924559,1.8406891,3.571778
C000787,0.0,6.4577765,0.8161764,5.682311,1.6166958,0.0,0.0,3.2273045,4.8093615,0.0,0.0,0.0,0.0,0.0,5.820046,0.0,1.2174747,0.0,0.9877515,4.792283,4.3754773,0.0,1.2099098,5.689963,0.0,6.1384516,0.0,0.0,0.0,6.6813364,5.9118037,0.5803738,0.0,6.260195,3.3252907,1.133848,0.0,5.4322863,0.6084459,3.9778752,0.0,2.1909866,6.655987,4.67552,4.9518456,0.0,0.0,2.6637657,2.2639403,2.8786337,0.0,0.0,4.1212955,2.4135196,0.0,6.905984,0.0,5.7289553,2.5466993,0.0,0.0,0.9928912,4.734846,3.0155764,0.0,5.0724854,1.3929656,4.6314745,2.4590962,0.0,0.0,4.1153708,3.9597106,0.0,0.0,0.0,1.0666687,1.1538635,4.6344657,0.3399009,2.3667517,1.3245399,2.1224442,4.0445766,4.179205,0.46013492,1.3310823,4.7674785,0.0,6.1773005,0.0016922265,0.15986995,0.0,5.801375,4.8233004,0.41069803,0.77382076,5.089658,3.232544,2.498373,1.6002839,4.512912,1.0058835,4.190872,0.0,2.8578525,5.5601225,3.8698215,3.85702,0.57646286,0.08281815,3.1454802,1.7400942,3.7439542,0.0,0.0,3.1538796,2.4131796,0.0,5.931166,0.09845634,5.894849,2.875936,0.0,1.2783543,1.989475,4.3861933,3.789164
C000788,0.0,2.816536,0.0,2.6842585,0.0,0.0,0.0,0.73803633,2.5069027,0.0,0.0,0.0,0.0,0.0,2.7808452,0.0,0.045977276,0.0,0.0,2.3757064,1.5124538,0.0,0.4514866,2.1457477,0.0,2.2534704,0.114363946,0.0,0.0,2.9373913,2.6601684,0.07618259,0.0,2.3833666,1.1732717,0.0,0.0,2.0594857,0.3817789,0.7776614,0.0,0.46736687,3.0968947,2.1497679,2.2186556,0.0,0.0,0.040800635,0.4692226,0.9734912,0.0,0.0,1.7717905,0.82427496,0.0,3.2950556,0.0,1.3103547,0.5791177,0.0,0.0,0.023274094,1.9717568,0.056181885,0.0,3.6441853,0.0,3.5884304,0.5164849,0.0,0.0,0.505308,2.9802208,0.0,0.0,0.0,0.0,0.0,3.6002831,0.0,0.022988638,0.0,0.24739558,3.0548477,1.6733277,0.0,1.3071042,2.9389288,0.0,3.0973077,0.057181973,0.0,0.0,4.002689,3.8637724,0.51586866,0.0,3.7202172,1.2951705,0.0357406,0.0,2.7738843,1.051729,0.7593273,0.0,0.68003,4.4453278,3.0288508,2.898592,0.0,0.0,0.020400317,1.1318259,0.5271368,0.0,0.0,2.278683,1.463362,0.0,4.6403036,0.0,2.0572991,0.6485424,0.0,0.0,0.27303904,2.7921727,0.028090943
C000789,0.0,3.6187572,0.0,3.4726853,0.9534868,0.0,0.0,0.15992522,2.839572,0.0,0.0,0.0,0.0,0.0,3.5147748,0.0,0.0,0.0,0.48551515,3.1801362,1.3937408,0.0,1.8849454,3.1618671,0.0,3.2252564,0.0,0.0,0.0,4.129065,4.118808,0.97658515,0.0,4.03588,1.1804563,0.0,0.0,2.7100196,1.4025898,0.6485162,0.0,0.7297844,4.6758933,3.2749672,2.8150523,0.0,0.0,0.0,1.5863962,0.04480523,0.0,0.0,2.3614426,1.7200868,0.0,4.720454,0.0,2.316897,0.5935389,0.0,0.0,0.6355877,3.0279095,0.0,0.0,2.6234336,0.011913858,2.4976707,0.7109299,0.0,0.0,0.70030844,2.2239473,0.0,0.0,0.0,0.06135504,0.09702051,2.6161714,0.0,0.2797622,0.0025648475,0.335929,2.294885,1.4588866,0.0,0.97225475,2.2909205,0.0,2.5212278,0.0,0.0,0.0,3.0726287,2.7468712,0.41559416,0.047960844,2.5365086,1.0677389,0.17547163,0.079193525,2.1332347,0.7778499,0.93174183,0.0,0.6198691,3.2766163,2.1904917,2.0310915,0.04503926,0.012269713,0.25206548,0.86225915,0.7787459,0.0,0.0,1.7502626,1.1827003,0.0,3.4172516,0.0,1.8028961,0.6424985,0.0,0.07232691,0.4806398,2.0851052,0.44940716
C000790,0.0,4.594108,0.0,4.080994,0.0,0.0,0.0,1.2668654,3.9495687,0.0,0.0,0.0,0.0,0.0,4.416078,0.0,0.10367714,0.0,0.0,3.6952255,2.3321958,0.0,0.6202911,3.3414314,0.0,3.5752459,0.14837685,0.0,0.0,4.6469107,4.158209,0.3187505,0.0,3.9342623,2.0998545,0.0,0.0,3.2318428,0.49575514,1.4438144,0.0,1.0429646,4.7003064,3.2406063,3.7008202,0.0,0.0,0.28095362,0.93960404,1.5060972,0.0,0.0,2.7974977,1.2929994,0.0,5.0424576,0.0,2.2975178,1.2043599,0.0,0.0,0.0,3.2731085,0.23457666,0.0,4.594108,0.0,4.080994,0.0,0.0,0.0,1.2668654,3.9495687,0.0,0.0,0.0,0.0,0.0,4.416078,0.0,0.10367714,0.0,0.0,3.6952255,2.3321958,0.0,0.6202911,3.3414314,0.0,3.5752459,0.14837685,0.0,0.0,4.6469107,4.158209,0.3187505,0.0,3.9342623,2.0998545,0.0,0.0,3.2318428,0.49575514,1.4438144,0.0,1.0429646,4.7003064,3.2406063,3.7008202,0.0,0.0,0.28095362,0.93960404,1.5060972,0.0,0.0,2.7974977,1.2929994,0.0,5.0424576,0.0,2.2975178,1.2043599,0.0,0.0,0.0,3.2731085,0.23457666
C000791,0.0,3.1550043,0.0,3.172888,0.9033173,0.0,0.0,0.0,2.3167076,0.0,0.0,0.0,0.0,0.0,3.213034,0.0,0.0,0.0,0.7716089,2.825292,1.3190799,0.0,1.6606717,2.8434844,0.0,2.7203617,0.0,0.0,0.0,3.229245,3.6753945,0.91107506,0.0,4.003134,0.780461,0.20671698,0.0,2.501404,1.6334989,0.44409218,0.0,0.38239694,3.9505582,3.157789,2.582064,0.0,0.0,0.0,1.4783664,0.0,0.0,0.0,1.8786023,1.6524496,0.0,4.4744024,0.0,1.8581724,0.31834802,0.0,0.0,0.63814294,2.3061986,0.20395276,0.0,2.9458163,0.31981215,2.6535478,1.059006,0.0,0.0,1.4918385,2.4222019,0.0,0.0,0.0,0.2543625,0.32127255,2.8612874,0.102311775,0.70727503,0.19610615,0.711095,2.4312148,1.8804257,0.13059145,0.88188714,2.5334523,0.0,3.113358,0.0,0.046612956,0.0,3.3221526,2.8974833,0.6132633,0.20820212,2.9157958,1.4858153,0.5901679,0.3781137,2.3682957,0.6686241,1.6341658,0.0,1.1030185,3.3198535,2.2330322,2.2132332,0.17403612,0.046900105,0.9091152,1.1943758,1.2824961,0.0,0.0,1.8326485,1.3771478,0.0,3.4953372,0.0,2.5643163,1.1329076,0.0,0.25306758,0.7641589,2.5457575,1.2013426
C000792,0.0,4.9106903,0.0,4.300963,0.0,0.0,0.0,1.3791767,4.2158093,0.0,0.0,0.0,0.0,0.0,4.7044935,0.0,0.15785436,0.0,0.0,3.9206975,2.5011885,0.0,0.59680986,3.5690007,0.0,3.8655152,0.1392026,0.0,0.0,4.9690547,4.375079,0.42668068,0.0,4.241102,2.3696866,0.0,0.0,3.435846,0.46065027,1.6025869,0.0,1.2348424,4.904898,3.3874612,3.9682565,0.0,0.0,0.40254334,1.059376,1.6367652,0.0,0.0,3.000523,1.3919424,0.0,5.3023477,0.0,2.5360367,1.3864878,0.0,0.0,0.0,3.5647528,0.3335089,0.0,4.9106903,0.0,4.300963,0.0,0.0,0.0,1.3791767,4.2158093,0.0,0.0,0.0,0.0,0.0,4.7044935,0.0,0.15785436,0.0,0.0,3.9206975,2.5011885,0.0,0.59680986,3.5690007,0.0,3.8655152,0.1392026,0.0,0.0,4.9690547,4.375079,0.42668068,0.0,4.241102,2.3696866,0.0,0.0,3.435846,0.46065027,1.6025869,0.0,1.2348424,4.904898,3.3874612,3.9682565,0.0,0.0,0.40254334,1.059376,1.6367652,0.0,0.0,3.000523,1.3919424,0.0,5.3023477,0.0,2.5360367,1.3864878,0.0,0.0,0.0,3.5647528,0.3335089
C000793,0.0,3.3582056,0.0,3.058693,0.0,0.0,0.0,0.820991,2.9759498,0.0,0.0,0.0,0.0,0.0,3.26959,0.0,0.05816309,0.0,0.0,2.7858996,1.7375267,0.0,0.46334693,2.5267375,0.0,2.7454352,0.113728456,0.0,0.0,3.4716372,3.0597577,0.2743545,0.0,2.9584436,1.5964824,0.0,0.0,2.4122505,0.35943055,1.0056705,0.0,0.75334203,3.4951036,2.461855,2.6852171,0.0,0.0,0.19152221,0.6581064,1.1170379,0.0,0.0,2.100349,0.9961512,0.0,3.7663987,0.0,1.6304493,0.8434611,0.0,0.0,0.0,2.457371,0.14430389,0.0,3.2138736,0.44750336,2.8669043,1.10962,0.0,0.0,1.5584245,2.5436003,0.0,0.0,0.0,0.3204379,0.38318735,3.131531,0.11490505,0.6878749,0.30357936,0.76343656,2.611383,2.0786288,0.169756,0.88647765,2.7407043,0.0,3.3130295,0.028432114,0.0,0.0,3.525544,3.083108,0.63134575,0.24055292,3.150402,1.6348783,0.7230322,0.49230573,2.6415334,0.753534,1.7976891,0.0,1.2983086,3.4940255,2.3873408,2.4230611,0.21794671,0.07138349,1.0522153,1.3036201,1.3036473,0.0,0.0,1.9087145,1.502522,0.0,3.7304256,0.0,2.8407583,1.2877986,0.0,0.30103725,0.73543894,2.765745,1.370123
C000794,0.0,2.5572066,0.14725292,2.8031123,1.2071973,0.0,0.0,0.0,1.938253,0.0,0.0,0.0,0.0,0.0,2.652936,0.0,0.0,0.0,0.905918,2.3248577,1.2778513,0.0,1.5009449,2.5258512,0.0,2.6334968,0.0,0.0,0.0,2.7491462,3.080924,0.8578486,0.0,3.2923124,0.6065111,0.24491054,0.0,2.3037276,1.2306077,0.6221972,0.0,0.35714298,3.485242,2.6950645,2.1611419,0.0,0.0,0.2008686,1.4633552,0.0,0.0,0.0,1.6444356,1.4643917,0.0,3.7241514,0.0,1.982497,0.33882758,0.0,0.0,0.6561774,1.9746518,0.54120743,0.0,3.4458928,0.5096774,3.2129333,1.2057766,0.0,0.0,1.7389988,2.8325157,0.0,0.0,0.0,0.038951434,0.413157,3.2462735,0.0,0.7773728,0.053673852,0.8338482,2.8419948,2.2187076,0.0,0.87494135,3.0014663,0.0,3.6211505,0.0014270231,0.0,0.0,4.136794,3.2664413,0.67967415,0.0,3.3615105,1.7745765,0.6574758,0.15599646,2.7425926,0.45978704,1.9137312,0.0,1.487628,3.881956,2.3822021,2.4834037,0.0,0.0005395509,1.2043064,1.5447375,1.4698646,0.0,0.0,2.2219493,1.4967492,0.0,3.9072223,0.0,3.364386,1.3186849,0.0,0.048167527,0.7564086,3.1214936,1.3719876
C000795,0.0,3.5050352,0.1255793,3.4402745,1.0605592,0.0,0.0,0.6768242,2.890442,0.0,0.0,0.0,0.0,0.0,3.7251484,0.0,0.0,0.0,0.6878871,3.1252718,1.7489712,0.0,1.5800807,3.1566696,0.0,3.3823066,0.0,0.0,0.0,4.189198,3.873353,1.006268,0.0,4.110564,1.4340782,0.18546602,0.0,2.8137088,1.2199483,1.058762,0.0,0.8707794,4.4424143,3.1899717,2.861968,0.0,0.0,0.3291543,1.5597069,0.5461465,0.0,0.0,2.3726847,1.7945257,0.0,4.6506653,0.0,2.5798204,0.7949546,0.0,0.0,0.69938976,3.0281873,0.4714802,0.0,2.4329848,0.093585014,2.266941,0.7095151,0.0,0.0,0.9895676,2.0752633,0.0,0.0,0.0,0.112788476,0.15652962,2.4314919,0.002105303,0.38552204,0.13078232,0.42204657,2.0970674,1.5821692,0.04180354,0.7149213,2.093582,0.0,2.4636307,0.00031899064,0.0,0.0,2.8429768,2.3681846,0.33425903,0.07295364,2.3045392,1.1754624,0.36789384,0.22554073,1.9778774,0.57434595,1.1435683,0.0,0.7410668,2.8405807,1.8878073,1.8517125,0.059927065,0.016129697,0.48159328,0.73876315,1.0290644,0.0,0.0,1.5941722,1.130316,0.0,3.0300663,0.0,1.857448,0.7468771,0.0,0.114173576,0.46326652,1.9430803,0.71790993
C000796,0.0,5.3598413,0.0,4.616248,0.0,0.0,0.0,1.6095928,4.579143,0.0,0.0,0.0,0.0,0.0,5.1125546,0.0,0.2840252,0.0,0.0,4.239031,2.7836053,0.0,0.54288125,3.8784797,0.0,4.3215804,0.12448905,0.0,0.0,5.4313593,4.6707053,0.57014066,0.0,4.6618876,2.762447,0.0,0.0,3.7247481,0.38174075,1.8787977,0.0,1.5370854,5.2044034,3.5896854,4.3263035,0.0,0.0,0.6253228,1.2384818,1.8709615,0.0,0.0,3.2618294,1.5122188,0.0,5.664124,0.0,2.9400327,1.6693242,0.0,0.0,0.0,3.9952252,0.5492611,0.0,5.3598413,0.0,4.616248,0.0,0.0,0.0,1.6095928,4.579143,0.0,0.0,0.0,0.0,0.0,5.1125546,0.0,0.2840252,0.0,0.0,4.239031,2.7836053,0.0,0.54288125,3.8784797,0.0,4.3215804,0.12448905,0.0,0.0,5.4313593,4.6707053,0.57014066,0.0,4.6618876,2.762447,0.0,0.0,3.7247481,0.38174075,1.8787977,0.0,1.5370854,5.2044034,3.5896854,4.3263035,0.0,0.0,0.6253228,1.2384818,1.8709615,0.0,0.0,3.2618294,1.5122188,0.0,5.664124,0.0,2.9400327,1.6693242,0.0,0.0,0.0,3.9952252,0.5492611
C000797,0.0,4.365396,0.0,3.930901,0.0,0.0,0.0,1.1732485,3.7636876,0.0,0.0,0.0,0.0,0.0,4.214825,0.0,0.050368816,0.0,0.0,3.5322993,2.2068186,0.0,0.64657336,3.1817873,0.0,3.3572855,0.1566275,0.0,0.0,4.42352,4.010731,0.23750108,0.0,3.7197547,1.902455,0.0,0.0,3.0913744,0.5385255,1.3199968,0.0,0.89876294,4.568469,3.141261,3.5117688,0.0,0.0,0.18718593,0.84615463,1.4058892,0.0,0.0,2.6582088,1.223271,0.0,4.8748875,0.0,2.1157603,1.0688256,0.0,0.0,0.0,3.0660133,0.15126653,0.0,4.365396,0.0,3.930901,0.0,0.0,0.0,1.1732485,3.7636876,0.0,0.0,0.0,0.0,0.0,4.214825,0.0,0.050368816,0.0,0.0,3.5322993,2.2068186,0.0,0.64657336,3.1817873,0.0,3.3572855,0.1566275,0.0,0.0,4.42352,4.010731,0.23750108,0.0,3.7197547,1.902455,0.0,0.0,3.0913744,0.5385255,1.3199968,0.0,0.89876294,4.568469,3.141261,3.5117688,0.0,0.0,0.18718593,0.84615463,1.4058892,0.0,0.0,2.6582088,1.223271,0.0,4.8748875,0.0,2.1157603,1.0688256,0.0,0.0,0.0,3.0660133,0.15126653
C000798,0.0,2.9470954,0.0,2.756691,0.0,0.0,0.0,0.76376855,2.5509202,0.0,0.0,0.0,0.0,0.0,2.8838108,0.0,0.051627904,0.0,0.0,2.408961,1.5288882,0.0,0.44016024,2.2564096,0.0,2.3304195,0.091215484,0.0,0.0,3.0254936,2.7071362,0.14883581,0.0,2.5662584,1.2989297,0.0,0.0,2.1540017,0.3521657,0.8521691,0.0,0.5466441,3.1121619,2.1938033,2.30745,0.0,0.0,0.13357829,0.5156709,0.981345,0.0,0.0,1.8718176,0.83281225,0.0,3.3153048,0.0,1.415047,0.6720342,0.0,0.0,0.0,2.0568087,0.12002743,0.0,3.470611,0.15287603,3.4264557,0.69271904,0.0,0.0,0.8823521,2.7884784,0.0,0.0,0.0,0.0,0.0,3.4650831,0.0,0.025813952,0.0,0.43123513,2.855486,1.808728,0.0,1.0791302,2.9028788,0.0,3.15302,0.045607742,0.0,0.0,3.893668,3.5875893,0.5730044,0.0,3.6167755,1.4816083,0.32327142,0.0,2.7741437,0.8496412,1.0607548,0.0,0.91938555,4.008042,2.741364,2.770362,0.0,0.0,0.41778195,1.2024047,0.7526827,0.0,0.0,2.1871715,1.5080411,0.0,4.2659636,0.0,2.436129,0.86098564,0.0,0.0,0.33272752,2.806539,0.466549
C000799,0.0,4.517453,0.0,4.030518,0.0,0.0,0.0,1.2357278,3.8872411,0.0,0.0,0.0,0.0,0.0,4.348421,0.0,0.087601274,0.0,0.0,3.6410933,2.288518,0.0,0.6286283,3.286436,0.0,3.5031018,0.15119177,0.0,0.0,4.5712194,4.10885,0.2926127,0.0,3.8636827,2.033347,0.0,0.0,3.18525,0.50784117,1.4016508,0.0,0.99505746,4.6559,3.2087321,3.6379929,0.0,0.0,0.24875264,0.90989894,1.471957,0.0,0.0,2.7493343,1.2697273,0.0,4.9852586,0.0,2.2367656,1.1581706,0.0,0.0,0.0,3.2038324,0.20541912,0.0,4.517453,0.0,4.030518,0.0,0.0,0.0,1.2357278,3.8872411,0.0,0.0,0.0,0.0,0.0,4.348421,0.0,0.087601274,0.0,0.0,3.6410933,2.288518,0.0,0.6286283,3.286436,0.0,3.5031018,0.15119177,0.0,0.0,4.5712194,4.10885,0.2926127,0.0,3.8636827,2.033347,0.0,0.0,3.18525,0.50784117,1.4016508,0.0,0.99505746,4.6559,3.2087321,3.6379929,0.0,0.0,0.24875264,0.90989894,1.471957,0.0,0.0,2.7493343,1.2697273,0.0,4.9852586,0.0,2.2367656,1.1581706,0.0,0.0,0.0,3.2038324,0.20541912
C000800,0.0,1.4659553,3.296304,1.768089,5.554887,0.0,0.0,6.3149905,0.7836152,1.4477184,0.0,0.0,4.761079,4.3782287,0.69857675,2.572191,5.196502,4.35134,5.4675035,0.9674534,4.6834135,2.7371228,1.5810916,2.7862902,0.0,5.8558855,0.0,4.038259,0.0,1.9717448,1.395537,0.0,3.6441123,1.7844199,2.3328075,6.181082,5.032044,1.886966,0.45457637,5.781688,0.36044797,3.3325753,2.228139,1.1989682,0.5009668,3.4271145,0.33065295,4.8313174,0.7532939,5.220183,0.0,0.0,0.62831366,1.8399817,0.0,1.7873852,4.132038,6.525852,3.4104078,0.0,4.5498133,4.485111,1.2625456,6.87575,0.0,2.3178947,3.0350635,1.9468067,4.9803853,0.0,0.0,7.091627,1.7216269,0.75812006,0.0,0.0,4.6388907,4.810612,1.8896143,2.8267183,5.414036,3.9866621,4.3383026,1.7999412,5.231492,3.1891308,0.7015735,2.8218899,0.0,5.9955235,0.00061417045,3.2125692,0.0,2.675108,2.0492573,0.11694211,3.443592,2.0370998,2.849931,4.9321895,4.756224,2.508605,0.41710877,6.1471624,0.4019236,3.9243362,2.4327207,1.6047219,1.5874763,3.0436647,0.76110584,5.005317,0.7175774,6.223206,0.0,0.0,1.2904489,1.827653,0.0,2.6548562,3.123232,6.552278,3.9380183,0.016446576,5.282585,3.952218,2.3207834,6.4744873
C000801,0.0,1.7877984,0.0,2.0950627,1.0967153,0.0,0.0,0.0,1.5192382,0.0,0.0,0.0,0.0,0.0,2.0383313,0.0,0.0,0.1735483,0.83955914,1.796031,0.8998544,0.0,1.5258634,2.0457444,0.0,2.0374303,0.0,0.0,0.0,2.3550477,2.4209392,0.3454758,0.0,2.4203863,0.43406433,0.28555825,0.0,1.6350726,1.2329661,0.2961647,0.0,0.032291606,2.9084282,2.0423923,1.5291624,0.0,0.0,0.0,0.8293981,0.0,0.0,0.0,1.3348699,1.2383565,0.0,3.1035273,0.0,1.3042676,0.031175807,0.0,0.0,0.7268251,1.3246341,0.06559789,0.0,1.8518953,3.4696994,1.9310181,5.520716,0.0,0.0,7.7643766,1.5245881,0.6375766,0.0,0.0,5.529098,5.7072983,1.5299828,3.3679905,6.1597,4.680759,5.004809,1.5869062,5.4685946,3.8173146,0.90197325,2.6890175,0.0,6.2434173,0.0011139102,3.7961383,0.0,2.3790417,1.8529552,0.059426032,4.093856,1.7703497,2.637779,5.251746,5.5291967,2.1276138,0.38614887,6.587494,0.2670865,4.105708,2.2390072,1.3670567,1.4639851,3.5919685,0.7054952,5.4379206,0.32057023,6.9500303,0.0,0.0,1.1996467,1.845808,0.0,2.5725045,3.7235208,6.753882,3.9293778,0.00088964996,6.405278,4.444892,2.031843,6.8470817
C000802,0.0,4.2706995,0.75500226,3.6676824,1.7201866,0.0,0.0,2.4000468,3.7423315,0.0,0.0,0.0,0.75718176,0.8164306,4.1525807,0.0,1.4825,0.5754981,1.0222607,3.4054396,3.3440025,0.0,1.1461756,3.6799836,0.0,5.0453863,0.0,0.0,0.0,4.797893,4.0541615,0.60016835,0.0,4.2219806,2.1635673,0.96738696,0.8110426,3.0047748,1.2536469,2.6147115,0.0,1.9496446,4.606856,3.2877562,3.313266,0.0,0.0,1.576218,1.1498423,2.9681454,0.0,0.0,2.7132604,1.66501,0.0,4.9843345,0.0,3.9141448,1.8526102,0.0,0.7810526,1.2119153,3.485335,1.956274,0.0,2.4220045,0.7548431,2.013562,1.8806221,0.0,0.0,2.2625802,2.086982,0.0,0.0,0.0,1.0350837,0.9659001,2.2827368,0.26869392,1.4463114,0.85519826,1.3769116,2.017242,2.3524992,0.31170717,0.9941761,2.3824363,0.0,3.4010205,0.0,0.32274234,0.0,2.818261,2.3493128,0.3661073,0.6018355,2.2845204,1.3893034,1.363101,1.3818967,2.0350213,0.8057767,2.3107657,0.0,1.470118,2.8434746,1.9038867,1.7617699,0.56694686,0.06564538,1.5264126,0.88350844,2.239008,0.0,0.0,1.6178162,1.2757386,0.0,2.9251533,0.3090832,3.0599592,1.5092998,0.0,0.9018892,1.4004402,2.1058125,2.1654925
C000803,0.0,0.87577534,4.8310127,1.7498907,8.978624,0.0,0.0,9.226876,0.63800454,0.6161728,0.0,0.0,9.3538065,8.36052,0.9610766,5.345911,8.08423,8.634044,7.7027874,1.4788891,7.265482,6.8178444,2.662342,2.942421,0.0,7.5456486,0.0,6.6883726,0.0,1.2949865,1.8775134,0.0,5.419775,2.7524872,2.0506432,7.4955225,9.293896,1.1149379,2.6813247,7.603526,0.0,5.3157086,1.8263644,2.4967952,2.1377504,5.0946646,1.2749128,5.844712,0.0,9.501104,0.0,0.0,0.9223752,2.2406404,0.0,3.3631802,7.2609987,6.9875717,3.100482,0.0,10.378611,6.960018,0.66907465,8.266441,0.0,1.1163199,3.2997296,0.7947374,5.405673,0.0,0.0,7.0544324,0.69105625,0.8913526,0.0,0.0,5.5880704,5.5427566,0.77969086,3.420046,5.8123345,4.5663295,4.739039,0.7725188,4.915816,4.136863,0.75395286,1.8751916,0.0,5.102558,0.0,4.0969057,0.0,1.226886,0.79395133,0.0,4.042705,0.8319171,2.1972919,5.205764,5.5655847,1.3966092,0.4703967,5.962284,0.46270844,3.7311819,1.1326964,0.6577986,0.7565383,3.5188465,0.97990555,4.920811,0.2121317,6.2840896,0.0,0.0,0.46860796,1.5632484,0.0,1.291699,4.067348,5.719609,3.5897446,0.07544511,6.2927523,4.289477,1.1009953,6.4694066
C000804,0.0,5.11076,0.0,4.795747,0.6239549,0.0,0.0,0.32510507,3.97405,0.0,0.0,0.0,0.0,0.0,5.015356,0.0,0.0,0.0,0.2321566,4.2514286,2.1350646,0.0,1.91786,4.216179,0.0,4.3070574,0.0,0.0,0.0,5.3876286,5.371142,1.0452305,0.0,5.53691,1.759761,0.0,0.0,3.87341,1.6614037,1.0696814,0.0,0.9915746,6.0967655,4.3674664,4.2078204,0.0,0.0,0.029692203,1.8942266,0.44188425,0.0,0.0,3.1195385,2.0677123,0.0,6.4810557,0.0,2.9018536,0.9439714,0.0,0.0,0.36825702,3.8034716,0.09505081,0.0,3.6951861,0.0,3.4538782,0.40147564,0.0,0.0,0.61257434,3.0423584,0.0,0.0,0.0,0.0,0.0,3.6401083,0.0,0.12428486,0.0,0.1160783,3.0804477,1.7941071,0.0,1.0992427,2.9917686,0.0,3.1711764,0.006401915,0.0,0.0,3.983729,3.702067,0.5472236,0.0,3.6574152,1.4554327,0.0033732485,0.0,2.8091204,0.9361318,0.9956411,0.0,0.7909439,4.288993,2.9784913,2.9624705,0.0,0.0057453774,0.13933897,1.1381403,0.74580485,0.0,0.0,2.3018725,1.4370526,0.0,4.5634217,0.0,2.1285632,0.7941142,0.0,0.0,0.23204783,2.788201,0.23697978
C000805,0.0,2.8267188,0.0,2.6925135,0.0,0.0,0.0,0.73569256,2.519225,0.0,0.0,0.0,0.0,0.0,2.79053,0.0,0.042518303,0.0,0.0,2.3861382,1.5176256,0.0,0.45490462,2.1500223,0.0,2.2615232,0.11565935,0.0,0.0,2.948114,2.671227,0.07725534,0.0,2.3931117,1.1768129,0.0,0.0,2.0656157,0.38634792,0.77703965,0.0,0.46925658,3.111568,2.159093,2.228922,0.0,0.0,0.03869837,0.4710182,0.9750941,0.0,0.0,1.7774048,0.82900417,0.0,3.312325,0.0,1.3108717,0.58118564,0.0,0.0,0.025217026,1.9813536,0.051602557,0.0,2.5312715,0.3836073,2.2143466,1.1794152,0.0,0.0,1.7673174,2.2025032,0.0,0.0,0.0,0.52343297,0.5702426,2.4541318,0.19425118,0.9420865,0.4070177,0.8357318,2.0956237,2.0358238,0.26682281,0.7588275,2.2112656,0.0,2.941394,0.02313187,0.049787533,0.0,2.9351878,2.4327989,0.36002463,0.43352404,2.2562504,1.4282926,0.8749903,0.72776634,2.1567585,0.64710736,1.7643391,0.0,1.1289058,2.9204583,1.8720745,1.8784252,0.36631483,0.10385758,1.0255277,0.87339354,1.6766819,0.0,0.0,1.6200393,1.2286935,0.0,3.0701668,0.0,2.5311637,1.2715852,0.0,0.5381096,0.8722097,2.2035282,1.4819735
C000806,0.0,4.44118,0.0,3.9804492,0.0,0.0,0.0,1.2045172,3.8252444,0.0,0.0,0.0,0.0,0.0,4.2812924,0.0,0.069955856,0.0,0.0,3.5867972,2.2465672,0.0,0.6373542,3.23307,0.0,3.4304752,0.15394661,0.0,0.0,4.4966474,4.0596786,0.26560825,0.0,3.7922544,1.9674802,0.0,0.0,3.138443,0.52192837,1.3603028,0.0,0.946996,4.6119156,3.1757183,3.5749917,0.0,0.0,0.2174189,0.8788609,1.4384847,0.0,0.0,2.7027626,1.2464758,0.0,4.9292917,0.0,2.1761575,1.1129113,0.0,0.0,0.0,3.134778,0.17753105,0.0,4.44118,0.0,3.9804492,0.0,0.0,0.0,1.2045172,3.8252444,0.0,0.0,0.0,0.0,0.0,4.2812924,0.0,0.069955856,0.0,0.0,3.5867972,2.2465672,0.0,0.6373542,3.23307,0.0,3.4304752,0.15394661,0.0,0.0,4.4966474,4.0596786,0.26560825,0.0,3.7922544,1.9674802,0.0,0.0,3.138443,0.52192837,1.3603028,0.0,0.946996,4.6119156,3.1757183,3.5749917,0.0,0.0,0.2174189,0.8788609,1.4384847,0.0,0.0,2.7027626,1.2464758,0.0,4.9292917,0.0,2.1761575,1.1129113,0.0,0.0,0.0,3.134778,0.17753105
C000807,0.0,3.2104118,0.0,3.4677052,1.1624453,0.0,0.0,0.0,2.4798746,0.0,0.0,0.0,0.0,0.0,3.3613224,0.0,0.0,0.0,0.5688289,3.026355,1.3702931,0.0,1.8717444,3.089499,0.0,3.144793,0.0,0.0,0.0,3.877759,3.9681087,0.57484543,0.0,3.7977476,0.86193734,0.0,0.0,2.7463226,1.6157742,0.44448465,0.0,0.37056392,4.6656904,3.303499,2.7050107,0.0,0.0,0.0,1.2397997,0.08891222,0.0,0.0,2.1573706,1.5804186,0.0,4.7976685,0.0,1.9196892,0.24708226,0.0,0.0,0.61256987,2.4228733,0.0,0.0,3.4767387,0.31485203,3.3312252,1.0373291,0.0,0.0,1.1350716,2.846989,0.0,0.0,0.0,0.0,0.0,3.5010586,0.0,0.3669103,0.0,0.50576067,2.906358,1.9736706,0.0,1.1751764,3.0627902,0.0,3.5681953,0.0,0.0,0.0,4.038731,3.6184037,0.67720246,0.0,3.4493678,1.515989,0.2555547,0.0,2.781352,0.737087,1.4488997,0.0,1.126834,4.229111,2.7173898,2.6053338,0.0,0.0005289614,0.7329901,1.371419,0.9881053,0.0,0.0,2.2584817,1.5535895,0.0,4.2163215,0.0,2.7809365,1.0180253,0.0,0.0,0.65349257,3.0428944,0.8202134
C000808,0.0,4.991828,0.0,4.3593183,0.0,0.0,0.0,1.4074498,4.2850237,0.0,0.0,0.0,0.0,0.0,4.780303,0.0,0.1712386,0.0,0.0,3.9779902,2.543917,0.0,0.5911205,3.6273685,0.0,3.9392896,0.13687241,0.0,0.0,5.053466,4.431791,0.45418775,0.0,4.321529,2.4390233,0.0,0.0,3.4897325,0.45326936,1.6420499,0.0,1.2839893,4.960003,3.4263883,4.0380507,0.0,0.0,0.43265262,1.0896341,1.6699125,0.0,0.0,3.053471,1.4175625,0.0,5.3716235,0.0,2.597031,1.4328427,0.0,0.0,0.0,3.6407344,0.35724187,0.0,4.991828,0.0,4.3593183,0.0,0.0,0.0,1.4074498,4.2850237,0.0,0.0,0.0,0.0,0.0,4.780303,0.0,0.1712386,0.0,0.0,3.9779902,2.543917,0.0,0.5911205,3.6273685,0.0,3.9392896,0.13687241,0.0,0.0,5.053466,4.431791,0.45418775,0.0,4.321529,2.4390233,0.0,0.0,3.4897325,0.45326936,1.6420499,0.0,1.2839893,4.960003,3.4263883,4.0380507,0.0,0.0,0.43265262,1.0896341,1.6699125,0.0,0.0,3.053471,1.4175625,0.0,5.3716235,0.0,2.597031,1.4328427,0.0,0.0,0.0,3.6407344,0.35724187
C000809,0.0,2.690303,0.0,2.5918941,0.0,0.0,0.0,0.7930216,2.3619206,0.0,0.0,0.0,0.0,0.0,2.6568828,0.0,0.1008552,0.0,0.0,2.2453616,1.4662161,0.0,0.4095406,2.1055083,0.0,2.172483,0.09416548,0.0,0.0,2.7901468,2.5312452,0.048729353,0.0,2.239993,1.122441,0.0,0.0,2.0050538,0.31961912,0.80934983,0.0,0.4493441,2.9234865,2.0400138,2.090705,0.0,0.0,0.08498931,0.44957972,0.965025,0.0,0.0,1.7099476,0.763751,0.0,3.0782137,0.0,1.3321073,0.5553941,0.0,0.0,0.010935016,1.8502246,0.13002436,0.0,2.313453,2.37553,1.7592846,3.5443993,0.0,0.0,5.383027,1.7204654,0.11548859,0.0,0.0,3.280393,3.7005386,1.8397524,1.7363336,4.1697106,2.5544243,3.029379,1.6999811,4.152802,2.1205516,0.39845452,2.5069366,0.0,4.9538546,0.0067261057,1.9273726,0.0,2.7367435,1.8115995,0.091414474,2.378167,1.7927545,2.4022713,3.3696961,3.2652335,2.2968686,0.26328698,4.8243456,0.09161904,3.0873916,2.2461693,1.2955322,1.3455999,2.149974,0.5503578,3.9784558,0.7480505,4.772544,0.0,0.0,1.2286438,1.3827933,0.0,2.2229235,1.6508534,5.4869056,3.262939,0.0,3.737414,2.647865,2.4331708,4.9445887
C000810,0.0,1.3331503,0.0,1.3688366,0.41119373,0.0,0.0,0.6070648,1.2932942,0.0,0.0,0.0,0.13066906,0.0,1.2719454,0.0,0.20438951,0.0,0.18864246,1.2470894,0.93575513,0.0,0.33820873,1.1967041,0.0,1.3508792,0.0124006495,0.0,0.0,1.5560277,1.2619295,0.0,0.0,0.988536,0.5804397,0.18946694,0.02298301,1.1951331,0.0792609,0.6277771,0.0,0.11445269,1.541656,1.0678334,0.97378474,0.0,0.022178892,0.22398819,0.20404986,0.71426636,0.0,0.0,0.8302095,0.58628154,0.0,1.7091075,0.0,0.8907171,0.3515427,0.0,0.0,0.21672311,0.90095985,0.3642013,0.0,2.6639864,0.36427778,2.538546,1.2280993,0.0,0.0,1.3606927,2.1812396,0.0,0.0,0.0,0.28049597,0.2611324,2.600322,0.0,0.7016096,0.283913,0.91994303,2.3218117,1.9133682,0.0,0.8896629,2.5066903,0.0,2.9525068,0.0031001624,0.0,0.0,3.4257207,2.5652409,0.3432147,0.003353946,2.6553602,1.4098285,0.73170286,0.35557616,2.1778488,0.6342502,1.5082507,0.0,1.0493087,3.1072736,1.9297003,1.7726483,0.05829018,0.0075510703,0.8904729,1.0254638,1.353409,0.0,0.0,1.6965219,1.4063785,0.0,3.3124068,0.0,2.6655025,0.94757146,0.0,0.007453136,0.7487091,2.2104125,1.1686302
C000811,0.0,5.657174,0.7508296,4.62618,0.93962425,0.0,0.0,4.185069,4.5464635,0.0,0.0,0.0,0.5236128,1.176243,4.725647,0.0,2.3393764,0.0,0.54036725,4.0847263,4.351139,0.0,0.09084893,4.6758037,0.0,5.413316,0.0,0.0,0.0,5.740661,4.462011,0.0,0.11670733,4.4042854,3.7358894,1.1946278,0.067195915,4.6232677,0.0,4.3160176,0.0,2.3010418,5.1177654,3.2626696,4.0338826,0.0,0.0,2.9529312,1.1195143,3.9964252,0.0,0.0,3.4979906,1.7686137,0.0,5.172138,0.0,5.1606793,2.9068422,0.0,0.8303015,0.6227986,4.046065,3.2031097,0.0,2.9997833,0.7024737,2.6391518,1.4704086,0.0,0.0,2.6654515,2.5492313,0.0,0.0,0.0,0.8297574,0.9608794,2.7865465,0.055663172,1.6248698,0.67323375,1.2044294,2.437828,2.649189,0.1591868,0.6767221,2.777415,0.0,3.7043076,0.0,0.11897298,0.0,3.5622807,2.6767082,0.19885473,0.4599838,2.6737664,1.9649968,1.3691839,0.97229475,2.6407032,0.44148383,2.6163037,0.0,1.6130964,3.2958949,2.049085,2.1573875,0.43669772,0.054628838,1.7825421,0.91724634,2.5217779,0.0,0.0,1.8873757,1.4696187,0.0,3.4654481,0.006952197,3.4768054,1.696834,0.0,0.7872221,1.062981,2.4979374,2.2657523
C000812,0.0,2.8016663,0.0,2.6786284,0.00088442117,0.0,0.0,0.7505534,2.4982958,0.0,0.0,0.0,0.0,0.0,2.7689483,0.0,0.050574243,0.0,0.0,2.3669944,1.5158768,0.0,0.45081872,2.1413677,0.0,2.2438655,0.11547402,0.0,0.0,2.9275804,2.6548474,0.06131327,0.0,2.3553634,1.1604829,0.0,0.0,2.0557292,0.37880373,0.7809219,0.0,0.45968923,3.0881734,2.137949,2.2058432,0.0,0.0,0.040053125,0.46535087,0.9798859,0.0,0.0,1.7670342,0.8199169,0.0,3.287928,0.0,1.3118322,0.57109106,0.0,0.0,0.02975253,1.9555287,0.06542035,0.0,3.9462388,0.0,3.8173008,0.49503636,0.0,0.0,0.66230345,3.2467427,0.0,0.0,0.0,0.0,0.0,3.878852,0.0,0.025287122,0.0,0.22883469,3.2872243,1.8495511,0.0,1.2997818,3.177311,0.0,3.3988812,0.05773701,0.0,0.0,4.3569946,4.078524,0.59782386,0.0,4.015665,1.5413971,0.058542803,0.0,2.9856505,1.0127188,0.93207765,0.0,0.8733163,4.671006,3.1715035,3.1402783,0.0,0.0,0.07122147,1.2568859,0.6968392,0.0,0.0,2.4701643,1.5747874,0.0,4.9097233,0.0,2.3241038,0.8081501,0.0,0.0,0.24052344,3.0679717,0.13916646
C000813,0.0,4.2902927,0.0,3.8823357,0.0,0.0,0.0,1.145171,3.7044387,0.0,0.0,0.0,0.0,0.0,4.1480355,0.0,0.034182936,0.0,0.0,3.4782727,2.1696503,0.0,0.6561631,3.1334074,0.0,3.288463,0.15946442,0.0,0.0,4.353773,3.9609628,0.20830801,0.0,3.6472192,1.8406935,0.0,0.0,3.0456429,0.554196,1.2810378,0.0,0.8527434,4.525694,3.1058564,3.448229,0.0,0.0,0.15776369,0.814541,1.3768015,0.0,0.0,2.615044,1.2019055,0.0,4.821518,0.0,2.0583134,1.0249199,0.0,0.0,0.0,2.9982934,0.12739614,0.0,4.2902927,0.0,3.8823357,0.0,0.0,0.0,1.145171,3.7044387,0.0,0.0,0.0,0.0,0.0,4.1480355,0.0,0.034182936,0.0,0.0,3.4782727,2.1696503,0.0,0.6561631,3.1334074,0.0,3.288463,0.15946442,0.0,0.0,4.353773,3.9609628,0.20830801,0.0,3.6472192,1.8406935,0.0,0.0,3.0456429,0.554196,1.2810378,0.0,0.8527434,4.525694,3.1058564,3.448229,0.0,0.0,0.15776369,0.814541,1.3768015,0.0,0.0,2.615044,1.2019055,0.0,4.821518,0.0,2.0583134,1.0249199,0.0,0.0,0.0,2.9982934,0.12739614
C000814,0.0,4.2902927,0.0,3.8823357,0.0,0.0,0.0,1.145171,3.7044387,0.0,0.0,0.0,0.0,0.0,4.1480355,0.0,0.034182936,0.0,0.0,3.4782727,2.1696503,0.0,0.6561631,3.1334074,0.0,3.288463,0.15946442,0.0,0.0,4.353773,3.9609628,0.20830801,0.0,3.6472192,1.8406935,0.0,0.0,3.0456429,0.554196,1.2810378,0.0,0.8527434,4.525694,3.1058564,3.448229,0.0,0.0,0.15776369,0.814541,1.3768015,0.0,0.0,2.615044,1.2019055,0.0,4.821518,0.0,2.0583134,1.0249199,0.0,0.0,0.0,2.9982934,0.12739614,0.0,4.2902927,0.0,3.8823357,0.0,0.0,0.0,1.145171,3.7044387,0.0,0.0,0.0,0.0,0.0,4.1480355,0.0,0.034182936,0.0,0.0,3.4782727,2.1696503,0.0,0.6561631,3.1334074,0.0,3.288463,0.15946442,0.0,0.0,4.353773,3.9609628,0.20830801,0.0,3.6472192,1.8406935,0.0,0.0,3.0456429,0.554196,1.2810378,0.0,0.8527434,4.525694,3.1058564,3.448229,0.0,0.0,0.15776369,0.814541,1.3768015,0.0,0.0,2.615044,1.2019055,0.0,4.821518,0.0,2.0583134,1.0249199,0.0,0.0,0.0,2.9982934,0.12739614
C000815,0.0,6.0377936,0.9114607,4.86994,1.106917,0.0,0.0,4.6651764,4.8109536,0.0,0.0,0.0,0.6762921,1.4176792,4.9723024,0.0,2.696479,0.0,0.69135404,4.3163967,4.725058,0.0,0.05336782,5.0112777,0.0,5.873339,0.0,0.0,0.0,6.112098,4.7060595,0.0,0.2464169,4.6773157,4.097664,1.4310417,0.17979781,4.9552274,0.0,4.7939425,0.0,2.5574632,5.4172473,3.4168715,4.246791,0.0,0.0,3.3259978,1.1963556,4.41589,0.0,0.0,3.7012758,1.9276667,0.0,5.4423575,0.0,5.668849,3.2500358,0.0,1.0567288,0.7444291,4.359002,3.6393068,0.0,4.375537,0.7466949,3.9995494,1.5222876,0.0,0.0,2.6865058,3.506295,0.0,0.0,0.0,0.48193467,0.73342806,4.158085,0.120517485,1.3524363,0.68013614,1.2716268,3.6426253,3.17572,0.17334458,1.1273298,3.9717588,0.0,4.779596,0.0,0.0,0.0,4.991641,4.1700926,0.70452225,0.3057421,4.4672265,2.5845337,1.4746802,0.6519033,3.8252006,1.1316084,2.937034,0.0,2.1228864,4.749254,3.4065073,3.438663,0.18848649,0.070087604,2.036867,1.5757807,2.5407312,0.0,0.0,2.7819276,2.0211408,0.0,5.1889434,0.0,4.458578,2.062551,0.0,0.56524956,1.1951938,3.7848125,2.4753127
C000816,0.0,5.07775,0.0,4.419758,0.0,0.0,0.0,1.4447359,4.3565764,0.0,0.0,0.0,0.0,0.0,4.8604884,0.0,0.18976656,0.0,0.0,4.0375113,2.59401,0.0,0.58173215,3.685242,0.0,4.0227776,0.13439447,0.0,0.0,5.1387243,4.489235,0.4841375,0.0,4.403348,2.512756,0.0,0.0,3.5437078,0.44164065,1.6871576,0.0,1.3397741,5.0171843,3.46518,4.108858,0.0,0.0,0.47038698,1.1237433,1.7091242,0.0,0.0,3.1054587,1.4398807,0.0,5.443994,0.0,2.669736,1.4856623,0.0,0.0,0.0,3.7228658,0.38978177,0.0,5.07775,0.0,4.419758,0.0,0.0,0.0,1.4447359,4.3565764,0.0,0.0,0.0,0.0,0.0,4.8604884,0.0,0.18976656,0.0,0.0,4.0375113,2.59401,0.0,0.58173215,3.685242,0.0,4.0227776,0.13439447,0.0,0.0,5.1387243,4.489235,0.4841375,0.0,4.403348,2.512756,0.0,0.0,3.5437078,0.44164065,1.6871576,0.0,1.3397741,5.0171843,3.46518,4.108858,0.0,0.0,0.47038698,1.1237433,1.7091242,0.0,0.0,3.1054587,1.4398807,0.0,5.443994,0.0,2.669736,1.4856623,0.0,0.0,0.0,3.7228658,0.38978177
C000817,0.0,3.6544359,0.0,3.2735276,0.0,0.0,0.0,0.93002266,3.22498,0.0,0.0,0.0,0.0,0.0,3.5292227,0.0,0.09600816,0.0,0.0,3.001849,1.897471,0.0,0.46004456,2.749731,0.0,3.0204315,0.11047996,0.0,0.0,3.7811203,3.2787383,0.34716803,0.0,3.2343025,1.8325871,0.0,0.0,2.6127875,0.33308926,1.1753538,0.0,0.9124215,3.706127,2.6121387,2.9335277,0.0,0.0,0.29758957,0.7579264,1.241514,0.0,0.0,2.2818394,1.0904136,0.0,4.0165844,0.0,1.8435675,0.99436617,0.0,0.0,0.0,2.7089846,0.24612689,0.0,3.1458962,0.040998667,2.9057503,0.57606864,0.0,0.0,0.9928275,2.7176285,0.0,0.0,0.0,0.09284093,0.13688631,3.151118,0.0,0.30367044,0.0,0.3283607,2.64168,1.7666723,0.0,0.79602575,2.5566623,0.0,2.9176512,0.03682665,0.0,0.0,3.5141757,3.0840943,0.50615317,0.084812306,3.0212233,1.4890436,0.22412694,0.1295387,2.4748971,0.6400586,1.2023226,0.0,0.84494257,3.5381334,2.4221232,2.4987328,0.075937055,0.016825307,0.4217573,0.9931548,1.0452875,0.0,0.0,1.9938393,1.3301436,0.0,3.8354313,0.0,2.1000342,0.92288417,0.0,0.11027,0.37052438,2.5081875,0.5930981
C000818,0.0,5.2659802,0.0,4.5480413,0.0,0.0,0.0,1.5478469,4.5064483,0.0,0.0,0.0,0.0,0.0,5.0286765,0.0,0.24344437,0.0,0.0,4.170088,2.7167761,0.0,0.55687636,3.811788,0.0,4.215868,0.12780133,0.0,0.0,5.329979,4.6106067,0.54409236,0.0,4.5735846,2.679678,0.0,0.0,3.6608446,0.40588516,1.8074943,0.0,1.4677275,5.1383047,3.5457587,4.256547,0.0,0.0,0.5676535,1.1990026,1.8102305,0.0,0.0,3.2121224,1.4881855,0.0,5.5953703,0.0,2.8431854,1.6064732,0.0,0.0,0.0,3.900533,0.4882537,0.0,5.2659802,0.0,4.5480413,0.0,0.0,0.0,1.5478469,4.5064483,0.0,0.0,0.0,0.0,0.0,5.0286765,0.0,0.24344437,0.0,0.0,4.170088,2.7167761,0.0,0.55687636,3.811788,0.0,4.215868,0.12780133,0.0,0.0,5.329979,4.6106067,0.54409236,0.0,4.5735846,2.679678,0.0,0.0,3.6608446,0.40588516,1.8074943,0.0,1.4677275,5.1383047,3.5457587,4.256547,0.0,0.0,0.5676535,1.1990026,1.8102305,0.0,0.0,3.2121224,1.4881855,0.0,5.5953703,0.0,2.8431854,1.6064732,0.0,0.0,0.0,3.900533,0.4882537
C000819,0.0,0.0,8.211591,0.4449861,13.809918,0.0,0.0,15.929654,0.0,1.8151536,0.0,0.0,14.50391,14.637646,0.0,8.712946,13.952642,12.796062,12.235799,0.0,10.115231,11.3647785,1.9733295,2.985403,0.0,10.437449,0.0,11.600073,0.0,0.0,0.20709337,0.0,9.172941,0.41650617,3.149876,12.303407,14.722456,0.9789314,1.5973728,12.869349,1.0062103,8.578686,0.25999045,0.5609682,0.034889817,9.523277,2.3286943,11.41275,0.0,15.052893,0.0,0.0,0.0,1.925662,0.0,0.9182538,11.408178,11.809823,6.651036,0.0,16.92007,10.142009,0.0043029785,14.519721,0.0,1.044201,5.5172787,0.6552364,8.981838,0.0,0.0,10.994013,0.60333955,1.4592735,0.0,0.0,9.341477,9.327915,0.62197566,5.7532706,9.265757,7.8002243,7.9401035,0.6865295,7.4173675,6.9177775,1.2099282,2.5491202,0.0,7.697418,0.0,6.9717426,0.0,1.1155362,0.9834135,0.0,6.3232236,0.9554531,2.8485117,8.234584,9.572669,1.6435345,0.9208844,9.4436655,0.79029524,5.8246922,0.92588973,0.75515264,0.7446726,6.10667,1.6235855,7.9378047,0.1408429,10.164473,0.0,0.0,0.38176423,2.0635526,0.0,1.5110103,6.9028697,8.887976,5.4730625,0.066651896,10.581953,6.880097,1.0690424,10.338787
C000820,0.0,3.4304621,0.0,3.5964584,1.0003965,0.0,0.0,0.0,2.636348,0.0,0.0,0.0,0.0,0.0,3.5484185,0.0,0.0,0.0,0.44006544,3.0848227,1.4597126,0.0,1.8106656,3.2013311,0.0,3.2751129,0.0,0.0,0.0,3.9816492,4.047596,0.6591403,0.0,4.0529604,1.0229684,0.0,0.0,2.8812213,1.5196247,0.53491354,0.0,0.5189152,4.731899,3.3655968,2.8530545,0.0,0.0,0.0,1.342418,0.13969526,0.0,0.0,2.3293996,1.5884393,0.0,4.894246,0.0,2.085071,0.37856123,0.0,0.0,0.55556184,2.5650272,0.0,0.0,2.994531,0.05635755,2.9669278,0.88110566,0.0,0.0,0.56871825,2.401141,0.0,0.0,0.0,0.0,0.0,2.9575622,0.0,0.09096119,0.0,0.43430385,2.5765686,1.4505395,0.0,1.2595994,2.601442,0.0,2.8306415,0.0008406465,0.0,0.0,3.4368393,3.2649033,0.594624,0.0,3.0961688,1.0249833,0.16340022,0.0,2.3631465,0.92589664,0.91956884,0.0,0.7310667,3.780098,2.503238,2.2947724,0.0,0.0012037419,0.27384606,1.1781003,0.46601,0.0,0.0,1.9295424,1.3982658,0.0,3.8335848,0.0,2.0738113,0.58703727,0.0,0.0,0.57919663,2.5018935,0.35911265
C000821,0.0,2.8425667,0.0,2.700039,0.0,0.0,0.0,0.723806,2.529009,0.0,0.0,0.0,0.0,0.0,2.8045678,0.0,0.03796955,0.0,0.0,2.396139,1.515074,0.0,0.4561348,2.1552722,0.0,2.2719054,0.11481603,0.0,0.0,2.9599967,2.6780326,0.09257909,0.0,2.4225159,1.1904949,0.0,0.0,2.0704868,0.38970843,0.7741285,0.0,0.47693732,3.1224978,2.172298,2.2426744,0.0,0.0,0.03869864,0.47500408,0.9685856,0.0,0.0,1.7833139,0.8339506,0.0,3.3217957,0.0,1.3097831,0.58905095,0.0,0.0,0.019166678,1.9985061,0.04153752,0.0,4.0791106,2.1806827,3.752808,3.3575826,0.0,0.0,5.125619,2.9493003,0.0118429065,0.0,0.0,2.3448837,2.7479386,3.5238144,1.1403246,3.7318783,2.3891473,2.970754,3.1496854,4.288245,1.1865512,1.0701416,4.1078553,0.0,6.3239,0.022963207,1.0687157,0.0,4.7611136,3.8392072,0.27892786,1.6366885,4.1514177,3.0255337,3.457562,2.9462101,3.6916752,0.6527827,4.8023276,0.0,3.5325227,4.5234284,3.0735834,2.8458438,1.470195,0.08889203,3.732161,1.6460273,4.4309053,0.0,0.0,2.3358436,2.1293063,0.0,4.689065,0.8129131,6.4168725,3.2231522,0.0,2.8820157,2.7078862,3.9744828,4.7669687
C000822,0.0,1.9820929,0.0,1.9564111,0.07477741,0.0,0.0,0.42690176,1.8474846,0.0,0.0,0.0,0.0,0.0,2.0018399,0.0,0.026892819,0.0,0.0,1.7482693,1.0907965,0.0,0.35219252,1.5872728,0.0,1.6888226,0.0770909,0.0,0.0,2.1593862,1.8787545,0.092025205,0.0,1.7660689,0.89560056,0.0,0.0,1.5033346,0.27123895,0.50032026,0.0,0.31706434,2.249721,1.601595,1.5244707,0.0,0.0,0.014545027,0.28959662,0.706767,0.0,0.0,1.3017461,0.6467115,0.0,2.3785703,0.0,0.89327824,0.3746516,0.0,0.0,0.03289209,1.4760318,0.013905209,0.0,3.1096566,0.12358668,3.1054509,0.7674152,0.0,0.0,0.7945667,2.5793755,0.0,0.0,0.0,0.0,0.0,3.0777595,0.0,0.06060223,0.0,0.40432882,2.549812,1.6860422,0.0,1.0984006,2.7020285,0.0,2.8150005,0.025696965,0.0,0.0,3.572569,3.205065,0.42307308,0.0,3.1549985,1.2983528,0.27863497,0.0,2.5400853,0.8226459,1.0077666,0.0,0.7695249,3.6634305,2.4114523,2.4744942,0.0,0.0,0.42872572,1.0399135,0.71675867,0.0,0.0,1.938789,1.4786558,0.0,3.9144306,0.0,2.1800137,0.706217,0.0,0.0,0.35060653,2.399216,0.44007877
C000823,0.0,4.6711755,0.0,4.1321087,0.0,0.0,0.0,1.2967612,4.0125737,0.0,0.0,0.0,0.0,0.0,4.4840894,0.0,0.11891499,0.0,0.0,3.7499034,2.3751965,0.0,0.61289674,3.396669,0.0,3.6470957,0.14580995,0.0,0.0,4.7230945,4.208521,0.34497592,0.0,4.005937,2.1660519,0.0,0.0,3.2791052,0.48450363,1.4850314,0.0,1.0904719,4.745928,3.2735968,3.7641635,0.0,0.0,0.31250042,0.96931064,1.5395072,0.0,0.0,2.8459854,1.3164245,0.0,5.1011653,0.0,2.357296,1.249969,0.0,0.0,0.0,3.3426545,0.26232406,0.0,4.6711755,0.0,4.1321087,0.0,0.0,0.0,1.2967612,4.0125737,0.0,0.0,0.0,0.0,0.0,4.4840894,0.0,0.11891499,0.0,0.0,3.7499034,2.3751965,0.0,0.61289674,3.396669,0.0,3.6470957,0.14580995,0.0,0.0,4.7230945,4.208521,0.34497592,0.0,4.005937,2.1660519,0.0,0.0,3.2791052,0.48450363,1.4850314,0.0,1.0904719,4.745928,3.2735968,3.7641635,0.0,0.0,0.31250042,0.96931064,1.5395072,0.0,0.0,2.8459854,1.3164245,0.0,5.1011653,0.0,2.357296,1.249969,0.0,0.0,0.0,3.3426545,0.26232406
C000824,0.0,2.19864,0.13853073,2.3083673,1.1365964,0.0,0.0,0.3801276,1.796684,0.0,0.0,0.0,0.0,0.0,2.4026904,0.0,0.0,0.05987972,0.9603113,1.9943993,1.2323513,0.0,1.476521,2.0750499,0.0,2.415239,0.0,0.0,0.0,2.5849354,2.7020912,0.49371815,0.0,2.7248254,0.53070015,0.46556717,0.23607303,1.8901899,1.1248397,0.66843235,0.0,0.24064001,2.9814677,2.1796312,1.7788868,0.0,0.0,0.12828751,1.009718,0.32363668,0.0,0.0,1.5631666,1.3524673,0.0,3.3195977,0.0,1.6464307,0.31211427,0.0,0.0,0.91345906,1.6306992,0.50421363,0.0,2.133153,0.72430193,1.8309416,1.6500742,0.0,0.0,2.194329,1.7776829,0.0,0.0,0.0,0.9538085,0.990297,2.0061755,0.28024074,1.3981471,0.7728963,1.2773243,1.7515028,2.157755,0.39299777,0.72376144,2.078801,0.0,2.9823132,0.0,0.278358,0.0,2.537593,2.0008101,0.23240611,0.6324758,1.8838608,1.3327734,1.3128362,1.1957105,1.9143747,0.4965454,2.157832,0.0,1.3228734,2.4399884,1.5280501,1.4564793,0.61678874,0.09540557,1.4509901,0.79546887,1.9530518,0.0,0.0,1.3488609,1.2365822,0.0,2.5384994,0.21670032,2.8060038,1.380857,0.0,0.8919112,1.196862,1.8688253,2.0237126
C000825,0.0,4.2364407,0.0,3.851695,0.0,0.0,0.0,1.1276256,3.6617959,0.0,0.0,0.0,0.0,0.0,4.1016097,0.0,0.022582274,0.0,0.0,3.4386058,2.146176,0.0,0.6643386,3.1011117,0.0,3.2407303,0.16193718,0.0,0.0,4.3028345,3.928115,0.18104115,0.0,3.59376,1.7935318,0.0,0.0,3.0167894,0.5670839,1.2544296,0.0,0.81761307,4.4987144,3.0805655,3.401005,0.0,0.0,0.13691115,0.7912637,1.3570081,0.0,0.0,2.5869007,1.1849428,0.0,4.785444,0.0,2.0186238,0.9924681,0.0,0.0,0.0,2.9460726,0.111315206,0.0,4.2364407,0.0,3.851695,0.0,0.0,0.0,1.1276256,3.6617959,0.0,0.0,0.0,0.0,0.0,4.1016097,0.0,0.022582274,0.0,0.0,3.4386058,2.146176,0.0,0.6643386,3.1011117,0.0,3.2407303,0.16193718,0.0,0.0,4.3028345,3.928115,0.18104115,0.0,3.59376,1.7935318,0.0,0.0,3.0167894,0.5670839,1.2544296,0.0,0.81761307,4.4987144,3.0805655,3.401005,0.0,0.0,0.13691115,0.7912637,1.3570081,0.0,0.0,2.5869007,1.1849428,0.0,4.785444,0.0,2.0186238,0.9924681,0.0,0.0,0.0,2.9460726,0.111315206
C000826,0.0,11.167506,0.78229,11.146638,1.9208065,0.0,0.0,5.2386804,9.5854,0.0,0.0,0.0,0.0,0.0,12.041146,0.0,0.9122165,0.44978476,1.9680201,9.961822,6.396581,0.0,3.0426648,8.961111,0.0,10.957617,0.0,0.0,0.0,12.196552,12.115883,2.4689279,0.0,12.043577,5.503494,0.24705052,0.18732941,8.049528,2.5672884,5.923774,0.0,3.9767752,12.308899,9.282465,9.55364,0.0,0.0,2.5347958,3.5912075,5.7644467,0.0,0.0,7.826029,3.8428717,0.0,14.161342,0.0,8.396235,3.5358822,0.0,0.0,2.6273634,9.204741,3.7171526,0.0,5.1139135,1.675699,5.1626086,3.0575595,0.0,0.0,5.0908747,4.127728,0.0,0.0,0.0,1.9219141,2.0211203,4.993726,0.7444564,3.044421,2.129909,2.8741853,4.4228163,4.636337,0.95622027,1.6010816,4.954796,0.0,6.952826,0.0,0.81810415,0.0,6.0520883,5.2852736,0.61723197,1.1111269,5.4486294,3.4281278,2.8763537,2.483988,4.383127,1.4633989,4.8793287,0.0,3.433512,5.8449545,4.178186,4.0623326,1.1957264,0.11333677,3.3258507,1.6022912,4.9058156,0.0,0.0,3.342743,2.4539778,0.0,6.602991,0.5228199,6.398592,2.9625432,0.0,2.1543937,2.6639326,4.512721,4.472809
C000827,0.0,1.2976854,0.0,1.3593113,0.33783084,0.0,0.0,0.5034795,1.2627597,0.0,0.0,0.0,0.08596754,0.0,1.2885139,0.0,0.16579595,0.0,0.12759958,1.217844,0.8733716,0.0,0.31182364,1.1631585,0.0,1.2785299,0.016529106,0.0,0.0,1.4783591,1.2234223,0.0,0.0,1.0288001,0.60278475,0.09052852,0.0,1.0991219,0.10709086,0.51253,0.0,0.13698985,1.5248625,1.07847,0.9278024,0.0,0.02167187,0.14098768,0.1450144,0.6590822,0.0,0.0,0.84019506,0.5512336,0.0,1.6228453,0.0,0.7858353,0.28933477,0.0,0.0,0.17821401,0.931082,0.25693533,0.0,2.7332487,0.4174527,2.5637953,1.3366914,0.0,0.0,1.5601149,2.2316353,0.0,0.0,0.0,0.3781813,0.37731108,2.593732,0.067662545,0.8155131,0.31843093,0.9739612,2.3081093,1.9835299,0.04474148,0.9712761,2.5793176,0.0,3.109882,0.002754851,0.0,0.0,3.4827807,2.6450799,0.31669307,0.2015454,2.675656,1.4576234,0.85844535,0.54625094,2.2549314,0.6404339,1.6675838,0.0,1.1547879,3.2043912,1.9747,1.8344609,0.23295219,0.0036119784,0.9875874,1.0543784,1.4993801,0.0,0.0,1.7279606,1.434328,0.0,3.3773134,0.0,2.796933,1.07328,0.0,0.20320411,0.8550678,2.2507675,1.3524312
C000828,0.0,4.991828,0.0,4.3593183,0.0,0.0,0.0,1.4074498,4.2850237,0.0,0.0,0.0,0.0,0.0,4.780303,0.0,0.1712386,0.0,0.0,3.9779902,2.543917,0.0,0.5911205,3.6273685,0.0,3.9392896,0.13687241,0.0,0.0,5.053466,4.431791,0.45418775,0.0,4.321529,2.4390233,0.0,0.0,3.4897325,0.45326936,1.6420499,0.0,1.2839893,4.960003,3.4263883,4.0380507,0.0,0.0,0.43265262,1.0896341,1.6699125,0.0,0.0,3.053471,1.4175625,0.0,5.3716235,0.0,2.597031,1.4328427,0.0,0.0,0.0,3.6407344,0.35724187,0.0,4.991828,0.0,4.3593183,0.0,0.0,0.0,1.4074498,4.2850237,0.0,0.0,0.0,0.0,0.0,4.780303,0.0,0.1712386,0.0,0.0,3.9779902,2.543917,0.0,0.5911205,3.6273685,0.0,3.9392896,0.13687241,0.0,0.0,5.053466,4.431791,0.45418775,0.0,4.321529,2.4390233,0.0,0.0,3.4897325,0.45326936,1.6420499,0.0,1.2839893,4.960003,3.4263883,4.0380507,0.0,0.0,0.43265262,1.0896341,1.6699125,0.0,0.0,3.053471,1.4175625,0.0,5.3716235,0.0,2.597031,1.4328427,0.0,0.0,0.0,3.6407344,0.35724187
C000829,0.0,4.2364407,0.0,3.851695,0.0,0.0,0.0,1.1276256,3.6617959,0.0,0.0,0.0,0.0,0.0,4.1016097,0.0,0.022582274,0.0,0.0,3.4386058,2.146176,0.0,0.6643386,3.1011117,0.0,3.2407303,0.16193718,0.0,0.0,4.3028345,3.928115,0.18104115,0.0,3.59376,1.7935318,0.0,0.0,3.0167894,0.5670839,1.2544296,0.0,0.81761307,4.4987144,3.0805655,3.401005,0.0,0.0,0.13691115,0.7912637,1.3570081,0.0,0.0,2.5869007,1.1849428,0.0,4.785444,0.0,2.0186238,0.9924681,0.0,0.0,0.0,2.9460726,0.111315206,0.0,4.2364407,0.0,3.851695,0.0,0.0,0.0,1.1276256,3.6617959,0.0,0.0,0.0,0.0,0.0,4.1016097,0.0,0.022582274,0.0,0.0,3.4386058,2.146176,0.0,0.6643386,3.1011117,0.0,3.2407303,0.16193718,0.0,0.0,4.3028345,3.928115,0.18104115,0.0,3.59376,1.7935318,0.0,0.0,3.0167894,0.5670839,1.2544296,0.0,0.81761307,4.4987144,3.0805655,3.401005,0.0,0.0,0.13691115,0.7912637,1.3570081,0.0,0.0,2.5869007,1.1849428,0.0,4.785444,0.0,2.0186238,0.9924681,0.0,0.0,0.0,2.9460726,0.111315206
C000830,0.0,4.991828,0.0,4.3593183,0.0,0.0,0.0,1.4074498,4.2850237,0.0,0.0,0.0,0.0,0.0,4.780303,0.0,0.1712386,0.0,0.0,3.9779902,2.543917,0.0,0.5911205,3.6273685,0.0,3.9392896,0.13687241,0.0,0.0,5.053466,4.431791,0.45418775,0.0,4.321529,2.4390233,0.0,0.0,3.4897325,0.45326936,1.6420499,0.0,1.2839893,4.960003,3.4263883,4.0380507,0.0,0.0,0.43265262,1.0896341,1.6699125,0.0,0.0,3.053471,1.4175625,0.0,5.3716235,0.0,2.597031,1.4328427,0.0,0.0,0.0,3.6407344,0.35724187,0.0,4.991828,0.0,4.3593183,0.0,0.0,0.0,1.4074498,4.2850237,0.0,0.0,0.0,0.0,0.0,4.780303,0.0,0.1712386,0.0,0.0,3.9779902,2.543917,0.0,0.5911205,3.6273685,0.0,3.9392896,0.13687241,0.0,0.0,5.053466,4.431791,0.45418775,0.0,4.321529,2.4390233,0.0,0.0,3.4897325,0.45326936,1.6420499,0.0,1.2839893,4.960003,3.4263883,4.0380507,0.0,0.0,0.43265262,1.0896341,1.6699125,0.0,0.0,3.053471,1.4175625,0.0,5.3716235,0.0,2.597031,1.4328427,0.0,0.0,0.0,3.6407344,0.35724187
C000831,0.0,5.2075357,0.0,4.9230776,0.64764404,0.0,0.0,0.3572033,4.097349,0.0,0.0,0.0,0.0,0.0,5.1417933,0.0,0.0,0.0,0.15687853,4.4189515,2.1894002,0.0,1.9933977,4.3431726,0.0,4.500576,0.0,0.0,0.0,5.634654,5.510484,1.002992,0.0,5.607477,1.8810086,0.0,0.0,3.9692898,1.6988821,1.0860853,0.0,1.0855905,6.3055778,4.44083,4.3180065,0.0,0.0,0.0,1.8461487,0.5492203,0.0,0.0,3.2448623,2.085328,0.0,6.650274,0.0,2.9883533,0.97875655,0.0,0.0,0.37400007,3.8991895,0.041555405,0.0,3.6715505,0.0,3.4784148,0.4360824,0.0,0.0,0.6385639,3.0501719,0.0,0.0,0.0,0.0,0.0,3.64469,0.0,0.13076709,0.0,0.078439265,3.1050367,1.8065726,0.0,1.1402584,3.0119815,0.0,3.2131925,0.003848467,0.0,0.0,4.0393114,3.7255101,0.501496,0.0,3.6123786,1.4561875,0.0121319555,0.0,2.8240244,0.95238745,0.98406804,0.0,0.79260314,4.3537674,2.9731402,2.9602587,0.0,0.0025259703,0.122844465,1.0915531,0.7987062,0.0,0.0,2.3244157,1.4290545,0.0,4.595007,0.0,2.1428103,0.77800846,0.0,0.0,0.26032785,2.7619498,0.205672
C000832,0.0,4.2902927,0.0,3.8823357,0.0,0.0,0.0,1.145171,3.7044387,0.0,0.0,0.0,0.0,0.0,4.1480355,0.0,0.034182936,0.0,0.0,3.4782727,2.1696503,0.0,0.6561631,3.1334074,0.0,3.288463,0.15946442,0.0,0.0,4.353773,3.9609628,0.20830801,0.0,3.6472192,1.8406935,0.0,0.0,3.0456429,0.554196,1.2810378,0.0,0.8527434,4.525694,3.1058564,3.448229,0.0,0.0,0.15776369,0.814541,1.3768015,0.0,0.0,2.615044,1.2019055,0.0,4.821518,0.0,2.0583134,1.0249199,0.0,0.0,0.0,2.9982934,0.12739614,0.0,4.2902927,0.0,3.8823357,0.0,0.0,0.0,1.145171,3.7044387,0.0,0.0,0.0,0.0,0.0,4.1480355,0.0,0.034182936,0.0,0.0,3.4782727,2.1696503,0.0,0.6561631,3.1334074,0.0,3.288463,0.15946442,0.0,0.0,4.353773,3.9609628,0.20830801,0.0,3.6472192,1.8406935,0.0,0.0,3.0456429,0.554196,1.2810378,0.0,0.8527434,4.525694,3.1058564,3.448229,0.0,0.0,0.15776369,0.814541,1.3768015,0.0,0.0,2.615044,1.2019055,0.0,4.821518,0.0,2.0583134,1.0249199,0.0,0.0,0.0,2.9982934,0.12739614
C000833,0.0,2.677411,0.0,2.5834913,0.0,0.0,0.0,0.80270404,2.3344145,0.0,0.0,0.0,0.0,0.0,2.6413074,0.0,0.1078057,0.0,0.0,2.22204,1.4560297,0.0,0.40432137,2.1102512,0.0,2.158855,0.089938305,0.0,0.0,2.7645187,2.513242,0.04476221,0.0,2.2261724,1.1170857,0.0,0.0,2.005601,0.30927664,0.8189245,0.0,0.44700426,2.8964307,2.0242667,2.0700035,0.0,0.0,0.097996145,0.44829494,0.95967674,0.0,0.0,1.7101429,0.7471367,0.0,3.0395613,0.0,1.3437558,0.5558503,0.0,0.0,0.0057331994,1.8301339,0.14712541,0.0,1.6847985,4.2181835,1.3664058,6.4876194,0.0,0.0,9.435928,1.1817561,1.2073879,0.0,0.0,6.6563983,6.9045253,1.2496487,4.216056,7.5227427,5.4562864,5.877512,1.2216698,6.2862415,4.8468165,0.46759364,2.5571404,0.0,6.7588806,0.005995887,4.9286304,0.0,1.9001278,1.3379056,0.003208646,5.143414,1.2574154,3.2205288,6.672966,6.676955,2.1948721,0.11552126,7.9477515,0.74509615,4.8765683,1.7320449,0.9010255,1.0330065,4.4524198,1.1569521,6.671861,0.30942208,8.130288,0.0,0.0,0.8309673,1.9208838,0.0,1.8853154,4.64545,7.8068104,5.086309,0.08550719,7.7560167,5.272347,1.8354915,8.559536
C000834,0.0,1.8481787,0.0,1.8471034,0.115432,0.0,0.0,0.4501974,1.7392892,0.0,0.0,0.0,0.0,0.0,1.8718914,0.0,0.0683286,0.0,0.0,1.6589732,1.0624144,0.0,0.3092962,1.4924241,0.0,1.5941545,0.07268389,0.0,0.0,2.0518215,1.7629659,0.07343377,0.0,1.593593,0.8275964,0.0,0.0,1.4244446,0.22485895,0.48250258,0.0,0.29409936,2.1076703,1.5000865,1.4134468,0.0,0.0,0.021075185,0.27797046,0.71369326,0.0,0.0,1.2160164,0.6099899,0.0,2.251305,0.0,0.8627006,0.34294277,0.0,0.0,0.041864548,1.3812338,0.047161438,0.0,2.3661113,0.0,2.4310613,0.55678415,0.0,0.0,0.4173569,2.0611396,0.0,0.0,0.0,0.0,0.0,2.397765,0.0,0.0341643,0.0,0.27451664,2.0777307,1.2179592,0.0,0.91527903,2.0355794,0.0,2.0920527,0.036341947,0.0,0.0,2.7806706,2.499415,0.3151628,0.0,2.4073718,0.91361547,0.12576984,0.0,1.8929017,0.6862259,0.5402951,0.0,0.4482336,2.9563332,1.9518341,1.8444319,0.0,0.0,0.043156385,0.7223658,0.4646696,0.0,0.0,1.5330982,1.1217821,0.0,3.134637,0.0,1.469095,0.38485086,0.0,0.0,0.2438393,1.8096442,0.087204844
C000835,0.0,4.2364407,0.0,3.851695,0.0,0.0,0.0,1.1276256,3.6617959,0.0,0.0,0.0,0.0,0.0,4.1016097,0.0,0.022582274,0.0,0.0,3.4386058,2.146176,0.0,0.6643386,3.1011117,0.0,3.2407303,0.16193718,0.0,0.0,4.3028345,3.928115,0.18104115,0.0,3.59376,1.7935318,0.0,0.0,3.0167894,0.5670839,1.2544296,0.0,0.81761307,4.4987144,3.0805655,3.401005,0.0,0.0,0.13691115,0.7912637,1.3570081,0.0,0.0,2.5869007,1.1849428,0.0,4.785444,0.0,2.0186238,0.9924681,0.0,0.0,0.0,2.9460726,0.111315206,0.0,4.2364407,0.0,3.851695,0.0,0.0,0.0,1.1276256,3.6617959,0.0,0.0,0.0,0.0,0.0,4.1016097,0.0,0.022582274,0.0,0.0,3.4386058,2.146176,0.0,0.6643386,3.1011117,0.0,3.2407303,0.16193718,0.0,0.0,4.3028345,3.928115,0.18104115,0.0,3.59376,1.7935318,0.0,0.0,3.0167894,0.5670839,1.2544296,0.0,0.81761307,4.4987144,3.0805655,3.401005,0.0,0.0,0.13691115,0.7912637,1.3570081,0.0,0.0,2.5869007,1.1849428,0.0,4.785444,0.0,2.0186238,0.9924681,0.0,0.0,0.0,2.9460726,0.111315206
C000836,0.0,3.2063503,1.6189436,3.369075,2.856751,0.0,0.0,4.2481894,2.7925558,0.0,0.0,0.0,2.5171492,3.086812,2.886635,0.4022087,3.6584437,2.2078981,2.593696,2.8096704,3.9222655,1.1605667,0.98690295,3.3870344,0.0,5.448946,0.0,0.61932373,0.0,4.3702602,3.0110657,0.0,1.2467788,3.369252,2.5911953,2.3595495,2.3019295,2.5453167,0.6692903,4.0110564,0.0,2.698648,3.6194654,2.3597891,2.437025,1.0464587,0.09196134,2.937235,0.82528615,4.59439,0.0,0.0,2.2558568,1.2331253,0.0,3.9491243,0.45176238,5.1273475,2.1522436,0.0,2.6612124,1.8399565,2.8553834,3.6441493,0.0,2.6095352,2.463169,2.3632567,4.091142,0.0,0.0,5.9437146,1.9444035,0.12838274,0.0,0.0,3.7608953,4.047999,2.0618954,1.8409159,4.790501,3.2345636,3.687896,2.0416436,4.531279,2.2708488,0.76487595,2.9781132,0.0,5.562744,0.0,2.0520988,0.0,3.2686176,2.2281995,0.022016475,2.4974248,2.3910651,2.7365968,3.959457,3.8899286,2.54604,0.5866628,5.2431426,0.090424344,3.4304008,2.7668688,1.6462927,1.7002348,2.3803916,0.49356413,4.2744308,0.6181706,5.517456,0.0,0.0,1.4331229,1.6971471,0.0,3.1273403,1.8113451,5.962788,3.27066,0.0,4.2543054,3.1032023,2.5279431,5.3759537
C000837,0.0,4.7951517,0.26704672,5.6871595,1.7649126,0.0,0.0,0.6896232,3.801153,0.0,0.0,0.0,0.0,0.0,5.0814915,0.0,0.0,1.3809627,1.9582449,4.9768133,2.3196313,0.0,3.0077271,4.8557377,0.0,4.960951,0.0,0.0,0.0,6.230624,6.118986,0.8417193,0.0,6.8858795,2.0397599,1.6654751,0.4286974,4.236472,3.2503824,1.1927142,0.0,1.6346285,6.8090205,5.4701357,4.498419,0.0,0.0,0.45220304,1.769573,1.1450281,0.0,0.0,3.5392995,2.8111334,0.0,7.951035,0.0,3.8276558,0.6806765,0.0,0.0,1.5836598,4.038097,0.75147504,0.0,3.9429164,0.587047,3.6830153,1.2945843,0.0,0.0,2.3350387,3.2052052,0.0,0.0,0.0,0.47392127,0.7620664,3.6525428,0.006459603,1.3287814,0.40777403,1.0826122,3.3197918,2.8306074,0.12910166,1.1030824,3.5420165,0.0,4.2616215,0.0,0.0,0.0,4.6632195,3.7252274,0.39025724,0.32374582,3.9436078,2.393571,1.2838082,0.43526033,3.3466601,0.99732924,2.4906654,0.0,1.7441144,4.414905,2.9505606,3.0006123,0.1290741,0.03942437,1.6076095,1.2052529,2.3395247,0.0,0.0,2.5293903,1.8116232,0.0,4.782551,0.0,3.822631,1.6959397,0.0,0.55457616,0.94170105,3.2100444,1.9565784
C000838,0.0,2.7669683,0.0,2.6578207,0.009593986,0.0,0.0,0.7734377,2.4643984,0.0,0.0,0.0,0.0,0.0,2.7365384,0.0,0.06663793,0.0,0.0,2.3365364,1.5119205,0.0,0.44153577,2.131817,0.0,2.223485,0.111925475,0.0,0.0,2.890926,2.6268685,0.04485699,0.0,2.3041964,1.1408966,0.0,0.0,2.0443597,0.36319646,0.79287755,0.0,0.4511995,3.0485048,2.1086278,2.171974,0.0,0.0,0.049235415,0.45964175,0.9838358,0.0,0.0,1.7514185,0.8052458,0.0,3.2399008,0.0,1.3204075,0.56142586,0.0,0.0,0.032886006,1.920748,0.08888926,0.0,2.4800906,2.3726003,1.83601,3.5409439,0.0,0.0,5.830306,1.8316631,0.46379048,0.0,0.0,3.3766942,3.6811419,2.0566938,2.0140378,4.254439,2.559183,3.0551157,1.7132246,4.3848658,2.268827,0.3911763,2.6179862,0.0,5.075445,0.012436164,2.0236738,0.0,2.6980472,1.9127765,0.10057371,2.6999385,1.70544,2.7129831,3.6783192,3.3129838,2.555394,0.20063691,5.207685,0.290872,3.1158497,2.3914423,1.2725835,1.4936795,2.232688,0.6194911,4.141148,0.6618636,4.9343824,0.0,0.0,1.2032235,1.6493363,0.0,2.388985,1.8537161,5.5529075,3.5299356,0.0,3.8972604,2.850596,2.3902981,5.253146
C000839,0.0,4.365396,0.0,3.930901,0.0,0.0,0.0,1.1732485,3.7636876,0.0,0.0,0.0,0.0,0.0,4.214825,0.0,0.050368816,0.0,0.0,3.5322993,2.2068186,0.0,0.64657336,3.1817873,0.0,3.3572855,0.1566275,0.0,0.0,4.42352,4.010731,0.23750108,0.0,3.7197547,1.902455,0.0,0.0,3.0913744,0.5385255,1.3199968,0.0,0.89876294,4.568469,3.141261,3.5117688,0.0,0.0,0.18718593,0.84615463,1.4058892,0.0,0.0,2.6582088,1.223271,0.0,4.8748875,0.0,2.1157603,1.0688256,0.0,0.0,0.0,3.0660133,0.15126653,0.0,4.365396,0.0,3.930901,0.0,0.0,0.0,1.1732485,3.7636876,0.0,0.0,0.0,0.0,0.0,4.214825,0.0,0.050368816,0.0,0.0,3.5322993,2.2068186,0.0,0.64657336,3.1817873,0.0,3.3572855,0.1566275,0.0,0.0,4.42352,4.010731,0.23750108,0.0,3.7197547,1.902455,0.0,0.0,3.0913744,0.5385255,1.3199968,0.0,0.89876294,4.568469,3.141261,3.5117688,0.0,0.0,0.18718593,0.84615463,1.4058892,0.0,0.0,2.6582088,1.223271,0.0,4.8748875,0.0,2.1157603,1.0688256,0.0,0.0,0.0,3.0660133,0.15126653
C000840,0.0,3.1130466,0.0,2.8869262,0.0,0.0,0.0,0.7442893,2.764136,0.0,0.0,0.0,0.0,0.0,3.0499609,0.0,0.035154346,0.0,0.0,2.601912,1.613502,0.0,0.46818328,2.339315,0.0,2.5140128,0.117095836,0.0,0.0,3.2226748,2.8766804,0.1969006,0.0,2.7235909,1.3980609,0.0,0.0,2.2447984,0.38703337,0.8689524,0.0,0.6171744,3.3349862,2.338912,2.476592,0.0,0.0,0.10050462,0.56749666,1.0253764,0.0,0.0,1.9498138,0.9167896,0.0,3.561814,0.0,1.4539775,0.7138527,0.0,0.0,0.0,2.244485,0.06305881,0.0,3.5362566,0.16373558,3.3151188,0.88563585,0.0,0.0,0.87120646,2.8117993,0.0,0.0,0.0,0.0,0.0,3.3950214,0.0,0.061602216,0.0,0.5458457,2.894017,1.6514572,0.0,1.1773939,2.9364605,0.0,3.25346,0.039031945,0.0,0.0,3.8978932,3.6504157,0.7437611,0.0,3.5975358,1.3917483,0.21920328,0.0,2.6497815,0.8694269,1.2062608,0.0,0.94427943,4.1323714,2.7665393,2.6541088,0.0,0.0,0.4129658,1.4832845,0.6752956,0.0,0.0,2.2133744,1.4841725,0.0,4.201449,0.0,2.4470003,0.8534462,0.0,0.0,0.5558797,3.0042877,0.5519056
C000841,0.0,4.594108,0.0,4.080994,0.0,0.0,0.0,1.2668654,3.9495687,0.0,0.0,0.0,0.0,0.0,4.416078,0.0,0.10367714,0.0,0.0,3.6952255,2.3321958,0.0,0.6202911,3.3414314,0.0,3.5752459,0.14837685,0.0,0.0,4.6469107,4.158209,0.3187505,0.0,3.9342623,2.0998545,0.0,0.0,3.2318428,0.49575514,1.4438144,0.0,1.0429646,4.7003064,3.2406063,3.7008202,0.0,0.0,0.28095362,0.93960404,1.5060972,0.0,0.0,2.7974977,1.2929994,0.0,5.0424576,0.0,2.2975178,1.2043599,0.0,0.0,0.0,3.2731085,0.23457666,0.0,4.594108,0.0,4.080994,0.0,0.0,0.0,1.2668654,3.9495687,0.0,0.0,0.0,0.0,0.0,4.416078,0.0,0.10367714,0.0,0.0,3.6952255,2.3321958,0.0,0.6202911,3.3414314,0.0,3.5752459,0.14837685,0.0,0.0,4.6469107,4.158209,0.3187505,0.0,3.9342623,2.0998545,0.0,0.0,3.2318428,0.49575514,1.4438144,0.0,1.0429646,4.7003064,3.2406063,3.7008202,0.0,0.0,0.28095362,0.93960404,1.5060972,0.0,0.0,2.7974977,1.2929994,0.0,5.0424576,0.0,2.2975178,1.2043599,0.0,0.0,0.0,3.2731085,0.23457666
C000842,0.0,1.7389894,0.0,1.7472746,0.14934413,0.0,0.0,0.5230871,1.6122636,0.0,0.0,0.0,0.0,0.0,1.7533587,0.0,0.12302542,0.0,0.0,1.5479686,1.0438957,0.0,0.24981812,1.4411864,0.0,1.5213696,0.052902102,0.0,0.0,1.9236791,1.6324806,0.045084815,0.0,1.4435527,0.7923348,0.0,0.0,1.3547084,0.15673679,0.52061456,0.0,0.27963498,1.9351666,1.3837264,1.2986269,0.0,0.0,0.084715426,0.2700922,0.7364799,0.0,0.0,1.1636589,0.55924654,0.0,2.062835,0.0,0.892943,0.3402628,0.0,0.0,0.03310544,1.2702868,0.14009482,0.0,1.8711472,3.3549814,1.5076884,5.6732483,0.0,0.0,7.1685004,1.4194869,0.7148581,0.0,0.0,5.570025,5.5357184,1.6518402,3.3247156,5.9475474,4.795455,4.731885,1.5164205,5.5672984,3.8964434,0.95429987,2.7117977,0.0,6.0895653,0.0022042543,3.779169,0.0,2.2918088,1.798014,0.11531777,3.8458195,1.9181112,2.5908618,5.250868,5.728153,2.2475483,1.018985,6.5972495,0.4463117,4.085615,1.9260964,1.6113882,1.6020352,3.4537184,1.1083025,5.268117,0.38975057,6.832278,0.0,0.0,1.001598,1.7699995,0.0,2.568999,3.6773546,6.754875,4.0504766,0.0074057668,6.3096776,4.3060956,1.9669989,6.893846
C000843,0.0,2.16854,0.0,2.3837626,0.6886034,0.0,0.0,0.0,1.8622543,0.0,0.0,0.0,0.0,0.0,2.3124332,0.0,0.0,0.0,0.4942728,2.0451474,0.94555056,0.0,1.3155017,2.2727313,0.0,2.065502,0.0,0.0,0.0,2.5277534,2.683642,0.32909593,0.0,2.5653923,0.5540543,0.0,0.0,1.8034112,1.1438481,0.34863642,0.0,0.078448854,3.0435116,2.226022,1.8624865,0.0,0.0,0.0,0.71208185,0.03366232,0.0,0.0,1.4003567,1.1506884,0.0,3.307123,0.0,1.1846236,0.070769444,0.0,0.0,0.4502874,1.440101,0.0,0.0,2.1770573,0.8790266,1.7920076,1.6902227,0.0,0.0,2.1746647,1.6099757,0.0,0.0,0.0,1.2263027,1.3646946,1.939209,0.5912737,1.4801048,0.9108748,1.4039812,1.6938487,2.125131,0.6903305,0.65619296,2.1609008,0.0,3.0142157,0.0,0.7038522,0.0,2.4873002,1.9166508,0.22929145,0.8929672,1.8677305,1.3227116,1.3803339,1.3288839,1.8703194,0.44134322,2.1737702,0.0055489745,1.3955292,2.3826435,1.393278,1.2864623,0.8927706,0.21864654,1.6152258,0.7836731,1.8442678,0.0,0.0,1.1724112,1.3372082,0.0,2.4771764,0.5494357,2.904937,1.4422922,0.0,1.2975041,1.2619977,1.8186525,2.022187
C000844,0.0,1.7425464,0.0,1.7468014,0.17629142,0.0,0.0,0.57558626,1.6081855,0.0,0.0,0.0,0.0,0.0,1.7407705,0.0,0.14459987,0.0,0.0,1.5477948,1.0668683,0.0,0.24914001,1.4428926,0.0,1.5284482,0.049590528,0.0,0.0,1.923752,1.638536,0.026115937,0.0,1.4018478,0.7834575,0.0,0.0,1.3681418,0.13948342,0.55184025,0.0,0.27385533,1.937767,1.3797596,1.2976098,0.0,0.0,0.102739125,0.27808177,0.75881195,0.0,0.0,1.1640041,0.5649303,0.0,2.0605876,0.0,0.9303385,0.35425797,0.0,0.0,0.045082543,1.2591919,0.16957608,0.0,2.7985551,0.0,2.8600645,0.6991122,0.0,0.0,0.57952386,2.3121989,0.0,0.0,0.0,0.0,0.0,2.7492168,0.0,0.048199955,0.0,0.3654584,2.4389362,1.4658684,0.0,1.0908638,2.4070308,0.0,2.538189,0.016530177,0.0,0.0,3.3788054,2.9063034,0.3090229,0.0,2.877475,1.1784785,0.23515332,0.0,2.2475522,0.80333406,0.7473982,0.0,0.66797256,3.4702184,2.2249296,2.097942,0.0,0.0,0.13059641,0.8957369,0.63429683,0.0,0.0,1.7952514,1.3243341,0.0,3.6514347,0.0,1.9422041,0.4959726,0.0,0.0,0.28518894,2.1289213,0.26111236
C000845,0.0,3.2728882,0.0,2.9995294,0.0,0.0,0.0,0.79279566,2.9020014,0.0,0.0,0.0,0.0,0.0,3.1944435,0.0,0.049639832,0.0,0.0,2.7208877,1.6928904,0.0,0.46473873,2.46193,0.0,2.664188,0.11478595,0.0,0.0,3.383875,2.9958866,0.2484881,0.0,2.8785648,1.5271965,0.0,0.0,2.3546371,0.36914942,0.95641583,0.0,0.70622504,3.4391122,2.4191003,2.6129243,0.0,0.0,0.15977985,0.626995,1.0837585,0.0,0.0,2.0489826,0.96782726,0.0,3.6946988,0.0,1.5692571,0.7986102,0.0,0.0,0.0,2.3838606,0.11442437,0.0,4.2281585,0.08053544,3.966015,0.5907465,0.0,0.0,0.85805976,3.449942,0.0,0.0,0.0,0.0,0.0,4.1737804,0.0,0.024819916,0.0,0.29186836,3.4556916,2.0317447,0.0,1.2050762,3.3448281,0.0,3.6142848,0.057392973,0.0,0.0,4.546693,4.249648,0.76663214,0.0,4.3323007,1.7491894,0.1259475,0.0,3.2152078,0.95416915,1.2347488,0.0,1.0465453,4.69926,3.3005238,3.3955455,0.0,0.0,0.38560566,1.4713814,0.79194653,0.0,0.0,2.5686762,1.703926,0.0,5.0438757,0.0,2.615541,0.9944927,0.0,0.0,0.25876597,3.324491,0.4261556
C000846,0.0,5.07775,0.0,4.419758,0.0,0.0,0.0,1.4447359,4.3565764,0.0,0.0,0.0,0.0,0.0,4.8604884,0.0,0.18976656,0.0,0.0,4.0375113,2.59401,0.0,0.58173215,3.685242,0.0,4.0227776,0.13439447,0.0,0.0,5.1387243,4.489235,0.4841375,0.0,4.403348,2.512756,0.0,0.0,3.5437078,0.44164065,1.6871576,0.0,1.3397741,5.0171843,3.46518,4.108858,0.0,0.0,0.47038698,1.1237433,1.7091242,0.0,0.0,3.1054587,1.4398807,0.0,5.443994,0.0,2.669736,1.4856623,0.0,0.0,0.0,3.7228658,0.38978177,0.0,5.07775,0.0,4.419758,0.0,0.0,0.0,1.4447359,4.3565764,0.0,0.0,0.0,0.0,0.0,4.8604884,0.0,0.18976656,0.0,0.0,4.0375113,2.59401,0.0,0.58173215,3.685242,0.0,4.0227776,0.13439447,0.0,0.0,5.1387243,4.489235,0.4841375,0.0,4.403348,2.512756,0.0,0.0,3.5437078,0.44164065,1.6871576,0.0,1.3397741,5.0171843,3.46518,4.108858,0.0,0.0,0.47038698,1.1237433,1.7091242,0.0,0.0,3.1054587,1.4398807,0.0,5.443994,0.0,2.669736,1.4856623,0.0,0.0,0.0,3.7228658,0.38978177
C000847,0.0,3.7258906,0.0,3.6708593,0.84160125,0.0,0.0,0.0064234734,2.842074,0.0,0.0,0.0,0.0,0.0,3.82013,0.0,0.0,0.0,0.52789253,3.2349968,1.5062877,0.0,1.7443395,3.2567232,0.0,3.1877265,0.0,0.0,0.0,4.012781,4.2179384,0.91046333,0.0,4.32594,1.0324355,0.0,0.0,2.929408,1.5968693,0.59656096,0.0,0.5098534,4.8266144,3.533688,3.077507,0.0,0.0,0.0,1.5796618,0.0,0.0,0.0,2.2969954,1.7438085,0.0,5.0699883,0.0,2.1628823,0.4771122,0.0,0.0,0.5063101,2.820119,0.0,0.0,2.853113,0.0,2.6814575,0.38834748,0.0,0.0,0.6361987,2.4229066,0.0,0.0,0.0,0.0,0.0,2.8578045,0.0,0.19253278,0.0,0.17596418,2.4196882,1.5134963,0.0,0.753503,2.3278224,0.0,2.5087504,0.005049462,0.0,0.0,3.1473749,2.8141098,0.37219152,0.0,2.7204196,1.1966047,0.009900353,0.0,2.1880233,0.6498985,0.8794406,0.0,0.62943906,3.3005095,2.2754347,2.2410548,0.0,0.004025618,0.21247129,0.8183322,0.7407201,0.0,0.0,1.8000611,1.1461455,0.0,3.5013924,0.0,1.6955304,0.64408314,0.0,0.0,0.20882939,2.2054393,0.29839146
C000848,0.0,4.594159,2.1379516,4.6743298,3.4160264,0.0,0.0,5.9144616,4.0193663,0.0,0.0,0.0,2.7938547,2.6528034,5.2592773,1.0555488,3.6046445,2.497301,2.8531473,4.0981355,5.334149,0.76116663,0.962005,4.451463,0.0,7.0647254,0.0,0.10130441,0.0,5.092697,4.889281,0.55151176,1.4656588,5.1203556,3.1386874,2.9342022,2.5625103,3.8060994,0.7977418,5.4756355,0.0,3.376441,5.1552606,4.144186,4.0725684,1.3706703,0.24955007,3.749907,1.3884578,5.661105,0.0,0.0,3.2009315,2.232359,0.0,5.957073,0.59466076,6.250885,3.231779,0.0,3.1211002,3.3595579,4.4740896,4.886191,0.0,2.803212,1.1007602,2.459074,1.9214649,0.0,0.0,3.262659,2.2872713,0.0050462135,0.0,0.0,1.421051,1.4780895,2.6688325,0.4067135,2.1006892,1.0819635,1.6016418,2.2262774,2.9619877,0.47382203,0.593622,2.697127,0.0,3.940606,0.0,0.23826097,0.0,3.2147734,2.4879982,0.18782179,0.8602838,2.4770746,2.0482156,1.8667731,1.4477901,2.5213747,0.4285729,3.1405027,0.0,1.8977588,3.0004203,1.9160432,1.9944725,0.7590868,0.10616261,2.2211518,0.8193379,2.9743683,0.0,0.0,1.6957458,1.5275698,0.0,3.2193577,0.28076857,3.7616017,2.0194411,0.0,1.4699472,1.5693846,2.4512935,2.8739579
C000849,0.0,3.3635688,0.0,3.063191,0.0,0.0,0.0,0.82035273,2.9834185,0.0,0.0,0.0,0.0,0.0,3.2750225,0.0,0.057940237,0.0,0.0,2.7925603,1.7407472,0.0,0.46440968,2.5289602,0.0,2.7512121,0.11480037,0.0,0.0,3.4782214,3.0653672,0.2754984,0.0,2.9627829,1.5988914,0.0,0.0,2.415112,0.3607227,1.0056868,0.0,0.7555624,3.5031736,2.466658,2.690662,0.0,0.0,0.18952172,0.6598968,1.1186476,0.0,0.0,2.1028028,0.9989699,0.0,3.7750518,0.0,1.6316038,0.84434676,0.0,0.0,0.0,2.4636493,0.14162563,0.0,4.447758,0.9760282,4.3427377,1.849998,0.0,0.0,2.8157487,3.5738118,0.0,0.0,0.0,0.5901577,0.46135426,4.4469523,0.1312458,1.1127065,0.8744265,1.5414922,3.7827806,3.1438684,0.0,1.2543123,4.0812488,0.0,5.1584153,0.028700093,0.014426389,0.0,5.0905323,4.52229,0.92475903,0.32314578,4.7063656,2.478603,1.4318086,0.9268223,3.6976814,0.81492925,3.1675687,0.0,2.153862,5.036821,3.659157,3.6141977,0.30956393,0.0,1.9079278,1.9069297,2.3633742,0.0,0.0,2.8789055,2.053935,0.0,5.4427776,0.0,4.5680656,2.001083,0.0,0.55143726,1.5924091,4.092655,2.5423717
C000850,0.0,5.3598413,0.0,4.616248,0.0,0.0,0.0,1.6095928,4.579143,0.0,0.0,0.0,0.0,0.0,5.1125546,0.0,0.2840252,0.0,0.0,4.239031,2.7836053,0.0,0.54288125,3.8784797,0.0,4.3215804,0.12448905,0.0,0.0,5.4313593,4.6707053,0.57014066,0.0,4.6618876,2.762447,0.0,0.0,3.7247481,0.38174075,1.8787977,0.0,1.5370854,5.2044034,3.5896854,4.3263035,0.0,0.0,0.6253228,1.2384818,1.8709615,0.0,0.0,3.2618294,1.5122188,0.0,5.664124,0.0,2.9400327,1.6693242,0.0,0.0,0.0,3.9952252,0.5492611,0.0,5.3598413,0.0,4.616248,0.0,0.0,0.0,1.6095928,4.579143,0.0,0.0,0.0,0.0,0.0,5.1125546,0.0,0.2840252,0.0,0.0,4.239031,2.7836053,0.0,0.54288125,3.8784797,0.0,4.3215804,0.12448905,0.0,0.0,5.4313593,4.6707053,0.57014066,0.0,4.6618876,2.762447,0.0,0.0,3.7247481,0.38174075,1.8787977,0.0,1.5370854,5.2044034,3.5896854,4.3263035,0.0,0.0,0.6253228,1.2384818,1.8709615,0.0,0.0,3.2618294,1.5122188,0.0,5.664124,0.0,2.9400327,1.6693242,0.0,0.0,0.0,3.9952252,0.5492611
C000851,0.0,4.2902927,0.0,3.8823357,0.0,0.0,0.0,1.145171,3.7044387,0.0,0.0,0.0,0.0,0.0,4.1480355,0.0,0.034182936,0.0,0.0,3.4782727,2.1696503,0.0,0.6561631,3.1334074,0.0,3.288463,0.15946442,0.0,0.0,4.353773,3.9609628,0.20830801,0.0,3.6472192,1.8406935,0.0,0.0,3.0456429,0.554196,1.2810378,0.0,0.8527434,4.525694,3.1058564,3.448229,0.0,0.0,0.15776369,0.814541,1.3768015,0.0,0.0,2.615044,1.2019055,0.0,4.821518,0.0,2.0583134,1.0249199,0.0,0.0,0.0,2.9982934,0.12739614,0.0,4.2902927,0.0,3.8823357,0.0,0.0,0.0,1.145171,3.7044387,0.0,0.0,0.0,0.0,0.0,4.1480355,0.0,0.034182936,0.0,0.0,3.4782727,2.1696503,0.0,0.6561631,3.1334074,0.0,3.288463,0.15946442,0.0,0.0,4.353773,3.9609628,0.20830801,0.0,3.6472192,1.8406935,0.0,0.0,3.0456429,0.554196,1.2810378,0.0,0.8527434,4.525694,3.1058564,3.448229,0.0,0.0,0.15776369,0.814541,1.3768015,0.0,0.0,2.615044,1.2019055,0.0,4.821518,0.0,2.0583134,1.0249199,0.0,0.0,0.0,2.9982934,0.12739614
C000852,0.0,4.517453,0.0,4.030518,0.0,0.0,0.0,1.2357278,3.8872411,0.0,0.0,0.0,0.0,0.0,4.348421,0.0,0.087601274,0.0,0.0,3.6410933,2.288518,0.0,0.6286283,3.286436,0.0,3.5031018,0.15119177,0.0,0.0,4.5712194,4.10885,0.2926127,0.0,3.8636827,2.033347,0.0,0.0,3.18525,0.50784117,1.4016508,0.0,0.99505746,4.6559,3.2087321,3.6379929,0.0,0.0,0.24875264,0.90989894,1.471957,0.0,0.0,2.7493343,1.2697273,0.0,4.9852586,0.0,2.2367656,1.1581706,0.0,0.0,0.0,3.2038324,0.20541912,0.0,4.517453,0.0,4.030518,0.0,0.0,0.0,1.2357278,3.8872411,0.0,0.0,0.0,0.0,0.0,4.348421,0.0,0.087601274,0.0,0.0,3.6410933,2.288518,0.0,0.6286283,3.286436,0.0,3.5031018,0.15119177,0.0,0.0,4.5712194,4.10885,0.2926127,0.0,3.8636827,2.033347,0.0,0.0,3.18525,0.50784117,1.4016508,0.0,0.99505746,4.6559,3.2087321,3.6379929,0.0,0.0,0.24875264,0.90989894,1.471957,0.0,0.0,2.7493343,1.2697273,0.0,4.9852586,0.0,2.2367656,1.1581706,0.0,0.0,0.0,3.2038324,0.20541912
C000853,0.0,5.07775,0.0,4.419758,0.0,0.0,0.0,1.4447359,4.3565764,0.0,0.0,0.0,0.0,0.0,4.8604884,0.0,0.18976656,0.0,0.0,4.0375113,2.59401,0.0,0.58173215,3.685242,0.0,4.0227776,0.13439447,0.0,0.0,5.1387243,4.489235,0.4841375,0.0,4.403348,2.512756,0.0,0.0,3.5437078,0.44164065,1.6871576,0.0,1.3397741,5.0171843,3.46518,4.108858,0.0,0.0,0.47038698,1.1237433,1.7091242,0.0,0.0,3.1054587,1.4398807,0.0,5.443994,0.0,2.669736,1.4856623,0.0,0.0,0.0,3.7228658,0.38978177,0.0,5.07775,0.0,4.419758,0.0,0.0,0.0,1.4447359,4.3565764,0.0,0.0,0.0,0.0,0.0,4.8604884,0.0,0.18976656,0.0,0.0,4.0375113,2.59401,0.0,0.58173215,3.685242,0.0,4.0227776,0.13439447,0.0,0.0,5.1387243,4.489235,0.4841375,0.0,4.403348,2.512756,0.0,0.0,3.5437078,0.44164065,1.6871576,0.0,1.3397741,5.0171843,3.46518,4.108858,0.0,0.0,0.47038698,1.1237433,1.7091242,0.0,0.0,3.1054587,1.4398807,0.0,5.443994,0.0,2.669736,1.4856623,0.0,0.0,0.0,3.7228658,0.38978177
C000854,0.0,2.8087761,0.0,2.684536,0.00037493557,0.0,0.0,0.74902886,2.5068994,0.0,0.0,0.0,0.0,0.0,2.7758691,0.0,0.048208684,0.0,0.0,2.3743157,1.5195367,0.0,0.4532359,2.144413,0.0,2.2494884,0.116397165,0.0,0.0,2.9352036,2.6626244,0.06210821,0.0,2.3622289,1.163028,0.0,0.0,2.0600784,0.381987,0.7805413,0.0,0.46098527,3.0985231,2.144524,2.2130055,0.0,0.0,0.038513754,0.46659672,0.98096997,0.0,0.0,1.7710344,0.82323676,0.0,3.3000758,0.0,1.3122375,0.57248807,0.0,0.0,0.031140782,1.9622296,0.062172294,0.0,3.0461562,0.036912996,2.8218448,0.51789904,0.0,0.0,0.93961304,2.6104314,0.0,0.0,0.0,0.068210356,0.11934772,3.0190582,0.0,0.2910684,0.0,0.2625844,2.5538826,1.7216988,0.0,0.7716484,2.4730723,0.0,2.8090317,0.038799055,0.0,0.0,3.442251,2.9709327,0.4127064,0.026458666,2.8685687,1.4108877,0.20945628,0.060681835,2.382542,0.6226433,1.106092,0.0,0.82546765,3.4867446,2.3305218,2.376468,0.0152707435,0.021211242,0.3497295,0.91738987,1.0206451,0.0,0.0,1.929737,1.2522365,0.0,3.7235153,0.0,2.0288627,0.8792434,0.0,0.06151597,0.3109223,2.440468,0.51709074
C000855,0.0,4.2364407,0.0,3.851695,0.0,0.0,0.0,1.1276256,3.6617959,0.0,0.0,0.0,0.0,0.0,4.1016097,0.0,0.022582274,0.0,0.0,3.4386058,2.146176,0.0,0.6643386,3.1011117,0.0,3.2407303,0.16193718,0.0,0.0,4.3028345,3.928115,0.18104115,0.0,3.59376,1.7935318,0.0,0.0,3.0167894,0.5670839,1.2544296,0.0,0.81761307,4.4987144,3.0805655,3.401005,0.0,0.0,0.13691115,0.7912637,1.3570081,0.0,0.0,2.5869007,1.1849428,0.0,4.785444,0.0,2.0186238,0.9924681,0.0,0.0,0.0,2.9460726,0.111315206,0.0,4.2364407,0.0,3.851695,0.0,0.0,0.0,1.1276256,3.6617959,0.0,0.0,0.0,0.0,0.0,4.1016097,0.0,0.022582274,0.0,0.0,3.4386058,2.146176,0.0,0.6643386,3.1011117,0.0,3.2407303,0.16193718,0.0,0.0,4.3028345,3.928115,0.18104115,0.0,3.59376,1.7935318,0.0,0.0,3.0167894,0.5670839,1.2544296,0.0,0.81761307,4.4987144,3.0805655,3.401005,0.0,0.0,0.13691115,0.7912637,1.3570081,0.0,0.0,2.5869007,1.1849428,0.0,4.785444,0.0,2.0186238,0.9924681,0.0,0.0,0.0,2.9460726,0.111315206
C000856,0.0,2.4265532,0.5823596,2.4534347,1.917961,0.0,0.0,1.2178607,1.7416819,0.0,0.0,0.0,0.5865592,0.13864896,2.1364722,0.0,0.5987519,0.39803496,1.5203265,2.033863,2.0655127,0.0,1.507678,2.6399565,0.0,3.1538386,0.0,0.0,0.0,2.6668746,2.5371475,0.071321785,0.1853655,2.7656617,1.0732338,1.4866095,0.75184256,2.2395122,0.95531607,1.7229998,0.0,0.75496393,3.2430134,2.1528711,1.7652378,0.24213696,0.0,1.1239774,1.0473697,1.0685754,0.0,0.0,1.5776694,1.5035183,0.0,3.2358806,0.37142998,2.7956336,0.8249875,0.0,0.0,1.2898343,1.5456119,1.7242547,0.0,2.296024,1.3413719,2.126532,2.5218909,0.0,0.0,3.3400605,1.7751439,0.068999335,0.0,0.0,1.820873,1.8747352,2.0679767,0.8341098,2.3354325,1.6658462,2.1061597,1.9074398,2.9302669,0.9322028,0.7806656,2.499412,0.0,3.9283783,0.0,0.85628164,0.0,2.9067545,2.1802573,0.111681916,1.2153227,2.1778998,1.7848177,2.2816427,2.0868971,2.1375117,0.5321914,3.1274204,0.0080525465,2.0751429,2.646442,1.7349975,1.4858963,1.1744602,0.19330521,2.3903575,0.8298197,2.9863153,0.0,0.0,1.4305509,1.4614253,0.0,2.8137658,0.7838211,3.9862976,1.9539354,0.0,1.8883591,1.9077041,2.1591785,3.1432106
C000857,0.0,2.7899885,0.0,2.6564274,0.0,0.0,0.0,0.77307445,2.422474,0.0,0.0,0.0,0.0,0.0,2.7437675,0.0,0.08121021,0.0,0.0,2.295793,1.4808288,0.0,0.42039087,2.1620646,0.0,2.2209725,0.09226809,0.0,0.0,2.8781185,2.5849743,0.08902924,0.0,2.379538,1.1906712,0.0,0.0,2.0603952,0.33810094,0.81586653,0.0,0.48827186,2.9908023,2.093822,2.1637235,0.0,0.0,0.10548724,0.47384244,0.96259093,0.0,0.0,1.7776129,0.7829053,0.0,3.1573875,0.0,1.3594838,0.6015203,0.0,0.0,0.0,1.9240037,0.11939838,0.0,1.1160997,2.6357157,0.8031919,4.439961,0.0,0.0,5.8780503,0.77214813,0.80409396,0.0,0.0,4.5234623,4.453601,0.86824065,2.8134818,4.6981564,3.6825442,3.815787,0.8504932,4.1396604,3.350146,0.54788923,1.726805,0.0,4.39748,0.01025201,3.3299935,0.0,1.2346854,0.9149975,0.009892138,3.3538966,0.82702565,1.928758,4.258705,4.5509634,1.4493861,0.39285532,5.038547,0.42671454,3.0853748,1.233233,0.7350877,0.744463,2.926368,0.90083337,4.0635767,0.22171767,5.17209,0.0,0.0,0.52661276,1.4113495,0.0,1.4063429,3.2011235,4.9222164,3.0900066,0.033594247,4.9765034,3.4634302,1.1294097,5.370379
C000858,0.0,0.24987411,6.229436,0.50997174,11.50234,0.0,0.0,13.177224,0.0,2.273388,0.0,0.0,11.865658,11.164619,0.0,7.7370925,11.067186,10.387815,10.1876955,0.50716716,9.099928,8.85103,1.9544395,2.773591,0.0,8.952799,0.0,9.455932,0.0,0.037276745,0.75213265,0.0,7.95468,1.158495,3.0896695,10.706272,11.702528,1.1111727,1.442621,10.598322,1.1542366,6.7828894,0.78967726,0.9474656,0.53330684,7.5426254,2.1267068,8.94612,0.0,12.159445,0.0,0.0,0.09666693,2.5599256,0.0,1.5962828,10.049851,9.598788,5.600902,0.037475437,13.18788,9.330537,0.18382561,12.121328,0.0,1.4711841,4.0726237,1.094351,6.8178806,0.0,0.0,8.944867,0.8799864,1.174606,0.0,0.0,6.8262634,6.7651906,0.93731,4.2893724,7.165228,5.7688847,6.0430417,1.0514783,6.2587123,4.962417,0.9343761,2.4137871,0.0,6.606537,0.0,5.0680013,0.0,1.5182766,1.2281966,0.0,4.9613004,1.2718062,2.8741548,6.577699,6.8472505,1.8587941,0.4902088,7.4693785,0.54177374,4.703465,1.5518962,0.910914,0.99462724,4.4644256,1.1269702,6.1765018,0.25327313,7.889914,0.0,0.0,0.66393054,1.9985764,0.0,1.9098396,5.1628957,7.3092327,4.492486,0.0049916236,7.678288,5.492456,1.4990075,8.19026
C000859,0.0,1.8276474,11.727284,3.4521008,15.846983,0.0,0.0,23.242561,0.54187036,1.2747736,0.0,0.0,17.38036,19.51243,0.0,9.347574,20.860397,15.221365,15.969216,1.4481034,13.429786,12.29184,1.44614,5.9474244,0.0,16.671707,0.0,13.663107,0.0,3.8282008,1.6518743,0.0,12.79621,1.6016899,7.5606203,16.637508,17.463446,3.8622677,0.0,19.316317,1.0202488,12.543577,3.144555,0.8538674,0.7808231,11.590488,2.3488038,17.616802,0.0,21.491465,0.0,0.0,0.5082543,1.9515846,0.0,2.4006786,11.461266,19.711914,11.7641,0.0,21.207668,12.366666,3.1716542,21.152163,0.0,1.837955,7.5441413,1.6975842,11.108815,0.0,0.0,15.108105,1.0134021,1.6649317,0.0,0.0,11.544207,12.159683,0.8265656,6.9073343,12.946983,9.721317,10.464604,1.1332062,9.697099,8.103287,1.1726485,3.8099222,0.0,10.708752,0.0,8.800339,0.0,2.3298872,1.4408907,0.0,8.477208,1.4798636,4.704486,11.173034,11.787594,2.8634787,0.608737,12.994311,1.0462735,7.9507513,1.9726694,0.8796537,0.8632917,7.9508996,1.9088588,11.35092,0.2718648,13.630364,0.0,0.0,0.64361,2.3507233,0.0,2.065135,8.034336,12.865316,8.089266,0.0809394,13.553246,8.798898,2.2015035,14.2675495
C000860,0.0,0.0,8.199919,0.20196652,15.453917,0.0,0.0,16.284441,0.0,2.5897458,0.0,0.0,16.193577,14.83993,0.0,10.089082,13.912542,14.433342,12.544939,0.46105134,11.394363,12.079993,3.311975,2.6916876,0.0,11.557723,0.0,12.439081,0.0,0.0,1.3077489,0.0,9.708878,1.9615642,2.8844895,13.284376,15.99655,0.76210666,2.8587554,13.329491,0.8541926,8.662794,0.22846007,2.1301124,1.3522353,9.606865,2.9101481,10.775174,0.0,16.105675,0.0,0.0,0.0,2.9839616,0.0,2.3033204,13.166175,11.380392,5.9740524,0.1785416,18.19682,12.103111,0.0,14.916958,0.0,1.5292361,5.5815134,1.432476,9.133635,0.0,0.0,11.698908,0.94526106,1.5700536,0.0,0.0,9.308067,9.080328,1.0303571,5.7593775,9.537903,8.0191345,8.136046,1.212749,7.952443,6.6290894,1.390557,3.202731,0.0,8.591565,0.0,6.909017,0.0,1.859277,1.6875489,0.0040643397,6.507869,1.7737923,3.5931432,8.845011,9.457508,2.3246865,0.93927866,9.905868,0.78605545,6.2765093,1.7986003,1.4919785,1.3285937,5.981956,1.5493706,8.268282,0.2843568,10.53863,0.0,0.0,0.7050604,2.4358554,0.0,2.4988139,6.7797217,9.613203,5.8555303,0.07813491,10.565059,7.32104,1.7740377,10.969324
C000861,0.0,5.398649,0.5090138,4.924959,1.2032951,0.0,0.0,2.0857677,3.9906282,0.0,0.0,0.0,0.0,0.0,5.128198,0.0,0.47091228,0.0,0.67184746,4.0721755,3.3507512,0.0,1.3293761,4.777306,0.0,5.0093937,0.0,0.0,0.0,5.693965,5.1801224,0.7146345,0.0,5.5234485,2.514761,0.6443322,0.0,4.5310006,0.92479795,2.7878923,0.0,1.6440226,5.795294,4.17702,4.226539,0.0,0.0,1.7730196,2.013088,1.828783,0.0,0.0,3.5582907,2.0462372,0.0,6.0895786,0.0,4.4126077,1.7932849,0.0,0.0,0.80558753,3.9970865,1.9838817,0.0,2.1018965,2.6266499,1.661322,3.8513417,0.0,0.0,5.639792,1.4086757,0.44249073,0.0,0.0,3.6032424,3.8421204,1.6256974,2.040674,4.285932,2.9356549,3.3815193,1.5477402,4.1067953,2.4890907,0.53125644,2.5191193,0.0,4.966216,0.0010988511,2.5902894,0.0,2.4501173,1.725137,0.08815377,2.6769795,1.7467407,2.393608,3.8076172,3.699288,2.2649097,0.25714818,5.0690556,0.25117776,3.201718,2.1747596,1.3322204,1.2492908,2.384633,0.58408034,4.2176733,0.73763454,4.8257303,0.0,0.0,1.1015403,1.4784924,0.0,2.1172097,2.3250265,5.6617594,3.3084946,0.0,3.9841664,3.0055394,2.220471,5.3589234
C000862,0.0,1.476296,0.40201098,1.7740455,1.6420305,0.0,0.0,0.47674525,1.253365,0.0047003776,0.0,0.0,0.3889096,0.0,1.6583502,0.0,0.14518613,0.49089384,1.3896194,1.4466021,1.1451342,0.0,1.6749517,1.9737779,0.0,2.3113668,0.0,0.34215876,0.0,1.9186369,2.0541077,0.28656775,0.0,2.2011452,0.36668536,1.0618525,0.52324986,1.5112424,1.1849327,0.85901856,0.0,0.25924784,2.524075,1.8155706,1.1145376,0.20884414,0.0,0.43904048,0.80161715,0.32511917,0.0,0.0,1.060106,1.2900113,0.0,2.445069,0.43357265,1.7733223,0.32849947,0.0,0.0,1.3184696,1.0999999,0.9021172,0.0,2.0686188,0.93103313,1.7481564,1.8692092,0.0,0.0,2.437689,1.6510874,0.060681533,0.0,0.0,1.2739047,1.3317279,1.9167331,0.55081016,1.6190243,1.0711883,1.4508018,1.6451254,2.3445609,0.67395586,0.6572927,2.0885346,0.0,3.115339,0.0008037376,0.632984,0.0,2.4305577,1.8815051,0.19639951,0.8454954,1.8072339,1.3283978,1.5936724,1.4883966,1.8889384,0.47518292,2.3858418,0.03351071,1.5230662,2.284117,1.4763495,1.3912932,0.85754776,0.18755646,1.7458307,0.7207796,2.1978223,0.0,0.0,1.2206708,1.2426969,0.0,2.4373116,0.6222268,2.9834404,1.5663322,0.0,1.3046389,1.4103295,1.8029318,2.294652
C000863,0.0,4.517453,0.0,4.030518,0.0,0.0,0.0,1.2357278,3.8872411,0.0,0.0,0.0,0.0,0.0,4.348421,0.0,0.087601274,0.0,0.0,3.6410933,2.288518,0.0,0.6286283,3.286436,0.0,3.5031018,0.15119177,0.0,0.0,4.5712194,4.10885,0.2926127,0.0,3.8636827,2.033347,0.0,0.0,3.18525,0.50784117,1.4016508,0.0,0.99505746,4.6559,3.2087321,3.6379929,0.0,0.0,0.24875264,0.90989894,1.471957,0.0,0.0,2.7493343,1.2697273,0.0,4.9852586,0.0,2.2367656,1.1581706,0.0,0.0,0.0,3.2038324,0.20541912,0.0,4.517453,0.0,4.030518,0.0,0.0,0.0,1.2357278,3.8872411,0.0,0.0,0.0,0.0,0.0,4.348421,0.0,0.087601274,0.0,0.0,3.6410933,2.288518,0.0,0.6286283,3.286436,0.0,3.5031018,0.15119177,0.0,0.0,4.5712194,4.10885,0.2926127,0.0,3.8636827,2.033347,0.0,0.0,3.18525,0.50784117,1.4016508,0.0,0.99505746,4.6559,3.2087321,3.6379929,0.0,0.0,0.24875264,0.90989894,1.471957,0.0,0.0,2.7493343,1.2697273,0.0,4.9852586,0.0,2.2367656,1.1581706,0.0,0.0,0.0,3.2038324,0.20541912
C000864,0.0,2.5529132,0.6573292,2.6938148,1.9005191,0.0,0.0,2.1130006,2.2282784,0.0,0.0,0.0,0.6802924,1.0704986,2.2885618,0.0,1.447521,0.6919997,1.4904684,2.340697,2.2277024,0.0,1.2844999,2.8347502,0.0,3.6213322,0.0,0.051941425,0.0,3.5875986,2.8583202,0.23715228,0.2435966,2.9119277,1.5135627,1.0684359,0.9660529,2.1794655,0.6913586,2.1462579,0.0,1.3775488,3.3370776,2.21798,1.8696295,0.2026297,0.0,1.4972453,1.2541034,1.9292505,0.0,0.0,2.0867434,1.1816846,0.0,3.202848,0.108302414,3.3781314,1.1171758,0.0,0.548301,1.4213724,2.4675326,1.7810924,0.0,2.8924506,1.1488065,2.539376,2.4190671,0.0,0.0,3.286822,2.302399,0.033048227,0.0,0.0,1.4764684,1.581909,2.6103249,0.57491565,2.2300537,1.413991,1.9787458,2.3733816,3.0648255,0.5883567,0.88475096,2.8867958,0.0,4.262274,0.0,0.44244987,0.0,3.5321498,2.7054992,0.28616965,0.8714235,2.7824047,2.0493162,2.158955,1.7804574,2.55956,0.63335896,3.1683137,0.0,2.1141348,3.2484162,2.1245928,1.9648844,0.8719491,0.10511713,2.3205442,1.1077046,2.9472628,0.0,0.0,1.8085545,1.645185,0.0,3.4618223,0.44603062,4.2117534,2.0691257,0.0,1.4913911,1.8266792,2.6462462,3.065545
C000865,0.0,1.8974569,0.07143436,2.0516763,1.3239619,0.0,0.0,0.2176514,1.6810297,0.0,0.0,0.0,0.0,0.0,2.0316896,0.0,0.0,0.08658625,1.0019552,1.7932427,0.94466656,0.0,1.6823964,2.067686,0.0,2.218058,0.0,0.0,0.0,2.4101322,2.5370932,0.5273093,0.0,2.4460754,0.41842785,0.5616001,0.15358023,1.6202123,1.1522462,0.47882658,0.0,0.17459717,2.9225738,2.0131223,1.3690438,0.0,0.0,0.076151,1.0371106,0.0072647333,0.0,0.0,1.4383848,1.3597803,0.0,2.9013138,0.0,1.6284599,0.26869103,0.0,0.0,1.0509256,1.625756,0.34758598,0.0,2.278996,0.6998082,1.8944901,1.5118788,0.0,0.0,2.0642753,1.8996842,0.0,0.0,0.0,0.95036507,1.1028475,2.1769073,0.2546499,1.4052302,0.6850785,1.1758826,1.833864,2.1278794,0.37477717,0.63715845,2.2329304,0.0,3.0386434,0.0007085548,0.22788325,0.0,2.69905,2.0419698,0.23395628,0.6557958,1.9775797,1.4042207,1.1769115,1.0894625,1.9833654,0.4132069,2.139884,0.0,1.3252782,2.5481591,1.5640787,1.5295048,0.54208845,0.11495566,1.4751258,0.82726127,1.9411286,0.0,0.0,1.3759047,1.2801934,0.0,2.6640942,0.11801569,2.8631554,1.4471194,0.0,0.9345493,1.0874853,1.9760127,1.9157169
C000866,0.0,2.886168,0.0,2.8506305,0.5436942,0.0,0.0,0.0,2.3665924,0.0,0.0,0.0,0.0,0.0,2.862869,0.0,0.0,0.0,0.4708753,2.500987,1.228364,0.0,1.4608643,2.6383953,0.0,2.4018111,0.0,0.0,0.0,3.0915842,3.2431622,0.3646962,0.0,3.1798542,0.78399086,0.014837682,0.0,2.1803002,1.3041389,0.551746,0.0,0.20002995,3.5677433,2.6611578,2.3752155,0.0,0.0,0.0,0.82313025,0.18286267,0.0,0.0,1.6680667,1.3986862,0.0,4.08152,0.0,1.4193423,0.23056962,0.0,0.0,0.42536533,1.8286624,0.0,0.0,2.0183618,1.1221802,1.5592849,1.9256111,0.0,0.0,2.61235,1.4520504,0.018528763,0.0,0.0,1.5631973,1.8427595,1.6632878,0.702449,2.0151346,1.1673476,1.6566036,1.5128806,2.4330459,0.92227995,0.53933114,2.0272384,0.0,3.158065,0.0,0.8773052,0.0,2.267198,1.6024377,0.07293924,1.1654459,1.6154372,1.4091817,1.669804,1.6596438,1.7692057,0.3794806,2.5784001,0.0,1.5736288,2.085011,1.1905762,1.1320298,1.0970929,0.2868685,1.9659668,0.63291055,2.325569,0.0,0.0,0.9900926,1.2606436,0.0,2.2113495,0.6835954,3.1584125,1.6361334,0.0,1.6903385,1.3863924,1.6066929,2.4789162
C000867,0.0,4.44118,0.0,3.9804492,0.0,0.0,0.0,1.2045172,3.8252444,0.0,0.0,0.0,0.0,0.0,4.2812924,0.0,0.069955856,0.0,0.0,3.5867972,2.2465672,0.0,0.6373542,3.23307,0.0,3.4304752,0.15394661,0.0,0.0,4.4966474,4.0596786,0.26560825,0.0,3.7922544,1.9674802,0.0,0.0,3.138443,0.52192837,1.3603028,0.0,0.946996,4.6119156,3.1757183,3.5749917,0.0,0.0,0.2174189,0.8788609,1.4384847,0.0,0.0,2.7027626,1.2464758,0.0,4.9292917,0.0,2.1761575,1.1129113,0.0,0.0,0.0,3.134778,0.17753105,0.0,4.44118,0.0,3.9804492,0.0,0.0,0.0,1.2045172,3.8252444,0.0,0.0,0.0,0.0,0.0,4.2812924,0.0,0.069955856,0.0,0.0,3.5867972,2.2465672,0.0,0.6373542,3.23307,0.0,3.4304752,0.15394661,0.0,0.0,4.4966474,4.0596786,0.26560825,0.0,3.7922544,1.9674802,0.0,0.0,3.138443,0.52192837,1.3603028,0.0,0.946996,4.6119156,3.1757183,3.5749917,0.0,0.0,0.2174189,0.8788609,1.4384847,0.0,0.0,2.7027626,1.2464758,0.0,4.9292917,0.0,2.1761575,1.1129113,0.0,0.0,0.0,3.134778,0.17753105
C000868,0.0,5.2659802,0.0,4.5480413,0.0,0.0,0.0,1.5478469,4.5064483,0.0,0.0,0.0,0.0,0.0,5.0286765,0.0,0.24344437,0.0,0.0,4.170088,2.7167761,0.0,0.55687636,3.811788,0.0,4.215868,0.12780133,0.0,0.0,5.329979,4.6106067,0.54409236,0.0,4.5735846,2.679678,0.0,0.0,3.6608446,0.40588516,1.8074943,0.0,1.4677275,5.1383047,3.5457587,4.256547,0.0,0.0,0.5676535,1.1990026,1.8102305,0.0,0.0,3.2121224,1.4881855,0.0,5.5953703,0.0,2.8431854,1.6064732,0.0,0.0,0.0,3.900533,0.4882537,0.0,5.2659802,0.0,4.5480413,0.0,0.0,0.0,1.5478469,4.5064483,0.0,0.0,0.0,0.0,0.0,5.0286765,0.0,0.24344437,0.0,0.0,4.170088,2.7167761,0.0,0.55687636,3.811788,0.0,4.215868,0.12780133,0.0,0.0,5.329979,4.6106067,0.54409236,0.0,4.5735846,2.679678,0.0,0.0,3.6608446,0.40588516,1.8074943,0.0,1.4677275,5.1383047,3.5457587,4.256547,0.0,0.0,0.5676535,1.1990026,1.8102305,0.0,0.0,3.2121224,1.4881855,0.0,5.5953703,0.0,2.8431854,1.6064732,0.0,0.0,0.0,3.900533,0.4882537
C000869,0.0,4.365396,0.0,3.930901,0.0,0.0,0.0,1.1732485,3.7636876,0.0,0.0,0.0,0.0,0.0,4.214825,0.0,0.050368816,0.0,0.0,3.5322993,2.2068186,0.0,0.64657336,3.1817873,0.0,3.3572855,0.1566275,0.0,0.0,4.42352,4.010731,0.23750108,0.0,3.7197547,1.902455,0.0,0.0,3.0913744,0.5385255,1.3199968,0.0,0.89876294,4.568469,3.141261,3.5117688,0.0,0.0,0.18718593,0.84615463,1.4058892,0.0,0.0,2.6582088,1.223271,0.0,4.8748875,0.0,2.1157603,1.0688256,0.0,0.0,0.0,3.0660133,0.15126653,0.0,4.365396,0.0,3.930901,0.0,0.0,0.0,1.1732485,3.7636876,0.0,0.0,0.0,0.0,0.0,4.214825,0.0,0.050368816,0.0,0.0,3.5322993,2.2068186,0.0,0.64657336,3.1817873,0.0,3.3572855,0.1566275,0.0,0.0,4.42352,4.010731,0.23750108,0.0,3.7197547,1.902455,0.0,0.0,3.0913744,0.5385255,1.3199968,0.0,0.89876294,4.568469,3.141261,3.5117688,0.0,0.0,0.18718593,0.84615463,1.4058892,0.0,0.0,2.6582088,1.223271,0.0,4.8748875,0.0,2.1157603,1.0688256,0.0,0.0,0.0,3.0660133,0.15126653
C000870,0.0,4.2902927,0.0,3.8823357,0.0,0.0,0.0,1.145171,3.7044387,0.0,0.0,0.0,0.0,0.0,4.1480355,0.0,0.034182936,0.0,0.0,3.4782727,2.1696503,0.0,0.6561631,3.1334074,0.0,3.288463,0.15946442,0.0,0.0,4.353773,3.9609628,0.20830801,0.0,3.6472192,1.8406935,0.0,0.0,3.0456429,0.554196,1.2810378,0.0,0.8527434,4.525694,3.1058564,3.448229,0.0,0.0,0.15776369,0.814541,1.3768015,0.0,0.0,2.615044,1.2019055,0.0,4.821518,0.0,2.0583134,1.0249199,0.0,0.0,0.0,2.9982934,0.12739614,0.0,4.2902927,0.0,3.8823357,0.0,0.0,0.0,1.145171,3.7044387,0.0,0.0,0.0,0.0,0.0,4.1480355,0.0,0.034182936,0.0,0.0,3.4782727,2.1696503,0.0,0.6561631,3.1334074,0.0,3.288463,0.15946442,0.0,0.0,4.353773,3.9609628,0.20830801,0.0,3.6472192,1.8406935,0.0,0.0,3.0456429,0.554196,1.2810378,0.0,0.8527434,4.525694,3.1058564,3.448229,0.0,0.0,0.15776369,0.814541,1.3768015,0.0,0.0,2.615044,1.2019055,0.0,4.821518,0.0,2.0583134,1.0249199,0.0,0.0,0.0,2.9982934,0.12739614
C000871,0.0,3.1452122,0.0,3.1244853,0.47382468,0.0,0.0,0.3188771,2.7809336,0.0,0.0,0.0,0.0,0.0,3.0844393,0.0,0.010555163,0.0,0.54954815,2.657579,1.5897446,0.0,1.4318554,2.9466345,0.0,2.8458533,0.0,0.0,0.0,3.6779091,3.3300445,0.22486752,0.0,3.3682938,1.2213138,0.0755527,0.0,2.3546064,1.2514911,0.892147,0.0,0.46028507,3.7669332,2.726241,2.621899,0.0,0.0,0.18584648,0.82215965,0.776372,0.0,0.0,1.9685782,1.4315976,0.0,4.4159923,0.0,1.8294315,0.49703497,0.0,0.0,0.48337522,2.1390867,0.12267398,0.0,2.1137471,0.6124261,1.8963667,1.4882278,0.0,0.0,1.748662,1.7646338,0.0,0.0,0.0,0.9756405,1.0644712,1.9617622,0.27513322,1.2259197,0.73537207,1.3323665,1.7299335,1.9925337,0.31639117,0.81952304,2.1968253,0.0,2.7660737,0.0,0.32798213,0.0,2.603433,1.9738185,0.07259114,0.570512,1.9728658,1.1828448,1.1857603,1.1615511,1.8198799,0.5532984,1.8649719,0.0,1.0403535,2.4248643,1.5383079,1.380791,0.6783589,0.06246402,1.2773919,0.62775004,1.7570823,0.0,0.0,1.2171259,1.3388269,0.0,2.7444453,0.20145503,2.5365589,1.1161036,0.0,0.8653846,1.1239007,1.6024685,1.6765435
C000872,0.0,4.517453,0.0,4.030518,0.0,0.0,0.0,1.2357278,3.8872411,0.0,0.0,0.0,0.0,0.0,4.348421,0.0,0.087601274,0.0,0.0,3.6410933,2.288518,0.0,0.6286283,3.286436,0.0,3.5031018,0.15119177,0.0,0.0,4.5712194,4.10885,0.2926127,0.0,3.8636827,2.033347,0.0,0.0,3.18525,0.50784117,1.4016508,0.0,0.99505746,4.6559,3.2087321,3.6379929,0.0,0.0,0.24875264,0.90989894,1.471957,0.0,0.0,2.7493343,1.2697273,0.0,4.9852586,0.0,2.2367656,1.1581706,0.0,0.0,0.0,3.2038324,0.20541912,0.0,4.517453,0.0,4.030518,0.0,0.0,0.0,1.2357278,3.8872411,0.0,0.0,0.0,0.0,0.0,4.348421,0.0,0.087601274,0.0,0.0,3.6410933,2.288518,0.0,0.6286283,3.286436,0.0,3.5031018,0.15119177,0.0,0.0,4.5712194,4.10885,0.2926127,0.0,3.8636827,2.033347,0.0,0.0,3.18525,0.50784117,1.4016508,0.0,0.99505746,4.6559,3.2087321,3.6379929,0.0,0.0,0.24875264,0.90989894,1.471957,0.0,0.0,2.7493343,1.2697273,0.0,4.9852586,0.0,2.2367656,1.1581706,0.0,0.0,0.0,3.2038324,0.20541912
C000873,0.0,5.07775,0.0,4.419758,0.0,0.0,0.0,1.4447359,4.3565764,0.0,0.0,0.0,0.0,0.0,4.8604884,0.0,0.18976656,0.0,0.0,4.0375113,2.59401,0.0,0.58173215,3.685242,0.0,4.0227776,0.13439447,0.0,0.0,5.1387243,4.489235,0.4841375,0.0,4.403348,2.512756,0.0,0.0,3.5437078,0.44164065,1.6871576,0.0,1.3397741,5.0171843,3.46518,4.108858,0.0,0.0,0.47038698,1.1237433,1.7091242,0.0,0.0,3.1054587,1.4398807,0.0,5.443994,0.0,2.669736,1.4856623,0.0,0.0,0.0,3.7228658,0.38978177,0.0,5.07775,0.0,4.419758,0.0,0.0,0.0,1.4447359,4.3565764,0.0,0.0,0.0,0.0,0.0,4.8604884,0.0,0.18976656,0.0,0.0,4.0375113,2.59401,0.0,0.58173215,3.685242,0.0,4.0227776,0.13439447,0.0,0.0,5.1387243,4.489235,0.4841375,0.0,4.403348,2.512756,0.0,0.0,3.5437078,0.44164065,1.6871576,0.0,1.3397741,5.0171843,3.46518,4.108858,0.0,0.0,0.47038698,1.1237433,1.7091242,0.0,0.0,3.1054587,1.4398807,0.0,5.443994,0.0,2.669736,1.4856623,0.0,0.0,0.0,3.7228658,0.38978177
C000874,0.0,4.2902927,0.0,3.8823357,0.0,0.0,0.0,1.145171,3.7044387,0.0,0.0,0.0,0.0,0.0,4.1480355,0.0,0.034182936,0.0,0.0,3.4782727,2.1696503,0.0,0.6561631,3.1334074,0.0,3.288463,0.15946442,0.0,0.0,4.353773,3.9609628,0.20830801,0.0,3.6472192,1.8406935,0.0,0.0,3.0456429,0.554196,1.2810378,0.0,0.8527434,4.525694,3.1058564,3.448229,0.0,0.0,0.15776369,0.814541,1.3768015,0.0,0.0,2.615044,1.2019055,0.0,4.821518,0.0,2.0583134,1.0249199,0.0,0.0,0.0,2.9982934,0.12739614,0.0,4.2902927,0.0,3.8823357,0.0,0.0,0.0,1.145171,3.7044387,0.0,0.0,0.0,0.0,0.0,4.1480355,0.0,0.034182936,0.0,0.0,3.4782727,2.1696503,0.0,0.6561631,3.1334074,0.0,3.288463,0.15946442,0.0,0.0,4.353773,3.9609628,0.20830801,0.0,3.6472192,1.8406935,0.0,0.0,3.0456429,0.554196,1.2810378,0.0,0.8527434,4.525694,3.1058564,3.448229,0.0,0.0,0.15776369,0.814541,1.3768015,0.0,0.0,2.615044,1.2019055,0.0,4.821518,0.0,2.0583134,1.0249199,0.0,0.0,0.0,2.9982934,0.12739614
C000875,0.0,3.5086155,0.0,3.5426264,0.8875483,0.0,0.0,0.01914835,2.6154518,0.0,0.0,0.0,0.0,0.0,3.6066918,0.0,0.0,0.0,0.5501681,3.0252275,1.4836688,0.0,1.5801532,3.1592846,0.0,3.1096919,0.0,0.0,0.0,3.657545,4.0471163,0.87944317,0.0,4.0992756,0.86829823,0.0,0.0,2.8356504,1.4348041,0.6756923,0.0,0.4438875,4.493,3.4290118,2.91043,0.0,0.0,0.0,1.5856669,0.0,0.0,0.0,2.1741323,1.5552006,0.0,4.706975,0.0,2.1238618,0.43897763,0.0,0.0,0.52706385,2.602417,0.187998,0.0,2.5462754,0.4855688,2.3074472,1.3027575,0.0,0.0,1.9262431,2.2599337,0.0,0.0,0.0,0.70848,0.856619,2.4864967,0.13615708,1.2744434,0.5140714,1.0188003,2.131294,2.1055055,0.31257996,0.7337676,2.3327184,0.0,3.1261182,0.0010920198,0.113786496,0.0,3.0600917,2.4467304,0.22841848,0.5206367,2.361984,1.4612185,0.87396383,0.8673137,2.1466806,0.45342413,1.9263551,0.0,1.1571661,3.0201268,1.8699,1.8692523,0.39835054,0.07585873,1.161246,0.851196,1.8932256,0.0,0.0,1.6777287,1.263387,0.0,3.094415,0.044114523,2.7203221,1.2515568,0.0,0.75066215,0.9054678,2.1952825,1.5773818
C000876,0.0,1.9428298,0.0,1.9254744,0.08284552,0.0,0.0,0.4277485,1.8190563,0.0,0.0,0.0,0.0,0.0,1.965444,0.0,0.036327995,0.0,0.0,1.7247863,1.0780605,0.0,0.34165987,1.5557603,0.0,1.6586435,0.07710787,0.0,0.0,2.1258292,1.8480147,0.08859539,0.0,1.7152346,0.8694216,0.0,0.0,1.479708,0.26138756,0.48613778,0.0,0.30913684,2.2126248,1.5744355,1.4928464,0.0,0.0,0.008567076,0.2877445,0.70329684,0.0,0.0,1.2753307,0.6355362,0.0,2.3466663,0.0,0.87943935,0.3632124,0.0,0.0,0.03596435,1.4511093,0.01365139,0.0,3.1047285,0.0,3.0557773,0.661115,0.0,0.0,0.56144613,2.5669382,0.0,0.0,0.0,0.0,0.0,3.0474815,0.0,0.012109332,0.0,0.32191214,2.5685482,1.5303446,0.0,1.1655058,2.594848,0.0,2.6603823,0.025702624,0.0,0.0,3.5377407,3.210188,0.4162296,0.0,3.1470573,1.1889048,0.17857456,0.0,2.4223783,0.89332837,0.81621265,0.0,0.65464455,3.6857522,2.433688,2.42567,0.0,0.0,0.18246436,0.99791247,0.5391032,0.0,0.0,1.9101883,1.4347659,0.0,3.9487915,0.0,1.9418446,0.5716149,0.0,0.0,0.27861628,2.3381336,0.21958534
C000877,0.0,4.2902927,0.0,3.8823357,0.0,0.0,0.0,1.145171,3.7044387,0.0,0.0,0.0,0.0,0.0,4.1480355,0.0,0.034182936,0.0,0.0,3.4782727,2.1696503,0.0,0.6561631,3.1334074,0.0,3.288463,0.15946442,0.0,0.0,4.353773,3.9609628,0.20830801,0.0,3.6472192,1.8406935,0.0,0.0,3.0456429,0.554196,1.2810378,0.0,0.8527434,4.525694,3.1058564,3.448229,0.0,0.0,0.15776369,0.814541,1.3768015,0.0,0.0,2.615044,1.2019055,0.0,4.821518,0.0,2.0583134,1.0249199,0.0,0.0,0.0,2.9982934,0.12739614,0.0,4.2902927,0.0,3.8823357,0.0,0.0,0.0,1.145171,3.7044387,0.0,0.0,0.0,0.0,0.0,4.1480355,0.0,0.034182936,0.0,0.0,3.4782727,2.1696503,0.0,0.6561631,3.1334074,0.0,3.288463,0.15946442,0.0,0.0,4.353773,3.9609628,0.20830801,0.0,3.6472192,1.8406935,0.0,0.0,3.0456429,0.554196,1.2810378,0.0,0.8527434,4.525694,3.1058564,3.448229,0.0,0.0,0.15776369,0.814541,1.3768015,0.0,0.0,2.615044,1.2019055,0.0,4.821518,0.0,2.0583134,1.0249199,0.0,0.0,0.0,2.9982934,0.12739614
C000878,0.0,4.991828,0.0,4.3593183,0.0,0.0,0.0,1.4074498,4.2850237,0.0,0.0,0.0,0.0,0.0,4.780303,0.0,0.1712386,0.0,0.0,3.9779902,2.543917,0.0,0.5911205,3.6273685,0.0,3.9392896,0.13687241,0.0,0.0,5.053466,4.431791,0.45418775,0.0,4.321529,2.4390233,0.0,0.0,3.4897325,0.45326936,1.6420499,0.0,1.2839893,4.960003,3.4263883,4.0380507,0.0,0.0,0.43265262,1.0896341,1.6699125,0.0,0.0,3.053471,1.4175625,0.0,5.3716235,0.0,2.597031,1.4328427,0.0,0.0,0.0,3.6407344,0.35724187,0.0,4.991828,0.0,4.3593183,0.0,0.0,0.0,1.4074498,4.2850237,0.0,0.0,0.0,0.0,0.0,4.780303,0.0,0.1712386,0.0,0.0,3.9779902,2.543917,0.0,0.5911205,3.6273685,0.0,3.9392896,0.13687241,0.0,0.0,5.053466,4.431791,0.45418775,0.0,4.321529,2.4390233,0.0,0.0,3.4897325,0.45326936,1.6420499,0.0,1.2839893,4.960003,3.4263883,4.0380507,0.0,0.0,0.43265262,1.0896341,1.6699125,0.0,0.0,3.053471,1.4175625,0.0,5.3716235,0.0,2.597031,1.4328427,0.0,0.0,0.0,3.6407344,0.35724187
C000879,0.0,4.517453,0.0,4.030518,0.0,0.0,0.0,1.2357278,3.8872411,0.0,0.0,0.0,0.0,0.0,4.348421,0.0,0.087601274,0.0,0.0,3.6410933,2.288518,0.0,0.6286283,3.286436,0.0,3.5031018,0.15119177,0.0,0.0,4.5712194,4.10885,0.2926127,0.0,3.8636827,2.033347,0.0,0.0,3.18525,0.50784117,1.4016508,0.0,0.99505746,4.6559,3.2087321,3.6379929,0.0,0.0,0.24875264,0.90989894,1.471957,0.0,0.0,2.7493343,1.2697273,0.0,4.9852586,0.0,2.2367656,1.1581706,0.0,0.0,0.0,3.2038324,0.20541912,0.0,4.517453,0.0,4.030518,0.0,0.0,0.0,1.2357278,3.8872411,0.0,0.0,0.0,0.0,0.0,4.348421,0.0,0.087601274,0.0,0.0,3.6410933,2.288518,0.0,0.6286283,3.286436,0.0,3.5031018,0.15119177,0.0,0.0,4.5712194,4.10885,0.2926127,0.0,3.8636827,2.033347,0.0,0.0,3.18525,0.50784117,1.4016508,0.0,0.99505746,4.6559,3.2087321,3.6379929,0.0,0.0,0.24875264,0.90989894,1.471957,0.0,0.0,2.7493343,1.2697273,0.0,4.9852586,0.0,2.2367656,1.1581706,0.0,0.0,0.0,3.2038324,0.20541912
C000880,0.0,3.22956,0.0,3.10604,0.75755835,0.0,0.0,0.3165419,2.56589,0.0,0.0,0.0,0.0,0.0,3.101604,0.0,0.0,0.033275962,0.6732328,2.7317114,1.5824883,0.0,1.4867148,2.9101117,0.0,2.76365,0.0,0.0,0.0,3.422228,3.4530602,0.4852769,0.0,3.6244698,1.1036327,0.4131177,0.0,2.395475,1.3553905,0.89979213,0.0,0.47753823,3.595169,2.8308961,2.62554,0.0,0.0,0.21166633,1.0180837,0.45925286,0.0,0.0,1.7818632,1.6534499,0.0,4.4635243,0.0,1.8792417,0.4788771,0.0,0.0,0.4790236,2.0838127,0.38164547,0.0,2.4789584,0.41968283,2.268371,1.0223126,0.0,0.0,1.2665808,1.9326726,0.0,0.0,0.0,0.48555914,0.46042526,2.3171408,0.008429632,0.6825871,0.34497377,0.81327724,2.0500395,1.7593578,0.09483355,0.81954795,2.3161,0.0,2.611867,0.0,0.0,0.0,2.8144634,2.3641036,0.27586475,0.13790171,2.4437742,1.293639,0.88659954,0.39902434,2.070812,0.64840996,1.5285269,0.0,0.96721745,2.6120973,1.8585256,1.8018852,0.22891621,0.030984065,0.9575968,0.7863063,1.137361,0.0,0.0,1.3244683,1.3765432,0.0,3.0851586,0.0,2.2585614,0.94475096,0.0,0.31401408,0.6384404,1.8666836,1.2225586
C000881,0.0,5.3598413,0.0,4.616248,0.0,0.0,0.0,1.6095928,4.579143,0.0,0.0,0.0,0.0,0.0,5.1125546,0.0,0.2840252,0.0,0.0,4.239031,2.7836053,0.0,0.54288125,3.8784797,0.0,4.3215804,0.12448905,0.0,0.0,5.4313593,4.6707053,0.57014066,0.0,4.6618876,2.762447,0.0,0.0,3.7247481,0.38174075,1.8787977,0.0,1.5370854,5.2044034,3.5896854,4.3263035,0.0,0.0,0.6253228,1.2384818,1.8709615,0.0,0.0,3.2618294,1.5122188,0.0,5.664124,0.0,2.9400327,1.6693242,0.0,0.0,0.0,3.9952252,0.5492611,0.0,5.3598413,0.0,4.616248,0.0,0.0,0.0,1.6095928,4.579143,0.0,0.0,0.0,0.0,0.0,5.1125546,0.0,0.2840252,0.0,0.0,4.239031,2.7836053,0.0,0.54288125,3.8784797,0.0,4.3215804,0.12448905,0.0,0.0,5.4313593,4.6707053,0.57014066,0.0,4.6618876,2.762447,0.0,0.0,3.7247481,0.38174075,1.8787977,0.0,1.5370854,5.2044034,3.5896854,4.3263035,0.0,0.0,0.6253228,1.2384818,1.8709615,0.0,0.0,3.2618294,1.5122188,0.0,5.664124,0.0,2.9400327,1.6693242,0.0,0.0,0.0,3.9952252,0.5492611
C000882,0.0,2.826655,0.0,2.6924615,0.0,0.0,0.0,0.73570704,2.5191474,0.0,0.0,0.0,0.0,0.0,2.7904701,0.0,0.04253996,0.0,0.0,2.386073,1.5175934,0.0,0.45488325,2.1499958,0.0,2.2614722,0.11565124,0.0,0.0,2.9480467,2.6711576,0.0772487,0.0,2.3930511,1.1767908,0.0,0.0,2.065577,0.3863192,0.7770435,0.0,0.46924472,3.1114762,2.1590347,2.2288573,0.0,0.0,0.03871153,0.4710071,0.9750838,0.0,0.0,1.7773695,0.82897466,0.0,3.3122177,0.0,1.3108685,0.5811727,0.0,0.0,0.025204793,1.9812933,0.05163131,0.0,3.8812,0.0,3.7576478,0.4971032,0.0,0.0,0.62318784,3.1908965,0.0,0.0,0.0,0.0,0.0,3.8193426,0.0,0.02126998,0.0,0.23172468,3.226713,1.8065081,0.0,1.2955945,3.1168032,0.0,3.3277519,0.05782562,0.0,0.0,4.2644753,4.026695,0.590918,0.0,3.955944,1.4872925,0.052231804,0.0,2.9330359,1.01791,0.8939669,0.0,0.8301535,4.6076937,3.1348877,3.0913758,0.0,0.0,0.05919329,1.2362205,0.6512714,0.0,0.0,2.4217358,1.5516354,0.0,4.8430743,0.0,2.2567563,0.77497256,0.0,0.0,0.24619606,3.0079103,0.11341937
C000883,0.0,4.991828,0.0,4.3593183,0.0,0.0,0.0,1.4074498,4.2850237,0.0,0.0,0.0,0.0,0.0,4.780303,0.0,0.1712386,0.0,0.0,3.9779902,2.543917,0.0,0.5911205,3.6273685,0.0,3.9392896,0.13687241,0.0,0.0,5.053466,4.431791,0.45418775,0.0,4.321529,2.4390233,0.0,0.0,3.4897325,0.45326936,1.6420499,0.0,1.2839893,4.960003,3.4263883,4.0380507,0.0,0.0,0.43265262,1.0896341,1.6699125,0.0,0.0,3.053471,1.4175625,0.0,5.3716235,0.0,2.597031,1.4328427,0.0,0.0,0.0,3.6407344,0.35724187,0.0,4.991828,0.0,4.3593183,0.0,0.0,0.0,1.4074498,4.2850237,0.0,0.0,0.0,0.0,0.0,4.780303,0.0,0.1712386,0.0,0.0,3.9779902,2.543917,0.0,0.5911205,3.6273685,0.0,3.9392896,0.13687241,0.0,0.0,5.053466,4.431791,0.45418775,0.0,4.321529,2.4390233,0.0,0.0,3.4897325,0.45326936,1.6420499,0.0,1.2839893,4.960003,3.4263883,4.0380507,0.0,0.0,0.43265262,1.0896341,1.6699125,0.0,0.0,3.053471,1.4175625,0.0,5.3716235,0.0,2.597031,1.4328427,0.0,0.0,0.0,3.6407344,0.35724187
C000884,0.0,4.86909,0.44474822,5.7242966,1.6314834,0.0,0.0,1.6142955,4.033677,0.0,0.0,0.0,0.0,0.0,5.057456,0.0,0.81675094,1.1298143,1.5512611,4.739231,2.7627869,0.0,2.196613,4.7794085,0.0,5.3798323,0.0,0.0,0.0,6.3602486,5.740372,0.5316613,0.0,6.193214,2.4665017,1.3894538,0.41673315,4.2680397,2.345602,1.7901225,0.0,2.179066,6.5666714,4.7719116,4.3669844,0.0,0.0,0.97359025,1.5566818,2.1900167,0.0,0.0,3.5458736,2.362753,0.0,7.2400436,0.0,4.3135633,1.068086,0.0,0.0,1.1959496,4.246763,1.1168048,0.0,3.0958338,0.6643056,3.0179782,1.5745206,0.0,0.0,2.4853816,2.5734484,0.0,0.0,0.0,0.79488105,0.91946983,2.9086266,0.1580442,1.6106002,0.8185338,1.3171428,2.7005463,2.6252112,0.27178013,0.90729487,2.9531403,0.0,3.9086084,0.0,0.05504535,0.0,3.8425298,3.0097876,0.27905226,0.52206624,3.0686529,2.0382795,1.4900353,0.9963256,2.7290769,0.864236,2.406375,0.0,1.758389,3.6461704,2.3933477,2.3270497,0.4210918,0.08410598,1.6152327,0.9396554,2.4824438,0.0,0.0,2.0124564,1.5600677,0.0,3.9222362,0.0,3.5558913,1.559107,0.0,0.7422629,1.1510524,2.6932416,2.092207
C000885,0.0,0.0,6.1149235,0.026507497,11.019655,0.0,0.0,11.458038,0.0,2.316397,0.0,0.0,11.37011,10.442644,0.0,7.0679855,10.086825,10.078106,10.211037,0.0,7.959874,8.341685,2.6233296,2.1517656,0.0,7.794077,0.0,9.681058,0.0,0.0,0.25683582,0.0,7.699263,0.9217269,2.468946,10.076221,11.393763,0.43503737,1.8175608,9.414938,0.86900914,5.809638,0.3272376,0.58739805,0.29986954,7.237768,1.6734076,7.8512893,0.0,10.75741,0.0,0.0,0.0,2.3613791,0.0,1.2240145,10.096492,8.381611,4.647712,0.10431872,12.4019,8.915721,0.0,11.040231,0.0,0.9502929,5.8757067,0.7007413,9.903486,0.0,0.0,11.907697,0.5778814,1.8405983,0.0,0.0,10.277895,9.817832,0.6405879,6.462117,9.768816,8.80751,8.780307,0.62910074,8.110056,7.586067,1.6328663,2.5293388,0.0,8.192941,0.0,7.986848,0.0,0.9818052,0.9460887,0.021655489,7.1886435,1.0652845,3.0891361,9.171923,10.188846,1.5250568,1.0451608,9.707326,0.80916035,6.197628,1.0290929,0.8777075,0.7718407,6.5795608,1.7615483,8.224755,0.23036687,10.747,0.0,0.0,0.41329795,2.430003,0.0,1.6206678,8.125043,9.104601,5.5350847,0.1063534,11.489508,7.8829856,1.0289396,11.037256
C000886,0.0,3.194039,0.0,2.9440942,0.0,0.0,0.0,0.76808417,2.8343441,0.0,0.0,0.0,0.0,0.0,3.1233916,0.0,0.04246993,0.0,0.0,2.6626403,1.653754,0.0,0.46642366,2.40085,0.0,2.5899282,0.116260074,0.0,0.0,3.3045778,2.936894,0.22306284,0.0,2.8021398,1.4631479,0.0,0.0,2.3001745,0.3782212,0.91242766,0.0,0.66266096,3.3888633,2.3797245,2.5455117,0.0,0.0,0.12943752,0.59776163,1.054651,0.0,0.0,2.000116,0.9429155,0.0,3.6300495,0.0,1.5118397,0.7560882,0.0,0.0,0.0,2.3155475,0.08785273,0.0,4.089815,0.029979914,3.868937,0.56540877,0.0,0.0,0.7635903,3.3357778,0.0,0.0,0.0,0.0,0.0,4.0348845,0.0,0.021234965,0.0,0.28224775,3.345839,1.9328481,0.0,1.2236642,3.2357001,0.0,3.4758816,0.058130037,0.0,0.0,4.393364,4.149336,0.72023326,0.0,4.1929207,1.6343749,0.097800024,0.0,3.0969296,0.97801995,1.1097717,0.0,0.95657223,4.6183844,3.228265,3.2781937,0.0,0.0,0.2890431,1.3981899,0.71108496,0.0,0.0,2.4971123,1.6403575,0.0,4.937296,0.0,2.4634917,0.9058856,0.0,0.0,0.25495678,3.191933,0.31915665
C000887,0.0,1.5699141,0.0,1.920387,0.828135,0.0,0.0,0.0,1.4071271,0.0,0.0,0.0,0.0,0.0,1.7710649,0.0,0.0,0.13022797,0.6431359,1.6379371,0.78599024,0.0,1.2762905,1.9412563,0.0,1.8096734,0.0,0.0,0.0,2.0722804,2.0540996,0.24740943,0.0,2.0672846,0.44113362,0.16675928,0.0,1.4670404,1.0579901,0.31100973,0.0,0.043415055,2.4256265,1.7735014,1.327344,0.0,0.0,0.0,0.57095575,0.022333056,0.0,0.0,1.1008561,1.0663062,0.0,2.6965866,0.0,1.0702691,0.0,0.0,0.0,0.5272839,1.0632707,0.11908454,0.0,1.9458429,2.5234892,1.516441,3.8897374,0.0,0.0,5.8154893,1.4939793,0.25451273,0.0,0.0,3.7006557,4.1899385,1.5409521,2.0203397,4.6087494,2.859903,3.3446004,1.5018358,4.2189765,2.5758126,0.43234995,2.3295074,0.0,4.94059,0.0,2.4071066,0.0,2.4355671,1.5379905,0.090013005,2.8060482,1.4389466,2.3133564,3.5941982,3.6738713,2.0762897,0.23040731,5.0234733,0.205984,3.1696343,2.0251956,0.97782046,1.1490338,2.4146507,0.5815528,4.1822004,0.48552483,5.1650863,0.0,0.0,1.0492834,1.3791701,0.0,1.9254112,2.0838997,5.524841,3.256084,0.0010955153,4.333781,2.8284328,2.0667272,5.140858
C000888,0.0,4.365396,0.0,3.930901,0.0,0.0,0.0,1.1732485,3.7636876,0.0,0.0,0.0,0.0,0.0,4.214825,0.0,0.050368816,0.0,0.0,3.5322993,2.2068186,0.0,0.64657336,3.1817873,0.0,3.3572855,0.1566275,0.0,0.0,4.42352,4.010731,0.23750108,0.0,3.7197547,1.902455,0.0,0.0,3.0913744,0.5385255,1.3199968,0.0,0.89876294,4.568469,3.141261,3.5117688,0.0,0.0,0.18718593,0.84615463,1.4058892,0.0,0.0,2.6582088,1.223271,0.0,4.8748875,0.0,2.1157603,1.0688256,0.0,0.0,0.0,3.0660133,0.15126653,0.0,4.365396,0.0,3.930901,0.0,0.0,0.0,1.1732485,3.7636876,0.0,0.0,0.0,0.0,0.0,4.214825,0.0,0.050368816,0.0,0.0,3.5322993,2.2068186,0.0,0.64657336,3.1817873,0.0,3.3572855,0.1566275,0.0,0.0,4.42352,4.010731,0.23750108,0.0,3.7197547,1.902455,0.0,0.0,3.0913744,0.5385255,1.3199968,0.0,0.89876294,4.568469,3.141261,3.5117688,0.0,0.0,0.18718593,0.84615463,1.4058892,0.0,0.0,2.6582088,1.223271,0.0,4.8748875,0.0,2.1157603,1.0688256,0.0,0.0,0.0,3.0660133,0.15126653
C000889,0.0,1.3350071,0.48940957,1.2401197,1.3299952,0.0,0.0,0.5926788,0.7685276,0.0,0.0,0.0,0.6610184,0.4363087,1.0893499,0.0,0.28991258,0.44097325,1.136224,1.2477694,1.0915737,0.0,1.1138437,1.6574569,0.0,1.7404671,0.0,0.28716236,0.0,1.2607443,1.439555,0.15832925,0.027399436,1.4530429,0.40276036,1.0235354,0.8934529,1.094504,0.89651114,0.9230528,0.0,0.33563387,1.4945621,1.4378974,0.78218055,0.46742636,0.10291365,0.7819158,0.49079117,0.5513302,0.0,0.0,0.59790206,1.0715687,0.0,1.7382301,0.30863804,1.4751928,0.5362658,0.0,0.29096594,1.1238211,0.7675622,1.0857944,0.0,2.2036135,0.66062546,1.828879,1.4354376,0.0,0.0,1.9363271,1.771462,0.0,0.0,0.0,0.75521344,0.8857102,2.0406013,0.1363509,1.2006434,0.5618138,1.1410102,1.7413381,2.060836,0.16675381,0.6695478,2.113896,0.0,2.835045,0.0,0.0855759,0.0,2.6033642,1.9606858,0.20238668,0.45762864,1.915341,1.3500924,1.2073387,1.0519673,1.9413539,0.4894919,2.0119343,0.0,1.2038407,2.340219,1.5078253,1.5138111,0.53493685,0.08658216,1.4393134,0.7935314,1.8069214,0.0,0.0,1.2652841,1.3118325,0.0,2.5857346,0.05195129,2.6797764,1.3977453,0.0,0.7649374,1.0555373,1.8499503,1.835852
C000890,0.0,3.3054152,0.15993097,2.9728665,1.2478048,0.0,0.0,0.36466104,2.5980654,0.0,0.0,0.0,0.0,0.0,3.2192116,0.0,0.0,0.51945156,0.92002594,2.9387681,1.8130606,0.0,1.8833404,2.9695773,0.0,3.2405725,0.0,0.0,0.0,3.6657183,3.8234622,0.81937534,0.0,3.9644215,0.8756553,0.8312976,0.61630434,2.2815366,1.8486416,1.266543,0.0,0.7862845,3.81552,3.3402355,2.8183112,0.0,0.0,0.385085,1.1398885,0.89901465,0.0,0.0,2.0058835,1.6421747,0.0,4.8030677,0.0,2.4685662,0.84429485,0.0,0.0,1.0946466,2.3997889,0.73536545,0.0,2.510654,0.65596354,2.0521133,1.5758098,0.0,0.0,2.0656075,2.041337,0.0,0.0,0.0,0.766984,0.81736183,2.3539495,0.24192698,1.2574141,0.716854,1.1452389,2.057302,2.2525315,0.2774604,0.91468984,2.3461642,0.0,3.2403584,0.0,0.097687215,0.0,2.8758435,2.3876338,0.4972164,0.54202825,2.379115,1.4547297,1.3062947,1.0933502,2.141494,0.7752747,2.216072,0.0,1.4360327,2.7362626,1.954306,1.8230438,0.46275234,0.10890715,1.4840883,1.0095333,1.9298551,0.0,0.0,1.525837,1.3220649,0.0,3.0255241,0.09444596,3.0463686,1.5616901,0.0,0.69042444,1.226105,2.257155,2.080388
C000891,0.0,1.8032568,0.0,1.789895,0.20926175,0.0,0.0,0.6347931,1.6664075,0.0,0.0,0.0,0.0,0.0,1.7703379,0.0,0.16216831,0.0,0.0,1.5940108,1.1217308,0.0,0.27799553,1.466691,0.0,1.5838901,0.055921808,0.0,0.0,1.9826301,1.7028105,0.0,0.0,1.4056656,0.78501534,0.0,0.0,1.4274154,0.13444434,0.59588474,0.0,0.2650905,2.0224288,1.416972,1.3510071,0.0,0.0,0.110635296,0.30294424,0.79976165,0.0,0.0,1.1922184,0.5999446,0.0,2.1604574,0.0,0.97980416,0.37799972,0.0,0.0,0.08044661,1.278962,0.19807251,0.0,2.7736366,0.6615563,2.6004949,1.6338358,0.0,0.0,2.1251357,2.206224,0.0,0.0,0.0,0.669127,0.76218104,2.619344,0.19855599,1.2069445,0.68465924,1.302489,2.3504455,2.297511,0.04768623,0.8122797,2.7105935,0.0,3.5334709,0.009320301,0.04510172,0.0,3.4044647,2.6900759,0.28478593,0.3507299,2.6520889,1.6598464,1.3510962,0.8863981,2.3891184,0.5306202,2.1703994,0.0,1.4885827,3.2616727,2.0587885,1.8435596,0.4549954,0.051288854,1.434055,1.0598669,1.8576285,0.0,0.0,1.739594,1.5308676,0.0,3.3972075,0.0045342892,3.2645953,1.4459481,0.0,0.5686707,1.2380898,2.4900281,1.9256763
C000892,0.0,3.094801,0.23039843,2.951908,1.1380811,0.0,0.0,0.65930045,2.552173,0.0,0.0,0.0,0.0,0.0,3.1538124,0.0,0.0,0.08362764,0.76206845,2.6533637,1.5354441,0.0,1.7472498,2.7714114,0.0,3.0750165,0.0,0.0,0.0,3.8262162,3.4980335,0.82511145,0.0,3.7582695,1.1079357,0.47005853,0.0,2.4806914,1.2375177,0.99553967,0.0,0.7961458,3.8773613,2.9344764,2.5726035,0.0,0.0,0.39432174,1.408119,0.5687487,0.0,0.0,2.1122413,1.6176374,0.0,4.1479764,0.0,2.4660127,0.762103,0.0,0.0,0.79702026,2.5959978,0.5432576,0.0,2.3019488,2.6283762,1.9553634,4.4083247,0.0,0.0,6.1841507,1.7651223,0.5735462,0.0,0.0,4.117613,4.167176,1.972556,2.5610244,4.6908545,3.4201086,3.7600403,1.7798957,4.6132526,2.7495897,0.80508226,2.7594628,0.0,5.4601936,0.0007559664,2.7272172,0.0,2.5802405,2.1970515,0.27174398,3.024885,2.1054013,2.4951487,4.2544975,4.215237,2.4489818,0.48564628,5.462253,0.32082534,3.4138236,2.4917357,1.6899478,1.6793182,2.6669226,0.6314427,4.3782783,0.69255584,5.501439,0.0,0.0,1.3223901,1.8022609,0.0,2.8181567,2.6010618,5.8330827,3.5238485,0.0,4.7607303,3.53546,2.3075128,5.6634603
C000893,0.0,4.8295536,0.0,4.2426066,0.0,0.0,0.0,1.3509032,4.1465945,0.0,0.0,0.0,0.0,0.0,4.628681,0.0,0.14447023,0.0,0.0,3.8634048,2.4584599,0.0,0.6024993,3.510633,0.0,3.7917423,0.14153293,0.0,0.0,4.884644,4.3183684,0.39917353,0.0,4.1606746,2.300349,0.0,0.0,3.381959,0.46803138,1.5631235,0.0,1.1856955,4.849792,3.3485336,3.898463,0.0,0.0,0.37243396,1.0291177,1.6036185,0.0,0.0,2.9475756,1.3663222,0.0,5.2330713,0.0,2.4750426,1.3401322,0.0,0.0,0.0,3.4887705,0.3097754,0.0,4.8295536,0.0,4.2426066,0.0,0.0,0.0,1.3509032,4.1465945,0.0,0.0,0.0,0.0,0.0,4.628681,0.0,0.14447023,0.0,0.0,3.8634048,2.4584599,0.0,0.6024993,3.510633,0.0,3.7917423,0.14153293,0.0,0.0,4.884644,4.3183684,0.39917353,0.0,4.1606746,2.300349,0.0,0.0,3.381959,0.46803138,1.5631235,0.0,1.1856955,4.849792,3.3485336,3.898463,0.0,0.0,0.37243396,1.0291177,1.6036185,0.0,0.0,2.9475756,1.3663222,0.0,5.2330713,0.0,2.4750426,1.3401322,0.0,0.0,0.0,3.4887705,0.3097754
C000894,0.0,0.4950807,6.510743,1.0677844,11.385714,0.0,0.0,12.665414,0.0,2.2988906,0.0,0.0,11.280478,10.76549,0.0,7.0125895,10.9214325,10.132361,10.617493,0.19301416,8.740063,8.081016,2.791941,3.0277777,0.0,9.197641,0.0,9.521129,0.0,0.6021005,0.9455172,0.0,7.8464274,1.4816363,3.1230843,10.7864485,11.406696,1.1952795,1.897068,10.137943,0.70833695,6.7072954,1.4108833,1.0671835,0.20616299,7.388033,1.5391641,8.5776,0.0,11.390138,0.0,0.0,0.045639068,2.480185,0.0,1.4943403,9.982752,9.77112,5.183378,0.0,12.330447,9.126598,0.23499739,12.135827,0.0,1.6122668,4.851628,1.3895879,8.174177,0.0,0.0,10.478541,1.1365014,1.3478826,0.0,0.0,8.09886,8.053102,1.2455205,5.128215,8.347132,6.937877,7.2095175,1.304404,7.2566247,5.922603,1.3329116,2.7914364,0.0,7.7433877,0.0,6.1266613,0.0,1.8507742,1.63407,0.078366585,5.8573527,1.6406816,3.2019997,7.7295957,8.146778,2.116445,0.86629474,8.652531,0.6902894,5.4976015,1.8549759,1.2633297,1.2267396,5.3526278,1.3984873,7.2715483,0.40744305,9.257093,0.0,0.0,0.88826394,2.2918863,0.0,2.326057,6.0691714,8.535666,5.215498,0.0553302,9.187666,6.5429606,1.7750887,9.58485
C000895,0.0,4.59432,0.0,4.51321,0.8235401,0.0,0.0,0.1828714,3.5904005,0.0,0.0,0.0,0.0,0.0,4.5953817,0.0,0.0,0.0,0.2810823,4.0245156,1.9239073,0.0,2.047176,3.9522104,0.0,3.9957392,0.0,0.0,0.0,5.1025577,5.1153884,0.74467707,0.0,4.987198,1.4255406,0.0,0.0,3.5868883,1.793047,0.8098128,0.0,0.74704105,5.9596124,4.159916,3.8051667,0.0,0.0,0.0,1.5617356,0.36841312,0.0,0.0,2.9030228,1.9127226,0.0,6.1851006,0.0,2.5606694,0.6449527,0.0,0.0,0.5083764,3.3754668,0.0,0.0,3.3475776,0.0,3.2641401,0.5319748,0.0,0.0,0.56328773,2.782914,0.0,0.0,0.0,0.0,0.0,3.3583653,0.0,0.13740224,0.0,0.14054115,2.8922148,1.6748213,0.0,1.1653572,2.8081133,0.0,2.9493685,0.0009572506,0.0,0.0,3.756173,3.5168424,0.37233853,0.0,3.281569,1.2152609,0.019106634,0.0,2.6267886,0.99406964,0.8497123,0.0,0.61107445,4.167252,2.8220801,2.690365,0.0,0.0016654469,0.13020115,0.94523615,0.71385854,0.0,0.0,2.1442556,1.3391962,0.0,4.3474283,0.0,1.9266546,0.6059599,0.0,0.0,0.3352576,2.4781237,0.19172227
C000896,0.0,4.753795,0.38733578,4.2947435,1.0213748,0.0,0.0,1.6692741,4.084094,0.0,0.0,0.0,0.0,0.0,4.6039433,0.0,0.5102516,0.0,0.557682,4.0515237,2.6302793,0.0,1.4775476,4.17436,0.0,4.8004885,0.0,0.0,0.0,5.586465,4.704957,0.95890844,0.0,4.6459093,2.4239306,0.11869977,0.0,3.477849,0.91750664,2.17422,0.0,1.7761812,5.3752794,3.5792136,3.5492966,0.0,0.0,1.018651,1.95825,1.6166757,0.0,0.0,3.296109,1.743957,0.0,5.3414316,0.0,3.932547,1.5590471,0.0,0.0,0.68996,4.189606,1.1879258,0.0,3.304812,0.46914363,2.9245749,1.3191862,0.0,0.0,1.838834,2.8159444,0.0,0.0,0.0,0.29709673,0.486691,3.1790857,0.0,0.90381336,0.22656298,0.8183396,2.8139963,2.3232965,0.0,1.0201943,2.9823034,0.0,3.7828178,0.0,0.0,0.0,3.9972095,3.1926928,0.59286726,0.19130671,3.0509377,1.8267224,0.69629335,0.4513291,2.6700244,0.5681099,2.0604696,0.0,1.4767809,3.802385,2.3848872,2.3499365,0.10010311,0.015744634,1.20421,1.3775256,1.7385465,0.0,0.0,2.2284849,1.4555032,0.0,3.8071527,0.0,3.3070033,1.418055,0.0,0.24687757,0.8564168,2.928598,1.5720053
C000897,0.0,4.9106903,0.0,4.300963,0.0,0.0,0.0,1.3791767,4.2158093,0.0,0.0,0.0,0.0,0.0,4.7044935,0.0,0.15785436,0.0,0.0,3.9206975,2.5011885,0.0,0.59680986,3.5690007,0.0,3.8655152,0.1392026,0.0,0.0,4.9690547,4.375079,0.42668068,0.0,4.241102,2.3696866,0.0,0.0,3.435846,0.46065027,1.6025869,0.0,1.2348424,4.904898,3.3874612,3.9682565,0.0,0.0,0.40254334,1.059376,1.6367652,0.0,0.0,3.000523,1.3919424,0.0,5.3023477,0.0,2.5360367,1.3864878,0.0,0.0,0.0,3.5647528,0.3335089,0.0,4.9106903,0.0,4.300963,0.0,0.0,0.0,1.3791767,4.2158093,0.0,0.0,0.0,0.0,0.0,4.7044935,0.0,0.15785436,0.0,0.0,3.9206975,2.5011885,0.0,0.59680986,3.5690007,0.0,3.8655152,0.1392026,0.0,0.0,4.9690547,4.375079,0.42668068,0.0,4.241102,2.3696866,0.0,0.0,3.435846,0.46065027,1.6025869,0.0,1.2348424,4.904898,3.3874612,3.9682565,0.0,0.0,0.40254334,1.059376,1.6367652,0.0,0.0,3.000523,1.3919424,0.0,5.3023477,0.0,2.5360367,1.3864878,0.0,0.0,0.0,3.5647528,0.3335089
C000898,0.0,4.9106903,0.0,4.300963,0.0,0.0,0.0,1.3791767,4.2158093,0.0,0.0,0.0,0.0,0.0,4.7044935,0.0,0.15785436,0.0,0.0,3.9206975,2.5011885,0.0,0.59680986,3.5690007,0.0,3.8655152,0.1392026,0.0,0.0,4.9690547,4.375079,0.42668068,0.0,4.241102,2.3696866,0.0,0.0,3.435846,0.46065027,1.6025869,0.0,1.2348424,4.904898,3.3874612,3.9682565,0.0,0.0,0.40254334,1.059376,1.6367652,0.0,0.0,3.000523,1.3919424,0.0,5.3023477,0.0,2.5360367,1.3864878,0.0,0.0,0.0,3.5647528,0.3335089,0.0,4.9106903,0.0,4.300963,0.0,0.0,0.0,1.3791767,4.2158093,0.0,0.0,0.0,0.0,0.0,4.7044935,0.0,0.15785436,0.0,0.0,3.9206975,2.5011885,0.0,0.59680986,3.5690007,0.0,3.8655152,0.1392026,0.0,0.0,4.9690547,4.375079,0.42668068,0.0,4.241102,2.3696866,0.0,0.0,3.435846,0.46065027,1.6025869,0.0,1.2348424,4.904898,3.3874612,3.9682565,0.0,0.0,0.40254334,1.059376,1.6367652,0.0,0.0,3.000523,1.3919424,0.0,5.3023477,0.0,2.5360367,1.3864878,0.0,0.0,0.0,3.5647528,0.3335089
C000899,0.0,1.8004957,0.0,1.7967938,0.17799865,0.0,0.0,0.52666384,1.6908035,0.0,0.0,0.0,0.0,0.0,1.7980205,0.0,0.11134651,0.0,0.0,1.6206858,1.0838766,0.0,0.2937805,1.4513956,0.0,1.5575194,0.07056097,0.0,0.0,2.0143008,1.7142065,0.025046078,0.0,1.471896,0.78999025,0.0,0.0,1.4038521,0.18426688,0.5194317,0.0,0.27314743,2.0473433,1.4367225,1.3602601,0.0,0.0,0.0493945,0.28199434,0.757518,0.0,0.0,1.1837192,0.6028156,0.0,2.2075949,0.0,0.8899322,0.3429927,0.0,0.0,0.064370945,1.3167443,0.1187643,0.0,1.3426437,1.5629491,1.070758,2.7898803,0.0,0.0,3.7198918,1.0343636,0.4214195,0.0,0.0,2.592371,2.6655338,1.0777929,1.5393728,2.8747332,1.9768374,2.3126209,1.0529622,2.828235,1.8553934,0.51164544,1.630221,0.0,3.2837071,0.008820121,1.8852494,0.0,1.6257167,1.1432283,0.060163867,2.011035,0.97600883,1.4496484,2.5675485,2.6313598,1.4619827,0.30336225,3.253296,0.24888729,1.9537674,1.5818065,0.8242373,0.7924354,1.7651697,0.48324025,2.527924,0.33973804,3.2120473,0.0,0.0,0.7032276,1.1590579,0.0,1.5299277,1.7371461,3.5428028,2.0855646,0.0064874664,2.7895014,2.0900187,1.2729393,3.379384
C000900,0.0,3.2797801,0.0,3.0049663,0.0,0.0,0.0,0.7928354,2.9110506,0.0,0.0,0.0,0.0,0.0,3.2009277,0.0,0.04968135,0.0,0.0,2.7291906,1.6973555,0.0,0.46590477,2.4649978,0.0,2.6716166,0.115986235,0.0,0.0,3.3924427,3.0027137,0.24976853,0.0,2.8837805,1.5307635,0.0,0.0,2.3582535,0.37036404,0.95749724,0.0,0.7092553,3.4486754,2.4247842,2.6195805,0.0,0.0,0.15797989,0.6292391,1.0862782,0.0,0.0,2.052043,0.9714521,0.0,3.705135,0.0,1.5712224,0.8000035,0.0,0.0,0.0,2.3914485,0.11230431,0.0,3.9036188,0.0,3.774109,0.5679956,0.0,0.0,0.6120541,3.17138,0.0,0.0,0.0,0.0,0.0,3.8637302,0.0,0.024840675,0.0,0.30706286,3.2168217,1.7872021,0.0,1.2392294,3.1103513,0.0,3.2724702,0.057993118,0.0,0.0,4.1129084,4.067815,0.6511556,0.0,4.0191393,1.4127431,0.005000517,0.0,2.9421685,1.0323544,0.9419947,0.0,0.7778944,4.521833,3.2018514,3.1450486,0.0,0.0,0.13478634,1.3208463,0.5547626,0.0,0.0,2.4000397,1.5229745,0.0,4.7672358,0.0,2.2216518,0.74596304,0.0,0.0,0.2927022,2.976564,0.17941636
C000901,0.0,4.715653,0.0,4.4951277,0.6412201,0.0,0.0,0.181984,3.6145601,0.0,0.0,0.0,0.0,0.0,4.674677,0.0,0.0,0.0,0.3505939,3.9208992,1.9217738,0.0,1.8307652,3.9284284,0.0,3.8459344,0.0,0.0,0.0,4.822135,5.072317,1.0396293,0.0,5.23964,1.406898,0.0,0.0,3.602522,1.6848818,0.9316326,0.0,0.74593306,5.6779394,4.2328672,3.8907661,0.0,0.0,0.0,1.855439,0.21336246,0.0,0.0,2.8143876,1.9398386,0.0,6.0619183,0.0,2.6057699,0.7378044,0.0,0.0,0.43685997,3.4405906,0.075711876,0.0,3.6281524,0.0,3.3836648,0.39546418,0.0,0.0,0.58362055,2.9663515,0.0,0.0,0.0,0.0,0.0,3.5811553,0.0,0.15482438,0.0,0.17529695,3.015945,1.749404,0.0,1.0383509,2.9383523,0.0,3.0667071,0.003995754,0.0,0.0,3.8324983,3.6376796,0.5900959,0.0,3.6414952,1.3930814,0.00450404,0.0,2.7468214,0.9248135,1.0082814,0.0,0.75473154,4.1512957,2.9734805,2.9104156,0.0,0.00067601353,0.18049116,1.1684736,0.68830097,0.0,0.0,2.216311,1.4129816,0.0,4.438831,0.0,2.0752196,0.7654246,0.0,0.0,0.23705961,2.7277522,0.27876192
C000902,0.0,4.8295536,0.0,4.2426066,0.0,0.0,0.0,1.3509032,4.1465945,0.0,0.0,0.0,0.0,0.0,4.628681,0.0,0.14447023,0.0,0.0,3.8634048,2.4584599,0.0,0.6024993,3.510633,0.0,3.7917423,0.14153293,0.0,0.0,4.884644,4.3183684,0.39917353,0.0,4.1606746,2.300349,0.0,0.0,3.381959,0.46803138,1.5631235,0.0,1.1856955,4.849792,3.3485336,3.898463,0.0,0.0,0.37243396,1.0291177,1.6036185,0.0,0.0,2.9475756,1.3663222,0.0,5.2330713,0.0,2.4750426,1.3401322,0.0,0.0,0.0,3.4887705,0.3097754,0.0,4.8295536,0.0,4.2426066,0.0,0.0,0.0,1.3509032,4.1465945,0.0,0.0,0.0,0.0,0.0,4.628681,0.0,0.14447023,0.0,0.0,3.8634048,2.4584599,0.0,0.6024993,3.510633,0.0,3.7917423,0.14153293,0.0,0.0,4.884644,4.3183684,0.39917353,0.0,4.1606746,2.300349,0.0,0.0,3.381959,0.46803138,1.5631235,0.0,1.1856955,4.849792,3.3485336,3.898463,0.0,0.0,0.37243396,1.0291177,1.6036185,0.0,0.0,2.9475756,1.3663222,0.0,5.2330713,0.0,2.4750426,1.3401322,0.0,0.0,0.0,3.4887705,0.3097754
C000903,0.0,2.7274652,0.11002231,2.4488502,0.28315338,0.0,0.0,1.5622969,2.3113225,0.0,0.0,0.0,0.12200723,0.199977,2.5581334,0.0,0.7273925,0.0,0.0839149,2.1332712,1.9730034,0.0,0.1449829,2.3062403,0.0,2.529324,0.0,0.0,0.0,2.8028798,2.266097,0.0,0.0,2.1969924,1.6055201,0.29915273,0.0,2.1994948,0.0,1.6260492,0.0,0.8182058,2.6209025,1.8285441,2.0149643,0.0,0.0,1.0036681,0.4849943,1.5989122,0.0,0.0,1.8038647,0.8428119,0.0,2.731983,0.0,2.060377,1.0655981,0.0,0.0,0.17645337,1.9347383,1.0347278,0.0,1.74416,2.4560916,1.3880683,3.9135616,0.0,0.0,5.64543,1.2060229,0.5516441,0.0,0.0,3.683588,3.8328493,1.3312289,2.1874332,4.320964,3.0732079,3.4156847,1.2897497,4.1029773,2.5492375,0.48038554,2.1463537,0.0,4.7011323,0.0,2.5074842,0.0,1.9901218,1.3918041,0.07443632,2.7648048,1.3662654,2.233093,3.9132297,3.7670078,1.9134436,0.27845094,4.8862653,0.29750296,3.0868676,1.7560505,1.0393232,1.0408729,2.5007856,0.64829105,3.9823484,0.5246658,4.8395686,0.0,0.0,0.8883416,1.4866205,0.0,1.8855108,2.3251312,5.202179,3.1985857,0.005158937,4.143331,3.0772598,1.8244896,5.2124324
C000904,0.0,5.1719646,0.0,4.483232,0.0,0.0,0.0,1.494397,4.431928,0.0,0.0,0.0,0.0,0.0,4.944562,0.0,0.21410017,0.0,0.0,4.1032906,2.6543455,0.0,0.56954753,3.7479706,0.0,4.117673,0.13112259,0.0,0.0,5.2333393,4.5499883,0.5148298,0.0,4.4879475,2.5963287,0.0,0.0,3.6012723,0.42493197,1.7452637,0.0,1.402808,5.076772,3.504819,4.183442,0.0,0.0,0.5173289,1.1610245,1.7578404,0.0,0.0,3.1594954,1.464017,0.0,5.5209675,0.0,2.754617,1.5455703,0.0,0.0,0.0,3.8106258,0.4368088,0.0,5.1719646,0.0,4.483232,0.0,0.0,0.0,1.494397,4.431928,0.0,0.0,0.0,0.0,0.0,4.944562,0.0,0.21410017,0.0,0.0,4.1032906,2.6543455,0.0,0.56954753,3.7479706,0.0,4.117673,0.13112259,0.0,0.0,5.2333393,4.5499883,0.5148298,0.0,4.4879475,2.5963287,0.0,0.0,3.6012723,0.42493197,1.7452637,0.0,1.402808,5.076772,3.504819,4.183442,0.0,0.0,0.5173289,1.1610245,1.7578404,0.0,0.0,3.1594954,1.464017,0.0,5.5209675,0.0,2.754617,1.5455703,0.0,0.0,0.0,3.8106258,0.4368088
C000905,0.0,4.4320374,0.0,4.337086,0.7756488,0.0,0.0,0.13496518,3.4062533,0.0,0.0,0.0,0.0,0.0,4.4312696,0.0,0.0,0.0,0.36326733,3.8049862,1.8478031,0.0,1.911051,3.8123858,0.0,3.7527423,0.0,0.0,0.0,4.7265058,4.9558663,0.7722463,0.0,4.828985,1.2680863,0.0,0.0,3.461234,1.7216781,0.8211527,0.0,0.6229032,5.6560373,4.0493116,3.659084,0.0,0.0,0.0,1.594257,0.22169432,0.0,0.0,2.726892,1.8391219,0.0,5.896479,0.0,2.4456255,0.5942838,0.0,0.0,0.50047976,3.2172942,0.0,0.0,3.3479247,0.0,3.217019,0.47737062,0.0,0.0,0.5192981,2.7491474,0.0,0.0,0.0,0.0,0.0,3.3386698,0.0,0.12729593,0.0,0.18163367,2.8481317,1.6470907,0.0,1.0941584,2.7857528,0.0,2.8872623,0.0053550974,0.0,0.0,3.6436388,3.484118,0.40942487,0.0,3.2945013,1.2057457,0.006318677,0.0,2.5974407,0.96280384,0.87269545,0.0,0.605112,4.0559607,2.8113527,2.678843,0.0,0.00558667,0.12704208,0.98673034,0.63435525,0.0,0.0,2.101004,1.3192317,0.0,4.257332,0.0,1.8993189,0.6171228,0.0,0.0,0.29730457,2.4862733,0.1926475
C000906,0.0,4.8453436,0.0,4.628374,0.6428816,0.0,0.0,0.2297998,3.6804757,0.0,0.0,0.0,0.0,0.0,4.8669047,0.0,0.0,0.0,0.44931817,3.9955769,1.9547093,0.0,1.7776538,4.047225,0.0,3.864946,0.0,0.0,0.0,4.8165154,5.2277575,1.2154093,0.0,5.5260773,1.4305847,0.0,0.0,3.6824758,1.7127146,1.0900707,0.0,0.7800838,5.651,4.4077163,4.0311623,0.0,0.0,0.14394587,2.0458393,0.16775209,0.0,0.0,2.853827,1.9799765,0.0,6.1314597,0.0,2.7451122,0.79518217,0.0,0.0,0.4789613,3.553071,0.25566268,0.0,3.888834,4.2274594e-05,3.5865114,0.3848937,0.0,0.0,0.6999979,3.147944,0.0,0.0,0.0,0.0,0.0,3.8510761,0.0,0.21119651,0.0,0.22465909,3.199352,1.8778684,0.0,0.99408597,3.122476,0.0,3.2707129,0.003277041,0.0,0.0,4.0216455,3.851952,0.7274426,0.0,3.9776092,1.5602524,0.01186504,0.0,2.9145303,0.8995547,1.2078419,0.0,0.8938231,4.2767525,3.164235,3.136042,0.0,0.0,0.34815642,1.3423727,0.76570773,0.0,0.0,2.333617,1.4814531,0.0,4.6200385,0.0,2.3084366,0.9072647,0.0,0.0,0.23948064,2.9644089,0.45715666
C000907,0.0,0.7888081,9.000435,1.1687596,16.223896,0.0,0.0,18.758417,0.0,3.2757556,0.0,0.0,16.57488,15.507568,0.0,10.946905,15.814193,14.921482,14.636413,0.8154721,13.092245,12.26579,3.0000982,4.344911,0.0,13.043204,0.0,13.227024,0.0,0.47856522,1.3844488,0.0,11.232101,2.39081,4.689044,15.602349,16.579363,2.2012327,2.2769885,15.087105,1.6528765,9.835402,1.6347816,1.7783234,1.3471731,10.4975395,2.7397137,12.904322,0.0,17.263403,0.0,0.0,0.24167323,3.8324957,0.0,3.0720046,13.97644,13.895411,7.9812016,0.0,18.789806,13.306778,0.5605475,17.543646,0.0,2.1417873,5.9030704,2.014853,10.524324,0.0,0.0,12.439579,1.257199,1.4967628,0.0,0.0,10.174845,9.588108,1.5139636,6.3748446,9.860444,9.179676,9.497584,1.8161874,8.990978,7.274124,2.4666874,3.7562947,0.0,9.707465,0.0,7.7081814,0.0,2.140753,2.534738,0.06786687,7.0082936,2.877577,3.5959764,9.406797,10.310284,2.442589,1.8653462,10.079753,0.47152373,6.6900587,2.747386,2.201803,2.0311065,6.599632,1.4652337,8.324055,0.36975083,11.282612,0.0,0.0,1.2241775,3.080505,0.0,3.8129134,8.066004,9.928384,5.540356,0.0,11.321636,8.586363,2.0504274,11.331455
C000908,0.0,4.44118,0.0,3.9804492,0.0,0.0,0.0,1.2045172,3.8252444,0.0,0.0,0.0,0.0,0.0,4.2812924,0.0,0.069955856,0.0,0.0,3.5867972,2.2465672,0.0,0.6373542,3.23307,0.0,3.4304752,0.15394661,0.0,0.0,4.4966474,4.0596786,0.26560825,0.0,3.7922544,1.9674802,0.0,0.0,3.138443,0.52192837,1.3603028,0.0,0.946996,4.6119156,3.1757183,3.5749917,0.0,0.0,0.2174189,0.8788609,1.4384847,0.0,0.0,2.7027626,1.2464758,0.0,4.9292917,0.0,2.1761575,1.1129113,0.0,0.0,0.0,3.134778,0.17753105,0.0,4.44118,0.0,3.9804492,0.0,0.0,0.0,1.2045172,3.8252444,0.0,0.0,0.0,0.0,0.0,4.2812924,0.0,0.069955856,0.0,0.0,3.5867972,2.2465672,0.0,0.6373542,3.23307,0.0,3.4304752,0.15394661,0.0,0.0,4.4966474,4.0596786,0.26560825,0.0,3.7922544,1.9674802,0.0,0.0,3.138443,0.52192837,1.3603028,0.0,0.946996,4.6119156,3.1757183,3.5749917,0.0,0.0,0.2174189,0.8788609,1.4384847,0.0,0.0,2.7027626,1.2464758,0.0,4.9292917,0.0,2.1761575,1.1129113,0.0,0.0,0.0,3.134778,0.17753105
C000909,0.0,4.594108,0.0,4.080994,0.0,0.0,0.0,1.2668654,3.9495687,0.0,0.0,0.0,0.0,0.0,4.416078,0.0,0.10367714,0.0,0.0,3.6952255,2.3321958,0.0,0.6202911,3.3414314,0.0,3.5752459,0.14837685,0.0,0.0,4.6469107,4.158209,0.3187505,0.0,3.9342623,2.0998545,0.0,0.0,3.2318428,0.49575514,1.4438144,0.0,1.0429646,4.7003064,3.2406063,3.7008202,0.0,0.0,0.28095362,0.93960404,1.5060972,0.0,0.0,2.7974977,1.2929994,0.0,5.0424576,0.0,2.2975178,1.2043599,0.0,0.0,0.0,3.2731085,0.23457666,0.0,4.594108,0.0,4.080994,0.0,0.0,0.0,1.2668654,3.9495687,0.0,0.0,0.0,0.0,0.0,4.416078,0.0,0.10367714,0.0,0.0,3.6952255,2.3321958,0.0,0.6202911,3.3414314,0.0,3.5752459,0.14837685,0.0,0.0,4.6469107,4.158209,0.3187505,0.0,3.9342623,2.0998545,0.0,0.0,3.2318428,0.49575514,1.4438144,0.0,1.0429646,4.7003064,3.2406063,3.7008202,0.0,0.0,0.28095362,0.93960404,1.5060972,0.0,0.0,2.7974977,1.2929994,0.0,5.0424576,0.0,2.2975178,1.2043599,0.0,0.0,0.0,3.2731085,0.23457666
C000910,0.0,4.6711755,0.0,4.1321087,0.0,0.0,0.0,1.2967612,4.0125737,0.0,0.0,0.0,0.0,0.0,4.4840894,0.0,0.11891499,0.0,0.0,3.7499034,2.3751965,0.0,0.61289674,3.396669,0.0,3.6470957,0.14580995,0.0,0.0,4.7230945,4.208521,0.34497592,0.0,4.005937,2.1660519,0.0,0.0,3.2791052,0.48450363,1.4850314,0.0,1.0904719,4.745928,3.2735968,3.7641635,0.0,0.0,0.31250042,0.96931064,1.5395072,0.0,0.0,2.8459854,1.3164245,0.0,5.1011653,0.0,2.357296,1.249969,0.0,0.0,0.0,3.3426545,0.26232406,0.0,4.6711755,0.0,4.1321087,0.0,0.0,0.0,1.2967612,4.0125737,0.0,0.0,0.0,0.0,0.0,4.4840894,0.0,0.11891499,0.0,0.0,3.7499034,2.3751965,0.0,0.61289674,3.396669,0.0,3.6470957,0.14580995,0.0,0.0,4.7230945,4.208521,0.34497592,0.0,4.005937,2.1660519,0.0,0.0,3.2791052,0.48450363,1.4850314,0.0,1.0904719,4.745928,3.2735968,3.7641635,0.0,0.0,0.31250042,0.96931064,1.5395072,0.0,0.0,2.8459854,1.3164245,0.0,5.1011653,0.0,2.357296,1.249969,0.0,0.0,0.0,3.3426545,0.26232406
C000911,0.0,4.2364407,0.0,3.851695,0.0,0.0,0.0,1.1276256,3.6617959,0.0,0.0,0.0,0.0,0.0,4.1016097,0.0,0.022582274,0.0,0.0,3.4386058,2.146176,0.0,0.6643386,3.1011117,0.0,3.2407303,0.16193718,0.0,0.0,4.3028345,3.928115,0.18104115,0.0,3.59376,1.7935318,0.0,0.0,3.0167894,0.5670839,1.2544296,0.0,0.81761307,4.4987144,3.0805655,3.401005,0.0,0.0,0.13691115,0.7912637,1.3570081,0.0,0.0,2.5869007,1.1849428,0.0,4.785444,0.0,2.0186238,0.9924681,0.0,0.0,0.0,2.9460726,0.111315206,0.0,4.2364407,0.0,3.851695,0.0,0.0,0.0,1.1276256,3.6617959,0.0,0.0,0.0,0.0,0.0,4.1016097,0.0,0.022582274,0.0,0.0,3.4386058,2.146176,0.0,0.6643386,3.1011117,0.0,3.2407303,0.16193718,0.0,0.0,4.3028345,3.928115,0.18104115,0.0,3.59376,1.7935318,0.0,0.0,3.0167894,0.5670839,1.2544296,0.0,0.81761307,4.4987144,3.0805655,3.401005,0.0,0.0,0.13691115,0.7912637,1.3570081,0.0,0.0,2.5869007,1.1849428,0.0,4.785444,0.0,2.0186238,0.9924681,0.0,0.0,0.0,2.9460726,0.111315206
C000912,0.0,4.6711755,0.0,4.1321087,0.0,0.0,0.0,1.2967612,4.0125737,0.0,0.0,0.0,0.0,0.0,4.4840894,0.0,0.11891499,0.0,0.0,3.7499034,2.3751965,0.0,0.61289674,3.396669,0.0,3.6470957,0.14580995,0.0,0.0,4.7230945,4.208521,0.34497592,0.0,4.005937,2.1660519,0.0,0.0,3.2791052,0.48450363,1.4850314,0.0,1.0904719,4.745928,3.2735968,3.7641635,0.0,0.0,0.31250042,0.96931064,1.5395072,0.0,0.0,2.8459854,1.3164245,0.0,5.1011653,0.0,2.357296,1.249969,0.0,0.0,0.0,3.3426545,0.26232406,0.0,4.6711755,0.0,4.1321087,0.0,0.0,0.0,1.2967612,4.0125737,0.0,0.0,0.0,0.0,0.0,4.4840894,0.0,0.11891499,0.0,0.0,3.7499034,2.3751965,0.0,0.61289674,3.396669,0.0,3.6470957,0.14580995,0.0,0.0,4.7230945,4.208521,0.34497592,0.0,4.005937,2.1660519,0.0,0.0,3.2791052,0.48450363,1.4850314,0.0,1.0904719,4.745928,3.2735968,3.7641635,0.0,0.0,0.31250042,0.96931064,1.5395072,0.0,0.0,2.8459854,1.3164245,0.0,5.1011653,0.0,2.357296,1.249969,0.0,0.0,0.0,3.3426545,0.26232406
C000913,0.0,2.4117658,0.0,2.5853932,0.64088976,0.0,0.0,0.08775681,2.2409973,0.0,0.0,0.0,0.0,0.0,2.4763603,0.0,0.0,0.08010125,0.64010495,2.217523,1.2302382,0.0,1.4357976,2.4885309,0.0,2.2941608,0.0,0.0,0.0,3.0010693,2.8106678,0.10403297,0.0,2.7386756,0.79809916,0.03239028,0.0,1.8930684,1.2664613,0.5274493,0.0,0.12827317,3.3450136,2.380273,2.0548806,0.0,0.0,0.0,0.62992716,0.516336,0.0,0.0,1.6310956,1.2471347,0.0,3.743786,0.0,1.4049438,0.21684405,0.0,0.0,0.5980353,1.6496714,0.0,0.0,1.7353617,1.9825968,1.2074671,3.0232508,0.0,0.0,4.12615,1.1289897,0.050706703,0.0,0.0,2.8144853,3.250736,1.1783277,1.4818449,3.3878517,2.1404002,2.734265,1.1983811,3.1489751,1.7728553,0.49048042,2.059336,0.0,3.770333,0.0,1.8145841,0.0,1.9739704,1.2161916,0.01733883,2.1075246,1.1570592,1.6945573,2.7614384,2.9234207,1.723527,0.2846221,3.772976,0.077175066,2.2588015,1.677351,0.8207743,0.72945124,2.0350838,0.49614847,3.1737664,0.41079333,3.675924,0.0,0.0,0.7105327,1.3981682,0.0,1.7430986,1.4400984,4.2411385,2.4169357,0.0,3.1896477,2.2219694,1.5070753,3.8571072
C000914,0.0,4.517453,0.0,4.030518,0.0,0.0,0.0,1.2357278,3.8872411,0.0,0.0,0.0,0.0,0.0,4.348421,0.0,0.087601274,0.0,0.0,3.6410933,2.288518,0.0,0.6286283,3.286436,0.0,3.5031018,0.15119177,0.0,0.0,4.5712194,4.10885,0.2926127,0.0,3.8636827,2.033347,0.0,0.0,3.18525,0.50784117,1.4016508,0.0,0.99505746,4.6559,3.2087321,3.6379929,0.0,0.0,0.24875264,0.90989894,1.471957,0.0,0.0,2.7493343,1.2697273,0.0,4.9852586,0.0,2.2367656,1.1581706,0.0,0.0,0.0,3.2038324,0.20541912,0.0,4.517453,0.0,4.030518,0.0,0.0,0.0,1.2357278,3.8872411,0.0,0.0,0.0,0.0,0.0,4.348421,0.0,0.087601274,0.0,0.0,3.6410933,2.288518,0.0,0.6286283,3.286436,0.0,3.5031018,0.15119177,0.0,0.0,4.5712194,4.10885,0.2926127,0.0,3.8636827,2.033347,0.0,0.0,3.18525,0.50784117,1.4016508,0.0,0.99505746,4.6559,3.2087321,3.6379929,0.0,0.0,0.24875264,0.90989894,1.471957,0.0,0.0,2.7493343,1.2697273,0.0,4.9852586,0.0,2.2367656,1.1581706,0.0,0.0,0.0,3.2038324,0.20541912
C000915,0.0,4.365396,0.0,3.930901,0.0,0.0,0.0,1.1732485,3.7636876,0.0,0.0,0.0,0.0,0.0,4.214825,0.0,0.050368816,0.0,0.0,3.5322993,2.2068186,0.0,0.64657336,3.1817873,0.0,3.3572855,0.1566275,0.0,0.0,4.42352,4.010731,0.23750108,0.0,3.7197547,1.902455,0.0,0.0,3.0913744,0.5385255,1.3199968,0.0,0.89876294,4.568469,3.141261,3.5117688,0.0,0.0,0.18718593,0.84615463,1.4058892,0.0,0.0,2.6582088,1.223271,0.0,4.8748875,0.0,2.1157603,1.0688256,0.0,0.0,0.0,3.0660133,0.15126653,0.0,4.365396,0.0,3.930901,0.0,0.0,0.0,1.1732485,3.7636876,0.0,0.0,0.0,0.0,0.0,4.214825,0.0,0.050368816,0.0,0.0,3.5322993,2.2068186,0.0,0.64657336,3.1817873,0.0,3.3572855,0.1566275,0.0,0.0,4.42352,4.010731,0.23750108,0.0,3.7197547,1.902455,0.0,0.0,3.0913744,0.5385255,1.3199968,0.0,0.89876294,4.568469,3.141261,3.5117688,0.0,0.0,0.18718593,0.84615463,1.4058892,0.0,0.0,2.6582088,1.223271,0.0,4.8748875,0.0,2.1157603,1.0688256,0.0,0.0,0.0,3.0660133,0.15126653
C000916,0.0,2.8746736,0.0,2.7160091,0.0,0.0,0.0,0.731519,2.519632,0.0,0.0,0.0,0.0,0.0,2.8257291,0.0,0.047350086,0.0,0.0,2.3852906,1.5063703,0.0,0.44617155,2.1846733,0.0,2.2804918,0.10507489,0.0,0.0,2.9694376,2.669388,0.11623239,0.0,2.4795728,1.2248914,0.0,0.0,2.0959244,0.3742191,0.7938389,0.0,0.5036673,3.10668,2.1728048,2.2505128,0.0,0.0,0.073330596,0.49139607,0.96202415,0.0,0.0,1.8131624,0.8243143,0.0,3.2962646,0.0,1.3454078,0.6168443,0.0,0.0,0.0,2.0099492,0.06362208,0.0,2.4282742,1.0759667,2.0215886,2.0766726,0.0,0.0,2.8513782,2.001684,0.022312334,0.0,0.0,1.515923,1.5962614,2.3141897,0.6093807,1.9879403,1.2475916,1.6544744,1.9417491,2.7176044,0.79064834,0.6797362,2.481123,0.0,3.6117363,0.011674988,0.5976721,0.0,2.84532,2.1848388,0.26844585,1.093766,2.1993423,1.6595958,1.7406791,1.7397923,2.1812947,0.53327733,2.8436062,0.011353825,1.7944425,2.6466591,1.7246742,1.7171203,0.88570684,0.23157279,2.0536766,0.9165323,2.6551325,0.0,0.0,1.4464818,1.3821108,0.0,2.8483608,0.47857583,3.5882971,1.8937116,0.0,1.5081091,1.5197754,2.189119,2.6933947
C000917,0.0,1.559234,0.15715063,1.9731488,1.2974917,0.0,0.0,0.30068803,1.3560009,0.0,0.0,0.0,0.0,0.0,1.5974541,0.0,0.0,0.45921588,1.0334066,1.6357371,0.9220592,0.0,1.5510714,1.9306588,0.0,2.0936942,0.0,0.0,0.0,2.1487753,2.247769,0.44033796,0.0,2.3345194,0.4138263,0.69529045,0.38236624,1.3994918,1.177576,0.5544623,0.0,0.33384898,2.4152594,1.8971393,1.2828695,0.066820286,0.0,0.17476669,0.92039776,0.088413626,0.0,0.0,1.1269412,1.1426215,0.0,2.6336656,0.03324777,1.601578,0.060517713,0.0,0.0,0.9977846,1.3317428,0.53337234,0.0,2.531307,2.048588,2.1269758,3.440061,0.0,0.0,5.1495795,1.950741,0.40826362,0.0,0.0,2.900767,3.0927007,2.1657863,1.6839923,3.737888,2.4418054,2.9301505,1.9870846,4.0450597,1.8492526,0.6770567,2.707504,0.0,4.9298396,0.0,1.7531049,0.0,2.8959696,2.2690506,0.2772618,2.1719527,2.1774216,2.4639373,3.386557,3.0796547,2.5541344,0.56221634,4.668816,0.26768586,2.9451678,2.6630895,1.7096814,1.7821864,1.9138652,0.48955014,3.6600912,0.8349807,4.462014,0.0,0.0,1.4030792,1.7006961,0.0,2.8911588,1.5612719,5.224056,3.0826507,0.007360208,3.329314,2.771343,2.4471052,4.722999
C000918,0.0,3.1900504,0.0,2.9268398,0.0,0.0,0.0,0.81366557,2.7800975,0.0,0.0,0.0,0.0,0.0,3.1032858,0.0,0.061904144,0.0,0.0,2.6109676,1.6522338,0.0,0.44537866,2.4293022,0.0,2.5709615,0.09442621,0.0,0.0,3.2804227,2.9017599,0.22795436,0.0,2.806291,1.4928328,0.0,0.0,2.3106112,0.34043187,0.9639301,0.0,0.67462385,3.3039398,2.3380203,2.5266285,0.0,0.0,0.20120983,0.59880096,1.0669019,0.0,0.0,2.016575,0.91923285,0.0,3.5498667,0.0,1.5581148,0.789269,0.0,0.0,0.0,2.2804015,0.1672247,0.0,2.036945,1.7645845,1.501837,2.7879908,0.0,0.0,4.361013,1.5769987,0.33697075,0.0,0.0,2.4786534,2.7151816,1.7385906,1.3538383,3.252331,1.9308965,2.3685637,1.5280013,3.3926058,1.679691,0.37014955,2.1073008,0.0,3.9973476,0.004496486,1.4819239,0.0,2.2879536,1.5662571,0.1777026,2.0033295,1.5222847,2.0779414,2.7890537,2.6455243,2.058897,0.2865906,3.9922416,0.20990399,2.4449008,2.0109577,1.1599658,1.2933589,1.6697898,0.48172775,3.1141064,0.7076968,3.7558284,0.0,0.0,1.0914143,1.3479258,0.0,2.128303,1.2642977,4.4018226,2.735654,0.027726486,2.774482,2.1630313,1.9609247,4.0540304
C000919,0.0,3.627278,0.0,3.2499876,0.0,0.0,0.0,0.9423517,3.1903968,0.0,0.0,0.0,0.0,0.0,3.5011356,0.0,0.108221315,0.0,0.0,2.972822,1.8905969,0.0,0.45493403,2.7386596,0.0,3.0003724,0.10456867,0.0,0.0,3.7544894,3.250695,0.33889595,0.0,3.2144785,1.824648,0.0,0.0,2.6001837,0.319317,1.1854652,0.0,0.9050378,3.6670215,2.5876164,2.9055197,0.0,0.0,0.31702486,0.7519751,1.2455469,0.0,0.0,2.26826,1.0795195,0.0,3.9728498,0.0,1.8449118,0.99297464,0.0,0.0,0.0,2.6797087,0.2718921,0.0,1.8451847,3.8074524,1.4139086,5.6322403,0.0,0.0,8.257975,1.1870097,1.0092866,0.0,0.0,5.6401134,5.858812,1.3572614,3.6389802,6.399056,4.5952644,4.996635,1.2219353,5.6014333,4.185276,0.37189078,2.5357187,0.0,6.2051787,0.010456867,4.198957,0.0,1.9354862,1.3550007,0.12871727,4.3716106,1.3773673,3.0132535,5.762809,5.6533227,2.2221365,0.10357944,7.0692863,0.62974113,4.389862,1.7603369,0.9170343,1.0518466,3.8512795,1.0254796,5.943169,0.675837,6.9240556,0.0,0.0,0.82089406,1.8165114,0.0,1.7847048,3.8921485,7.2305603,4.6236405,0.0076005757,6.578154,4.514824,2.1065514,7.6201463
C000920,0.0,3.8241553,0.0,3.6594648,0.5478707,0.0,0.0,0.59192777,3.2822602,0.0,0.0,0.0,0.0,0.0,3.8781419,0.0,0.0,0.0,0.33366272,3.3185992,1.8690373,0.0,1.5329521,3.4221354,0.0,3.4790971,0.0,0.0,0.0,4.5261693,3.9082499,0.630257,0.0,4.0991883,1.6989025,0.0,0.0,3.005588,1.1879785,1.107266,0.0,0.8932749,4.6064315,3.171681,3.174987,0.0,0.0,0.21657181,1.283115,0.85163224,0.0,0.0,2.5428653,1.6680508,0.0,4.9772525,0.0,2.4819036,0.8525822,0.0,0.0,0.35665184,2.930015,0.24176908,0.0,2.5474472,0.0,2.4637957,0.49781013,0.0,0.0,0.7058819,2.273887,0.0,0.0,0.0,0.1059917,0.06517192,2.545078,0.0,0.19307284,0.0,0.27286717,2.1897666,1.4524992,0.0,0.87782353,2.2304738,0.0,2.4042313,0.0,0.0,0.0,3.0591831,2.508236,0.3151285,0.008092652,2.4916103,1.1876264,0.13142884,0.05771589,2.0566974,0.61743397,0.89443016,0.0,0.5796672,3.057124,2.023014,2.0078862,0.037104566,0.01615689,0.2773699,0.7182884,0.87725306,0.0,0.0,1.695795,1.1361644,0.0,3.3073845,0.0,1.7200271,0.64133424,0.0,0.0,0.29830563,1.9415042,0.3458039
C000921,0.0,3.2019215,0.0,2.9503126,0.0,0.0,0.0,0.7681359,2.8446963,0.0,0.0,0.0,0.0,0.0,3.1308064,0.0,0.042516463,0.0,0.0,2.6721382,1.6588635,0.0,0.46776024,2.4043624,0.0,2.5984287,0.11763132,0.0,0.0,3.3143787,2.9447088,0.22452518,0.0,2.8081021,1.4672285,0.0,0.0,2.3043122,0.37961143,0.9136699,0.0,0.6661205,3.3997984,2.386229,2.553129,0.0,0.0,0.12738426,0.6003263,1.057537,0.0,0.0,2.003613,0.94706094,0.0,3.641984,0.0,1.5140886,0.7576867,0.0,0.0,0.0,2.3242245,0.08543511,0.0,3.2689323,0.4980324,2.9031224,1.205549,0.0,0.0,1.3936317,2.5618577,0.0,0.0,0.0,0.1534645,0.37650725,3.06223,0.0,0.5131388,0.13432653,0.89463574,2.6356285,1.887809,0.0,0.99685574,2.935678,0.0,3.3588042,0.02940783,0.0,0.0,3.6691747,3.1663647,0.6905354,0.076446734,3.1855648,1.5278455,0.59617674,0.32457972,2.529561,0.66131276,1.7521336,0.0,1.2697127,3.689893,2.3852386,2.2904663,0.08619738,0.009556549,0.9788893,1.5288967,1.0452163,0.0,0.0,1.971708,1.5060214,0.0,3.6842363,0.0,2.8953497,1.1034645,0.0,0.07965702,0.8265463,2.9281507,1.1852257
C000922,0.0,2.3595955,0.0,2.5491064,0.6247455,0.0,0.0,0.0,2.0007954,0.0,0.0,0.0,0.0,0.0,2.4742103,0.0,0.0,0.0,0.474561,2.1446939,1.0071695,0.0,1.3231063,2.375173,0.0,2.1594028,0.0,0.0,0.0,2.6149442,2.8470592,0.42238292,0.0,2.768458,0.6129428,0.0,0.0,1.9091147,1.1599631,0.37816584,0.0,0.1348068,3.1491766,2.3422878,2.0275998,0.0,0.0,0.0,0.8009278,0.021032304,0.0,0.0,1.4574592,1.2033031,0.0,3.4590464,0.0,1.2466505,0.13670307,0.0,0.0,0.43447205,1.5688875,0.0,0.0,2.7166991,0.22458586,2.5610518,0.8555853,0.0,0.0,0.8504095,2.2432766,0.0,0.0,0.0,0.012365651,0.0,2.7201188,0.0,0.17584851,0.015622261,0.59316504,2.2630475,1.4807018,0.0,0.98450774,2.4852567,0.0,2.6809762,0.0019231781,0.0,0.0,3.1886857,2.7952437,0.587406,0.0,2.7745013,1.1069639,0.38122258,0.10884323,2.2146842,0.74630934,1.2097404,0.0,0.8227581,3.1750343,2.123811,2.006632,0.0,0.0005597629,0.5967244,1.1326832,0.6778859,0.0,0.0,1.6916726,1.3688195,0.0,3.3674285,0.0,2.1313214,0.8093777,0.0,0.0,0.6143192,2.3383095,0.74541533
C000923,0.0,4.991828,0.0,4.3593183,0.0,0.0,0.0,1.4074498,4.2850237,0.0,0.0,0.0,0.0,0.0,4.780303,0.0,0.1712386,0.0,0.0,3.9779902,2.543917,0.0,0.5911205,3.6273685,0.0,3.9392896,0.13687241,0.0,0.0,5.053466,4.431791,0.45418775,0.0,4.321529,2.4390233,0.0,0.0,3.4897325,0.45326936,1.6420499,0.0,1.2839893,4.960003,3.4263883,4.0380507,0.0,0.0,0.43265262,1.0896341,1.6699125,0.0,0.0,3.053471,1.4175625,0.0,5.3716235,0.0,2.597031,1.4328427,0.0,0.0,0.0,3.6407344,0.35724187,0.0,4.991828,0.0,4.3593183,0.0,0.0,0.0,1.4074498,4.2850237,0.0,0.0,0.0,0.0,0.0,4.780303,0.0,0.1712386,0.0,0.0,3.9779902,2.543917,0.0,0.5911205,3.6273685,0.0,3.9392896,0.13687241,0.0,0.0,5.053466,4.431791,0.45418775,0.0,4.321529,2.4390233,0.0,0.0,3.4897325,0.45326936,1.6420499,0.0,1.2839893,4.960003,3.4263883,4.0380507,0.0,0.0,0.43265262,1.0896341,1.6699125,0.0,0.0,3.053471,1.4175625,0.0,5.3716235,0.0,2.597031,1.4328427,0.0,0.0,0.0,3.6407344,0.35724187
C000924,0.0,5.1719646,0.0,4.483232,0.0,0.0,0.0,1.494397,4.431928,0.0,0.0,0.0,0.0,0.0,4.944562,0.0,0.21410017,0.0,0.0,4.1032906,2.6543455,0.0,0.56954753,3.7479706,0.0,4.117673,0.13112259,0.0,0.0,5.2333393,4.5499883,0.5148298,0.0,4.4879475,2.5963287,0.0,0.0,3.6012723,0.42493197,1.7452637,0.0,1.402808,5.076772,3.504819,4.183442,0.0,0.0,0.5173289,1.1610245,1.7578404,0.0,0.0,3.1594954,1.464017,0.0,5.5209675,0.0,2.754617,1.5455703,0.0,0.0,0.0,3.8106258,0.4368088,0.0,5.1719646,0.0,4.483232,0.0,0.0,0.0,1.494397,4.431928,0.0,0.0,0.0,0.0,0.0,4.944562,0.0,0.21410017,0.0,0.0,4.1032906,2.6543455,0.0,0.56954753,3.7479706,0.0,4.117673,0.13112259,0.0,0.0,5.2333393,4.5499883,0.5148298,0.0,4.4879475,2.5963287,0.0,0.0,3.6012723,0.42493197,1.7452637,0.0,1.402808,5.076772,3.504819,4.183442,0.0,0.0,0.5173289,1.1610245,1.7578404,0.0,0.0,3.1594954,1.464017,0.0,5.5209675,0.0,2.754617,1.5455703,0.0,0.0,0.0,3.8106258,0.4368088
C000925,0.0,1.0889146,7.62558,2.1951413,14.927513,0.0,0.0,15.620589,0.15692568,2.3493457,0.0,0.0,15.21138,13.181109,0.8192463,9.282539,13.169654,13.881313,13.35725,1.6440291,11.603793,10.462938,4.467206,4.455553,0.0,11.887524,0.0,11.62113,0.0,1.3163271,2.8635309,0.0,9.201908,3.8984857,3.641048,13.5369835,15.567296,2.3155434,3.9969382,12.947762,0.8271209,8.208692,2.4801135,2.946089,2.8369753,9.097034,2.217441,10.099921,0.0,15.331943,0.0,0.0,1.074665,4.1354976,0.0,5.0613074,12.788126,11.762508,5.987039,0.0,16.80827,12.335274,0.36440134,14.494296,0.0,1.9645325,5.329341,1.7815225,9.034375,0.0,0.0,11.617698,1.133901,1.3343912,0.0,0.0,8.99388,8.739195,1.4371393,5.5852494,9.233336,7.853061,8.026628,1.6277713,8.224754,6.3497777,1.6144285,3.3474178,0.0,8.773522,0.0,6.495475,0.0,2.15484,2.078114,0.0,6.2775273,2.2788548,3.680643,8.647996,8.9451685,2.5353434,1.2337385,9.614739,0.6236691,6.1852393,2.2811093,1.699494,1.7313757,5.7446184,1.3437392,7.9517226,0.3078776,10.42899,0.0,0.0,1.0367693,2.6639657,0.0,3.014389,6.734614,9.513345,5.658963,0.012335577,10.19027,7.361194,2.0929446,10.559339
C000926,0.0,3.7351804,0.16314915,3.4911358,1.5848081,0.0,0.0,1.0770929,3.3851805,0.0,0.0,0.0,0.4737711,0.0,3.8886783,0.0,0.25140682,0.62672645,0.9540367,3.4674728,2.4174204,0.0,1.9621494,3.607107,0.0,4.0643873,0.0,0.0,0.0,4.449931,4.294973,0.7764401,0.0,4.273961,1.33346,0.6107363,0.8484,2.7256513,1.9183086,1.8367013,0.0,1.138221,4.6088867,3.7362714,3.4251902,0.0,0.0,0.52024573,0.9897705,1.8139999,0.0,0.0,2.4729033,1.808152,0.0,5.614151,0.0,2.9478812,1.0004692,0.0,0.0,1.1759332,2.7915478,0.9956494,0.0,2.31881,0.9936552,1.8798288,2.045836,0.0,0.0,2.7576573,1.9129803,0.042747833,0.0,0.0,1.3920208,1.3790083,2.1708112,0.6090514,1.8327081,1.1621926,1.5324339,1.9293209,2.6280565,0.7498161,0.8413684,2.2883298,0.0,3.537201,0.0,0.55897,0.0,2.7277164,2.1721482,0.31537905,0.9339283,2.1379004,1.5838671,1.7171894,1.6675005,2.077293,0.68160737,2.7703853,0.0,1.7603357,2.5654662,1.7557843,1.7140182,0.82953465,0.19410717,1.8871543,0.8300996,2.5768108,0.0,0.0,1.4204232,1.3393008,0.0,2.8288453,0.5015191,3.4340687,1.8387569,0.0,1.3231046,1.5629461,2.1423743,2.6428568
C000927,0.0,4.594108,0.0,4.080994,0.0,0.0,0.0,1.2668654,3.9495687,0.0,0.0,0.0,0.0,0.0,4.416078,0.0,0.10367714,0.0,0.0,3.6952255,2.3321958,0.0,0.6202911,3.3414314,0.0,3.5752459,0.14837685,0.0,0.0,4.6469107,4.158209,0.3187505,0.0,3.9342623,2.0998545,0.0,0.0,3.2318428,0.49575514,1.4438144,0.0,1.0429646,4.7003064,3.2406063,3.7008202,0.0,0.0,0.28095362,0.93960404,1.5060972,0.0,0.0,2.7974977,1.2929994,0.0,5.0424576,0.0,2.2975178,1.2043599,0.0,0.0,0.0,3.2731085,0.23457666,0.0,4.594108,0.0,4.080994,0.0,0.0,0.0,1.2668654,3.9495687,0.0,0.0,0.0,0.0,0.0,4.416078,0.0,0.10367714,0.0,0.0,3.6952255,2.3321958,0.0,0.6202911,3.3414314,0.0,3.5752459,0.14837685,0.0,0.0,4.6469107,4.158209,0.3187505,0.0,3.9342623,2.0998545,0.0,0.0,3.2318428,0.49575514,1.4438144,0.0,1.0429646,4.7003064,3.2406063,3.7008202,0.0,0.0,0.28095362,0.93960404,1.5060972,0.0,0.0,2.7974977,1.2929994,0.0,5.0424576,0.0,2.2975178,1.2043599,0.0,0.0,0.0,3.2731085,0.23457666
C000928,0.0,4.6711755,0.0,4.1321087,0.0,0.0,0.0,1.2967612,4.0125737,0.0,0.0,0.0,0.0,0.0,4.4840894,0.0,0.11891499,0.0,0.0,3.7499034,2.3751965,0.0,0.61289674,3.396669,0.0,3.6470957,0.14580995,0.0,0.0,4.7230945,4.208521,0.34497592,0.0,4.005937,2.1660519,0.0,0.0,3.2791052,0.48450363,1.4850314,0.0,1.0904719,4.745928,3.2735968,3.7641635,0.0,0.0,0.31250042,0.96931064,1.5395072,0.0,0.0,2.8459854,1.3164245,0.0,5.1011653,0.0,2.357296,1.249969,0.0,0.0,0.0,3.3426545,0.26232406,0.0,4.6711755,0.0,4.1321087,0.0,0.0,0.0,1.2967612,4.0125737,0.0,0.0,0.0,0.0,0.0,4.4840894,0.0,0.11891499,0.0,0.0,3.7499034,2.3751965,0.0,0.61289674,3.396669,0.0,3.6470957,0.14580995,0.0,0.0,4.7230945,4.208521,0.34497592,0.0,4.005937,2.1660519,0.0,0.0,3.2791052,0.48450363,1.4850314,0.0,1.0904719,4.745928,3.2735968,3.7641635,0.0,0.0,0.31250042,0.96931064,1.5395072,0.0,0.0,2.8459854,1.3164245,0.0,5.1011653,0.0,2.357296,1.249969,0.0,0.0,0.0,3.3426545,0.26232406
C000929,0.0,2.244206,0.0,2.4390757,0.7786899,0.0,0.0,0.0,1.9816658,0.0,0.0,0.0,0.0,0.0,2.4020057,0.0,0.0,0.022818044,0.5209514,2.21353,1.0587819,0.0,1.4237053,2.3657274,0.0,2.28871,0.0,0.0,0.0,2.8997025,2.7124336,0.27222645,0.0,2.677303,0.7155594,0.020255923,0.0,1.9212942,1.2040997,0.47600904,0.0,0.20435324,3.249403,2.2980745,1.8896136,0.0,0.0,0.0,0.7297759,0.26925296,0.0,0.0,1.5660177,1.2147231,0.0,3.5473323,0.0,1.3907384,0.13570681,0.0,0.0,0.48966837,1.6317877,0.0,0.0,1.8697392,3.211441,1.4692577,5.157702,0.0,0.0,7.610977,1.4401088,0.7479641,0.0,0.0,5.0491004,5.3512993,1.374467,3.1339445,5.9551697,4.0339265,4.4780183,1.4305582,5.349871,3.5608628,0.44989845,2.4507258,0.0,5.952622,0.0,3.4697964,0.0,2.236685,1.5307206,0.02332065,3.9019048,1.2695373,2.8428924,5.039365,5.0738287,2.2323549,0.14193146,6.4760413,0.42492923,3.97517,1.9955012,0.9803946,1.1388209,3.3842096,0.8471109,5.3306494,0.40456542,6.6669908,0.0,0.0,0.97978526,1.6685785,0.0,2.0088327,3.2923832,6.6060524,4.1328964,0.0,5.810343,4.0574803,2.0757856,6.7634683
C000930,0.0,4.6711755,0.0,4.1321087,0.0,0.0,0.0,1.2967612,4.0125737,0.0,0.0,0.0,0.0,0.0,4.4840894,0.0,0.11891499,0.0,0.0,3.7499034,2.3751965,0.0,0.61289674,3.396669,0.0,3.6470957,0.14580995,0.0,0.0,4.7230945,4.208521,0.34497592,0.0,4.005937,2.1660519,0.0,0.0,3.2791052,0.48450363,1.4850314,0.0,1.0904719,4.745928,3.2735968,3.7641635,0.0,0.0,0.31250042,0.96931064,1.5395072,0.0,0.0,2.8459854,1.3164245,0.0,5.1011653,0.0,2.357296,1.249969,0.0,0.0,0.0,3.3426545,0.26232406,0.0,4.6711755,0.0,4.1321087,0.0,0.0,0.0,1.2967612,4.0125737,0.0,0.0,0.0,0.0,0.0,4.4840894,0.0,0.11891499,0.0,0.0,3.7499034,2.3751965,0.0,0.61289674,3.396669,0.0,3.6470957,0.14580995,0.0,0.0,4.7230945,4.208521,0.34497592,0.0,4.005937,2.1660519,0.0,0.0,3.2791052,0.48450363,1.4850314,0.0,1.0904719,4.745928,3.2735968,3.7641635,0.0,0.0,0.31250042,0.96931064,1.5395072,0.0,0.0,2.8459854,1.3164245,0.0,5.1011653,0.0,2.357296,1.249969,0.0,0.0,0.0,3.3426545,0.26232406
C000931,0.0,4.365396,0.0,3.930901,0.0,0.0,0.0,1.1732485,3.7636876,0.0,0.0,0.0,0.0,0.0,4.214825,0.0,0.050368816,0.0,0.0,3.5322993,2.2068186,0.0,0.64657336,3.1817873,0.0,3.3572855,0.1566275,0.0,0.0,4.42352,4.010731,0.23750108,0.0,3.7197547,1.902455,0.0,0.0,3.0913744,0.5385255,1.3199968,0.0,0.89876294,4.568469,3.141261,3.5117688,0.0,0.0,0.18718593,0.84615463,1.4058892,0.0,0.0,2.6582088,1.223271,0.0,4.8748875,0.0,2.1157603,1.0688256,0.0,0.0,0.0,3.0660133,0.15126653,0.0,4.365396,0.0,3.930901,0.0,0.0,0.0,1.1732485,3.7636876,0.0,0.0,0.0,0.0,0.0,4.214825,0.0,0.050368816,0.0,0.0,3.5322993,2.2068186,0.0,0.64657336,3.1817873,0.0,3.3572855,0.1566275,0.0,0.0,4.42352,4.010731,0.23750108,0.0,3.7197547,1.902455,0.0,0.0,3.0913744,0.5385255,1.3199968,0.0,0.89876294,4.568469,3.141261,3.5117688,0.0,0.0,0.18718593,0.84615463,1.4058892,0.0,0.0,2.6582088,1.223271,0.0,4.8748875,0.0,2.1157603,1.0688256,0.0,0.0,0.0,3.0660133,0.15126653
C000932,0.0,3.8568451,0.06787483,3.8084419,0.5316082,0.0,0.0,0.7806851,3.472482,0.0,0.0,0.0,0.0,0.0,3.8691483,0.0,0.32643154,0.0,0.49756935,3.325711,2.0903573,0.0,1.4628363,3.5217001,0.0,3.680482,0.0,0.0,0.0,4.6092052,3.9627662,0.33954382,0.0,4.104464,1.8077264,0.010497659,0.0,2.9673598,1.2565037,1.3688153,0.0,0.9377655,4.6002283,3.169118,3.2607892,0.0,0.0,0.42871946,1.1665313,1.2779967,0.0,0.0,2.6219232,1.6066439,0.0,5.1072655,0.0,2.6051812,0.8923441,0.0,0.0,0.46356106,2.9594414,0.41194028,0.0,2.5101154,0.52265847,2.20985,1.4412111,0.0,0.0,1.9571804,2.1639574,0.0,0.0,0.0,0.81904507,0.871764,2.3834984,0.17853135,1.307057,0.6076552,1.178802,2.0694654,2.2199495,0.21375017,0.8159628,2.3974137,0.0,3.1485083,0.0,0.1129748,0.0,3.0490932,2.32712,0.20910777,0.5047404,2.3083231,1.4813557,1.0791612,1.0321139,2.1225598,0.6302619,2.0235379,0.0,1.2159063,2.8784158,1.802105,1.7291812,0.54863256,0.0689863,1.2850634,0.855367,1.9745663,0.0,0.0,1.545566,1.3614888,0.0,3.1173222,0.049083903,2.8266299,1.317844,0.0,0.6969457,1.0805244,2.0897162,1.7555579
C000933,0.0,1.2611969,0.07974279,1.2504395,0.7053802,0.0,0.0,1.0125202,1.227118,0.0,0.0,0.0,0.5101634,0.18721645,1.0534798,0.0,0.48036093,0.061963014,0.5436691,1.1947916,1.0929619,0.0,0.40170357,1.200572,0.0,1.50253,0.0,0.09009306,0.0,1.4363253,1.1999074,0.0,0.31482497,0.8743071,0.5872881,0.67185676,0.35364294,1.258663,0.054130994,0.9864065,0.0,0.081937335,1.4745624,0.9990103,0.8817227,0.34750336,0.1341225,0.5868915,0.14514679,0.985942,0.0,0.0,0.69022346,0.6254419,0.0,1.6879452,0.0,1.1481856,0.56137973,0.0,0.2092673,0.4777294,0.7145343,0.82602644,0.0,1.9022267,2.544813,1.3474226,4.162463,0.0,0.0,5.375961,1.210311,0.38129765,0.0,0.0,3.9034464,4.123979,1.3936087,2.1373625,4.393289,3.1235225,3.6627529,1.3517877,4.118584,2.3882098,0.7273506,2.4308574,0.0,4.754088,0.0,2.484999,0.0,2.1608088,1.4755193,0.060431965,2.70938,1.4869711,2.125261,3.934309,4.064545,2.0064132,0.4745744,4.9119687,0.2228368,2.9669678,1.8239919,1.027253,0.96195996,2.72135,0.6344098,4.131604,0.51518494,4.836351,0.0,0.0,0.8032299,1.6928091,0.0,2.0830255,2.254437,5.3891683,3.1555374,0.003756663,4.3151927,3.188699,1.7459295,5.2711625
C000934,0.0,1.0637608,4.0531254,1.2225164,7.982712,0.0,0.0,8.2245865,0.2716825,1.3069124,0.0,0.0,7.454903,6.8109417,0.58496815,4.546027,6.7746887,6.60532,7.117142,0.78694564,6.319213,5.408862,2.1932595,2.5470726,0.0,6.535819,0.0,5.951701,0.0,1.2942965,1.3637164,0.0,5.1370173,1.8132578,2.0086958,6.8160105,7.402881,1.2341247,1.497791,6.7635975,0.2882883,4.2257986,1.7687035,1.2787914,1.0431137,4.9022574,0.90085435,5.4121985,0.0,7.3897996,0.0,0.0,0.58192873,2.1643205,0.0,2.2871742,6.5310917,6.5878186,3.238588,0.0,7.711893,6.046257,0.39170492,7.7116566,0.0,1.4729275,3.8374016,1.1621212,6.62773,0.0,0.0,8.423458,0.84234506,1.1035243,0.0,0.0,6.5732894,6.4303727,0.93945295,4.099947,6.7446275,5.6140943,5.9164643,1.1215075,6.023094,4.786764,1.0732728,2.4349577,0.0,6.3688664,0.0010918778,4.9248037,0.0,1.5362521,1.2763119,0.006725612,4.720391,1.3453933,2.671076,6.2842546,6.590134,1.784124,0.5833645,6.9942474,0.48185462,4.4369817,1.6639771,0.9924002,1.0113727,4.311403,1.0754061,5.7707,0.22570185,7.45137,0.0,0.0,0.66876245,1.9694409,0.0,2.0190973,5.041451,6.873225,4.0920467,0.0014597509,7.282132,5.292253,1.3485804,7.6827626
C000935,0.0,4.748954,0.0,4.1849966,0.0,0.0,0.0,1.322895,4.077856,0.0,0.0,0.0,0.0,0.0,4.553611,0.0,0.13127246,0.0,0.0,3.8062406,2.4160001,0.0,0.60812235,3.4525928,0.0,3.7182646,0.1438452,0.0,0.0,4.801029,4.2620254,0.37172046,0.0,4.080956,2.2314837,0.0,0.0,3.32861,0.4756386,1.5236974,0.0,1.1368798,4.7953997,3.3099542,3.8292518,0.0,0.0,0.3423121,0.99895215,1.570714,0.0,0.0,2.8951707,1.3407818,0.0,5.1645555,0.0,2.4144711,1.2940309,0.0,0.0,0.0,3.4134014,0.28599963,0.0,4.748954,0.0,4.1849966,0.0,0.0,0.0,1.322895,4.077856,0.0,0.0,0.0,0.0,0.0,4.553611,0.0,0.13127246,0.0,0.0,3.8062406,2.4160001,0.0,0.60812235,3.4525928,0.0,3.7182646,0.1438452,0.0,0.0,4.801029,4.2620254,0.37172046,0.0,4.080956,2.2314837,0.0,0.0,3.32861,0.4756386,1.5236974,0.0,1.1368798,4.7953997,3.3099542,3.8292518,0.0,0.0,0.3423121,0.99895215,1.570714,0.0,0.0,2.8951707,1.3407818,0.0,5.1645555,0.0,2.4144711,1.2940309,0.0,0.0,0.0,3.4134014,0.28599963
C000936,0.0,4.365396,0.0,3.930901,0.0,0.0,0.0,1.1732485,3.7636876,0.0,0.0,0.0,0.0,0.0,4.214825,0.0,0.050368816,0.0,0.0,3.5322993,2.2068186,0.0,0.64657336,3.1817873,0.0,3.3572855,0.1566275,0.0,0.0,4.42352,4.010731,0.23750108,0.0,3.7197547,1.902455,0.0,0.0,3.0913744,0.5385255,1.3199968,0.0,0.89876294,4.568469,3.141261,3.5117688,0.0,0.0,0.18718593,0.84615463,1.4058892,0.0,0.0,2.6582088,1.223271,0.0,4.8748875,0.0,2.1157603,1.0688256,0.0,0.0,0.0,3.0660133,0.15126653,0.0,4.365396,0.0,3.930901,0.0,0.0,0.0,1.1732485,3.7636876,0.0,0.0,0.0,0.0,0.0,4.214825,0.0,0.050368816,0.0,0.0,3.5322993,2.2068186,0.0,0.64657336,3.1817873,0.0,3.3572855,0.1566275,0.0,0.0,4.42352,4.010731,0.23750108,0.0,3.7197547,1.902455,0.0,0.0,3.0913744,0.5385255,1.3199968,0.0,0.89876294,4.568469,3.141261,3.5117688,0.0,0.0,0.18718593,0.84615463,1.4058892,0.0,0.0,2.6582088,1.223271,0.0,4.8748875,0.0,2.1157603,1.0688256,0.0,0.0,0.0,3.0660133,0.15126653
C000937,0.0,5.3784227,0.012720048,4.984087,0.6351935,0.0,0.0,0.47571808,4.128459,0.0,0.0,0.0,0.0,0.0,5.3482676,0.0,0.0,0.0,0.4281655,4.3992486,2.2650895,0.0,1.7850451,4.4016504,0.0,4.352179,0.0,0.0,0.0,5.4122314,5.579185,1.3940289,0.0,6.0496273,1.8731811,0.0,0.0,4.041349,1.6474202,1.3854874,0.0,1.0708389,5.989305,4.6449623,4.45289,0.0,0.0,0.3669015,2.2479017,0.42500913,0.0,0.0,3.1733007,2.2128963,0.0,6.6265097,0.0,3.1432848,1.0972028,0.0,0.0,0.43192065,4.037381,0.47867525,0.0,4.1563063,0.006360024,3.7652755,0.38102388,0.0,0.0,0.8228171,3.373099,0.0,0.0,0.0,0.0,0.0,4.092799,0.0,0.21089333,0.0,0.21408275,3.4021258,2.0335536,0.0,0.9978474,3.3002772,0.0,3.5152473,0.003411293,0.0,0.0,4.3206086,4.028738,0.8169489,0.0,4.240239,1.7820816,0.0115151275,0.0,3.0945268,0.867288,1.3554603,0.0,1.0395014,4.447247,3.2836607,3.3479638,0.0,0.0,0.4594109,1.4435973,0.89456815,0.0,0.0,2.4939077,1.598221,0.0,4.869106,0.0,2.5078156,1.0585816,0.0,0.0,0.21596032,3.207581,0.56832695
C000938,0.0,5.1719646,0.0,4.483232,0.0,0.0,0.0,1.494397,4.431928,0.0,0.0,0.0,0.0,0.0,4.944562,0.0,0.21410017,0.0,0.0,4.1032906,2.6543455,0.0,0.56954753,3.7479706,0.0,4.117673,0.13112259,0.0,0.0,5.2333393,4.5499883,0.5148298,0.0,4.4879475,2.5963287,0.0,0.0,3.6012723,0.42493197,1.7452637,0.0,1.402808,5.076772,3.504819,4.183442,0.0,0.0,0.5173289,1.1610245,1.7578404,0.0,0.0,3.1594954,1.464017,0.0,5.5209675,0.0,2.754617,1.5455703,0.0,0.0,0.0,3.8106258,0.4368088,0.0,5.1719646,0.0,4.483232,0.0,0.0,0.0,1.494397,4.431928,0.0,0.0,0.0,0.0,0.0,4.944562,0.0,0.21410017,0.0,0.0,4.1032906,2.6543455,0.0,0.56954753,3.7479706,0.0,4.117673,0.13112259,0.0,0.0,5.2333393,4.5499883,0.5148298,0.0,4.4879475,2.5963287,0.0,0.0,3.6012723,0.42493197,1.7452637,0.0,1.402808,5.076772,3.504819,4.183442,0.0,0.0,0.5173289,1.1610245,1.7578404,0.0,0.0,3.1594954,1.464017,0.0,5.5209675,0.0,2.754617,1.5455703,0.0,0.0,0.0,3.8106258,0.4368088
C000939,0.0,1.8487281,0.0,1.8476388,0.11537276,0.0,0.0,0.45010227,1.7399411,0.0,0.0,0.0,0.0,0.0,1.8724635,0.0,0.068156615,0.0,0.0,1.6595421,1.0626245,0.0,0.30955896,1.4926999,0.0,1.5945694,0.07276932,0.0,0.0,2.0524468,1.7636614,0.07344834,0.0,1.5941247,0.82771724,0.0,0.0,1.424858,0.22512498,0.4824446,0.0,0.29413754,2.1085534,1.5006654,1.4140302,0.0,0.0,0.020841617,0.27804613,0.7137181,0.0,0.0,1.2163018,0.6102403,0.0,2.252252,0.0,0.8627266,0.34298456,0.0,0.0,0.042001434,1.3817247,0.04684755,0.0,1.5332999,1.5186192,1.2113059,2.7677073,0.0,0.0,3.643174,1.213382,0.30115828,0.0,0.0,2.4951718,2.5827703,1.3549159,1.4695029,2.7515001,1.9773266,2.2703652,1.178073,2.9381118,1.723175,0.55944365,1.815581,0.0,3.4275634,0.0072769322,1.7124889,0.0,1.8452425,1.3511078,0.093630165,1.8716955,1.2365727,1.4784149,2.4717994,2.6303477,1.5838014,0.39399105,3.271751,0.14325814,2.0119662,1.7188511,1.0350273,1.0164939,1.661714,0.43566784,2.4873168,0.3762949,3.2807457,0.0,0.0,0.869746,1.2345566,0.0,1.860759,1.5925343,3.5586464,2.061842,0.0,2.7718127,2.0804873,1.4037005,3.3405442
C000940,0.0,4.6711755,0.0,4.1321087,0.0,0.0,0.0,1.2967612,4.0125737,0.0,0.0,0.0,0.0,0.0,4.4840894,0.0,0.11891499,0.0,0.0,3.7499034,2.3751965,0.0,0.61289674,3.396669,0.0,3.6470957,0.14580995,0.0,0.0,4.7230945,4.208521,0.34497592,0.0,4.005937,2.1660519,0.0,0.0,3.2791052,0.48450363,1.4850314,0.0,1.0904719,4.745928,3.2735968,3.7641635,0.0,0.0,0.31250042,0.96931064,1.5395072,0.0,0.0,2.8459854,1.3164245,0.0,5.1011653,0.0,2.357296,1.249969,0.0,0.0,0.0,3.3426545,0.26232406,0.0,4.6711755,0.0,4.1321087,0.0,0.0,0.0,1.2967612,4.0125737,0.0,0.0,0.0,0.0,0.0,4.4840894,0.0,0.11891499,0.0,0.0,3.7499034,2.3751965,0.0,0.61289674,3.396669,0.0,3.6470957,0.14580995,0.0,0.0,4.7230945,4.208521,0.34497592,0.0,4.005937,2.1660519,0.0,0.0,3.2791052,0.48450363,1.4850314,0.0,1.0904719,4.745928,3.2735968,3.7641635,0.0,0.0,0.31250042,0.96931064,1.5395072,0.0,0.0,2.8459854,1.3164245,0.0,5.1011653,0.0,2.357296,1.249969,0.0,0.0,0.0,3.3426545,0.26232406
C000941,0.0,2.8358252,0.0,2.703454,0.0,0.0,0.0,0.98620725,2.41678,0.0,0.0,0.0,0.0,0.0,2.7507122,0.0,0.20493792,0.0,0.0,2.2817984,1.6128151,0.0,0.37596437,2.288034,0.0,2.2877865,0.06728556,0.0,0.0,2.9019227,2.596767,0.04643538,0.0,2.3387537,1.2492285,0.0,0.0,2.1654692,0.2535041,0.996948,0.0,0.51648206,2.9513667,2.082848,2.183552,0.0,0.0,0.28482515,0.4992203,1.1050137,0.0,0.0,1.8436443,0.7602825,0.0,3.1147,0.0,1.5705173,0.67785186,0.0,0.0,0.013913095,1.8879814,0.3138731,0.0,3.3892665,0.0,3.540918,0.5522883,0.0,0.0,0.5576415,2.6850715,0.0,0.0,0.0,0.0,0.0,3.3172317,0.0,0.10246896,0.0,0.40847617,2.9790587,1.6093298,0.0,1.2977825,2.828398,0.0,2.944713,0.03364278,0.0,0.0,3.8402107,3.6761918,0.4004571,0.0,3.574939,1.2548478,0.25904766,0.0,2.7006938,1.0927268,0.6883055,0.0,0.70073754,4.1689506,2.9015296,2.6632276,0.0,0.0,0.14241257,1.0407996,0.55250686,0.0,0.0,2.1785629,1.423865,0.0,4.3767467,0.0,2.1249287,0.5262569,0.0,0.0,0.33166924,2.5319455,0.15693656
C000942,0.0,4.2902927,0.0,3.8823357,0.0,0.0,0.0,1.145171,3.7044387,0.0,0.0,0.0,0.0,0.0,4.1480355,0.0,0.034182936,0.0,0.0,3.4782727,2.1696503,0.0,0.6561631,3.1334074,0.0,3.288463,0.15946442,0.0,0.0,4.353773,3.9609628,0.20830801,0.0,3.6472192,1.8406935,0.0,0.0,3.0456429,0.554196,1.2810378,0.0,0.8527434,4.525694,3.1058564,3.448229,0.0,0.0,0.15776369,0.814541,1.3768015,0.0,0.0,2.615044,1.2019055,0.0,4.821518,0.0,2.0583134,1.0249199,0.0,0.0,0.0,2.9982934,0.12739614,0.0,4.2902927,0.0,3.8823357,0.0,0.0,0.0,1.145171,3.7044387,0.0,0.0,0.0,0.0,0.0,4.1480355,0.0,0.034182936,0.0,0.0,3.4782727,2.1696503,0.0,0.6561631,3.1334074,0.0,3.288463,0.15946442,0.0,0.0,4.353773,3.9609628,0.20830801,0.0,3.6472192,1.8406935,0.0,0.0,3.0456429,0.554196,1.2810378,0.0,0.8527434,4.525694,3.1058564,3.448229,0.0,0.0,0.15776369,0.814541,1.3768015,0.0,0.0,2.615044,1.2019055,0.0,4.821518,0.0,2.0583134,1.0249199,0.0,0.0,0.0,2.9982934,0.12739614
C000943,0.0,4.9106903,0.0,4.300963,0.0,0.0,0.0,1.3791767,4.2158093,0.0,0.0,0.0,0.0,0.0,4.7044935,0.0,0.15785436,0.0,0.0,3.9206975,2.5011885,0.0,0.59680986,3.5690007,0.0,3.8655152,0.1392026,0.0,0.0,4.9690547,4.375079,0.42668068,0.0,4.241102,2.3696866,0.0,0.0,3.435846,0.46065027,1.6025869,0.0,1.2348424,4.904898,3.3874612,3.9682565,0.0,0.0,0.40254334,1.059376,1.6367652,0.0,0.0,3.000523,1.3919424,0.0,5.3023477,0.0,2.5360367,1.3864878,0.0,0.0,0.0,3.5647528,0.3335089,0.0,4.9106903,0.0,4.300963,0.0,0.0,0.0,1.3791767,4.2158093,0.0,0.0,0.0,0.0,0.0,4.7044935,0.0,0.15785436,0.0,0.0,3.9206975,2.5011885,0.0,0.59680986,3.5690007,0.0,3.8655152,0.1392026,0.0,0.0,4.9690547,4.375079,0.42668068,0.0,4.241102,2.3696866,0.0,0.0,3.435846,0.46065027,1.6025869,0.0,1.2348424,4.904898,3.3874612,3.9682565,0.0,0.0,0.40254334,1.059376,1.6367652,0.0,0.0,3.000523,1.3919424,0.0,5.3023477,0.0,2.5360367,1.3864878,0.0,0.0,0.0,3.5647528,0.3335089
C000944,0.0,2.1462889,0.30687618,2.2906847,1.3786144,0.0,0.0,0.46717143,1.8254981,0.0,0.0,0.0,0.329563,0.0,2.261288,0.0,0.0,0.7437909,1.1166468,2.2648845,1.2782625,0.0,1.6117356,2.376199,0.0,2.5228903,0.0,0.0,0.0,2.4294868,2.9529576,0.991614,0.0,2.9977221,0.50515246,0.9813164,0.8834691,1.6171165,1.5742409,1.2073761,0.0,0.66409945,2.6443343,2.7231765,1.8597524,0.0015996918,0.0,0.6489849,1.0056448,0.51432353,0.0,0.0,1.3766688,1.3861094,0.0,3.4771032,0.041191578,2.1036174,0.65629905,0.0,0.0,1.397673,2.0102859,1.0241036,0.0,2.418189,0.73819935,2.1174288,1.7711055,0.0,0.0,2.128864,1.9276931,0.0,0.0,0.0,0.7660435,0.79292464,2.2866766,0.23115154,1.2284139,0.7752734,1.3379326,2.0203848,2.1546052,0.34886536,0.98437476,2.374283,0.0,3.2529962,0.0,0.1532975,0.0,2.8615274,2.3948603,0.5226233,0.5063863,2.4497395,1.364903,1.3684473,1.1434739,2.0598872,0.7391735,2.2567973,0.0,1.444072,2.7717834,1.9410794,1.707746,0.4753335,0.072926685,1.5031544,1.1105368,1.8163295,0.0,0.0,1.5291156,1.322921,0.0,2.96076,0.13434888,3.111169,1.4170151,0.0,0.6329738,1.347066,2.2412355,2.097025
C000945,0.0,3.3547492,0.0,3.0557947,0.0,0.0,0.0,0.8214022,2.9711356,0.0,0.0,0.0,0.0,0.0,3.2660887,0.0,0.058306865,0.0,0.0,2.7816064,1.7354512,0.0,0.46266183,2.525305,0.0,2.7417111,0.11303765,0.0,0.0,3.4673924,3.0561435,0.27361712,0.0,2.9556484,1.59493,0.0,0.0,2.4104066,0.35859787,1.0056604,0.0,0.751911,3.489903,2.4587598,2.6817083,0.0,0.0,0.19281143,0.6569524,1.1160002,0.0,0.0,2.0987678,0.99433476,0.0,3.7608223,0.0,1.6297053,0.84289014,0.0,0.0,0.0,2.4533246,0.14603001,0.0,3.0814586,0.53467864,2.6773677,1.0199686,0.0,0.0,1.6926521,2.478518,0.0,0.0,0.0,0.31373256,0.542405,2.9320986,0.047914773,0.84849304,0.23199216,0.66677755,2.4474838,2.0980449,0.037556753,0.6017941,2.5629165,0.0,3.2703657,0.028259413,0.0,0.0,3.416802,2.7953393,0.5639668,0.2306839,2.836086,1.6969856,0.7287181,0.29006934,2.4803865,0.45234296,1.8491148,0.0,1.3845537,3.2445645,2.127181,2.2207599,0.18716212,0.10896566,1.1408039,1.2368503,1.4259262,0.0,0.0,1.8083047,1.3316023,0.0,3.387898,0.0,2.8466456,1.4052533,0.0,0.34731132,0.69454885,2.737667,1.4127785
C000946,0.0,2.6413314,0.035578668,2.8133957,1.0328884,0.0,0.0,0.0,1.972328,0.0,0.0,0.0,0.0,0.0,2.8393633,0.0,0.0,0.018327802,0.81988055,2.4544964,1.1077936,0.0,1.5817318,2.571722,0.0,2.489717,0.0,0.0,0.0,2.8762097,3.266951,0.9079635,0.0,3.5260713,0.5535813,0.15271965,0.0,2.2368016,1.4823084,0.40831068,0.0,0.28943744,3.5787907,2.829449,2.222375,0.0,0.0,0.0,1.427329,0.0,0.0,0.0,1.6361597,1.5389249,0.0,3.9164464,0.0,1.7764034,0.19490018,0.0,0.0,0.6213427,2.0522065,0.22907785,0.0,2.996029,0.11040264,2.7917128,0.6823634,0.0,0.0,1.0782428,2.5262995,0.0,0.0,0.0,0.0,0.0,2.9604492,0.0,0.32702243,0.0045819506,0.34473497,2.464622,1.6834726,0.0,0.73554814,2.4588144,0.0,2.8682063,0.0018842313,0.0,0.0,3.3692503,2.889867,0.5423595,0.0,2.9159517,1.3633895,0.20791773,0.0,2.286415,0.5289083,1.2193279,0.0,0.92052376,3.3679495,2.221446,2.278695,0.0,0.0007328708,0.5274535,1.0699494,1.0102675,0.0,0.0,1.8772671,1.2570696,0.0,3.497277,0.0,2.2011242,0.8639068,0.0,0.0,0.3871566,2.5255108,0.6760507
C000947,0.0,6.4523,0.8721919,7.9055734,2.3550694,0.0,0.0,2.264421,5.166731,0.0,0.0,0.0,0.0,0.0,6.9264126,0.0,0.91102266,2.0054958,2.6296194,6.350606,3.5319924,0.0,3.2605658,6.7118645,0.0,7.326631,0.0,0.0,0.0,8.433223,8.075697,0.86042887,0.0,9.109939,3.331806,2.6461463,0.93183094,6.063648,3.6468966,2.5055265,0.0,3.1533654,8.795434,6.979699,6.156335,0.0,0.0,1.6333252,2.168233,2.6554127,0.0,0.0,4.668723,3.6170888,0.0,10.269386,0.0,6.0402527,1.6589522,0.0,0.0,2.0784647,6.017805,1.9881086,0.0,4.5111885,1.5339209,5.0022163,2.8029518,0.0,0.0,3.9092414,3.3951187,0.0,0.0,0.0,1.5055761,1.5597597,4.2905965,0.43750164,2.549748,2.0159998,2.7890947,4.055593,3.9232483,0.66443044,1.8160149,4.9392695,0.0,6.2198186,0.0,0.58728474,0.0,5.653984,4.8667436,0.28680962,0.80231875,5.457472,3.2018223,3.2661164,2.0064747,4.2895494,1.8677965,3.854145,0.0,3.037933,5.5440717,4.162714,3.6475525,0.7846823,0.04785603,2.880819,1.4589182,3.642791,0.0,0.0,2.8756113,2.6594794,0.0,6.281662,0.44151482,5.8935738,2.4212728,0.0,1.5155388,2.2581918,4.138348,3.7855756
C000948,0.0,5.3598413,0.0,4.616248,0.0,0.0,0.0,1.6095928,4.579143,0.0,0.0,0.0,0.0,0.0,5.1125546,0.0,0.2840252,0.0,0.0,4.239031,2.7836053,0.0,0.54288125,3.8784797,0.0,4.3215804,0.12448905,0.0,0.0,5.4313593,4.6707053,0.57014066,0.0,4.6618876,2.762447,0.0,0.0,3.7247481,0.38174075,1.8787977,0.0,1.5370854,5.2044034,3.5896854,4.3263035,0.0,0.0,0.6253228,1.2384818,1.8709615,0.0,0.0,3.2618294,1.5122188,0.0,5.664124,0.0,2.9400327,1.6693242,0.0,0.0,0.0,3.9952252,0.5492611,0.0,5.3598413,0.0,4.616248,0.0,0.0,0.0,1.6095928,4.579143,0.0,0.0,0.0,0.0,0.0,5.1125546,0.0,0.2840252,0.0,0.0,4.239031,2.7836053,0.0,0.54288125,3.8784797,0.0,4.3215804,0.12448905,0.0,0.0,5.4313593,4.6707053,0.57014066,0.0,4.6618876,2.762447,0.0,0.0,3.7247481,0.38174075,1.8787977,0.0,1.5370854,5.2044034,3.5896854,4.3263035,0.0,0.0,0.6253228,1.2384818,1.8709615,0.0,0.0,3.2618294,1.5122188,0.0,5.664124,0.0,2.9400327,1.6693242,0.0,0.0,0.0,3.9952252,0.5492611
C000949,0.0,4.033162,0.0,3.5948443,0.59649795,0.0,0.0,0.6445132,3.2302618,0.0,0.0,0.0,0.0,0.0,4.0739174,0.0,0.0,0.0,0.33610934,3.3903327,1.7859193,0.0,1.2489798,3.2429433,0.0,3.2631083,0.0,0.0,0.0,3.9474711,4.199307,0.7572949,0.0,4.067952,1.2426955,0.0,0.0,2.9098365,1.236934,1.119161,0.0,0.62953955,4.475798,3.4274635,3.019537,0.0,0.0,0.25420362,1.2839319,0.79952973,0.0,0.0,2.3669283,1.5889285,0.0,4.8424435,0.0,2.1906562,0.82695496,0.0,0.0,0.705795,2.935163,0.37684125,0.0,2.3182545,0.54844195,1.9368358,1.3197442,0.0,0.0,1.7493277,1.8911712,0.0,0.0,0.0,0.8666351,0.90527177,2.2138767,0.2336579,1.1700699,0.65652734,1.0287044,1.9345242,1.9031084,0.4559968,0.72442555,2.1842456,0.0,2.8391786,0.0,0.17628954,0.0,2.6142724,2.178909,0.26300254,0.5441135,2.1216028,1.2660462,0.9990049,0.991037,1.9323896,0.5776378,1.8680918,0.0,1.1191145,2.597469,1.7111572,1.5875983,0.4689198,0.10814546,1.1519864,0.7124382,1.7292624,0.0,0.0,1.3667004,1.2532817,0.0,2.8068552,0.07040641,2.4684615,1.1699269,0.0,0.78610414,0.9763968,1.8625741,1.5578923
C000950,0.0,5.07775,0.0,4.419758,0.0,0.0,0.0,1.4447359,4.3565764,0.0,0.0,0.0,0.0,0.0,4.8604884,0.0,0.18976656,0.0,0.0,4.0375113,2.59401,0.0,0.58173215,3.685242,0.0,4.0227776,0.13439447,0.0,0.0,5.1387243,4.489235,0.4841375,0.0,4.403348,2.512756,0.0,0.0,3.5437078,0.44164065,1.6871576,0.0,1.3397741,5.0171843,3.46518,4.108858,0.0,0.0,0.47038698,1.1237433,1.7091242,0.0,0.0,3.1054587,1.4398807,0.0,5.443994,0.0,2.669736,1.4856623,0.0,0.0,0.0,3.7228658,0.38978177,0.0,5.07775,0.0,4.419758,0.0,0.0,0.0,1.4447359,4.3565764,0.0,0.0,0.0,0.0,0.0,4.8604884,0.0,0.18976656,0.0,0.0,4.0375113,2.59401,0.0,0.58173215,3.685242,0.0,4.0227776,0.13439447,0.0,0.0,5.1387243,4.489235,0.4841375,0.0,4.403348,2.512756,0.0,0.0,3.5437078,0.44164065,1.6871576,0.0,1.3397741,5.0171843,3.46518,4.108858,0.0,0.0,0.47038698,1.1237433,1.7091242,0.0,0.0,3.1054587,1.4398807,0.0,5.443994,0.0,2.669736,1.4856623,0.0,0.0,0.0,3.7228658,0.38978177
C000951,0.0,5.07775,0.0,4.419758,0.0,0.0,0.0,1.4447359,4.3565764,0.0,0.0,0.0,0.0,0.0,4.8604884,0.0,0.18976656,0.0,0.0,4.0375113,2.59401,0.0,0.58173215,3.685242,0.0,4.0227776,0.13439447,0.0,0.0,5.1387243,4.489235,0.4841375,0.0,4.403348,2.512756,0.0,0.0,3.5437078,0.44164065,1.6871576,0.0,1.3397741,5.0171843,3.46518,4.108858,0.0,0.0,0.47038698,1.1237433,1.7091242,0.0,0.0,3.1054587,1.4398807,0.0,5.443994,0.0,2.669736,1.4856623,0.0,0.0,0.0,3.7228658,0.38978177,0.0,5.07775,0.0,4.419758,0.0,0.0,0.0,1.4447359,4.3565764,0.0,0.0,0.0,0.0,0.0,4.8604884,0.0,0.18976656,0.0,0.0,4.0375113,2.59401,0.0,0.58173215,3.685242,0.0,4.0227776,0.13439447,0.0,0.0,5.1387243,4.489235,0.4841375,0.0,4.403348,2.512756,0.0,0.0,3.5437078,0.44164065,1.6871576,0.0,1.3397741,5.0171843,3.46518,4.108858,0.0,0.0,0.47038698,1.1237433,1.7091242,0.0,0.0,3.1054587,1.4398807,0.0,5.443994,0.0,2.669736,1.4856623,0.0,0.0,0.0,3.7228658,0.38978177
C000952,0.0,2.7302442,0.13944687,2.943347,1.2048624,0.0,0.0,0.094729215,2.051776,0.0,0.0,0.0,0.0,0.0,2.7654133,0.0,0.0,0.0,0.8890256,2.4198232,1.4085038,0.0,1.4870987,2.6274245,0.0,2.7755065,0.0,0.0,0.0,2.8769517,3.2215095,0.8652751,0.0,3.3795185,0.659708,0.25997317,0.0,2.4308248,1.1804495,0.7435427,0.0,0.3810562,3.62627,2.8084016,2.3118608,0.0,0.0,0.2634169,1.5352578,0.0,0.0,0.0,1.7349659,1.4783132,0.0,3.8637414,0.0,2.1123729,0.42776352,0.0,0.0,0.65384555,2.0535402,0.62024313,0.0,2.85107,0.49147332,2.565259,1.3318295,0.0,0.0,1.809163,2.3867688,0.0,0.0,0.0,0.46508682,0.61368173,2.7193594,0.08515043,1.0410486,0.3849537,0.95625484,2.3714497,2.1534648,0.06547691,0.7499233,2.586197,0.0,3.3299277,0.0008672923,0.07168809,0.0,3.4491017,2.679318,0.47920763,0.28218848,2.7405818,1.6039554,0.85996085,0.5968148,2.3241198,0.5118887,1.959816,0.0,1.3671432,3.2276056,2.0350654,2.044952,0.25653973,0.03508397,1.1895795,1.1633542,1.7151484,0.0,0.0,1.8375456,1.3517919,0.0,3.3637025,0.06637417,3.0138104,1.326777,0.0,0.41021585,0.8779993,2.5364757,1.5460309
C000953,0.0,10.9210415,1.349092,10.793559,2.209879,0.0,0.0,6.038314,9.592356,0.0,0.0,0.0,0.0,0.0,11.810334,0.0,1.7808763,0.28063834,1.931488,9.548109,7.1129117,0.0,2.250971,9.192274,0.0,11.448055,0.0,0.0,0.0,12.259726,11.523212,2.812405,0.0,11.699833,5.9220157,0.52044123,0.0,8.166551,1.4848212,6.827889,0.0,4.3944144,12.000039,9.015305,9.5002575,0.0,0.0,3.3982315,3.8994274,5.8889546,0.0,0.0,7.89483,3.8031135,0.0,12.927845,0.0,9.126746,4.179063,0.0,0.0,2.6602912,9.887576,4.4443107,0.0,5.8469396,1.2462821,5.449261,2.1936433,0.0,0.0,4.3819227,4.885129,0.0,0.0,0.0,0.8932677,1.067762,5.6234856,0.18746355,2.2538202,0.94121134,1.9314613,4.8508377,4.550278,0.33167842,1.368863,5.1698613,0.0,6.765629,0.0,0.0,0.0,6.670739,5.649419,0.9179293,0.58816886,5.84499,3.669859,1.9890847,1.1421618,4.8172555,1.1850321,4.563935,0.0,2.966438,6.3174677,4.379183,4.620764,0.41027758,0.07762799,2.9663305,1.9091996,4.153944,0.0,0.0,3.8193767,2.5191958,0.0,6.8421617,0.0,6.0636964,2.9589896,0.0,1.001154,1.9562006,5.0831413,3.7098444
C000954,0.0,3.2822387,0.0,3.006906,0.0,0.0,0.0,0.79284954,2.9142785,0.0,0.0,0.0,0.0,0.0,3.2032413,0.0,0.049696125,0.0,0.0,2.732153,1.6989484,0.0,0.4663208,2.4660923,0.0,2.6742668,0.11641451,0.0,0.0,3.3954997,3.0051491,0.25022534,0.0,2.885641,1.5320363,0.0,0.0,2.3595443,0.3707974,0.9578829,0.0,0.7103362,3.4520879,2.4268122,2.6219552,0.0,0.0,0.15733771,0.6300397,1.0871769,0.0,0.0,2.0531344,0.97274524,0.0,3.7088575,0.0,1.571923,0.80050045,0.0,0.0,0.0,2.394156,0.11154778,0.0,4.067152,0.013445362,3.8565946,0.562916,0.0,0.0,0.72595483,3.3088076,0.0,0.0,0.0,0.0,0.0,4.0168686,0.0,0.024848063,0.0,0.2912837,3.3247266,1.898845,0.0,1.2287863,3.2125723,0.0,3.4265904,0.058207255,0.0,0.0,4.33224,4.1379914,0.72204137,0.0,4.185834,1.5872641,0.07184861,0.0,3.0768886,0.9985885,1.076009,0.0,0.9186603,4.5983267,3.2388005,3.2575107,0.0,0.0,0.268475,1.4042504,0.66460204,0.0,0.0,2.487609,1.6191714,0.0,4.9132733,0.0,2.4162936,0.8747839,0.0,0.0,0.2627273,3.1565504,0.29440495
C000955,0.0,1.0279155,9.944832,0.90844756,15.216158,0.0,0.0,21.474323,0.32371163,4.095111,0.0,0.0,16.738209,16.227219,0.44203442,11.063315,16.891546,13.594141,14.202419,0.26079196,13.297561,11.701888,0.91117525,3.7609437,0.0,13.093472,0.0,12.76443,0.0,0.24618852,0.9918372,0.0,12.842575,0.81159866,5.9544144,15.721126,15.530714,2.2789612,0.0,17.494617,2.2439861,10.077795,1.140906,0.22850072,0.45913827,10.991592,2.9303794,14.933338,0.0,18.284176,0.0,0.0,0.18306722,3.4732237,0.0,1.1917984,13.289716,15.668507,10.851582,0.13537721,19.12031,13.039401,1.6629502,19.37933,0.0,1.9777529,4.8107786,1.5835757,7.7517858,0.0,0.0,10.581177,1.455395,1.6149317,0.0,0.0,7.95978,7.9178495,1.5586872,5.0344896,8.443364,6.645232,6.789256,1.3868312,7.2189837,5.827658,0.7770331,2.7523756,0.0,7.624244,0.0007892092,5.9683585,0.0,2.170524,1.5326439,0.088952295,5.834162,1.5121493,3.4549487,7.5947704,7.792794,2.1577766,0.371036,8.856471,0.86205953,5.524031,1.9643073,1.1569806,1.2433212,5.109438,1.4508343,7.320337,0.56503886,9.313627,0.0,0.0,1.0076345,2.083115,0.0,2.0663924,5.865145,8.636683,5.432887,0.17880434,9.007935,6.1328444,1.9411231,9.6333475
C000956,0.0,1.0212528,0.9532461,1.1353279,2.4014874,0.0,0.0,1.9880042,0.8932882,0.23575786,0.0,0.0,1.809741,1.3852856,0.5455972,0.44460237,1.744773,1.2008586,2.217536,1.0863951,1.992712,0.70463026,1.3224268,1.8463902,0.0,2.5711546,0.0,1.5171994,0.0,1.4771836,1.1529164,0.0,1.4050735,1.1447022,0.7456169,2.3583484,1.9520348,1.4045393,0.6371995,2.3235104,0.0,0.7186723,1.8640516,1.0234756,0.5984862,1.4024409,0.25925937,1.6696987,0.19708705,1.8397137,0.0,0.0,0.4787582,1.1898477,0.0,1.9022481,1.4704098,2.5671437,0.93854314,0.0,1.4505526,1.830162,0.3332279,2.449227,0.0,1.7290155,2.8600638,1.4462433,4.611899,0.0,0.0,6.0029926,0.9895079,0.41393363,0.0,0.0,4.470531,4.7588778,1.114261,2.465737,4.8809667,3.670231,4.2331758,1.2148203,4.3222303,2.8739226,0.7041455,2.4515867,0.0,5.1450205,0.0,3.046869,0.0,2.2102888,1.3476152,0.0,3.1541977,1.3958272,2.2256196,4.3554935,4.520434,1.7436675,0.4390037,5.319782,0.14461875,3.2811317,1.76257,0.8749707,0.63671285,3.0694485,0.6883497,4.4155035,0.30353752,5.3209195,0.0,0.0,0.7787189,1.5526762,0.0,1.890114,2.9004965,5.687227,3.1584377,0.0,4.8660274,3.4980333,1.5030628,5.629032
C000957,0.0,3.2005749,0.0,3.1784215,0.53513503,0.0,0.0,0.046045512,2.6960762,0.0,0.0,0.0,0.0,0.0,3.234829,0.0,0.0,0.0,0.34989294,2.8426676,1.371449,0.0,1.5620183,2.970088,0.0,2.734401,0.0,0.0,0.0,3.6101565,3.5904129,0.3229721,0.0,3.3845694,0.9351506,0.0,0.0,2.4983177,1.3571153,0.6613735,0.0,0.28599504,4.1911077,2.9360857,2.6541097,0.0,0.0,0.0,0.87767863,0.3041722,0.0,0.0,1.9824986,1.4379506,0.0,4.507711,0.0,1.6618853,0.28922904,0.0,0.0,0.41789335,2.1860847,0.0,0.0,2.4548957,0.030776119,2.3885481,0.61158895,0.0,0.0,0.55093247,2.1520567,0.0,0.0,0.0,0.052768458,0.01890472,2.4562504,0.0,0.1670828,0.0,0.3875716,2.1338375,1.3658628,0.0,0.9921921,2.2656145,0.0,2.3060045,0.0,0.0,0.0,2.9614983,2.5275443,0.23998284,0.0,2.4030247,0.97655773,0.20764624,0.03826368,2.0233204,0.78295475,0.8722345,0.0,0.47816548,3.086155,2.0120714,1.9071398,0.0,0.007900847,0.26408622,0.7018822,0.6956861,0.0,0.0,1.5728296,1.2124436,0.0,3.3316238,0.0,1.6516689,0.47214845,0.0,0.0,0.37826526,1.8098623,0.39141425
C000958,0.0,4.363758,0.0,4.1295543,0.544037,0.0,0.0,0.7827169,3.558899,0.0,0.0,0.0,0.0,0.0,4.336101,0.0,0.0,0.0,0.29915094,3.6961005,1.7470858,0.0,1.5491704,3.5369632,0.0,3.6385856,0.0,0.0,0.0,4.498996,4.850016,1.1333555,0.0,5.0145454,1.5195205,0.0,0.0,3.30507,1.1147517,1.3266644,0.0,0.7827227,4.903844,3.9621716,3.6489701,0.0,0.0,0.3173859,1.8446407,0.44530573,0.0,0.0,2.762875,1.6551576,0.0,5.3269463,0.0,2.6787534,0.8596623,0.0,0.0,0.6826263,3.5386515,0.40306038,0.0,3.263047,0.26569745,2.9287436,0.83269376,0.0,0.0,1.1091661,2.5943167,0.0,0.0,0.0,0.16961575,0.27091682,3.1871297,0.0,0.44645917,0.17717503,0.5290268,2.7298977,1.8741165,0.044378936,0.9604872,2.7486343,0.0,3.119305,0.0,0.0,0.0,3.4678285,3.246583,0.7627199,0.088039555,3.4400346,1.4853741,0.48491812,0.22525866,2.601227,0.8580621,1.5707387,0.0,1.0674438,3.5031292,2.664192,2.5861683,0.033546124,0.052530397,0.7893966,1.3283167,1.0107446,0.0,0.0,1.985176,1.38936,0.0,3.9070122,0.0,2.552962,1.0716606,0.0,0.15972073,0.64037186,2.689477,1.0565017
C000959,0.0,4.9106903,0.0,4.300963,0.0,0.0,0.0,1.3791767,4.2158093,0.0,0.0,0.0,0.0,0.0,4.7044935,0.0,0.15785436,0.0,0.0,3.9206975,2.5011885,0.0,0.59680986,3.5690007,0.0,3.8655152,0.1392026,0.0,0.0,4.9690547,4.375079,0.42668068,0.0,4.241102,2.3696866,0.0,0.0,3.435846,0.46065027,1.6025869,0.0,1.2348424,4.904898,3.3874612,3.9682565,0.0,0.0,0.40254334,1.059376,1.6367652,0.0,0.0,3.000523,1.3919424,0.0,5.3023477,0.0,2.5360367,1.3864878,0.0,0.0,0.0,3.5647528,0.3335089,0.0,4.9106903,0.0,4.300963,0.0,0.0,0.0,1.3791767,4.2158093,0.0,0.0,0.0,0.0,0.0,4.7044935,0.0,0.15785436,0.0,0.0,3.9206975,2.5011885,0.0,0.59680986,3.5690007,0.0,3.8655152,0.1392026,0.0,0.0,4.9690547,4.375079,0.42668068,0.0,4.241102,2.3696866,0.0,0.0,3.435846,0.46065027,1.6025869,0.0,1.2348424,4.904898,3.3874612,3.9682565,0.0,0.0,0.40254334,1.059376,1.6367652,0.0,0.0,3.000523,1.3919424,0.0,5.3023477,0.0,2.5360367,1.3864878,0.0,0.0,0.0,3.5647528,0.3335089
C000960,0.0,4.2484407,0.16868348,3.678545,0.31638226,0.0,0.0,2.4280016,3.5135534,0.0,0.0,0.0,0.0,0.2680236,3.8254263,0.0,1.0940027,0.0,0.030691339,3.164754,2.9410188,0.0,0.25332904,3.441674,0.0,3.7552972,0.0,0.0,0.0,4.350495,3.5439353,0.0,0.0,3.4332304,2.4704785,0.35578573,0.0,3.3880527,0.0,2.5333006,0.0,1.3546827,3.991744,2.6997924,3.203273,0.0,0.0,1.5635027,0.8360052,2.4102237,0.0,0.0,2.7615705,1.217598,0.0,4.1855593,0.0,3.226928,1.7340521,0.0,0.019002143,0.2554185,2.95124,1.5953842,0.0,5.088685,0.08434174,5.3119054,0.92750293,0.0,0.0,1.4499803,4.0629897,0.0,0.0,0.0,0.0,0.1340118,5.000137,0.0,0.54700136,0.3197452,0.8543385,4.507924,2.7404835,0.0,1.7284662,4.4375663,0.0,4.7016683,0.0,0.0,0.0,5.8700466,5.4614706,0.5425306,0.0,5.768768,2.3842106,0.82198507,0.0,4.284948,1.6842442,1.6725972,0.0,1.575103,6.0766673,4.52707,4.2588873,0.0,0.0,0.84740627,1.6189808,1.457367,0.0,0.0,3.4252825,2.2359228,0.0,6.6045756,0.0,3.771287,1.251195,0.0,0.009501072,0.74551773,4.1050005,0.9867807
C000961,0.0,3.6540756,0.0,3.2732143,0.0,0.0,0.0,0.9301745,3.224516,0.0,0.0,0.0,0.0,0.0,3.5288355,0.0,0.09615964,0.0,0.0,3.001451,1.897366,0.0,0.4599717,2.7495885,0.0,3.020155,0.11040286,0.0,0.0,3.7807598,3.2783558,0.34705997,0.0,3.2340393,1.8324786,0.0,0.0,2.6126084,0.33291265,1.1754752,0.0,0.91232127,3.705598,2.6118054,2.9331532,0.0,0.0,0.29783782,0.75784266,1.2415607,0.0,0.0,2.2816648,1.0902622,0.0,4.016003,0.0,1.843576,0.9943383,0.0,0.0,0.0,2.7085824,0.2464554,0.0,1.9688388,2.7075412,1.4050478,3.9679272,0.0,0.0,6.3239584,1.5005767,0.61536807,0.0,0.0,3.8456702,4.301999,1.5624166,2.3431056,4.8372927,2.9447265,3.380355,1.4173995,4.491231,2.7834468,0.28950486,2.1600595,0.0,5.041815,0.0084925275,2.6067138,0.0,2.2300105,1.4149741,0.08987709,3.17268,1.3474386,2.638133,4.01416,3.8605754,2.2068822,0.19021624,5.519166,0.40222475,3.392998,1.8586442,0.96037,1.1513772,2.612853,0.7687565,4.5288973,0.69774127,5.326521,0.0,0.0,1.009122,1.4399204,0.0,1.8277152,2.2730176,5.827786,3.7938352,0.054069772,4.4595633,3.0796585,2.1634753,5.7274976
C000962,0.0,4.44118,0.0,3.9804492,0.0,0.0,0.0,1.2045172,3.8252444,0.0,0.0,0.0,0.0,0.0,4.2812924,0.0,0.069955856,0.0,0.0,3.5867972,2.2465672,0.0,0.6373542,3.23307,0.0,3.4304752,0.15394661,0.0,0.0,4.4966474,4.0596786,0.26560825,0.0,3.7922544,1.9674802,0.0,0.0,3.138443,0.52192837,1.3603028,0.0,0.946996,4.6119156,3.1757183,3.5749917,0.0,0.0,0.2174189,0.8788609,1.4384847,0.0,0.0,2.7027626,1.2464758,0.0,4.9292917,0.0,2.1761575,1.1129113,0.0,0.0,0.0,3.134778,0.17753105,0.0,4.44118,0.0,3.9804492,0.0,0.0,0.0,1.2045172,3.8252444,0.0,0.0,0.0,0.0,0.0,4.2812924,0.0,0.069955856,0.0,0.0,3.5867972,2.2465672,0.0,0.6373542,3.23307,0.0,3.4304752,0.15394661,0.0,0.0,4.4966474,4.0596786,0.26560825,0.0,3.7922544,1.9674802,0.0,0.0,3.138443,0.52192837,1.3603028,0.0,0.946996,4.6119156,3.1757183,3.5749917,0.0,0.0,0.2174189,0.8788609,1.4384847,0.0,0.0,2.7027626,1.2464758,0.0,4.9292917,0.0,2.1761575,1.1129113,0.0,0.0,0.0,3.134778,0.17753105
C000963,0.0,4.517453,0.0,4.030518,0.0,0.0,0.0,1.2357278,3.8872411,0.0,0.0,0.0,0.0,0.0,4.348421,0.0,0.087601274,0.0,0.0,3.6410933,2.288518,0.0,0.6286283,3.286436,0.0,3.5031018,0.15119177,0.0,0.0,4.5712194,4.10885,0.2926127,0.0,3.8636827,2.033347,0.0,0.0,3.18525,0.50784117,1.4016508,0.0,0.99505746,4.6559,3.2087321,3.6379929,0.0,0.0,0.24875264,0.90989894,1.471957,0.0,0.0,2.7493343,1.2697273,0.0,4.9852586,0.0,2.2367656,1.1581706,0.0,0.0,0.0,3.2038324,0.20541912,0.0,4.517453,0.0,4.030518,0.0,0.0,0.0,1.2357278,3.8872411,0.0,0.0,0.0,0.0,0.0,4.348421,0.0,0.087601274,0.0,0.0,3.6410933,2.288518,0.0,0.6286283,3.286436,0.0,3.5031018,0.15119177,0.0,0.0,4.5712194,4.10885,0.2926127,0.0,3.8636827,2.033347,0.0,0.0,3.18525,0.50784117,1.4016508,0.0,0.99505746,4.6559,3.2087321,3.6379929,0.0,0.0,0.24875264,0.90989894,1.471957,0.0,0.0,2.7493343,1.2697273,0.0,4.9852586,0.0,2.2367656,1.1581706,0.0,0.0,0.0,3.2038324,0.20541912
C000964,0.0,5.3598413,0.0,4.616248,0.0,0.0,0.0,1.6095928,4.579143,0.0,0.0,0.0,0.0,0.0,5.1125546,0.0,0.2840252,0.0,0.0,4.239031,2.7836053,0.0,0.54288125,3.8784797,0.0,4.3215804,0.12448905,0.0,0.0,5.4313593,4.6707053,0.57014066,0.0,4.6618876,2.762447,0.0,0.0,3.7247481,0.38174075,1.8787977,0.0,1.5370854,5.2044034,3.5896854,4.3263035,0.0,0.0,0.6253228,1.2384818,1.8709615,0.0,0.0,3.2618294,1.5122188,0.0,5.664124,0.0,2.9400327,1.6693242,0.0,0.0,0.0,3.9952252,0.5492611,0.0,5.3598413,0.0,4.616248,0.0,0.0,0.0,1.6095928,4.579143,0.0,0.0,0.0,0.0,0.0,5.1125546,0.0,0.2840252,0.0,0.0,4.239031,2.7836053,0.0,0.54288125,3.8784797,0.0,4.3215804,0.12448905,0.0,0.0,5.4313593,4.6707053,0.57014066,0.0,4.6618876,2.762447,0.0,0.0,3.7247481,0.38174075,1.8787977,0.0,1.5370854,5.2044034,3.5896854,4.3263035,0.0,0.0,0.6253228,1.2384818,1.8709615,0.0,0.0,3.2618294,1.5122188,0.0,5.664124,0.0,2.9400327,1.6693242,0.0,0.0,0.0,3.9952252,0.5492611
C000965,0.0,3.6561887,0.0,3.2750669,0.0,0.0,0.0,0.9294921,3.2273512,0.0,0.0,0.0,0.0,0.0,3.5313842,0.0,0.09546061,0.0,0.0,3.0040364,1.8982451,0.0,0.4604958,2.7503579,0.0,3.0219965,0.110832654,0.0,0.0,3.7830229,3.280825,0.3476664,0.0,3.2355938,1.8331743,0.0,0.0,2.613894,0.3338404,1.1749893,0.0,0.9129524,3.7089067,2.6139183,2.93543,0.0,0.0,0.29655236,0.75842345,1.2414068,0.0,0.0,2.282586,1.0912935,0.0,4.0194535,0.0,1.8436997,0.9946737,0.0,0.0,0.0,2.7112048,0.24476177,0.0,4.244362,0.0,4.0390987,0.5834485,0.0,0.0,0.7438734,3.4267263,0.0,0.0,0.0,0.0,0.0,4.201129,0.0,0.047730304,0.0,0.3531698,3.4781969,1.9613739,0.0,1.2433139,3.3623714,0.0,3.537272,0.055416327,0.0,0.0,4.411207,4.340888,0.7773962,0.0,4.412183,1.6153752,0.005856976,0.0,3.209492,1.0535578,1.143033,0.0,0.9332014,4.739629,3.43602,3.4384003,0.0,0.0,0.29104114,1.5151913,0.6435152,0.0,0.0,2.5969114,1.6599951,0.0,5.0738497,0.0,2.4843102,0.89765227,0.0,0.0,0.32672176,3.257417,0.34409744
C000966,0.0,2.7480826,0.0,2.6300783,0.0,0.0,0.0,0.773577,2.3989153,0.0,0.0,0.0,0.0,0.0,2.7104073,0.0,0.08644985,0.0,0.0,2.2778327,1.474083,0.0,0.41623235,2.1359694,0.0,2.203227,0.09455309,0.0,0.0,2.8443222,2.563079,0.07399232,0.0,2.3266764,1.1641257,0.0,0.0,2.0342927,0.33492297,0.8073085,0.0,0.47263372,2.9692543,2.0750895,2.13484,0.0,0.0,0.09080501,0.4609946,0.9607003,0.0,0.0,1.7494218,0.7761462,0.0,3.1277041,0.0,1.340584,0.5807539,0.0,0.0,0.0,1.897773,0.115155146,0.0,3.3865855,0.0,3.3606024,0.5146468,0.0,0.0,0.47697097,2.7145765,0.0,0.0,0.0,0.0,0.0,3.3266299,0.0,0.043224923,0.0,0.29287905,2.86579,1.5456635,0.0,1.2354555,2.7427359,0.0,2.886429,0.047276545,0.0,0.0,3.7430623,3.6018553,0.47116816,0.0,3.4871988,1.2154872,0.12452671,0.0,2.591737,1.0090158,0.6986182,0.0,0.6527113,4.0951204,2.8112204,2.650641,0.0,0.0,0.045402505,1.0516982,0.48035014,0.0,0.0,2.1165133,1.3960564,0.0,4.306047,0.0,1.9660118,0.5692487,0.0,0.0,0.2657053,2.5746126,0.057577573
C000967,0.0,5.2659802,0.0,4.5480413,0.0,0.0,0.0,1.5478469,4.5064483,0.0,0.0,0.0,0.0,0.0,5.0286765,0.0,0.24344437,0.0,0.0,4.170088,2.7167761,0.0,0.55687636,3.811788,0.0,4.215868,0.12780133,0.0,0.0,5.329979,4.6106067,0.54409236,0.0,4.5735846,2.679678,0.0,0.0,3.6608446,0.40588516,1.8074943,0.0,1.4677275,5.1383047,3.5457587,4.256547,0.0,0.0,0.5676535,1.1990026,1.8102305,0.0,0.0,3.2121224,1.4881855,0.0,5.5953703,0.0,2.8431854,1.6064732,0.0,0.0,0.0,3.900533,0.4882537,0.0,5.2659802,0.0,4.5480413,0.0,0.0,0.0,1.5478469,4.5064483,0.0,0.0,0.0,0.0,0.0,5.0286765,0.0,0.24344437,0.0,0.0,4.170088,2.7167761,0.0,0.55687636,3.811788,0.0,4.215868,0.12780133,0.0,0.0,5.329979,4.6106067,0.54409236,0.0,4.5735846,2.679678,0.0,0.0,3.6608446,0.40588516,1.8074943,0.0,1.4677275,5.1383047,3.5457587,4.256547,0.0,0.0,0.5676535,1.1990026,1.8102305,0.0,0.0,3.2121224,1.4881855,0.0,5.5953703,0.0,2.8431854,1.6064732,0.0,0.0,0.0,3.900533,0.4882537
C000968,0.0,4.44118,0.0,3.9804492,0.0,0.0,0.0,1.2045172,3.8252444,0.0,0.0,0.0,0.0,0.0,4.2812924,0.0,0.069955856,0.0,0.0,3.5867972,2.2465672,0.0,0.6373542,3.23307,0.0,3.4304752,0.15394661,0.0,0.0,4.4966474,4.0596786,0.26560825,0.0,3.7922544,1.9674802,0.0,0.0,3.138443,0.52192837,1.3603028,0.0,0.946996,4.6119156,3.1757183,3.5749917,0.0,0.0,0.2174189,0.8788609,1.4384847,0.0,0.0,2.7027626,1.2464758,0.0,4.9292917,0.0,2.1761575,1.1129113,0.0,0.0,0.0,3.134778,0.17753105,0.0,4.44118,0.0,3.9804492,0.0,0.0,0.0,1.2045172,3.8252444,0.0,0.0,0.0,0.0,0.0,4.2812924,0.0,0.069955856,0.0,0.0,3.5867972,2.2465672,0.0,0.6373542,3.23307,0.0,3.4304752,0.15394661,0.0,0.0,4.4966474,4.0596786,0.26560825,0.0,3.7922544,1.9674802,0.0,0.0,3.138443,0.52192837,1.3603028,0.0,0.946996,4.6119156,3.1757183,3.5749917,0.0,0.0,0.2174189,0.8788609,1.4384847,0.0,0.0,2.7027626,1.2464758,0.0,4.9292917,0.0,2.1761575,1.1129113,0.0,0.0,0.0,3.134778,0.17753105
C000969,0.0,1.4387505,5.779563,2.8419957,11.724278,0.0,0.0,11.203699,1.0322309,0.39190668,0.0,0.0,11.784958,10.3582325,1.628264,6.734331,9.810698,11.278683,9.967548,2.3469288,9.318984,8.43766,4.2389708,4.24906,0.0,10.059004,0.0,8.415179,0.0,2.3987632,3.3166142,0.0,6.370486,4.6177626,2.3745728,9.169128,12.073343,1.7671282,4.601989,9.318999,0.0,6.8880835,2.9617887,3.8455095,3.362152,6.6265764,1.5861152,6.799222,0.0,11.926872,0.0,0.0,1.6145668,2.9654942,0.0,5.445755,9.21356,8.936686,3.4980707,0.0,12.787382,9.092331,1.1354532,10.190018,0.0,1.2419702,5.4207683,0.91539323,9.199317,0.0,0.0,11.164007,0.6688502,1.3453813,0.0,0.0,9.618382,9.259496,0.7941412,6.0112553,9.2311325,8.258688,8.058283,1.0012941,7.8180957,7.08862,1.6475034,2.6324518,0.0,8.008762,0.0,7.0817776,0.0,1.2526639,1.29943,0.0,6.440468,1.3413663,2.940377,8.367664,9.625,1.6356807,1.3375216,9.214497,0.57850385,6.045664,1.3022828,1.0962344,1.0726022,6.004797,1.6137528,7.635654,0.18046612,10.291469,0.0,0.0,0.6295863,2.3668725,0.0,2.049078,7.249939,8.741993,5.139197,0.09754679,10.781879,7.3079286,1.3923627,10.256687
C000970,0.0,3.8872848,0.0,3.8388014,1.0027637,0.0,0.0,0.69857603,3.250593,0.0,0.0,0.0,0.0,0.0,3.7983546,0.0,0.0,0.0,0.29922917,3.347723,1.5596764,0.0,1.7410531,3.3339,0.0,3.7511106,0.0,0.0,0.0,4.606356,4.467597,1.1242049,0.0,4.4292774,1.3724079,0.0,0.0,3.0567536,1.0957711,1.0316662,0.0,1.0243425,4.96614,3.4189863,3.0764477,0.0,0.0,0.12946078,1.815728,0.28872192,0.0,0.0,2.7322845,1.5962158,0.0,4.8331428,0.0,2.7476468,0.8018949,0.0,0.0,0.73137116,3.474834,0.25471523,0.0,2.975272,0.57594246,2.5801632,1.4470762,0.0,0.0,1.7993737,2.341172,0.0,0.0,0.0,0.5421326,0.7847411,2.7297523,0.12816082,1.0420576,0.43394312,1.0256696,2.4296417,2.0993872,0.20050812,0.8555529,2.7137737,0.0,3.4523323,0.0,0.08910221,0.0,3.4465702,2.83965,0.64271826,0.4105586,2.8662765,1.4955784,0.9382515,0.6479276,2.3392441,0.60478956,2.0289884,0.0,1.468286,3.4053154,2.1614678,2.008919,0.24299054,0.08107039,1.2572955,1.4108421,1.4802974,0.0,0.0,1.8464438,1.3837552,0.0,3.3326423,0.054015517,3.1869094,1.3385506,0.0,0.57659316,1.0139309,2.6683242,1.6301857
C000971,0.0,4.96471,0.0,4.7868624,0.7255968,0.0,0.0,0.27472675,3.9002113,0.0,0.0,0.0,0.0,0.0,4.9368453,0.0,0.0,0.0,0.18836227,4.283235,2.0699837,0.0,2.0492172,4.203292,0.0,4.3087196,0.0,0.0,0.0,5.4529805,5.386714,0.88015234,0.0,5.3735104,1.6812475,0.0,0.0,3.8365436,1.7638752,0.9547428,0.0,0.9377278,6.23296,4.3671174,4.1236424,0.0,0.0,0.0,1.721903,0.47225752,0.0,0.0,3.1193142,2.0144157,0.0,6.4992514,0.0,2.8091917,0.8241992,0.0,0.0,0.4430347,3.6929138,0.0,0.0,3.5411904,0.0,3.4084232,0.4821477,0.0,0.0,0.607428,2.9477146,0.0,0.0,0.0,0.0,0.0,3.5387006,0.0,0.13441183,0.0,0.094181135,3.02996,1.7513955,0.0,1.1678808,2.9374971,0.0,3.1120758,0.001902841,0.0,0.0,3.9408615,3.6622434,0.44007617,0.0,3.4832835,1.3468224,0.016772281,0.0,2.7563806,0.9830819,0.92075145,0.0,0.7084998,4.316094,2.9329429,2.8584056,0.0,0.002101874,0.12713727,1.027107,0.7667776,0.0,0.0,2.2568622,1.3934226,0.0,4.517971,0.0,2.052365,0.6980871,0.0,0.0,0.30271986,2.646257,0.18854591
C000972,0.0,4.793889,0.0,4.5526133,0.6398674,0.0,0.0,0.19058943,3.6913252,0.0,0.0,0.0,0.0,0.0,4.7163725,0.0,0.0,0.0,0.2887355,3.989967,1.9518802,0.0,1.889411,3.9724176,0.0,3.942223,0.0,0.0,0.0,4.977626,5.1315026,1.0008848,0.0,5.270782,1.4695888,0.0,0.0,3.654958,1.6993294,0.91327107,0.0,0.78327495,5.814027,4.244769,3.9427345,0.0,0.0,0.0,1.8194761,0.26522934,0.0,0.0,2.8842194,1.9641297,0.0,6.1741304,0.0,2.6387253,0.7667447,0.0,0.0,0.416961,3.51157,0.019236416,0.0,3.597866,0.0,3.3676746,0.39946342,0.0,0.0,0.55990267,2.9498158,0.0,0.0,0.0,0.0,0.0,3.5433006,0.0,0.13355808,0.0,0.14436775,2.9972527,1.7277493,0.0,1.0775688,2.9111903,0.0,3.0443592,0.005515795,0.0,0.0,3.8391542,3.6225872,0.5494498,0.0,3.5870032,1.3644015,0.0018775389,0.0,2.7310953,0.9468467,0.95187825,0.0,0.7262031,4.179247,2.9455059,2.8810782,0.0,0.0031818766,0.1460883,1.1233814,0.6787565,0.0,0.0,2.2162728,1.4030504,0.0,4.451123,0.0,2.0366504,0.73916686,0.0,0.0,0.24101016,2.6974869,0.21850072
C000973,0.0,5.3598413,0.0,4.616248,0.0,0.0,0.0,1.6095928,4.579143,0.0,0.0,0.0,0.0,0.0,5.1125546,0.0,0.2840252,0.0,0.0,4.239031,2.7836053,0.0,0.54288125,3.8784797,0.0,4.3215804,0.12448905,0.0,0.0,5.4313593,4.6707053,0.57014066,0.0,4.6618876,2.762447,0.0,0.0,3.7247481,0.38174075,1.8787977,0.0,1.5370854,5.2044034,3.5896854,4.3263035,0.0,0.0,0.6253228,1.2384818,1.8709615,0.0,0.0,3.2618294,1.5122188,0.0,5.664124,0.0,2.9400327,1.6693242,0.0,0.0,0.0,3.9952252,0.5492611,0.0,5.3598413,0.0,4.616248,0.0,0.0,0.0,1.6095928,4.579143,0.0,0.0,0.0,0.0,0.0,5.1125546,0.0,0.2840252,0.0,0.0,4.239031,2.7836053,0.0,0.54288125,3.8784797,0.0,4.3215804,0.12448905,0.0,0.0,5.4313593,4.6707053,0.57014066,0.0,4.6618876,2.762447,0.0,0.0,3.7247481,0.38174075,1.8787977,0.0,1.5370854,5.2044034,3.5896854,4.3263035,0.0,0.0,0.6253228,1.2384818,1.8709615,0.0,0.0,3.2618294,1.5122188,0.0,5.664124,0.0,2.9400327,1.6693242,0.0,0.0,0.0,3.9952252,0.5492611
C000974,0.0,4.748954,0.0,4.1849966,0.0,0.0,0.0,1.322895,4.077856,0.0,0.0,0.0,0.0,0.0,4.553611,0.0,0.13127246,0.0,0.0,3.8062406,2.4160001,0.0,0.60812235,3.4525928,0.0,3.7182646,0.1438452,0.0,0.0,4.801029,4.2620254,0.37172046,0.0,4.080956,2.2314837,0.0,0.0,3.32861,0.4756386,1.5236974,0.0,1.1368798,4.7953997,3.3099542,3.8292518,0.0,0.0,0.3423121,0.99895215,1.570714,0.0,0.0,2.8951707,1.3407818,0.0,5.1645555,0.0,2.4144711,1.2940309,0.0,0.0,0.0,3.4134014,0.28599963,0.0,4.748954,0.0,4.1849966,0.0,0.0,0.0,1.322895,4.077856,0.0,0.0,0.0,0.0,0.0,4.553611,0.0,0.13127246,0.0,0.0,3.8062406,2.4160001,0.0,0.60812235,3.4525928,0.0,3.7182646,0.1438452,0.0,0.0,4.801029,4.2620254,0.37172046,0.0,4.080956,2.2314837,0.0,0.0,3.32861,0.4756386,1.5236974,0.0,1.1368798,4.7953997,3.3099542,3.8292518,0.0,0.0,0.3423121,0.99895215,1.570714,0.0,0.0,2.8951707,1.3407818,0.0,5.1645555,0.0,2.4144711,1.2940309,0.0,0.0,0.0,3.4134014,0.28599963
C000975,0.0,4.2364407,0.0,3.851695,0.0,0.0,0.0,1.1276256,3.6617959,0.0,0.0,0.0,0.0,0.0,4.1016097,0.0,0.022582274,0.0,0.0,3.4386058,2.146176,0.0,0.6643386,3.1011117,0.0,3.2407303,0.16193718,0.0,0.0,4.3028345,3.928115,0.18104115,0.0,3.59376,1.7935318,0.0,0.0,3.0167894,0.5670839,1.2544296,0.0,0.81761307,4.4987144,3.0805655,3.401005,0.0,0.0,0.13691115,0.7912637,1.3570081,0.0,0.0,2.5869007,1.1849428,0.0,4.785444,0.0,2.0186238,0.9924681,0.0,0.0,0.0,2.9460726,0.111315206,0.0,4.2364407,0.0,3.851695,0.0,0.0,0.0,1.1276256,3.6617959,0.0,0.0,0.0,0.0,0.0,4.1016097,0.0,0.022582274,0.0,0.0,3.4386058,2.146176,0.0,0.6643386,3.1011117,0.0,3.2407303,0.16193718,0.0,0.0,4.3028345,3.928115,0.18104115,0.0,3.59376,1.7935318,0.0,0.0,3.0167894,0.5670839,1.2544296,0.0,0.81761307,4.4987144,3.0805655,3.401005,0.0,0.0,0.13691115,0.7912637,1.3570081,0.0,0.0,2.5869007,1.1849428,0.0,4.785444,0.0,2.0186238,0.9924681,0.0,0.0,0.0,2.9460726,0.111315206
C000976,0.0,1.7420985,0.0,1.7470039,0.16120794,0.0,0.0,0.5545399,1.6076853,0.0,0.0,0.0,0.0,0.0,1.747606,0.0,0.13469192,0.0,0.0,1.5457978,1.0544672,0.0,0.2485378,1.4457861,0.0,1.5257264,0.04990688,0.0,0.0,1.9196602,1.6337316,0.03347731,0.0,1.4214696,0.7885175,0.0,0.0,1.3614078,0.14738868,0.5409733,0.0,0.2768526,1.9325719,1.3789483,1.2957536,0.0,0.0,0.09823981,0.27487916,0.7476559,0.0,0.0,1.1649773,0.5608244,0.0,2.054618,0.0,0.91766804,0.3491352,0.0,0.0,0.037504636,1.2626709,0.15959424,0.0,1.850909,2.8513405,1.4415048,4.3004837,0.0,0.0,6.4597144,1.3390901,0.52930796,0.0,0.0,4.2959166,4.5856276,1.4086277,2.558628,5.0778284,3.4116783,3.6341312,1.3518531,4.740846,3.0654182,0.4479022,2.2596002,0.0,5.273952,0.004990688,2.8920696,0.0,2.2290218,1.4045293,0.054532874,3.2261982,1.3570812,2.533884,4.207042,4.117919,2.1123443,0.29391724,5.579365,0.32424188,3.584685,1.8003725,0.98726654,1.1100947,2.7780828,0.79659826,4.6111007,0.42762375,5.6754165,0.0,0.0,0.95397216,1.3855551,0.0,1.8040966,2.7006354,5.958389,3.647433,0.0,4.9242826,3.2796807,2.0973816,5.840642
C000977,0.0,1.759985,1.3936298,2.7314553,3.261325,0.0,0.0,2.5080981,1.0354705,0.033647895,0.0,0.0,2.119668,1.470579,1.5236248,0.5666736,2.0967295,2.6737795,3.423161,1.9204725,2.472911,0.77310926,2.2014742,3.1695633,0.0,4.099695,0.0,1.5876563,0.0,2.6178787,2.335998,0.0,0.7038494,3.0953255,1.3358848,3.6404681,2.742796,1.9515563,1.9978034,2.529421,0.0,1.7365606,2.9817204,2.395422,1.2749304,1.4111111,0.0,1.9180777,0.6989182,2.2711782,0.0,0.0,1.0901313,1.9211867,0.0,3.5586028,1.5282912,3.7017474,0.9930024,0.0,1.672427,2.6496053,1.2854556,3.2601776,0.0,1.6773723,4.3635745,1.4027678,7.01711,0.0,0.0,9.60814,1.2274345,1.0619389,0.0,0.0,7.1407914,7.1704144,1.264721,4.4372444,7.6496525,6.0079937,6.1927447,1.3105559,6.5933914,5.082236,0.8159596,2.6782908,0.0,7.090324,0.0,5.0529423,0.0,1.944908,1.5467674,0.04892163,5.2040577,1.4751233,3.1168838,6.810875,7.129239,2.1288738,0.5467359,8.061021,0.5555733,4.9992757,1.8086003,1.1651143,1.2387122,4.648846,1.1950053,6.710124,0.4530129,8.509258,0.0,0.0,0.86763364,2.1058238,0.0,2.1546066,4.9274764,7.96929,4.957118,0.04948849,8.191867,5.6316295,1.9722575,8.739592
C000978,0.0,2.7922702,0.0,2.6708207,0.0015578493,0.0,0.0,0.75256807,2.4869268,0.0,0.0,0.0,0.0,0.0,2.7598035,0.0,0.053700127,0.0,0.0,2.3573198,1.5110397,0.0,0.44762433,2.1373434,0.0,2.236435,0.11425417,0.0,0.0,2.9175067,2.6445708,0.060262725,0.0,2.346291,1.1571193,0.0,0.0,2.049982,0.37459704,0.78142476,0.0,0.45797652,3.0744963,2.12926,2.1963787,0.0,0.0,0.042086955,0.46370393,0.97845334,0.0,0.0,1.7617481,0.81553024,0.0,3.2718751,0.0,1.3112967,0.56924504,0.0,0.0,0.02791807,1.9466738,0.06971233,0.0,3.555552,0.0,3.5407224,0.54821813,0.0,0.0,0.49093932,2.9104223,0.0,0.0,0.0,0.0,0.0,3.5333443,0.0,0.026850063,0.0,0.26609558,3.0123215,1.6460826,0.0,1.3090029,2.889967,0.0,3.0435884,0.057127085,0.0,0.0,3.9278524,3.821817,0.47682992,0.0,3.6193678,1.232603,0.033383846,0.0,2.7223063,1.0528301,0.73815763,0.0,0.62669814,4.401561,2.9973917,2.8364773,0.0,0.0,0.021043478,1.0879835,0.5096228,0.0,0.0,2.2340465,1.4331541,0.0,4.572472,0.0,2.006404,0.6050497,0.0,0.0,0.2920996,2.7195473,0.034856167
C000979,0.0,1.8430253,0.0,1.8420863,0.11598739,0.0,0.0,0.4510895,1.7331771,0.0,0.0,0.0,0.0,0.0,1.8665259,0.0,0.06994135,0.0,0.0,1.6536369,1.0604458,0.0,0.30683205,1.4898391,0.0,1.5902642,0.07188275,0.0,0.0,2.0459578,1.7564459,0.073297024,0.0,1.5886084,0.8264638,0.0,0.0,1.4205651,0.22236447,0.48304543,0.0,0.29374152,2.0993936,1.4946591,1.4079739,0.0,0.0,0.023265455,0.27726117,0.7134594,0.0,0.0,1.2133405,0.60764134,0.0,2.242427,0.0,0.8624553,0.34254983,0.0,0.0,0.040580995,1.37663,0.050104547,0.0,3.0739632,0.032674555,3.0348966,0.66502804,0.0,0.0,0.5907466,2.555586,0.0,0.0,0.0,0.0,0.0,3.026808,0.0,0.023313783,0.0,0.3125777,2.580076,1.5453596,0.0,1.1330156,2.5936534,0.0,2.6843865,0.023960916,0.0,0.0,3.5644772,3.1725159,0.4016833,0.0,3.1190765,1.2352887,0.17964959,0.0,2.42356,0.842022,0.84666806,0.0,0.6924794,3.675515,2.3984058,2.3890777,0.0,0.0,0.18734324,0.9849165,0.6018856,0.0,0.0,1.916969,1.4163326,0.0,3.9060104,0.0,1.9867626,0.5908739,0.0,0.0,0.26280442,2.3403175,0.25185415
C000980,0.0,4.748954,0.0,4.1849966,0.0,0.0,0.0,1.322895,4.077856,0.0,0.0,0.0,0.0,0.0,4.553611,0.0,0.13127246,0.0,0.0,3.8062406,2.4160001,0.0,0.60812235,3.4525928,0.0,3.7182646,0.1438452,0.0,0.0,4.801029,4.2620254,0.37172046,0.0,4.080956,2.2314837,0.0,0.0,3.32861,0.4756386,1.5236974,0.0,1.1368798,4.7953997,3.3099542,3.8292518,0.0,0.0,0.3423121,0.99895215,1.570714,0.0,0.0,2.8951707,1.3407818,0.0,5.1645555,0.0,2.4144711,1.2940309,0.0,0.0,0.0,3.4134014,0.28599963,0.0,4.748954,0.0,4.1849966,0.0,0.0,0.0,1.322895,4.077856,0.0,0.0,0.0,0.0,0.0,4.553611,0.0,0.13127246,0.0,0.0,3.8062406,2.4160001,0.0,0.60812235,3.4525928,0.0,3.7182646,0.1438452,0.0,0.0,4.801029,4.2620254,0.37172046,0.0,4.080956,2.2314837,0.0,0.0,3.32861,0.4756386,1.5236974,0.0,1.1368798,4.7953997,3.3099542,3.8292518,0.0,0.0,0.3423121,0.99895215,1.570714,0.0,0.0,2.8951707,1.3407818,0.0,5.1645555,0.0,2.4144711,1.2940309,0.0,0.0,0.0,3.4134014,0.28599963
C000981,0.0,4.991828,0.0,4.3593183,0.0,0.0,0.0,1.4074498,4.2850237,0.0,0.0,0.0,0.0,0.0,4.780303,0.0,0.1712386,0.0,0.0,3.9779902,2.543917,0.0,0.5911205,3.6273685,0.0,3.9392896,0.13687241,0.0,0.0,5.053466,4.431791,0.45418775,0.0,4.321529,2.4390233,0.0,0.0,3.4897325,0.45326936,1.6420499,0.0,1.2839893,4.960003,3.4263883,4.0380507,0.0,0.0,0.43265262,1.0896341,1.6699125,0.0,0.0,3.053471,1.4175625,0.0,5.3716235,0.0,2.597031,1.4328427,0.0,0.0,0.0,3.6407344,0.35724187,0.0,4.991828,0.0,4.3593183,0.0,0.0,0.0,1.4074498,4.2850237,0.0,0.0,0.0,0.0,0.0,4.780303,0.0,0.1712386,0.0,0.0,3.9779902,2.543917,0.0,0.5911205,3.6273685,0.0,3.9392896,0.13687241,0.0,0.0,5.053466,4.431791,0.45418775,0.0,4.321529,2.4390233,0.0,0.0,3.4897325,0.45326936,1.6420499,0.0,1.2839893,4.960003,3.4263883,4.0380507,0.0,0.0,0.43265262,1.0896341,1.6699125,0.0,0.0,3.053471,1.4175625,0.0,5.3716235,0.0,2.597031,1.4328427,0.0,0.0,0.0,3.6407344,0.35724187
C000982,0.0,3.1054146,0.0,2.8809218,0.0,0.0,0.0,0.7438791,2.7540123,0.0,0.0,0.0,0.0,0.0,3.0429227,0.0,0.03516069,0.0,0.0,2.5926783,1.6084499,0.0,0.46671993,2.3357213,0.0,2.505529,0.11587111,0.0,0.0,3.2131653,2.8687654,0.19561633,0.0,2.7180133,1.3940833,0.0,0.0,2.240711,0.38564193,0.8674206,0.0,0.61420554,3.324654,2.332487,2.4690006,0.0,0.0,0.10216287,0.56514347,1.0223436,0.0,0.0,1.946616,0.91281015,0.0,3.5503924,0.0,1.451736,0.7120268,0.0,0.0,0.0,2.2362363,0.064965874,0.0,3.742639,0.0,3.6412659,0.5517163,0.0,0.0,0.5612253,3.0378132,0.0,0.0,0.0,0.0,0.0,3.699068,0.0,0.017580345,0.0,0.29459682,3.086798,1.7013555,0.0,1.2476765,2.9883356,0.0,3.1457543,0.057935555,0.0,0.0,3.9924235,3.9200175,0.5995148,0.0,3.8479085,1.3401138,0.03011483,0.0,2.82509,1.0288272,0.8545333,0.0,0.72769403,4.4031506,3.0742674,2.99155,0.0,0.0,0.08133232,1.2338052,0.51681364,0.0,0.0,2.30898,1.4766878,0.0,4.6323924,0.0,2.124051,0.6914971,0.0,0.0,0.2729537,2.8605475,0.118321344
C000983,0.0,4.517453,0.0,4.030518,0.0,0.0,0.0,1.2357278,3.8872411,0.0,0.0,0.0,0.0,0.0,4.348421,0.0,0.087601274,0.0,0.0,3.6410933,2.288518,0.0,0.6286283,3.286436,0.0,3.5031018,0.15119177,0.0,0.0,4.5712194,4.10885,0.2926127,0.0,3.8636827,2.033347,0.0,0.0,3.18525,0.50784117,1.4016508,0.0,0.99505746,4.6559,3.2087321,3.6379929,0.0,0.0,0.24875264,0.90989894,1.471957,0.0,0.0,2.7493343,1.2697273,0.0,4.9852586,0.0,2.2367656,1.1581706,0.0,0.0,0.0,3.2038324,0.20541912,0.0,4.517453,0.0,4.030518,0.0,0.0,0.0,1.2357278,3.8872411,0.0,0.0,0.0,0.0,0.0,4.348421,0.0,0.087601274,0.0,0.0,3.6410933,2.288518,0.0,0.6286283,3.286436,0.0,3.5031018,0.15119177,0.0,0.0,4.5712194,4.10885,0.2926127,0.0,3.8636827,2.033347,0.0,0.0,3.18525,0.50784117,1.4016508,0.0,0.99505746,4.6559,3.2087321,3.6379929,0.0,0.0,0.24875264,0.90989894,1.471957,0.0,0.0,2.7493343,1.2697273,0.0,4.9852586,0.0,2.2367656,1.1581706,0.0,0.0,0.0,3.2038324,0.20541912
C000984,0.0,4.365396,0.0,3.930901,0.0,0.0,0.0,1.1732485,3.7636876,0.0,0.0,0.0,0.0,0.0,4.214825,0.0,0.050368816,0.0,0.0,3.5322993,2.2068186,0.0,0.64657336,3.1817873,0.0,3.3572855,0.1566275,0.0,0.0,4.42352,4.010731,0.23750108,0.0,3.7197547,1.902455,0.0,0.0,3.0913744,0.5385255,1.3199968,0.0,0.89876294,4.568469,3.141261,3.5117688,0.0,0.0,0.18718593,0.84615463,1.4058892,0.0,0.0,2.6582088,1.223271,0.0,4.8748875,0.0,2.1157603,1.0688256,0.0,0.0,0.0,3.0660133,0.15126653,0.0,4.365396,0.0,3.930901,0.0,0.0,0.0,1.1732485,3.7636876,0.0,0.0,0.0,0.0,0.0,4.214825,0.0,0.050368816,0.0,0.0,3.5322993,2.2068186,0.0,0.64657336,3.1817873,0.0,3.3572855,0.1566275,0.0,0.0,4.42352,4.010731,0.23750108,0.0,3.7197547,1.902455,0.0,0.0,3.0913744,0.5385255,1.3199968,0.0,0.89876294,4.568469,3.141261,3.5117688,0.0,0.0,0.18718593,0.84615463,1.4058892,0.0,0.0,2.6582088,1.223271,0.0,4.8748875,0.0,2.1157603,1.0688256,0.0,0.0,0.0,3.0660133,0.15126653
C000985,0.0,4.986406,0.0,4.699683,0.63990676,0.0,0.0,0.27908367,3.8685412,0.0,0.0,0.0,0.0,0.0,4.899798,0.0,0.0,0.0,0.2468546,4.16419,2.0718706,0.0,1.9173427,4.124328,0.0,4.194772,0.0,0.0,0.0,5.261681,5.2780323,1.0077903,0.0,5.4184923,1.6699994,0.0,0.0,3.7886858,1.6722454,1.005688,0.0,0.92646086,6.003251,4.3037915,4.1050253,0.0,0.0,0.0,1.8427286,0.3945398,0.0,0.0,3.0402234,2.032756,0.0,6.372586,0.0,2.8106852,0.8803446,0.0,0.0,0.38452566,3.695723,0.05766785,0.0,3.629164,0.0,3.402185,0.4094535,0.0,0.0,0.59041435,2.9850621,0.0,0.0,0.0,0.0,0.0,3.5777483,0.0,0.12574367,0.0,0.1234273,3.032392,1.7608426,0.0,1.0981766,2.943838,0.0,3.1117325,0.0058971457,0.0,0.0,3.9161103,3.6504865,0.52787286,0.0,3.5938563,1.4086702,0.0047987457,0.0,2.7640412,0.9398748,0.96426994,0.0,0.75765705,4.2360654,2.942734,2.906556,0.0,0.0056739785,0.12571673,1.1116996,0.7214465,0.0,0.0,2.260008,1.4178479,0.0,4.5024652,0.0,2.082419,0.7612506,0.0,0.0,0.23975545,2.7300243,0.21982203
C000986,0.0,4.0962424,1.2135873,3.6540377,2.0003138,0.0,0.0,3.58953,3.5991366,0.0,0.0,0.0,1.2497575,1.8559982,3.8675532,0.0,2.3100874,0.85714054,1.3385744,3.3162944,3.7672882,0.0,0.846701,3.5594804,0.0,5.5581965,0.0,0.0,0.0,5.007336,3.8208938,0.44436896,0.4136681,3.7529988,2.6410687,1.3112812,1.0840365,3.0312774,0.4543567,3.4829764,0.0,2.6003094,4.331983,2.8283212,2.9759622,0.25990814,0.005007973,2.5545123,1.3667094,3.74578,0.0,0.0,2.8125613,1.3182815,0.0,4.2026477,0.0,4.9567904,2.3887334,0.0,1.3024862,1.3442839,3.883732,2.897393,0.0,2.5326784,0.9787079,2.0931609,1.9035518,0.0,0.0,2.832834,2.1145396,0.0025719744,0.0,0.0,1.2510614,1.4236062,2.344645,0.32532683,1.8866298,0.9610222,1.4468765,2.0302718,2.6911633,0.46317482,0.6868654,2.4211252,0.0,3.7006433,0.0,0.28155926,0.0,3.0200255,2.2594275,0.29689535,0.80366814,2.204538,1.718218,1.5554796,1.4367222,2.2053554,0.47321126,2.7795599,0.0,1.8190048,2.7581878,1.7088242,1.7207457,0.69831795,0.13288975,1.995146,0.9488344,2.6360147,0.0,0.0,1.5906332,1.2751561,0.0,2.8011227,0.21316792,3.584264,1.8425628,0.0,1.2097636,1.3650149,2.3323302,2.6051793
C000987,0.0,4.748954,0.0,4.1849966,0.0,0.0,0.0,1.322895,4.077856,0.0,0.0,0.0,0.0,0.0,4.553611,0.0,0.13127246,0.0,0.0,3.8062406,2.4160001,0.0,0.60812235,3.4525928,0.0,3.7182646,0.1438452,0.0,0.0,4.801029,4.2620254,0.37172046,0.0,4.080956,2.2314837,0.0,0.0,3.32861,0.4756386,1.5236974,0.0,1.1368798,4.7953997,3.3099542,3.8292518,0.0,0.0,0.3423121,0.99895215,1.570714,0.0,0.0,2.8951707,1.3407818,0.0,5.1645555,0.0,2.4144711,1.2940309,0.0,0.0,0.0,3.4134014,0.28599963,0.0,4.748954,0.0,4.1849966,0.0,0.0,0.0,1.322895,4.077856,0.0,0.0,0.0,0.0,0.0,4.553611,0.0,0.13127246,0.0,0.0,3.8062406,2.4160001,0.0,0.60812235,3.4525928,0.0,3.7182646,0.1438452,0.0,0.0,4.801029,4.2620254,0.37172046,0.0,4.080956,2.2314837,0.0,0.0,3.32861,0.4756386,1.5236974,0.0,1.1368798,4.7953997,3.3099542,3.8292518,0.0,0.0,0.3423121,0.99895215,1.570714,0.0,0.0,2.8951707,1.3407818,0.0,5.1645555,0.0,2.4144711,1.2940309,0.0,0.0,0.0,3.4134014,0.28599963
C000988,0.0,4.365396,0.0,3.930901,0.0,0.0,0.0,1.1732485,3.7636876,0.0,0.0,0.0,0.0,0.0,4.214825,0.0,0.050368816,0.0,0.0,3.5322993,2.2068186,0.0,0.64657336,3.1817873,0.0,3.3572855,0.1566275,0.0,0.0,4.42352,4.010731,0.23750108,0.0,3.7197547,1.902455,0.0,0.0,3.0913744,0.5385255,1.3199968,0.0,0.89876294,4.568469,3.141261,3.5117688,0.0,0.0,0.18718593,0.84615463,1.4058892,0.0,0.0,2.6582088,1.223271,0.0,4.8748875,0.0,2.1157603,1.0688256,0.0,0.0,0.0,3.0660133,0.15126653,0.0,4.365396,0.0,3.930901,0.0,0.0,0.0,1.1732485,3.7636876,0.0,0.0,0.0,0.0,0.0,4.214825,0.0,0.050368816,0.0,0.0,3.5322993,2.2068186,0.0,0.64657336,3.1817873,0.0,3.3572855,0.1566275,0.0,0.0,4.42352,4.010731,0.23750108,0.0,3.7197547,1.902455,0.0,0.0,3.0913744,0.5385255,1.3199968,0.0,0.89876294,4.568469,3.141261,3.5117688,0.0,0.0,0.18718593,0.84615463,1.4058892,0.0,0.0,2.6582088,1.223271,0.0,4.8748875,0.0,2.1157603,1.0688256,0.0,0.0,0.0,3.0660133,0.15126653
C000989,0.0,3.6745956,5.2585154,2.665028,8.5963955,0.0,0.0,11.198211,1.9486878,0.4646953,0.0,0.0,8.530167,8.73522,2.0346718,4.6403494,9.161466,6.3497353,7.804587,2.4303393,8.690946,5.859911,1.6560934,4.628432,0.0,9.336453,0.0,5.660492,0.0,3.2729423,3.0149772,0.0,5.6635714,3.5142884,4.210677,7.977541,8.547947,3.3479896,0.95972216,10.019764,0.023407925,5.8246975,3.3493242,2.1717858,2.5918567,4.8120036,1.2481881,7.882331,0.0,10.560362,0.0,0.0,1.6720576,3.0100658,0.0,4.1969614,5.9596934,9.556194,5.255739,0.0,9.918291,6.6146173,2.0507011,10.5467205,0.0,1.6730652,6.446472,2.0120177,11.336873,0.0,0.0,13.05528,0.8541816,1.5161148,0.0,0.0,11.092025,10.545032,1.1345022,6.8797135,10.595647,10.072249,10.228909,1.5668985,9.272437,7.893087,2.6001577,3.8817613,0.0,10.220937,0.0,8.337461,0.0,2.0819468,2.494592,0.0,7.3225217,2.8086069,3.4947462,10.287171,11.59348,2.240345,2.0240045,10.729835,0.47529742,7.0300965,2.4473093,2.1954725,1.7484877,7.28549,1.5484663,8.867857,0.17155062,12.018363,0.0,0.0,1.0260274,3.3208258,0.0,3.869081,8.577137,10.570876,5.840073,0.005853824,12.516141,9.15801,1.7352986,12.058912
C000990,0.0,2.9526582,0.0,2.7617445,0.0,0.0,0.0,0.7588934,2.561124,0.0,0.0,0.0,0.0,0.0,2.8912685,0.0,0.048469108,0.0,0.0,2.4189212,1.5295038,0.0,0.44274676,2.2565274,0.0,2.3367,0.09351698,0.0,0.0,3.0330944,2.715224,0.15101343,0.0,2.5721874,1.3004637,0.0,0.0,2.155895,0.35714096,0.84797275,0.0,0.5482465,3.1253817,2.2015896,2.3142538,0.0,0.0,0.12691854,0.51723534,0.98038995,0.0,0.0,1.8727192,0.8377132,0.0,3.3288662,0.0,1.4123657,0.6709285,0.0,0.0,0.0,2.0660703,0.11130097,0.0,3.4765875,0.0,3.4057255,0.5287691,0.0,0.0,0.49103358,2.7748556,0.0,0.0,0.0,0.0,0.0,3.4140882,0.0,0.024234554,0.0,0.3183857,2.9082398,1.561448,0.0,1.233535,2.7763283,0.0,2.8972213,0.04675849,0.0,0.0,3.762043,3.6704464,0.52864385,0.0,3.619552,1.2470956,0.14117536,0.0,2.6405559,1.0233378,0.73609674,0.0,0.67362225,4.085338,2.8487604,2.7429142,0.0,0.0,0.06345927,1.118886,0.49019498,0.0,0.0,2.1511202,1.4382452,0.0,4.362575,0.0,2.0074663,0.61277723,0.0,0.0,0.27958503,2.645258,0.09168762
C000991,0.0,2.832144,0.0,2.6879306,0.0,0.0,0.0,0.73262805,2.4916081,0.0,0.0,0.0,0.0,0.0,2.7904959,0.0,0.051622167,0.0,0.0,2.3647642,1.4970102,0.0,0.44204146,2.1581097,0.0,2.257866,0.10737576,0.0,0.0,2.9348073,2.6461742,0.10010998,0.0,2.4264994,1.1972213,0.0,0.0,2.0679939,0.3700232,0.7842949,0.0,0.48456538,3.0797088,2.1508584,2.220116,0.0,0.0,0.05902991,0.47833127,0.95973545,0.0,0.0,1.7841098,0.8150439,0.0,3.263014,0.0,1.3249928,0.5966595,0.0,0.0,0.00037397444,1.9790462,0.062085964,0.0,2.8011205,0.032705743,2.6192834,0.52491766,0.0,0.0,0.83881265,2.3878129,0.0,0.0,0.0,0.07777909,0.12862846,2.780935,0.0,0.29311332,0.0,0.2849429,2.3648174,1.5678611,0.0,0.7616205,2.2832286,0.0,2.5776277,0.035791922,0.0,0.0,3.166048,2.7718346,0.37440968,0.0398267,2.6421344,1.2559758,0.21595113,0.07817621,2.2000043,0.634491,0.9832067,0.0,0.7081318,3.2559452,2.176109,2.1716757,0.032170225,0.020141453,0.28161892,0.8238688,0.9007508,0.0,0.0,1.7741531,1.1763726,0.0,3.474694,0.0,1.8442502,0.767864,0.0,0.07724672,0.31823644,2.2164454,0.44075623
C000992,0.0,4.9106903,0.0,4.300963,0.0,0.0,0.0,1.3791767,4.2158093,0.0,0.0,0.0,0.0,0.0,4.7044935,0.0,0.15785436,0.0,0.0,3.9206975,2.5011885,0.0,0.59680986,3.5690007,0.0,3.8655152,0.1392026,0.0,0.0,4.9690547,4.375079,0.42668068,0.0,4.241102,2.3696866,0.0,0.0,3.435846,0.46065027,1.6025869,0.0,1.2348424,4.904898,3.3874612,3.9682565,0.0,0.0,0.40254334,1.059376,1.6367652,0.0,0.0,3.000523,1.3919424,0.0,5.3023477,0.0,2.5360367,1.3864878,0.0,0.0,0.0,3.5647528,0.3335089,0.0,4.9106903,0.0,4.300963,0.0,0.0,0.0,1.3791767,4.2158093,0.0,0.0,0.0,0.0,0.0,4.7044935,0.0,0.15785436,0.0,0.0,3.9206975,2.5011885,0.0,0.59680986,3.5690007,0.0,3.8655152,0.1392026,0.0,0.0,4.9690547,4.375079,0.42668068,0.0,4.241102,2.3696866,0.0,0.0,3.435846,0.46065027,1.6025869,0.0,1.2348424,4.904898,3.3874612,3.9682565,0.0,0.0,0.40254334,1.059376,1.6367652,0.0,0.0,3.000523,1.3919424,0.0,5.3023477,0.0,2.5360367,1.3864878,0.0,0.0,0.0,3.5647528,0.3335089
C000993,0.0,4.365396,0.0,3.930901,0.0,0.0,0.0,1.1732485,3.7636876,0.0,0.0,0.0,0.0,0.0,4.214825,0.0,0.050368816,0.0,0.0,3.5322993,2.2068186,0.0,0.64657336,3.1817873,0.0,3.3572855,0.1566275,0.0,0.0,4.42352,4.010731,0.23750108,0.0,3.7197547,1.902455,0.0,0.0,3.0913744,0.5385255,1.3199968,0.0,0.89876294,4.568469,3.141261,3.5117688,0.0,0.0,0.18718593,0.84615463,1.4058892,0.0,0.0,2.6582088,1.223271,0.0,4.8748875,0.0,2.1157603,1.0688256,0.0,0.0,0.0,3.0660133,0.15126653,0.0,4.365396,0.0,3.930901,0.0,0.0,0.0,1.1732485,3.7636876,0.0,0.0,0.0,0.0,0.0,4.214825,0.0,0.050368816,0.0,0.0,3.5322993,2.2068186,0.0,0.64657336,3.1817873,0.0,3.3572855,0.1566275,0.0,0.0,4.42352,4.010731,0.23750108,0.0,3.7197547,1.902455,0.0,0.0,3.0913744,0.5385255,1.3199968,0.0,0.89876294,4.568469,3.141261,3.5117688,0.0,0.0,0.18718593,0.84615463,1.4058892,0.0,0.0,2.6582088,1.223271,0.0,4.8748875,0.0,2.1157603,1.0688256,0.0,0.0,0.0,3.0660133,0.15126653
C000994,0.0,4.2902927,0.0,3.8823357,0.0,0.0,0.0,1.145171,3.7044387,0.0,0.0,0.0,0.0,0.0,4.1480355,0.0,0.034182936,0.0,0.0,3.4782727,2.1696503,0.0,0.6561631,3.1334074,0.0,3.288463,0.15946442,0.0,0.0,4.353773,3.9609628,0.20830801,0.0,3.6472192,1.8406935,0.0,0.0,3.0456429,0.554196,1.2810378,0.0,0.8527434,4.525694,3.1058564,3.448229,0.0,0.0,0.15776369,0.814541,1.3768015,0.0,0.0,2.615044,1.2019055,0.0,4.821518,0.0,2.0583134,1.0249199,0.0,0.0,0.0,2.9982934,0.12739614,0.0,4.2902927,0.0,3.8823357,0.0,0.0,0.0,1.145171,3.7044387,0.0,0.0,0.0,0.0,0.0,4.1480355,0.0,0.034182936,0.0,0.0,3.4782727,2.1696503,0.0,0.6561631,3.1334074,0.0,3.288463,0.15946442,0.0,0.0,4.353773,3.9609628,0.20830801,0.0,3.6472192,1.8406935,0.0,0.0,3.0456429,0.554196,1.2810378,0.0,0.8527434,4.525694,3.1058564,3.448229,0.0,0.0,0.15776369,0.814541,1.3768015,0.0,0.0,2.615044,1.2019055,0.0,4.821518,0.0,2.0583134,1.0249199,0.0,0.0,0.0,2.9982934,0.12739614
C000995,0.0,4.594108,0.0,4.080994,0.0,0.0,0.0,1.2668654,3.9495687,0.0,0.0,0.0,0.0,0.0,4.416078,0.0,0.10367714,0.0,0.0,3.6952255,2.3321958,0.0,0.6202911,3.3414314,0.0,3.5752459,0.14837685,0.0,0.0,4.6469107,4.158209,0.3187505,0.0,3.9342623,2.0998545,0.0,0.0,3.2318428,0.49575514,1.4438144,0.0,1.0429646,4.7003064,3.2406063,3.7008202,0.0,0.0,0.28095362,0.93960404,1.5060972,0.0,0.0,2.7974977,1.2929994,0.0,5.0424576,0.0,2.2975178,1.2043599,0.0,0.0,0.0,3.2731085,0.23457666,0.0,4.594108,0.0,4.080994,0.0,0.0,0.0,1.2668654,3.9495687,0.0,0.0,0.0,0.0,0.0,4.416078,0.0,0.10367714,0.0,0.0,3.6952255,2.3321958,0.0,0.6202911,3.3414314,0.0,3.5752459,0.14837685,0.0,0.0,4.6469107,4.158209,0.3187505,0.0,3.9342623,2.0998545,0.0,0.0,3.2318428,0.49575514,1.4438144,0.0,1.0429646,4.7003064,3.2406063,3.7008202,0.0,0.0,0.28095362,0.93960404,1.5060972,0.0,0.0,2.7974977,1.2929994,0.0,5.0424576,0.0,2.2975178,1.2043599,0.0,0.0,0.0,3.2731085,0.23457666
C000996,0.0,3.1141903,0.0,2.8878264,0.0,0.0,0.0,0.7443507,2.7656527,0.0,0.0,0.0,0.0,0.0,3.0510154,0.0,0.03515342,0.0,0.0,2.6032956,1.6142588,0.0,0.4684029,2.3398535,0.0,2.515284,0.11727933,0.0,0.0,3.2241,2.8778665,0.19709307,0.0,2.7244272,1.398657,0.0,0.0,2.2454112,0.38724187,0.86918193,0.0,0.6176195,3.3365347,2.3398747,2.47773,0.0,0.0,0.10025594,0.56784946,1.025831,0.0,0.0,1.950293,0.9173859,0.0,3.5635257,0.0,1.4543133,0.7141263,0.0,0.0,0.0,2.2457213,0.062773086,0.0,4.04403,0.015430301,3.8386939,0.55641055,0.0,0.0,0.739388,3.3023794,0.0,0.0,0.0,0.0,0.0,3.983823,0.0,0.01757671,0.0,0.2729946,3.3091831,1.9063456,0.0,1.231375,3.2027936,0.0,3.4430482,0.058639664,0.0,0.0,4.359983,4.113714,0.69679606,0.0,4.1387157,1.6041535,0.09559781,0.0,3.0561152,0.9802996,1.0702137,0.0,0.93462795,4.6024246,3.1965492,3.2384999,0.0,0.0,0.2546373,1.3626603,0.700987,0.0,0.0,2.472846,1.6204752,0.0,4.9068146,0.0,2.418559,0.8799257,0.0,0.0,0.24884692,3.152364,0.28034556
C000997,0.0,4.6775928,0.06336569,4.382189,0.5386934,0.0,0.0,0.9607386,3.9806383,0.0,0.0,0.0,0.0,0.0,4.6514244,0.0,0.18457122,0.0,0.29792613,4.0170326,2.417091,0.0,1.5654927,4.029819,0.0,4.3571754,0.0,0.0,0.0,5.4352446,4.646709,0.6944268,0.0,4.885431,2.2400377,0.009629965,0.0,3.5723128,1.2235796,1.6059898,0.0,1.309614,5.371691,3.6772852,3.8953402,0.0,0.0,0.42755938,1.5335002,1.3175794,0.0,0.0,3.049793,1.8599836,0.0,5.899798,0.0,3.1187055,1.1971738,0.0,0.0,0.35659212,3.589673,0.5254952,0.0,2.8041549,6.301577,2.4899073,9.495346,0.0,0.0,14.152189,1.8896749,1.7561413,0.0,0.0,9.841486,10.073531,1.8671633,6.4173493,11.198708,8.053521,8.755079,1.8429768,9.403745,6.9302087,0.8495948,4.3195305,0.0,10.348112,0.0,7.32112,0.0,3.0609975,2.3374124,0.13888535,7.6215067,2.345179,5.2050805,10.012835,9.742325,3.5690808,0.24471593,11.944435,1.0453305,7.3112273,2.9897635,1.6125124,1.8210144,6.6433783,1.4837507,9.949836,0.57878697,12.3083935,0.0,0.0,1.267496,2.8154364,0.0,3.1783767,6.921361,11.779231,7.611951,0.0,11.681597,7.8275805,2.9728632,12.927813
C000998,0.0,5.2888184,0.0,5.0138283,0.6674447,0.0,0.0,0.3921072,4.181925,0.0,0.0,0.0,0.0,0.0,5.235849,0.0,0.0,0.0,0.14287254,4.5145354,2.2394001,0.0,2.0334039,4.431441,0.0,4.6039486,0.0,0.0,0.0,5.7705956,5.6095915,0.9996505,0.0,5.696273,1.9489365,0.0,0.0,4.044074,1.7232716,1.112258,0.0,1.1269536,6.4290624,4.516329,4.395744,0.0,0.0,0.0,1.8567486,0.60590374,0.0,0.0,3.325093,2.1153624,0.0,6.765293,0.0,3.0528839,1.0094613,0.0,0.0,0.3875162,3.9748065,0.040784568,0.0,3.70259,0.0,3.5213263,0.45313817,0.0,0.0,0.66625726,3.087802,0.0,0.0,0.0,0.0,0.0,3.6874552,0.0,0.13464439,0.0,0.07143627,3.144958,1.8358287,0.0,1.1598573,3.0512726,0.0,3.2592065,0.0018293038,0.0,0.0,4.0989323,3.7729247,0.49982524,0.0,3.643999,1.4803785,0.016953822,0.0,2.8597753,0.9625002,0.9996201,0.0,0.80295074,4.4131985,3.006984,2.9937718,0.0,0.0020679422,0.12737551,1.0943909,0.8335232,0.0,0.0,2.3594046,1.443633,0.0,4.6499453,0.0,2.1740985,0.7905233,0.0,0.0,0.27495027,2.7864711,0.20918523
C000999,0.0,4.6711755,0.0,4.1321087,0.0,0.0,0.0,1.2967612,4.0125737,0.0,0.0,0.0,0.0,0.0,4.4840894,0.0,0.11891499,0.0,0.0,3.7499034,2.3751965,0.0,0.61289674,3.396669,0.0,3.6470957,0.14580995,0.0,0.0,4.7230945,4.208521,0.34497592,0.0,4.005937,2.1660519,0.0,0.0,3.2791052,0.48450363,1.4850314,0.0,1.0904719,4.745928,3.2735968,3.7641635,0.0,0.0,0.31250042,0.96931064,1.5395072,0.0,0.0,2.8459854,1.3164245,0.0,5.1011653,0.0,2.357296,1.249969,0.0,0.0,0.0,3.3426545,0.26232406,0.0,4.6711755,0.0,4.1321087,0.0,0.0,0.0,1.2967612,4.0125737,0.0,0.0,0.0,0.0,0.0,4.4840894,0.0,0.11891499,0.0,0.0,3.7499034,2.3751965,0.0,0.61289674,3.396669,0.0,3.6470957,0.14580995,0.0,0.0,4.7230945,4.208521,0.34497592,0.0,4.005937,2.1660519,0.0,0.0,3.2791052,0.48450363,1.4850314,0.0,1.0904719,4.745928,3.2735968,3.7641635,0.0,0.0,0.31250042,0.96931064,1.5395072,0.0,0.0,2.8459854,1.3164245,0.0,5.1011653,0.0,2.357296,1.249969,0.0,0.0,0.0,3.3426545,0.26232406
C001000,0.0,3.2299948,0.0,2.9843602,0.7915455,0.0,0.0,0.19390841,2.5510561,0.0,0.0,0.0,0.0,0.0,3.1792996,0.0,0.0,0.0,0.46023673,2.7559493,1.3811405,0.0,1.5653933,2.791107,0.0,2.8256721,0.0,0.0,0.0,3.6035922,3.4672356,0.66920054,0.0,3.4822936,0.99372333,0.10324758,0.0,2.403455,1.3313341,0.6145073,0.0,0.5189889,3.9887335,2.8651702,2.4641118,0.0,0.0,0.05608339,1.188618,0.34279016,0.0,0.0,2.0030556,1.5492953,0.0,4.2490892,0.0,1.934233,0.57370156,0.0,0.0,0.57034737,2.4373593,0.04871118,0.0,3.1264503,1.0495362,2.7527292,2.1290677,0.0,0.0,2.9391038,2.4498992,0.0,0.0,0.0,1.284561,1.4114578,2.812777,0.5035102,2.0002058,1.2829386,1.8009828,2.517015,2.8531055,0.369174,1.0237044,3.1345656,0.0,4.233168,0.0010895559,0.34468216,0.0,3.6822846,2.9867287,0.21785487,0.7330764,2.9910457,2.0005872,2.0144212,1.7648313,2.8365576,0.8564008,2.955349,0.0,1.9801855,3.5128446,2.3766322,2.2146766,0.811374,0.077725895,2.17979,0.99527985,2.7765543,0.0,0.0,1.8241221,1.8257002,0.0,3.8932343,0.17056458,4.013748,1.9964472,0.0,1.4642324,1.7098888,2.7018678,2.7788908
