complaint_id,incident_entity_id,incident_time,window_start,window_end,num_nodes,num_edges,num_account_nodes,num_atm_nodes,num_terminal_nodes,max_hop,total_transaction_value,max_transaction_value,avg_transaction_value,num_cash_out_edges,in_degree_incident,out_degree_incident,density,number_of_connected_components,average_degree,contains_suspicious_activity,suspicious_ring_count
C000001,ENT_000090,2026-07-20 00:00:00,2026-07-17 00:00:00,2026-07-23 00:00:00,1,0,1,0,0,0,0.0,0.0,0.0,0,0,0,0.0,1,0.0,0,0
C000002,ENT_000451,2026-01-11 00:00:00,2026-01-08 00:00:00,2026-01-14 00:00:00,1,0,1,0,0,0,0.0,0.0,0.0,0,0,0,0.0,1,0.0,0,0
C000003,ENT_000325,2026-04-22 00:00:00,2026-04-19 00:00:00,2026-04-25 00:00:00,1,0,1,0,0,0,0.0,0.0,0.0,0,0,0,0.0,1,0.0,0,0
C000004,ENT_000493,2026-06-02 00:00:00,2026-05-30 00:00:00,2026-06-05 00:00:00,1,0,1,0,0,0,0.0,0.0,0.0,0,0,0,0.0,1,0.0,0,0
C000005,ENT_000650,2026-06-07 00:00:00,2026-06-04 00:00:00,2026-06-10 00:00:00,1,0,1,0,0,0,0.0,0.0,0.0,0,0,0,0.0,1,0.0,0,0
C000006,ENT_000669,2026-01-06 00:00:00,2026-01-03 00:00:00,2026-01-09 00:00:00,1,0,1,0,0,0,0.0,0.0,0.0,0,0,0,0.0,1,0.0,0,0
C000007,ENT_000487,2026-04-26 00:00:00,2026-04-23 00:00:00,2026-04-29 00:00:00,1,0,1,0,0,0,0.0,0.0,0.0,0,0,0,0.0,1,0.0,0,0
C000008,ENT_000630,2026-05-07 00:00:00,2026-05-04 00:00:00,2026-05-10 00:00:00,1,0,1,0,0,0,0.0,0.0,0.0,0,0,0,0.0,1,0.0,0,0
C000009,ENT_000659,2026-02-02 00:00:00,2026-01-30 00:00:00,2026-02-05 00:00:00,1,0,1,0,0,0,0.0,0.0,0.0,0,0,0,0.0,1,0.0,0,0
C000010,ENT_000348,2026-07-07 00:00:00,2026-07-04 00:00:00,2026-07-10 00:00:00,1,0,1,0,0,0,0.0,0.0,0.0,0,0,0,0.0,1,0.0,0,0
C000011,ENT_000467,2026-04-20 00:00:00,2026-04-17 00:00:00,2026-04-23 00:00:00,1,0,1,0,0,0,0.0,0.0,0.0,0,0,0,0.0,1,0.0,0,0
C000012,ENT_000220,2026-08-22 00:00:00,2026-08-19 00:00:00,2026-08-25 00:00:00,1,0,1,0,0,0,0.0,0.0,0.0,0,0,0,0.0,1,0.0,0,0
C000013,ENT_000461,2026-05-04 00:00:00,2026-05-01 00:00:00,2026-05-07 00:00:00,3,2,3,0,0,2,47600.7,44546.66,23800.35,0,0,1,0.333333,1,1.3333,0,0
C000014,ENT_000292,2026-06-01 00:00:00,2026-05-29 00:00:00,2026-06-04 00:00:00,2,1,1,1,1,1,95538.1,95538.1,95538.1,1,0,1,0.5,1,1.0,1,1
C000015,ENT_000252,2026-04-29 00:00:00,2026-04-26 00:00:00,2026-05-02 00:00:00,1,0,1,0,0,0,0.0,0.0,0.0,0,0,0,0.0,1,0.0,0,0
C000016,ENT_000598,2026-01-14 00:00:00,2026-01-11 00:00:00,2026-01-17 00:00:00,2,1,2,0,0,1,1996.29,1996.29,1996.29,0,0,1,0.5,1,1.0,0,0
C000017,ENT_000676,2026-07-09 00:00:00,2026-07-06 00:00:00,2026-07-12 00:00:00,1,0,1,0,0,0,0.0,0.0,0.0,0,0,0,0.0,1,0.0,0,0
C000018,ENT_000610,2026-06-15 00:00:00,2026-06-12 00:00:00,2026-06-18 00:00:00,1,0,1,0,0,0,0.0,0.0,0.0,0,0,0,0.0,1,0.0,0,0
C000019,ENT_000534,2026-08-02 00:00:00,2026-07-30 00:00:00,2026-08-05 00:00:00,1,0,1,0,0,0,0.0,0.0,0.0,0,0,0,0.0,1,0.0,0,0
C000020,ENT_000659,2026-05-09 00:00:00,2026-05-06 00:00:00,2026-05-12 00:00:00,1,0,1,0,0,0,0.0,0.0,0.0,0,0,0,0.0,1,0.0,0,0
C000021,ENT_000201,2026-05-27 00:00:00,2026-05-24 00:00:00,2026-05-30 00:00:00,1,0,1,0,0,0,0.0,0.0,0.0,0,0,0,0.0,1,0.0,0,0
C000022,ENT_000458,2026-03-21 00:00:00,2026-03-18 00:00:00,2026-03-24 00:00:00,1,0,1,0,0,0,0.0,0.0,0.0,0,0,0,0.0,1,0.0,0,0
C000023,ENT_000658,2026-03-08 00:00:00,2026-03-05 00:00:00,2026-03-11 00:00:00,1,0,1,0,0,0,0.0,0.0,0.0,0,0,0,0.0,1,0.0,0,0
C000024,ENT_000425,2026-03-30 00:00:00,2026-03-27 00:00:00,2026-04-02 00:00:00,5,4,4,1,1,2,479643.35,403355.82,119910.84,1,0,2,0.2,1,1.6,1,1
C000025,ENT_000072,2026-02-02 00:00:00,2026-01-30 00:00:00,2026-02-05 00:00:00,1,0,1,0,0,0,0.0,0.0,0.0,0,0,0,0.0,1,0.0,0,0
C000026,ENT_000371,2026-07-22 00:00:00,2026-07-19 00:00:00,2026-07-25 00:00:00,1,0,1,0,0,0,0.0,0.0,0.0,0,0,0,0.0,1,0.0,0,0
C000027,ENT_000548,2026-04-22 00:00:00,2026-04-19 00:00:00,2026-04-25 00:00:00,1,0,1,0,0,0,0.0,0.0,0.0,0,0,0,0.0,1,0.0,0,0
C000028,ENT_000640,2026-02-14 00:00:00,2026-02-11 00:00:00,2026-02-17 00:00:00,1,0,1,0,0,0,0.0,0.0,0.0,0,0,0,0.0,1,0.0,0,0
C000029,ENT_000665,2026-03-01 00:00:00,2026-02-26 00:00:00,2026-03-04 00:00:00,1,0,1,0,0,0,0.0,0.0,0.0,0,0,0,0.0,1,0.0,0,0
C000030,ENT_000063,2026-01-14 00:00:00,2026-01-11 00:00:00,2026-01-17 00:00:00,1,0,1,0,0,0,0.0,0.0,0.0,0,0,0,0.0,1,0.0,0,0
C000031,ENT_000593,2026-06-29 00:00:00,2026-06-26 00:00:00,2026-07-02 00:00:00,1,0,1,0,0,0,0.0,0.0,0.0,0,0,0,0.0,1,0.0,0,0
C000032,ENT_000378,2026-03-19 00:00:00,2026-03-16 00:00:00,2026-03-22 00:00:00,1,0,1,0,0,0,0.0,0.0,0.0,0,0,0,0.0,1,0.0,0,0
C000033,ENT_000242,2026-05-24 00:00:00,2026-05-21 00:00:00,2026-05-27 00:00:00,1,0,1,0,0,0,0.0,0.0,0.0,0,0,0,0.0,1,0.0,0,0
C000034,ENT_000219,2026-03-21 00:00:00,2026-03-18 00:00:00,2026-03-24 00:00:00,1,0,1,0,0,0,0.0,0.0,0.0,0,0,0,0.0,1,0.0,0,0
C000035,ENT_000387,2026-04-18 00:00:00,2026-04-15 00:00:00,2026-04-21 00:00:00,1,0,1,0,0,0,0.0,0.0,0.0,0,0,0,0.0,1,0.0,0,0
C000036,ENT_000532,2026-01-28 00:00:00,2026-01-25 00:00:00,2026-01-31 00:00:00,1,0,1,0,0,0,0.0,0.0,0.0,0,0,0,0.0,1,0.0,0,0
C000037,ENT_000237,2026-08-03 00:00:00,2026-07-31 00:00:00,2026-08-06 00:00:00,1,0,1,0,0,0,0.0,0.0,0.0,0,0,0,0.0,1,0.0,0,0
C000038,ENT_000483,2026-02-02 00:00:00,2026-01-30 00:00:00,2026-02-05 00:00:00,1,0,1,0,0,0,0.0,0.0,0.0,0,0,0,0.0,1,0.0,0,0
C000039,ENT_000466,2026-05-04 00:00:00,2026-05-01 00:00:00,2026-05-07 00:00:00,2,1,2,0,0,1,316987.91,316987.91,316987.91,0,0,1,0.5,1,1.0,0,0
C000040,ENT_000453,2026-08-09 00:00:00,2026-08-06 00:00:00,2026-08-12 00:00:00,2,1,2,0,0,1,1244.96,1244.96,1244.96,0,0,1,0.5,1,1.0,0,0
C000041,ENT_000013,2026-01-17 00:00:00,2026-01-14 00:00:00,2026-01-20 00:00:00,1,0,1,0,0,0,0.0,0.0,0.0,0,0,0,0.0,1,0.0,0,0
C000042,ENT_000406,2026-04-24 00:00:00,2026-04-21 00:00:00,2026-04-27 00:00:00,1,0,1,0,0,0,0.0,0.0,0.0,0,0,0,0.0,1,0.0,0,0
C000043,ENT_000351,2026-04-14 00:00:00,2026-04-11 00:00:00,2026-04-17 00:00:00,2,1,2,0,0,1,2832.49,2832.49,2832.49,0,0,1,0.5,1,1.0,0,0
C000044,ENT_000677,2026-05-15 00:00:00,2026-05-12 00:00:00,2026-05-18 00:00:00,1,0,1,0,0,0,0.0,0.0,0.0,0,0,0,0.0,1,0.0,0,0
C000045,ENT_000109,2026-04-17 00:00:00,2026-04-14 00:00:00,2026-04-20 00:00:00,2,1,2,0,0,1,2513.52,2513.52,2513.52,0,0,1,0.5,1,1.0,0,0
C000046,ENT_000108,2026-08-11 00:00:00,2026-08-08 00:00:00,2026-08-14 00:00:00,1,0,1,0,0,0,0.0,0.0,0.0,0,0,0,0.0,1,0.0,0,0
C000047,ENT_000185,2026-01-06 00:00:00,2026-01-03 00:00:00,2026-01-09 00:00:00,1,0,1,0,0,0,0.0,0.0,0.0,0,0,0,0.0,1,0.0,0,0
C000048,ENT_000047,2026-06-27 00:00:00,2026-06-24 00:00:00,2026-06-30 00:00:00,5,4,5,0,0,3,911769.74,309967.24,227942.43,0,0,1,0.2,1,1.6,1,1
C000049,ENT_000439,2026-06-06 00:00:00,2026-06-03 00:00:00,2026-06-09 00:00:00,1,0,1,0,0,0,0.0,0.0,0.0,0,0,0,0.0,1,0.0,0,0
C000050,ENT_000080,2026-01-07 00:00:00,2026-01-04 00:00:00,2026-01-10 00:00:00,3,2,2,1,1,1,87380.7,49904.9,43690.35,1,0,2,0.333333,1,1.3333,0,0
C000051,ENT_000459,2026-07-26 00:00:00,2026-07-23 00:00:00,2026-07-29 00:00:00,1,0,1,0,0,0,0.0,0.0,0.0,0,0,0,0.0,1,0.0,0,0
C000052,ENT_000520,2026-01-25 00:00:00,2026-01-22 00:00:00,2026-01-28 00:00:00,2,1,2,0,0,1,171.05,171.05,171.05,0,0,1,0.5,1,1.0,0,0
C000053,ENT_000417,2026-05-06 00:00:00,2026-05-03 00:00:00,2026-05-09 00:00:00,1,0,1,0,0,0,0.0,0.0,0.0,0,0,0,0.0,1,0.0,0,0
C000054,ENT_000165,2026-05-17 00:00:00,2026-05-14 00:00:00,2026-05-20 00:00:00,1,0,1,0,0,0,0.0,0.0,0.0,0,0,0,0.0,1,0.0,0,0
C000055,ENT_000040,2026-01-17 00:00:00,2026-01-14 00:00:00,2026-01-20 00:00:00,1,0,1,0,0,0,0.0,0.0,0.0,0,0,0,0.0,1,0.0,0,0
C000056,ENT_000513,2026-06-28 00:00:00,2026-06-25 00:00:00,2026-07-01 00:00:00,1,0,1,0,0,0,0.0,0.0,0.0,0,0,0,0.0,1,0.0,0,0
C000057,ENT_000547,2026-06-03 00:00:00,2026-05-31 00:00:00,2026-06-06 00:00:00,3,2,2,1,1,2,396493.36,340898.49,198246.68,1,0,1,0.333333,1,1.3333,1,1
C000058,ENT_000574,2026-04-15 00:00:00,2026-04-12 00:00:00,2026-04-18 00:00:00,1,0,1,0,0,0,0.0,0.0,0.0,0,0,0,0.0,1,0.0,0,0
C000059,ENT_000102,2026-03-19 00:00:00,2026-03-16 00:00:00,2026-03-22 00:00:00,1,0,1,0,0,0,0.0,0.0,0.0,0,0,0,0.0,1,0.0,0,0
C000060,ENT_000070,2026-04-21 00:00:00,2026-04-18 00:00:00,2026-04-24 00:00:00,1,0,1,0,0,0,0.0,0.0,0.0,0,0,0,0.0,1,0.0,0,0
C000061,ENT_000009,2026-06-28 00:00:00,2026-06-25 00:00:00,2026-07-01 00:00:00,1,0,1,0,0,0,0.0,0.0,0.0,0,0,0,0.0,1,0.0,0,0
C000062,ENT_000118,2026-07-05 00:00:00,2026-07-02 00:00:00,2026-07-08 00:00:00,1,0,1,0,0,0,0.0,0.0,0.0,0,0,0,0.0,1,0.0,0,0
C000063,ENT_000153,2026-08-02 00:00:00,2026-07-30 00:00:00,2026-08-05 00:00:00,1,0,1,0,0,0,0.0,0.0,0.0,0,0,0,0.0,1,0.0,0,0
C000064,ENT_000410,2026-01-02 00:00:00,2025-12-30 00:00:00,2026-01-05 00:00:00,1,0,1,0,0,0,0.0,0.0,0.0,0,0,0,0.0,1,0.0,0,0
C000065,ENT_000507,2026-01-26 00:00:00,2026-01-23 00:00:00,2026-01-29 00:00:00,6,5,6,0,0,3,811398.04,269369.46,162279.61,0,0,1,0.166667,1,1.6667,1,1
C000066,ENT_000080,2026-04-07 00:00:00,2026-04-04 00:00:00,2026-04-10 00:00:00,1,0,1,0,0,0,0.0,0.0,0.0,0,0,0,0.0,1,0.0,0,0
C000067,ENT_000067,2026-04-27 00:00:00,2026-04-24 00:00:00,2026-04-30 00:00:00,1,0,1,0,0,0,0.0,0.0,0.0,0,0,0,0.0,1,0.0,0,0
C000068,ENT_000019,2026-02-19 00:00:00,2026-02-16 00:00:00,2026-02-22 00:00:00,1,0,1,0,0,0,0.0,0.0,0.0,0,0,0,0.0,1,0.0,0,0
C000069,ENT_000420,2026-04-26 00:00:00,2026-04-23 00:00:00,2026-04-29 00:00:00,1,0,1,0,0,0,0.0,0.0,0.0,0,0,0,0.0,1,0.0,0,0
C000070,ENT_000165,2026-01-23 00:00:00,2026-01-20 00:00:00,2026-01-26 00:00:00,1,0,1,0,0,0,0.0,0.0,0.0,0,0,0,0.0,1,0.0,0,0
C000071,ENT_000084,2026-03-12 00:00:00,2026-03-09 00:00:00,2026-03-15 00:00:00,1,0,1,0,0,0,0.0,0.0,0.0,0,0,0,0.0,1,0.0,0,0
C000072,ENT_000405,2026-02-07 00:00:00,2026-02-04 00:00:00,2026-02-10 00:00:00,1,0,1,0,0,0,0.0,0.0,0.0,0,0,0,0.0,1,0.0,0,0
C000073,ENT_000156,2026-06-10 00:00:00,2026-06-07 00:00:00,2026-06-13 00:00:00,1,0,1,0,0,0,0.0,0.0,0.0,0,0,0,0.0,1,0.0,0,0
C000074,ENT_000553,2026-08-15 00:00:00,2026-08-12 00:00:00,2026-08-18 00:00:00,1,0,1,0,0,0,0.0,0.0,0.0,0,0,0,0.0,1,0.0,0,0
C000075,ENT_000139,2026-05-28 00:00:00,2026-05-25 00:00:00,2026-05-31 00:00:00,1,0,1,0,0,0,0.0,0.0,0.0,0,0,0,0.0,1,0.0,0,0
C000076,ENT_000173,2026-06-24 00:00:00,2026-06-21 00:00:00,2026-06-27 00:00:00,2,1,1,1,1,1,26009.64,26009.64,26009.64,1,0,1,0.5,1,1.0,1,1
C000077,ENT_000239,2026-08-03 00:00:00,2026-07-31 00:00:00,2026-08-06 00:00:00,3,2,3,0,0,1,3629.0,2889.92,1814.5,0,0,2,0.333333,1,1.3333,0,0
C000078,ENT_000405,2026-01-15 00:00:00,2026-01-12 00:00:00,2026-01-18 00:00:00,1,0,1,0,0,0,0.0,0.0,0.0,0,0,0,0.0,1,0.0,0,0
C000079,ENT_000631,2026-02-15 00:00:00,2026-02-12 00:00:00,2026-02-18 00:00:00,1,0,1,0,0,0,0.0,0.0,0.0,0,0,0,0.0,1,0.0,0,0
C000080,ENT_000449,2026-07-07 00:00:00,2026-07-04 00:00:00,2026-07-10 00:00:00,1,0,1,0,0,0,0.0,0.0,0.0,0,0,0,0.0,1,0.0,0,0
C000081,ENT_000154,2026-01-09 00:00:00,2026-01-06 00:00:00,2026-01-12 00:00:00,1,0,1,0,0,0,0.0,0.0,0.0,0,0,0,0.0,1,0.0,0,0
C000082,ENT_000662,2026-03-27 00:00:00,2026-03-24 00:00:00,2026-03-30 00:00:00,1,0,1,0,0,0,0.0,0.0,0.0,0,0,0,0.0,1,0.0,0,0
C000083,ENT_000392,2026-06-02 00:00:00,2026-05-30 00:00:00,2026-06-05 00:00:00,1,0,1,0,0,0,0.0,0.0,0.0,0,0,0,0.0,1,0.0,0,0
C000084,ENT_000685,2026-08-20 00:00:00,2026-08-17 00:00:00,2026-08-23 00:00:00,1,0,1,0,0,0,0.0,0.0,0.0,0,0,0,0.0,1,0.0,0,0
C000085,ENT_000342,2026-04-08 00:00:00,2026-04-05 00:00:00,2026-04-11 00:00:00,1,0,1,0,0,0,0.0,0.0,0.0,0,0,0,0.0,1,0.0,0,0
C000086,ENT_000214,2026-01-01 00:00:00,2025-12-29 00:00:00,2026-01-04 00:00:00,2,1,2,0,0,1,367.34,367.34,367.34,0,0,1,0.5,1,1.0,0,0
C000087,ENT_000345,2026-07-28 00:00:00,2026-07-25 00:00:00,2026-07-31 00:00:00,2,1,2,0,0,1,1902.61,1902.61,1902.61,0,0,1,0.5,1,1.0,0,0
C000088,ENT_000128,2026-07-23 00:00:00,2026-07-20 00:00:00,2026-07-26 00:00:00,3,2,3,0,0,1,31539.74,27889.64,15769.87,0,0,2,0.333333,1,1.3333,0,0
C000089,ENT_000217,2026-01-11 00:00:00,2026-01-08 00:00:00,2026-01-14 00:00:00,2,1,2,0,0,1,2610.45,2610.45,2610.45,0,0,1,0.5,1,1.0,0,0
C000090,ENT_000479,2026-03-11 00:00:00,2026-03-08 00:00:00,2026-03-14 00:00:00,2,1,2,0,0,1,2628.62,2628.62,2628.62,0,0,1,0.5,1,1.0,0,0
C000091,ENT_000692,2026-03-23 00:00:00,2026-03-20 00:00:00,2026-03-26 00:00:00,1,0,1,0,0,0,0.0,0.0,0.0,0,0,0,0.0,1,0.0,0,0
C000092,ENT_000480,2026-07-02 00:00:00,2026-06-29 00:00:00,2026-07-05 00:00:00,1,0,1,0,0,0,0.0,0.0,0.0,0,0,0,0.0,1,0.0,0,0
C000093,ENT_000207,2026-05-29 00:00:00,2026-05-26 00:00:00,2026-06-01 00:00:00,1,0,1,0,0,0,0.0,0.0,0.0,0,0,0,0.0,1,0.0,0,0
C000094,ENT_000020,2026-02-22 00:00:00,2026-02-19 00:00:00,2026-02-25 00:00:00,4,3,3,1,1,3,324579.9,131362.62,108193.3,1,0,1,0.25,1,1.5,1,1
C000095,ENT_000062,2026-07-26 00:00:00,2026-07-23 00:00:00,2026-07-29 00:00:00,2,1,2,0,0,1,1194.36,1194.36,1194.36,0,0,1,0.5,1,1.0,0,0
C000096,ENT_000143,2026-01-29 00:00:00,2026-01-26 00:00:00,2026-02-01 00:00:00,1,0,1,0,0,0,0.0,0.0,0.0,0,0,0,0.0,1,0.0,0,0
C000097,ENT_000136,2026-02-05 00:00:00,2026-02-02 00:00:00,2026-02-08 00:00:00,1,0,1,0,0,0,0.0,0.0,0.0,0,0,0,0.0,1,0.0,0,0
C000098,ENT_000354,2026-06-11 00:00:00,2026-06-08 00:00:00,2026-06-14 00:00:00,1,0,1,0,0,0,0.0,0.0,0.0,0,0,0,0.0,1,0.0,0,0
C000099,ENT_000116,2026-04-27 00:00:00,2026-04-24 00:00:00,2026-04-30 00:00:00,4,3,4,0,0,3,578078.87,201525.43,192692.96,0,0,1,0.25,1,1.5,1,1
C000100,ENT_000542,2026-08-21 00:00:00,2026-08-18 00:00:00,2026-08-24 00:00:00,1,0,1,0,0,0,0.0,0.0,0.0,0,0,0,0.0,1,0.0,0,0
C000101,ENT_000017,2026-05-19 00:00:00,2026-05-16 00:00:00,2026-05-22 00:00:00,1,0,1,0,0,0,0.0,0.0,0.0,0,0,0,0.0,1,0.0,0,0
C000102,ENT_000183,2026-08-05 00:00:00,2026-08-02 00:00:00,2026-08-08 00:00:00,1,0,1,0,0,0,0.0,0.0,0.0,0,0,0,0.0,1,0.0,0,0
C000103,ENT_000093,2026-01-16 00:00:00,2026-01-13 00:00:00,2026-01-19 00:00:00,2,1,2,0,0,1,1847.79,1847.79,1847.79,0,0,1,0.5,1,1.0,0,0
C000104,ENT_000471,2026-08-22 00:00:00,2026-08-19 00:00:00,2026-08-25 00:00:00,1,0,1,0,0,0,0.0,0.0,0.0,0,0,0,0.0,1,0.0,0,0
C000105,ENT_000568,2026-08-18 00:00:00,2026-08-15 00:00:00,2026-08-21 00:00:00,1,0,1,0,0,0,0.0,0.0,0.0,0,0,0,0.0,1,0.0,0,0
C000106,ENT_000138,2026-03-16 00:00:00,2026-03-13 00:00:00,2026-03-19 00:00:00,1,0,1,0,0,0,0.0,0.0,0.0,0,0,0,0.0,1,0.0,0,0
C000107,ENT_000591,2026-02-19 00:00:00,2026-02-16 00:00:00,2026-02-22 00:00:00,1,0,1,0,0,0,0.0,0.0,0.0,0,0,0,0.0,1,0.0,0,0
C000108,ENT_000059,2026-06-05 00:00:00,2026-06-02 00:00:00,2026-06-08 00:00:00,1,0,1,0,0,0,0.0,0.0,0.0,0,0,0,0.0,1,0.0,0,0
C000109,ENT_000433,2026-08-02 00:00:00,2026-07-30 00:00:00,2026-08-05 00:00:00,1,0,1,0,0,0,0.0,0.0,0.0,0,0,0,0.0,1,0.0,0,0
C000110,ENT_000285,2026-06-06 00:00:00,2026-06-03 00:00:00,2026-06-09 00:00:00,1,0,1,0,0,0,0.0,0.0,0.0,0,0,0,0.0,1,0.0,0,0
C000111,ENT_000278,2026-03-02 00:00:00,2026-02-27 00:00:00,2026-03-05 00:00:00,1,0,1,0,0,0,0.0,0.0,0.0,0,0,0,0.0,1,0.0,0,0
C000112,ENT_000420,2026-04-22 00:00:00,2026-04-19 00:00:00,2026-04-25 00:00:00,1,0,1,0,0,0,0.0,0.0,0.0,0,0,0,0.0,1,0.0,0,0
C000113,ENT_000450,2026-06-15 00:00:00,2026-06-12 00:00:00,2026-06-18 00:00:00,1,0,1,0,0,0,0.0,0.0,0.0,0,0,0,0.0,1,0.0,0,0
C000114,ENT_000042,2026-03-18 00:00:00,2026-03-15 00:00:00,2026-03-21 00:00:00,1,0,1,0,0,0,0.0,0.0,0.0,0,0,0,0.0,1,0.0,0,0
C000115,ENT_000584,2026-05-10 00:00:00,2026-05-07 00:00:00,2026-05-13 00:00:00,1,0,1,0,0,0,0.0,0.0,0.0,0,0,0,0.0,1,0.0,0,0
C000116,ENT_000238,2026-04-01 00:00:00,2026-03-29 00:00:00,2026-04-04 00:00:00,1,0,1,0,0,0,0.0,0.0,0.0,0,0,0,0.0,1,0.0,0,0
C000117,ENT_000651,2026-01-19 00:00:00,2026-01-16 00:00:00,2026-01-22 00:00:00,2,1,2,0,0,1,889.17,889.17,889.17,0,0,1,0.5,1,1.0,0,0
C000118,ENT_000320,2026-01-16 00:00:00,2026-01-13 00:00:00,2026-01-19 00:00:00,1,0,1,0,0,0,0.0,0.0,0.0,0,0,0,0.0,1,0.0,0,0
C000119,ENT_000667,2026-08-03 00:00:00,2026-07-31 00:00:00,2026-08-06 00:00:00,1,0,1,0,0,0,0.0,0.0,0.0,0,0,0,0.0,1,0.0,0,0
C000120,ENT_000132,2026-08-05 00:00:00,2026-08-02 00:00:00,2026-08-08 00:00:00,1,0,1,0,0,0,0.0,0.0,0.0,0,0,0,0.0,1,0.0,0,0
C000121,ENT_000411,2026-03-18 00:00:00,2026-03-15 00:00:00,2026-03-21 00:00:00,1,0,1,0,0,0,0.0,0.0,0.0,0,0,0,0.0,1,0.0,0,0
C000122,ENT_000576,2026-02-05 00:00:00,2026-02-02 00:00:00,2026-02-08 00:00:00,1,0,1,0,0,0,0.0,0.0,0.0,0,0,0,0.0,1,0.0,0,0
C000123,ENT_000153,2026-08-23 00:00:00,2026-08-20 00:00:00,2026-08-26 00:00:00,1,0,1,0,0,0,0.0,0.0,0.0,0,0,0,0.0,1,0.0,0,0
C000124,ENT_000626,2026-01-03 00:00:00,2025-12-31 00:00:00,2026-01-06 00:00:00,15,18,12,3,3,2,727333.07,293900.93,40407.39,7,0,7,0.085714,1,2.4,1,1
C000125,ENT_000397,2026-08-11 00:00:00,2026-08-08 00:00:00,2026-08-14 00:00:00,2,1,2,0,0,1,418294.06,418294.06,418294.06,0,0,1,0.5,1,1.0,0,0
C000126,ENT_000143,2026-06-09 00:00:00,2026-06-06 00:00:00,2026-06-12 00:00:00,1,0,1,0,0,0,0.0,0.0,0.0,0,0,0,0.0,1,0.0,0,0
C000127,ENT_000463,2026-07-15 00:00:00,2026-07-12 00:00:00,2026-07-18 00:00:00,1,0,1,0,0,0,0.0,0.0,0.0,0,0,0,0.0,1,0.0,0,0
C000128,ENT_000186,2026-02-22 00:00:00,2026-02-19 00:00:00,2026-02-25 00:00:00,1,0,1,0,0,0,0.0,0.0,0.0,0,0,0,0.0,1,0.0,0,0
C000129,ENT_000164,2026-03-22 00:00:00,2026-03-19 00:00:00,2026-03-25 00:00:00,2,1,2,0,0,1,26751.77,26751.77,26751.77,0,0,1,0.5,1,1.0,0,0
C000130,ENT_000446,2026-07-19 00:00:00,2026-07-16 00:00:00,2026-07-22 00:00:00,1,0,1,0,0,0,0.0,0.0,0.0,0,0,0,0.0,1,0.0,0,0
C000131,ENT_000339,2026-06-12 00:00:00,2026-06-09 00:00:00,2026-06-15 00:00:00,1,0,1,0,0,0,0.0,0.0,0.0,0,0,0,0.0,1,0.0,0,0
C000132,ENT_000168,2026-05-02 00:00:00,2026-04-29 00:00:00,2026-05-05 00:00:00,1,0,1,0,0,0,0.0,0.0,0.0,0,0,0,0.0,1,0.0,0,0
C000133,ENT_000658,2026-06-26 00:00:00,2026-06-23 00:00:00,2026-06-29 00:00:00,1,0,1,0,0,0,0.0,0.0,0.0,0,0,0,0.0,1,0.0,0,0
C000134,ENT_000193,2026-04-09 00:00:00,2026-04-06 00:00:00,2026-04-12 00:00:00,1,0,1,0,0,0,0.0,0.0,0.0,0,0,0,0.0,1,0.0,0,0
C000135,ENT_000007,2026-07-20 00:00:00,2026-07-17 00:00:00,2026-07-23 00:00:00,1,0,1,0,0,0,0.0,0.0,0.0,0,0,0,0.0,1,0.0,0,0
C000136,ENT_000281,2026-03-24 00:00:00,2026-03-21 00:00:00,2026-03-27 00:00:00,3,2,3,0,0,1,36893.18,35547.39,18446.59,0,0,2,0.333333,1,1.3333,0,0
C000137,ENT_000275,2026-03-13 00:00:00,2026-03-10 00:00:00,2026-03-16 00:00:00,1,0,1,0,0,0,0.0,0.0,0.0,0,0,0,0.0,1,0.0,0,0
C000138,ENT_000300,2026-06-11 00:00:00,2026-06-08 00:00:00,2026-06-14 00:00:00,2,1,2,0,0,1,710.37,710.37,710.37,0,0,1,0.5,1,1.0,0,0
C000139,ENT_000524,2026-01-20 00:00:00,2026-01-17 00:00:00,2026-01-23 00:00:00,1,0,1,0,0,0,0.0,0.0,0.0,0,0,0,0.0,1,0.0,0,0
C000140,ENT_000455,2026-05-11 00:00:00,2026-05-08 00:00:00,2026-05-14 00:00:00,2,1,2,0,0,1,281.92,281.92,281.92,0,0,1,0.5,1,1.0,0,0
C000141,ENT_000674,2026-03-30 00:00:00,2026-03-27 00:00:00,2026-04-02 00:00:00,1,0,1,0,0,0,0.0,0.0,0.0,0,0,0,0.0,1,0.0,0,0
C000142,ENT_000289,2026-01-03 00:00:00,2025-12-31 00:00:00,2026-01-06 00:00:00,1,0,1,0,0,0,0.0,0.0,0.0,0,0,0,0.0,1,0.0,0,0
C000143,ENT_000248,2026-01-08 00:00:00,2026-01-05 00:00:00,2026-01-11 00:00:00,1,0,1,0,0,0,0.0,0.0,0.0,0,0,0,0.0,1,0.0,0,0
C000144,ENT_000561,2026-06-29 00:00:00,2026-06-26 00:00:00,2026-07-02 00:00:00,2,1,2,0,0,1,830.35,830.35,830.35,0,0,1,0.5,1,1.0,0,0
C000145,ENT_000315,2026-07-13 00:00:00,2026-07-10 00:00:00,2026-07-16 00:00:00,1,0,1,0,0,0,0.0,0.0,0.0,0,0,0,0.0,1,0.0,0,0
C000146,ENT_000358,2026-07-03 00:00:00,2026-06-30 00:00:00,2026-07-06 00:00:00,2,1,2,0,0,1,755.85,755.85,755.85,0,0,1,0.5,1,1.0,0,0
C000147,ENT_000458,2026-07-14 00:00:00,2026-07-11 00:00:00,2026-07-17 00:00:00,4,3,4,0,0,3,1021898.83,355585.88,340632.94,0,0,1,0.25,1,1.5,1,1
C000148,ENT_000387,2026-02-24 00:00:00,2026-02-21 00:00:00,2026-02-27 00:00:00,4,4,4,0,0,3,61436.84,52971.0,15359.21,0,0,2,0.333333,1,2.0,1,1
C000149,ENT_000624,2026-03-18 00:00:00,2026-03-15 00:00:00,2026-03-21 00:00:00,1,0,1,0,0,0,0.0,0.0,0.0,0,0,0,0.0,1,0.0,0,0
C000150,ENT_000485,2026-01-21 00:00:00,2026-01-18 00:00:00,2026-01-24 00:00:00,2,1,2,0,0,1,2499.15,2499.15,2499.15,0,0,1,0.5,1,1.0,0,0
C000151,ENT_000488,2026-05-14 00:00:00,2026-05-11 00:00:00,2026-05-17 00:00:00,1,0,1,0,0,0,0.0,0.0,0.0,0,0,0,0.0,1,0.0,0,0
C000152,ENT_000101,2026-03-12 00:00:00,2026-03-09 00:00:00,2026-03-15 00:00:00,2,1,2,0,0,1,4799.46,4799.46,4799.46,0,0,1,0.5,1,1.0,0,0
C000153,ENT_000003,2026-08-09 00:00:00,2026-08-06 00:00:00,2026-08-12 00:00:00,1,0,1,0,0,0,0.0,0.0,0.0,0,0,0,0.0,1,0.0,0,0
C000154,ENT_000637,2026-05-31 00:00:00,2026-05-28 00:00:00,2026-06-03 00:00:00,1,0,1,0,0,0,0.0,0.0,0.0,0,0,0,0.0,1,0.0,0,0
C000155,ENT_000099,2026-03-28 00:00:00,2026-03-25 00:00:00,2026-03-31 00:00:00,1,0,1,0,0,0,0.0,0.0,0.0,0,0,0,0.0,1,0.0,0,0
C000156,ENT_000146,2026-06-14 00:00:00,2026-06-11 00:00:00,2026-06-17 00:00:00,4,3,3,1,1,2,419333.59,218620.66,139777.86,1,0,2,0.25,1,1.5,1,1
C000157,ENT_000499,2026-02-09 00:00:00,2026-02-06 00:00:00,2026-02-12 00:00:00,3,2,3,0,0,2,3435.78,2845.04,1717.89,0,0,1,0.333333,1,1.3333,0,0
C000158,ENT_000580,2026-07-18 00:00:00,2026-07-15 00:00:00,2026-07-21 00:00:00,1,0,1,0,0,0,0.0,0.0,0.0,0,0,0,0.0,1,0.0,0,0
C000159,ENT_000286,2026-01-22 00:00:00,2026-01-19 00:00:00,2026-01-25 00:00:00,1,0,1,0,0,0,0.0,0.0,0.0,0,0,0,0.0,1,0.0,0,0
C000160,ENT_000277,2026-07-17 00:00:00,2026-07-14 00:00:00,2026-07-20 00:00:00,2,1,2,0,0,1,182179.41,182179.41,182179.41,0,0,1,0.5,1,1.0,0,0
C000161,ENT_000504,2026-05-18 00:00:00,2026-05-15 00:00:00,2026-05-21 00:00:00,1,0,1,0,0,0,0.0,0.0,0.0,0,0,0,0.0,1,0.0,0,0
C000162,ENT_000599,2026-07-15 00:00:00,2026-07-12 00:00:00,2026-07-18 00:00:00,4,3,4,0,0,3,120669.81,118993.95,40223.27,0,0,1,0.25,1,1.5,1,1
C000163,ENT_000426,2026-06-09 00:00:00,2026-06-06 00:00:00,2026-06-12 00:00:00,1,0,1,0,0,0,0.0,0.0,0.0,0,0,0,0.0,1,0.0,0,0
C000164,ENT_000516,2026-01-10 00:00:00,2026-01-07 00:00:00,2026-01-13 00:00:00,1,0,1,0,0,0,0.0,0.0,0.0,0,0,0,0.0,1,0.0,0,0
C000165,ENT_000058,2026-01-26 00:00:00,2026-01-23 00:00:00,2026-01-29 00:00:00,4,3,4,0,0,3,872194.83,299910.27,290731.61,0,0,1,0.25,1,1.5,1,1
C000166,ENT_000126,2026-02-08 00:00:00,2026-02-05 00:00:00,2026-02-11 00:00:00,1,0,1,0,0,0,0.0,0.0,0.0,0,0,0,0.0,1,0.0,0,0
C000167,ENT_000592,2026-03-14 00:00:00,2026-03-11 00:00:00,2026-03-17 00:00:00,3,2,3,0,0,1,62929.72,40239.06,31464.86,0,0,2,0.333333,1,1.3333,0,0
C000168,ENT_000299,2026-08-23 00:00:00,2026-08-20 00:00:00,2026-08-26 00:00:00,1,0,1,0,0,0,0.0,0.0,0.0,0,0,0,0.0,1,0.0,0,0
C000169,ENT_000490,2026-04-22 00:00:00,2026-04-19 00:00:00,2026-04-25 00:00:00,1,0,1,0,0,0,0.0,0.0,0.0,0,0,0,0.0,1,0.0,0,0
C000170,ENT_000006,2026-01-16 00:00:00,2026-01-13 00:00:00,2026-01-19 00:00:00,1,0,1,0,0,0,0.0,0.0,0.0,0,0,0,0.0,1,0.0,0,0
C000171,ENT_000099,2026-03-11 00:00:00,2026-03-08 00:00:00,2026-03-14 00:00:00,1,0,1,0,0,0,0.0,0.0,0.0,0,0,0,0.0,1,0.0,0,0
C000172,ENT_000129,2026-01-15 00:00:00,2026-01-12 00:00:00,2026-01-18 00:00:00,1,0,1,0,0,0,0.0,0.0,0.0,0,0,0,0.0,1,0.0,0,0
C000173,ENT_000055,2026-04-12 00:00:00,2026-04-09 00:00:00,2026-04-15 00:00:00,1,0,1,0,0,0,0.0,0.0,0.0,0,0,0,0.0,1,0.0,0,0
C000174,ENT_000647,2026-07-07 00:00:00,2026-07-04 00:00:00,2026-07-10 00:00:00,1,0,1,0,0,0,0.0,0.0,0.0,0,0,0,0.0,1,0.0,0,0
C000175,ENT_000434,2026-07-01 00:00:00,2026-06-28 00:00:00,2026-07-04 00:00:00,1,0,1,0,0,0,0.0,0.0,0.0,0,0,0,0.0,1,0.0,0,0
C000176,ENT_000657,2026-03-22 00:00:00,2026-03-19 00:00:00,2026-03-25 00:00:00,1,0,1,0,0,0,0.0,0.0,0.0,0,0,0,0.0,1,0.0,0,0
C000177,ENT_000648,2026-07-04 00:00:00,2026-07-01 00:00:00,2026-07-07 00:00:00,1,0,1,0,0,0,0.0,0.0,0.0,0,0,0,0.0,1,0.0,0,0
C000178,ENT_000537,2026-05-26 00:00:00,2026-05-23 00:00:00,2026-05-29 00:00:00,2,3,1,1,1,1,878525.99,390504.11,292842.0,3,0,3,1.5,1,3.0,1,1
C000179,ENT_000137,2026-02-17 00:00:00,2026-02-14 00:00:00,2026-02-20 00:00:00,1,0,1,0,0,0,0.0,0.0,0.0,0,0,0,0.0,1,0.0,0,0
C000180,ENT_000113,2026-03-01 00:00:00,2026-02-26 00:00:00,2026-03-04 00:00:00,2,1,2,0,0,1,2250.52,2250.52,2250.52,0,0,1,0.5,1,1.0,0,0
C000181,ENT_000586,2026-05-11 00:00:00,2026-05-08 00:00:00,2026-05-14 00:00:00,1,0,1,0,0,0,0.0,0.0,0.0,0,0,0,0.0,1,0.0,0,0
C000182,ENT_000384,2026-08-17 00:00:00,2026-08-14 00:00:00,2026-08-20 00:00:00,2,1,2,0,0,1,419.19,419.19,419.19,0,0,1,0.5,1,1.0,0,0
C000183,ENT_000144,2026-03-06 00:00:00,2026-03-03 00:00:00,2026-03-09 00:00:00,1,0,1,0,0,0,0.0,0.0,0.0,0,0,0,0.0,1,0.0,0,0
C000184,ENT_000558,2026-04-28 00:00:00,2026-04-25 00:00:00,2026-05-01 00:00:00,1,0,1,0,0,0,0.0,0.0,0.0,0,0,0,0.0,1,0.0,0,0
C000185,ENT_000643,2026-07-19 00:00:00,2026-07-16 00:00:00,2026-07-22 00:00:00,1,0,1,0,0,0,0.0,0.0,0.0,0,0,0,0.0,1,0.0,0,0
C000186,ENT_000591,2026-06-29 00:00:00,2026-06-26 00:00:00,2026-07-02 00:00:00,2,1,2,0,0,1,1564.15,1564.15,1564.15,0,0,1,0.5,1,1.0,0,0
C000187,ENT_000394,2026-06-05 00:00:00,2026-06-02 00:00:00,2026-06-08 00:00:00,2,1,2,0,0,1,3705.83,3705.83,3705.83,0,0,1,0.5,1,1.0,0,0
C000188,ENT_000271,2026-06-26 00:00:00,2026-06-23 00:00:00,2026-06-29 00:00:00,1,0,1,0,0,0,0.0,0.0,0.0,0,0,0,0.0,1,0.0,0,0
C000189,ENT_000430,2026-04-14 00:00:00,2026-04-11 00:00:00,2026-04-17 00:00:00,1,0,1,0,0,0,0.0,0.0,0.0,0,0,0,0.0,1,0.0,0,0
C000190,ENT_000323,2026-03-08 00:00:00,2026-03-05 00:00:00,2026-03-11 00:00:00,1,0,1,0,0,0,0.0,0.0,0.0,0,0,0,0.0,1,0.0,0,0
C000191,ENT_000270,2026-06-25 00:00:00,2026-06-22 00:00:00,2026-06-28 00:00:00,1,0,1,0,0,0,0.0,0.0,0.0,0,0,0,0.0,1,0.0,0,0
C000192,ENT_000620,2026-08-08 00:00:00,2026-08-05 00:00:00,2026-08-11 00:00:00,2,1,2,0,0,1,1909.3,1909.3,1909.3,0,0,1,0.5,1,1.0,0,0
C000193,ENT_000276,2026-01-13 00:00:00,2026-01-10 00:00:00,2026-01-16 00:00:00,1,0,1,0,0,0,0.0,0.0,0.0,0,0,0,0.0,1,0.0,0,0
C000194,ENT_000250,2026-01-14 00:00:00,2026-01-11 00:00:00,2026-01-17 00:00:00,2,1,2,0,0,1,109583.82,109583.82,109583.82,0,0,1,0.5,1,1.0,0,0
C000195,ENT_000405,2026-04-09 00:00:00,2026-04-06 00:00:00,2026-04-12 00:00:00,1,0,1,0,0,0,0.0,0.0,0.0,0,0,0,0.0,1,0.0,0,0
C000196,ENT_000103,2026-01-21 00:00:00,2026-01-18 00:00:00,2026-01-24 00:00:00,3,2,2,1,1,1,302197.41,266777.91,151098.7,1,0,2,0.333333,1,1.3333,1,1
C000197,ENT_000199,2026-07-09 00:00:00,2026-07-06 00:00:00,2026-07-12 00:00:00,1,0,1,0,0,0,0.0,0.0,0.0,0,0,0,0.0,1,0.0,0,0
C000198,ENT_000158,2026-05-15 00:00:00,2026-05-12 00:00:00,2026-05-18 00:00:00,1,0,1,0,0,0,0.0,0.0,0.0,0,0,0,0.0,1,0.0,0,0
C000199,ENT_000032,2026-04-29 00:00:00,2026-04-26 00:00:00,2026-05-02 00:00:00,1,0,1,0,0,0,0.0,0.0,0.0,0,0,0,0.0,1,0.0,0,0
C000200,ENT_000647,2026-08-05 00:00:00,2026-08-02 00:00:00,2026-08-08 00:00:00,2,1,2,0,0,1,2979.41,2979.41,2979.41,0,0,1,0.5,1,1.0,0,0
C000201,ENT_000555,2026-05-31 00:00:00,2026-05-28 00:00:00,2026-06-03 00:00:00,1,0,1,0,0,0,0.0,0.0,0.0,0,0,0,0.0,1,0.0,0,0
C000202,ENT_000310,2026-05-25 00:00:00,2026-05-22 00:00:00,2026-05-28 00:00:00,1,0,1,0,0,0,0.0,0.0,0.0,0,0,0,0.0,1,0.0,0,0
C000203,ENT_000290,2026-04-07 00:00:00,2026-04-04 00:00:00,2026-04-10 00:00:00,1,0,1,0,0,0,0.0,0.0,0.0,0,0,0,0.0,1,0.0,0,0
C000204,ENT_000227,2026-07-14 00:00:00,2026-07-11 00:00:00,2026-07-17 00:00:00,1,0,1,0,0,0,0.0,0.0,0.0,0,0,0,0.0,1,0.0,0,0
C000205,ENT_000404,2026-04-04 00:00:00,2026-04-01 00:00:00,2026-04-07 00:00:00,1,0,1,0,0,0,0.0,0.0,0.0,0,0,0,0.0,1,0.0,0,0
C000206,ENT_000253,2026-08-18 00:00:00,2026-08-15 00:00:00,2026-08-21 00:00:00,1,0,1,0,0,0,0.0,0.0,0.0,0,0,0,0.0,1,0.0,0,0
C000207,ENT_000506,2026-06-05 00:00:00,2026-06-02 00:00:00,2026-06-08 00:00:00,1,0,1,0,0,0,0.0,0.0,0.0,0,0,0,0.0,1,0.0,0,0
C000208,ENT_000653,2026-03-02 00:00:00,2026-02-27 00:00:00,2026-03-05 00:00:00,1,0,1,0,0,0,0.0,0.0,0.0,0,0,0,0.0,1,0.0,0,0
C000209,ENT_000432,2026-08-18 00:00:00,2026-08-15 00:00:00,2026-08-21 00:00:00,1,0,1,0,0,0,0.0,0.0,0.0,0,0,0,0.0,1,0.0,0,0
C000210,ENT_000021,2026-03-25 00:00:00,2026-03-22 00:00:00,2026-03-28 00:00:00,1,0,1,0,0,0,0.0,0.0,0.0,0,0,0,0.0,1,0.0,0,0
C000211,ENT_000481,2026-07-24 00:00:00,2026-07-21 00:00:00,2026-07-27 00:00:00,1,0,1,0,0,0,0.0,0.0,0.0,0,0,0,0.0,1,0.0,0,0
C000212,ENT_000009,2026-07-24 00:00:00,2026-07-21 00:00:00,2026-07-27 00:00:00,1,0,1,0,0,0,0.0,0.0,0.0,0,0,0,0.0,1,0.0,0,0
C000213,ENT_000549,2026-02-20 00:00:00,2026-02-17 00:00:00,2026-02-23 00:00:00,1,0,1,0,0,0,0.0,0.0,0.0,0,0,0,0.0,1,0.0,0,0
C000214,ENT_000191,2026-07-26 00:00:00,2026-07-23 00:00:00,2026-07-29 00:00:00,1,0,1,0,0,0,0.0,0.0,0.0,0,0,0,0.0,1,0.0,0,0
C000215,ENT_000525,2026-01-04 00:00:00,2026-01-01 00:00:00,2026-01-07 00:00:00,1,0,1,0,0,0,0.0,0.0,0.0,0,0,0,0.0,1,0.0,0,0
C000216,ENT_000641,2026-02-18 00:00:00,2026-02-15 00:00:00,2026-02-21 00:00:00,1,0,1,0,0,0,0.0,0.0,0.0,0,0,0,0.0,1,0.0,0,0
C000217,ENT_000256,2026-03-23 00:00:00,2026-03-20 00:00:00,2026-03-26 00:00:00,2,1,2,0,0,1,334386.54,334386.54,334386.54,0,0,1,0.5,1,1.0,0,0
C000218,ENT_000536,2026-03-16 00:00:00,2026-03-13 00:00:00,2026-03-19 00:00:00,1,0,1,0,0,0,0.0,0.0,0.0,0,0,0,0.0,1,0.0,0,0
C000219,ENT_000390,2026-07-14 00:00:00,2026-07-11 00:00:00,2026-07-17 00:00:00,1,0,1,0,0,0,0.0,0.0,0.0,0,0,0,0.0,1,0.0,0,0
C000220,ENT_000319,2026-05-04 00:00:00,2026-05-01 00:00:00,2026-05-07 00:00:00,2,1,2,0,0,1,2908.81,2908.81,2908.81,0,0,1,0.5,1,1.0,0,0
C000221,ENT_000255,2026-02-26 00:00:00,2026-02-23 00:00:00,2026-03-01 00:00:00,1,0,1,0,0,0,0.0,0.0,0.0,0,0,0,0.0,1,0.0,0,0
C000222,ENT_000570,2026-02-24 00:00:00,2026-02-21 00:00:00,2026-02-27 00:00:00,2,1,2,0,0,1,3203.59,3203.59,3203.59,0,0,1,0.5,1,1.0,0,0
C000223,ENT_000580,2026-07-16 00:00:00,2026-07-13 00:00:00,2026-07-19 00:00:00,1,0,1,0,0,0,0.0,0.0,0.0,0,0,0,0.0,1,0.0,0,0
C000224,ENT_000337,2026-08-03 00:00:00,2026-07-31 00:00:00,2026-08-06 00:00:00,1,0,1,0,0,0,0.0,0.0,0.0,0,0,0,0.0,1,0.0,0,0
C000225,ENT_000036,2026-03-15 00:00:00,2026-03-12 00:00:00,2026-03-18 00:00:00,2,1,2,0,0,1,343539.64,343539.64,343539.64,0,0,1,0.5,1,1.0,0,0
C000226,ENT_000316,2026-03-29 00:00:00,2026-03-26 00:00:00,2026-04-01 00:00:00,1,0,1,0,0,0,0.0,0.0,0.0,0,0,0,0.0,1,0.0,0,0
C000227,ENT_000192,2026-02-04 00:00:00,2026-02-01 00:00:00,2026-02-07 00:00:00,1,0,1,0,0,0,0.0,0.0,0.0,0,0,0,0.0,1,0.0,0,0
C000228,ENT_000037,2026-05-17 00:00:00,2026-05-14 00:00:00,2026-05-20 00:00:00,1,0,1,0,0,0,0.0,0.0,0.0,0,0,0,0.0,1,0.0,0,0
C000229,ENT_000005,2026-06-19 00:00:00,2026-06-16 00:00:00,2026-06-22 00:00:00,2,1,2,0,0,1,31468.44,31468.44,31468.44,0,0,1,0.5,1,1.0,0,0
C000230,ENT_000380,2026-07-30 00:00:00,2026-07-27 00:00:00,2026-08-02 00:00:00,1,0,1,0,0,0,0.0,0.0,0.0,0,0,0,0.0,1,0.0,0,0
C000231,ENT_000664,2026-05-28 00:00:00,2026-05-25 00:00:00,2026-05-31 00:00:00,4,3,4,0,0,2,5760.39,3266.51,1920.13,0,0,2,0.25,1,1.5,0,0
C000232,ENT_000358,2026-05-29 00:00:00,2026-05-26 00:00:00,2026-06-01 00:00:00,1,0,1,0,0,0,0.0,0.0,0.0,0,0,0,0.0,1,0.0,0,0
C000233,ENT_000443,2026-07-16 00:00:00,2026-07-13 00:00:00,2026-07-19 00:00:00,1,0,1,0,0,0,0.0,0.0,0.0,0,0,0,0.0,1,0.0,0,0
C000234,ENT_000581,2026-05-21 00:00:00,2026-05-18 00:00:00,2026-05-24 00:00:00,6,5,5,1,1,3,898042.62,295258.24,179608.52,1,0,2,0.166667,1,1.6667,1,2
C000235,ENT_000603,2026-05-15 00:00:00,2026-05-12 00:00:00,2026-05-18 00:00:00,2,1,2,0,0,1,28518.02,28518.02,28518.02,0,0,1,0.5,1,1.0,0,0
C000236,ENT_000516,2026-01-05 00:00:00,2026-01-02 00:00:00,2026-01-08 00:00:00,1,0,1,0,0,0,0.0,0.0,0.0,0,0,0,0.0,1,0.0,0,0
C000237,ENT_000137,2026-04-21 00:00:00,2026-04-18 00:00:00,2026-04-24 00:00:00,1,0,1,0,0,0,0.0,0.0,0.0,0,0,0,0.0,1,0.0,0,0
C000238,ENT_000271,2026-07-26 00:00:00,2026-07-23 00:00:00,2026-07-29 00:00:00,1,0,1,0,0,0,0.0,0.0,0.0,0,0,0,0.0,1,0.0,0,0
C000239,ENT_000399,2026-06-15 00:00:00,2026-06-12 00:00:00,2026-06-18 00:00:00,2,1,2,0,0,1,33687.02,33687.02,33687.02,0,0,1,0.5,1,1.0,0,0
C000240,ENT_000117,2026-02-07 00:00:00,2026-02-04 00:00:00,2026-02-10 00:00:00,1,0,1,0,0,0,0.0,0.0,0.0,0,0,0,0.0,1,0.0,0,0
C000241,ENT_000613,2026-03-13 00:00:00,2026-03-10 00:00:00,2026-03-16 00:00:00,1,0,1,0,0,0,0.0,0.0,0.0,0,0,0,0.0,1,0.0,0,0
C000242,ENT_000526,2026-04-11 00:00:00,2026-04-08 00:00:00,2026-04-14 00:00:00,1,0,1,0,0,0,0.0,0.0,0.0,0,0,0,0.0,1,0.0,0,0
C000243,ENT_000432,2026-06-01 00:00:00,2026-05-29 00:00:00,2026-06-04 00:00:00,1,0,1,0,0,0,0.0,0.0,0.0,0,0,0,0.0,1,0.0,0,0
C000244,ENT_000253,2026-07-06 00:00:00,2026-07-03 00:00:00,2026-07-09 00:00:00,1,0,1,0,0,0,0.0,0.0,0.0,0,0,0,0.0,1,0.0,0,0
C000245,ENT_000045,2026-03-27 00:00:00,2026-03-24 00:00:00,2026-03-30 00:00:00,1,0,1,0,0,0,0.0,0.0,0.0,0,0,0,0.0,1,0.0,0,0
C000246,ENT_000045,2026-03-12 00:00:00,2026-03-09 00:00:00,2026-03-15 00:00:00,1,0,1,0,0,0,0.0,0.0,0.0,0,0,0,0.0,1,0.0,0,0
C000247,ENT_000618,2026-05-06 00:00:00,2026-05-03 00:00:00,2026-05-09 00:00:00,1,0,1,0,0,0,0.0,0.0,0.0,0,0,0,0.0,1,0.0,0,0
C000248,ENT_000587,2026-02-11 00:00:00,2026-02-08 00:00:00,2026-02-14 00:00:00,1,0,1,0,0,0,0.0,0.0,0.0,0,0,0,0.0,1,0.0,0,0
C000249,ENT_000393,2026-07-27 00:00:00,2026-07-24 00:00:00,2026-07-30 00:00:00,1,0,1,0,0,0,0.0,0.0,0.0,0,0,0,0.0,1,0.0,0,0
C000250,ENT_000191,2026-08-07 00:00:00,2026-08-04 00:00:00,2026-08-10 00:00:00,1,0,1,0,0,0,0.0,0.0,0.0,0,0,0,0.0,1,0.0,0,0
C000251,ENT_000486,2026-03-22 00:00:00,2026-03-19 00:00:00,2026-03-25 00:00:00,1,0,1,0,0,0,0.0,0.0,0.0,0,0,0,0.0,1,0.0,0,0
C000252,ENT_000078,2026-06-03 00:00:00,2026-05-31 00:00:00,2026-06-06 00:00:00,1,0,1,0,0,0,0.0,0.0,0.0,0,0,0,0.0,1,0.0,0,0
C000253,ENT_000387,2026-08-06 00:00:00,2026-08-03 00:00:00,2026-08-09 00:00:00,1,0,1,0,0,0,0.0,0.0,0.0,0,0,0,0.0,1,0.0,0,0
C000254,ENT_000270,2026-04-27 00:00:00,2026-04-24 00:00:00,2026-04-30 00:00:00,1,0,1,0,0,0,0.0,0.0,0.0,0,0,0,0.0,1,0.0,0,0
C000255,ENT_000611,2026-07-31 00:00:00,2026-07-28 00:00:00,2026-08-03 00:00:00,2,1,2,0,0,1,3651.03,3651.03,3651.03,0,0,1,0.5,1,1.0,0,0
C000256,ENT_000695,2026-01-28 00:00:00,2026-01-25 00:00:00,2026-01-31 00:00:00,3,2,2,1,1,1,5951.27,3231.15,2975.64,1,0,2,0.333333,1,1.3333,0,0
C000257,ENT_000212,2026-06-09 00:00:00,2026-06-06 00:00:00,2026-06-12 00:00:00,1,0,1,0,0,0,0.0,0.0,0.0,0,0,0,0.0,1,0.0,0,0
C000258,ENT_000668,2026-06-07 00:00:00,2026-06-04 00:00:00,2026-06-10 00:00:00,1,0,1,0,0,0,0.0,0.0,0.0,0,0,0,0.0,1,0.0,0,0
C000259,ENT_000303,2026-07-10 00:00:00,2026-07-07 00:00:00,2026-07-13 00:00:00,2,1,2,0,0,1,32076.71,32076.71,32076.71,0,0,1,0.5,1,1.0,0,0
C000260,ENT_000458,2026-07-08 00:00:00,2026-07-05 00:00:00,2026-07-11 00:00:00,2,1,2,0,0,1,5810.8,5810.8,5810.8,0,0,1,0.5,1,1.0,0,0
C000261,ENT_000383,2026-03-07 00:00:00,2026-03-04 00:00:00,2026-03-10 00:00:00,1,0,1,0,0,0,0.0,0.0,0.0,0,0,0,0.0,1,0.0,0,0
C000262,ENT_000679,2026-04-26 00:00:00,2026-04-23 00:00:00,2026-04-29 00:00:00,1,0,1,0,0,0,0.0,0.0,0.0,0,0,0,0.0,1,0.0,0,0
C000263,ENT_000150,2026-06-29 00:00:00,2026-06-26 00:00:00,2026-07-02 00:00:00,1,0,1,0,0,0,0.0,0.0,0.0,0,0,0,0.0,1,0.0,0,0
C000264,ENT_000640,2026-01-11 00:00:00,2026-01-08 00:00:00,2026-01-14 00:00:00,1,0,1,0,0,0,0.0,0.0,0.0,0,0,0,0.0,1,0.0,0,0
C000265,ENT_000198,2026-07-16 00:00:00,2026-07-13 00:00:00,2026-07-19 00:00:00,1,0,1,0,0,0,0.0,0.0,0.0,0,0,0,0.0,1,0.0,0,0
C000266,ENT_000697,2026-08-17 00:00:00,2026-08-14 00:00:00,2026-08-20 00:00:00,1,0,1,0,0,0,0.0,0.0,0.0,0,0,0,0.0,1,0.0,0,0
C000267,ENT_000676,2026-07-11 00:00:00,2026-07-08 00:00:00,2026-07-14 00:00:00,1,0,1,0,0,0,0.0,0.0,0.0,0,0,0,0.0,1,0.0,0,0
C000268,ENT_000064,2026-07-03 00:00:00,2026-06-30 00:00:00,2026-07-06 00:00:00,1,0,1,0,0,0,0.0,0.0,0.0,0,0,0,0.0,1,0.0,0,0
C000269,ENT_000088,2026-05-12 00:00:00,2026-05-09 00:00:00,2026-05-15 00:00:00,1,0,1,0,0,0,0.0,0.0,0.0,0,0,0,0.0,1,0.0,0,0
C000270,ENT_000104,2026-05-09 00:00:00,2026-05-06 00:00:00,2026-05-12 00:00:00,3,2,3,0,0,1,52857.47,48366.5,26428.74,0,0,2,0.333333,1,1.3333,0,0
C000271,ENT_000435,2026-06-19 00:00:00,2026-06-16 00:00:00,2026-06-22 00:00:00,1,0,1,0,0,0,0.0,0.0,0.0,0,0,0,0.0,1,0.0,0,0
C000272,ENT_000001,2026-06-29 00:00:00,2026-06-26 00:00:00,2026-07-02 00:00:00,2,1,2,0,0,1,3670.85,3670.85,3670.85,0,0,1,0.5,1,1.0,0,0
C000273,ENT_000020,2026-05-10 00:00:00,2026-05-07 00:00:00,2026-05-13 00:00:00,1,0,1,0,0,0,0.0,0.0,0.0,0,0,0,0.0,1,0.0,0,0
C000274,ENT_000081,2026-06-25 00:00:00,2026-06-22 00:00:00,2026-06-28 00:00:00,1,0,1,0,0,0,0.0,0.0,0.0,0,0,0,0.0,1,0.0,0,0
C000275,ENT_000533,2026-04-06 00:00:00,2026-04-03 00:00:00,2026-04-09 00:00:00,1,0,1,0,0,0,0.0,0.0,0.0,0,0,0,0.0,1,0.0,0,0
C000276,ENT_000511,2026-06-08 00:00:00,2026-06-05 00:00:00,2026-06-11 00:00:00,1,0,1,0,0,0,0.0,0.0,0.0,0,0,0,0.0,1,0.0,0,0
C000277,ENT_000012,2026-03-09 00:00:00,2026-03-06 00:00:00,2026-03-12 00:00:00,1,0,1,0,0,0,0.0,0.0,0.0,0,0,0,0.0,1,0.0,0,0
C000278,ENT_000195,2026-06-22 00:00:00,2026-06-19 00:00:00,2026-06-25 00:00:00,1,0,1,0,0,0,0.0,0.0,0.0,0,0,0,0.0,1,0.0,0,0
C000279,ENT_000266,2026-04-04 00:00:00,2026-04-01 00:00:00,2026-04-07 00:00:00,1,0,1,0,0,0,0.0,0.0,0.0,0,0,0,0.0,1,0.0,0,0
C000280,ENT_000409,2026-07-31 00:00:00,2026-07-28 00:00:00,2026-08-03 00:00:00,1,0,1,0,0,0,0.0,0.0,0.0,0,0,0,0.0,1,0.0,0,0
C000281,ENT_000375,2026-05-13 00:00:00,2026-05-10 00:00:00,2026-05-16 00:00:00,1,0,1,0,0,0,0.0,0.0,0.0,0,0,0,0.0,1,0.0,0,0
C000282,ENT_000263,2026-06-09 00:00:00,2026-06-06 00:00:00,2026-06-12 00:00:00,1,0,1,0,0,0,0.0,0.0,0.0,0,0,0,0.0,1,0.0,0,0
C000283,ENT_000321,2026-01-30 00:00:00,2026-01-27 00:00:00,2026-02-02 00:00:00,1,0,1,0,0,0,0.0,0.0,0.0,0,0,0,0.0,1,0.0,0,0
C000284,ENT_000049,2026-06-16 00:00:00,2026-06-13 00:00:00,2026-06-19 00:00:00,1,0,1,0,0,0,0.0,0.0,0.0,0,0,0,0.0,1,0.0,0,0
C000285,ENT_000312,2026-03-08 00:00:00,2026-03-05 00:00:00,2026-03-11 00:00:00,2,1,2,0,0,1,884.16,884.16,884.16,0,0,1,0.5,1,1.0,0,0
C000286,ENT_000029,2026-06-08 00:00:00,2026-06-05 00:00:00,2026-06-11 00:00:00,2,1,2,0,0,1,887.37,887.37,887.37,0,0,1,0.5,1,1.0,0,0
C000287,ENT_000240,2026-04-22 00:00:00,2026-04-19 00:00:00,2026-04-25 00:00:00,1,0,1,0,0,0,0.0,0.0,0.0,0,0,0,0.0,1,0.0,0,0
C000288,ENT_000241,2026-05-13 00:00:00,2026-05-10 00:00:00,2026-05-16 00:00:00,1,0,1,0,0,0,0.0,0.0,0.0,0,0,0,0.0,1,0.0,0,0
C000289,ENT_000035,2026-02-23 00:00:00,2026-02-20 00:00:00,2026-02-26 00:00:00,1,0,1,0,0,0,0.0,0.0,0.0,0,0,0,0.0,1,0.0,0,0
C000290,ENT_000135,2026-06-22 00:00:00,2026-06-19 00:00:00,2026-06-25 00:00:00,1,0,1,0,0,0,0.0,0.0,0.0,0,0,0,0.0,1,0.0,0,0
C000291,ENT_000306,2026-02-01 00:00:00,2026-01-29 00:00:00,2026-02-04 00:00:00,1,0,1,0,0,0,0.0,0.0,0.0,0,0,0,0.0,1,0.0,0,0
C000292,ENT_000475,2026-01-29 00:00:00,2026-01-26 00:00:00,2026-02-01 00:00:00,1,0,1,0,0,0,0.0,0.0,0.0,0,0,0,0.0,1,0.0,0,0
C000293,ENT_000663,2026-02-08 00:00:00,2026-02-05 00:00:00,2026-02-11 00:00:00,3,2,3,0,0,2,409372.79,406744.71,204686.4,0,0,1,0.333333,1,1.3333,0,0
C000294,ENT_000064,2026-02-26 00:00:00,2026-02-23 00:00:00,2026-03-01 00:00:00,2,1,1,1,1,1,77346.02,77346.02,77346.02,1,0,1,0.5,1,1.0,1,1
C000295,ENT_000592,2026-08-21 00:00:00,2026-08-18 00:00:00,2026-08-24 00:00:00,2,1,2,0,0,1,2294.87,2294.87,2294.87,0,0,1,0.5,1,1.0,0,0
C000296,ENT_000347,2026-05-04 00:00:00,2026-05-01 00:00:00,2026-05-07 00:00:00,2,1,2,0,0,1,2472.9,2472.9,2472.9,0,0,1,0.5,1,1.0,0,0
C000297,ENT_000694,2026-02-07 00:00:00,2026-02-04 00:00:00,2026-02-10 00:00:00,1,0,1,0,0,0,0.0,0.0,0.0,0,0,0,0.0,1,0.0,0,0
C000298,ENT_000249,2026-05-27 00:00:00,2026-05-24 00:00:00,2026-05-30 00:00:00,1,0,1,0,0,0,0.0,0.0,0.0,0,0,0,0.0,1,0.0,0,0
C000299,ENT_000156,2026-08-14 00:00:00,2026-08-11 00:00:00,2026-08-17 00:00:00,1,0,1,0,0,0,0.0,0.0,0.0,0,0,0,0.0,1,0.0,0,0
C000300,ENT_000347,2026-04-22 00:00:00,2026-04-19 00:00:00,2026-04-25 00:00:00,1,0,1,0,0,0,0.0,0.0,0.0,0,0,0,0.0,1,0.0,0,0
C000301,ENT_000542,2026-01-11 00:00:00,2026-01-08 00:00:00,2026-01-14 00:00:00,1,0,1,0,0,0,0.0,0.0,0.0,0,0,0,0.0,1,0.0,0,0
C000302,ENT_000528,2026-03-30 00:00:00,2026-03-27 00:00:00,2026-04-02 00:00:00,2,1,2,0,0,1,4499.01,4499.01,4499.01,0,0,1,0.5,1,1.0,0,0
C000303,ENT_000128,2026-05-10 00:00:00,2026-05-07 00:00:00,2026-05-13 00:00:00,2,2,2,0,0,1,7037.5,4440.94,3518.75,0,0,2,1.0,1,2.0,0,0
C000304,ENT_000455,2026-08-12 00:00:00,2026-08-09 00:00:00,2026-08-15 00:00:00,1,0,1,0,0,0,0.0,0.0,0.0,0,0,0,0.0,1,0.0,0,0
C000305,ENT_000083,2026-01-24 00:00:00,2026-01-21 00:00:00,2026-01-27 00:00:00,1,0,1,0,0,0,0.0,0.0,0.0,0,0,0,0.0,1,0.0,0,0
C000306,ENT_000359,2026-08-04 00:00:00,2026-08-01 00:00:00,2026-08-07 00:00:00,1,0,1,0,0,0,0.0,0.0,0.0,0,0,0,0.0,1,0.0,0,0
C000307,ENT_000441,2026-05-29 00:00:00,2026-05-26 00:00:00,2026-06-01 00:00:00,1,0,1,0,0,0,0.0,0.0,0.0,0,0,0,0.0,1,0.0,0,0
C000308,ENT_000691,2026-01-25 00:00:00,2026-01-22 00:00:00,2026-01-28 00:00:00,2,1,2,0,0,1,3284.29,3284.29,3284.29,0,0,1,0.5,1,1.0,0,0
C000309,ENT_000102,2026-08-11 00:00:00,2026-08-08 00:00:00,2026-08-14 00:00:00,2,1,2,0,0,1,4335.41,4335.41,4335.41,0,0,1,0.5,1,1.0,0,0
C000310,ENT_000264,2026-01-26 00:00:00,2026-01-23 00:00:00,2026-01-29 00:00:00,1,0,1,0,0,0,0.0,0.0,0.0,0,0,0,0.0,1,0.0,0,0
C000311,ENT_000452,2026-04-06 00:00:00,2026-04-03 00:00:00,2026-04-09 00:00:00,2,1,2,0,0,1,7437.75,7437.75,7437.75,0,0,1,0.5,1,1.0,0,0
C000312,ENT_000311,2026-01-12 00:00:00,2026-01-09 00:00:00,2026-01-15 00:00:00,2,1,2,0,0,1,247247.25,247247.25,247247.25,0,0,1,0.5,1,1.0,0,0
C000313,ENT_000041,2026-01-10 00:00:00,2026-01-07 00:00:00,2026-01-13 00:00:00,1,0,1,0,0,0,0.0,0.0,0.0,0,0,0,0.0,1,0.0,0,0
C000314,ENT_000229,2026-03-15 00:00:00,2026-03-12 00:00:00,2026-03-18 00:00:00,1,0,1,0,0,0,0.0,0.0,0.0,0,0,0,0.0,1,0.0,0,0
C000315,ENT_000170,2026-01-27 00:00:00,2026-01-24 00:00:00,2026-01-30 00:00:00,1,0,1,0,0,0,0.0,0.0,0.0,0,0,0,0.0,1,0.0,0,0
C000316,ENT_000120,2026-07-31 00:00:00,2026-07-28 00:00:00,2026-08-03 00:00:00,1,0,1,0,0,0,0.0,0.0,0.0,0,0,0,0.0,1,0.0,0,0
C000317,ENT_000366,2026-05-24 00:00:00,2026-05-21 00:00:00,2026-05-27 00:00:00,1,0,1,0,0,0,0.0,0.0,0.0,0,0,0,0.0,1,0.0,0,0
C000318,ENT_000498,2026-06-18 00:00:00,2026-06-15 00:00:00,2026-06-21 00:00:00,1,0,1,0,0,0,0.0,0.0,0.0,0,0,0,0.0,1,0.0,0,0
C000319,ENT_000395,2026-05-01 00:00:00,2026-04-28 00:00:00,2026-05-04 00:00:00,1,0,1,0,0,0,0.0,0.0,0.0,0,0,0,0.0,1,0.0,0,0
C000320,ENT_000126,2026-03-24 00:00:00,2026-03-21 00:00:00,2026-03-27 00:00:00,1,0,1,0,0,0,0.0,0.0,0.0,0,0,0,0.0,1,0.0,0,0
C000321,ENT_000218,2026-01-17 00:00:00,2026-01-14 00:00:00,2026-01-20 00:00:00,1,0,1,0,0,0,0.0,0.0,0.0,0,0,0,0.0,1,0.0,0,0
C000322,ENT_000677,2026-02-05 00:00:00,2026-02-02 00:00:00,2026-02-08 00:00:00,1,0,1,0,0,0,0.0,0.0,0.0,0,0,0,0.0,1,0.0,0,0
C000323,ENT_000091,2026-06-01 00:00:00,2026-05-29 00:00:00,2026-06-04 00:00:00,1,0,1,0,0,0,0.0,0.0,0.0,0,0,0,0.0,1,0.0,0,0
C000324,ENT_000131,2026-05-18 00:00:00,2026-05-15 00:00:00,2026-05-21 00:00:00,1,0,1,0,0,0,0.0,0.0,0.0,0,0,0,0.0,1,0.0,0,0
C000325,ENT_000008,2026-01-06 00:00:00,2026-01-03 00:00:00,2026-01-09 00:00:00,1,0,1,0,0,0,0.0,0.0,0.0,0,0,0,0.0,1,0.0,0,0
C000326,ENT_000091,2026-02-07 00:00:00,2026-02-04 00:00:00,2026-02-10 00:00:00,1,0,1,0,0,0,0.0,0.0,0.0,0,0,0,0.0,1,0.0,0,0
C000327,ENT_000418,2026-07-11 00:00:00,2026-07-08 00:00:00,2026-07-14 00:00:00,1,0,1,0,0,0,0.0,0.0,0.0,0,0,0,0.0,1,0.0,0,0
C000328,ENT_000124,2026-03-15 00:00:00,2026-03-12 00:00:00,2026-03-18 00:00:00,2,1,2,0,0,1,4263.84,4263.84,4263.84,0,0,1,0.5,1,1.0,0,0
C000329,ENT_000172,2026-07-19 00:00:00,2026-07-16 00:00:00,2026-07-22 00:00:00,3,4,2,1,1,2,230183.66,142285.52,57545.91,2,0,2,0.666667,1,2.6667,1,1
C000330,ENT_000583,2026-02-20 00:00:00,2026-02-17 00:00:00,2026-02-23 00:00:00,2,1,2,0,0,1,2873.95,2873.95,2873.95,0,0,1,0.5,1,1.0,0,0
C000331,ENT_000335,2026-06-24 00:00:00,2026-06-21 00:00:00,2026-06-27 00:00:00,1,0,1,0,0,0,0.0,0.0,0.0,0,0,0,0.0,1,0.0,0,0
C000332,ENT_000442,2026-03-23 00:00:00,2026-03-20 00:00:00,2026-03-26 00:00:00,1,0,1,0,0,0,0.0,0.0,0.0,0,0,0,0.0,1,0.0,0,0
C000333,ENT_000054,2026-01-14 00:00:00,2026-01-11 00:00:00,2026-01-17 00:00:00,1,0,1,0,0,0,0.0,0.0,0.0,0,0,0,0.0,1,0.0,0,0
C000334,ENT_000151,2026-07-05 00:00:00,2026-07-02 00:00:00,2026-07-08 00:00:00,1,0,1,0,0,0,0.0,0.0,0.0,0,0,0,0.0,1,0.0,0,0
C000335,ENT_000197,2026-02-26 00:00:00,2026-02-23 00:00:00,2026-03-01 00:00:00,1,0,1,0,0,0,0.0,0.0,0.0,0,0,0,0.0,1,0.0,0,0
C000336,ENT_000085,2026-04-12 00:00:00,2026-04-09 00:00:00,2026-04-15 00:00:00,1,0,1,0,0,0,0.0,0.0,0.0,0,0,0,0.0,1,0.0,0,0
C000337,ENT_000034,2026-05-24 00:00:00,2026-05-21 00:00:00,2026-05-27 00:00:00,1,0,1,0,0,0,0.0,0.0,0.0,0,0,0,0.0,1,0.0,0,0
C000338,ENT_000675,2026-03-03 00:00:00,2026-02-28 00:00:00,2026-03-06 00:00:00,1,0,1,0,0,0,0.0,0.0,0.0,0,0,0,0.0,1,0.0,0,0
C000339,ENT_000531,2026-06-07 00:00:00,2026-06-04 00:00:00,2026-06-10 00:00:00,1,0,1,0,0,0,0.0,0.0,0.0,0,0,0,0.0,1,0.0,0,0
C000340,ENT_000133,2026-07-22 00:00:00,2026-07-19 00:00:00,2026-07-25 00:00:00,1,0,1,0,0,0,0.0,0.0,0.0,0,0,0,0.0,1,0.0,0,0
C000341,ENT_000074,2026-06-15 00:00:00,2026-06-12 00:00:00,2026-06-18 00:00:00,1,0,1,0,0,0,0.0,0.0,0.0,0,0,0,0.0,1,0.0,0,0
C000342,ENT_000207,2026-01-05 00:00:00,2026-01-02 00:00:00,2026-01-08 00:00:00,2,1,2,0,0,1,307.99,307.99,307.99,0,0,1,0.5,1,1.0,0,0
C000343,ENT_000139,2026-02-15 00:00:00,2026-02-12 00:00:00,2026-02-18 00:00:00,2,1,2,0,0,1,802.92,802.92,802.92,0,0,1,0.5,1,1.0,0,0
C000344,ENT_000546,2026-05-16 00:00:00,2026-05-13 00:00:00,2026-05-19 00:00:00,1,0,1,0,0,0,0.0,0.0,0.0,0,0,0,0.0,1,0.0,0,0
C000345,ENT_000543,2026-06-26 00:00:00,2026-06-23 00:00:00,2026-06-29 00:00:00,2,2,2,0,0,1,6374.06,4849.78,3187.03,0,0,2,1.0,1,2.0,0,0
C000346,ENT_000123,2026-07-13 00:00:00,2026-07-10 00:00:00,2026-07-16 00:00:00,1,0,1,0,0,0,0.0,0.0,0.0,0,0,0,0.0,1,0.0,0,0
C000347,ENT_000033,2026-07-17 00:00:00,2026-07-14 00:00:00,2026-07-20 00:00:00,2,1,2,0,0,1,35844.38,35844.38,35844.38,0,0,1,0.5,1,1.0,0,0
C000348,ENT_000232,2026-03-08 00:00:00,2026-03-05 00:00:00,2026-03-11 00:00:00,1,0,1,0,0,0,0.0,0.0,0.0,0,0,0,0.0,1,0.0,0,0
C000349,ENT_000097,2026-06-01 00:00:00,2026-05-29 00:00:00,2026-06-04 00:00:00,1,0,1,0,0,0,0.0,0.0,0.0,0,0,0,0.0,1,0.0,0,0
C000350,ENT_000444,2026-06-10 00:00:00,2026-06-07 00:00:00,2026-06-13 00:00:00,1,0,1,0,0,0,0.0,0.0,0.0,0,0,0,0.0,1,0.0,0,0
C000351,ENT_000208,2026-04-17 00:00:00,2026-04-14 00:00:00,2026-04-20 00:00:00,2,1,2,0,0,1,25036.88,25036.88,25036.88,0,0,1,0.5,1,1.0,0,0
C000352,ENT_000502,2026-06-23 00:00:00,2026-06-20 00:00:00,2026-06-26 00:00:00,4,3,3,1,1,3,215730.82,188936.32,71910.27,1,0,1,0.25,1,1.5,1,1
C000353,ENT_000247,2026-04-26 00:00:00,2026-04-23 00:00:00,2026-04-29 00:00:00,1,0,1,0,0,0,0.0,0.0,0.0,0,0,0,0.0,1,0.0,0,0
C000354,ENT_000190,2026-04-13 00:00:00,2026-04-10 00:00:00,2026-04-16 00:00:00,1,0,1,0,0,0,0.0,0.0,0.0,0,0,0,0.0,1,0.0,0,0
C000355,ENT_000138,2026-04-06 00:00:00,2026-04-03 00:00:00,2026-04-09 00:00:00,1,0,1,0,0,0,0.0,0.0,0.0,0,0,0,0.0,1,0.0,0,0
C000356,ENT_000469,2026-04-14 00:00:00,2026-04-11 00:00:00,2026-04-17 00:00:00,1,0,1,0,0,0,0.0,0.0,0.0,0,0,0,0.0,1,0.0,0,0
C000357,ENT_000643,2026-01-07 00:00:00,2026-01-04 00:00:00,2026-01-10 00:00:00,1,0,1,0,0,0,0.0,0.0,0.0,0,0,0,0.0,1,0.0,0,0
C000358,ENT_000023,2026-08-05 00:00:00,2026-08-02 00:00:00,2026-08-08 00:00:00,1,0,1,0,0,0,0.0,0.0,0.0,0,0,0,0.0,1,0.0,0,0
C000359,ENT_000052,2026-01-26 00:00:00,2026-01-23 00:00:00,2026-01-29 00:00:00,1,0,1,0,0,0,0.0,0.0,0.0,0,0,0,0.0,1,0.0,0,0
C000360,ENT_000011,2026-03-20 00:00:00,2026-03-17 00:00:00,2026-03-23 00:00:00,1,0,1,0,0,0,0.0,0.0,0.0,0,0,0,0.0,1,0.0,0,0
C000361,ENT_000622,2026-03-24 00:00:00,2026-03-21 00:00:00,2026-03-27 00:00:00,1,0,1,0,0,0,0.0,0.0,0.0,0,0,0,0.0,1,0.0,0,0
C000362,ENT_000360,2026-03-29 00:00:00,2026-03-26 00:00:00,2026-04-01 00:00:00,1,0,1,0,0,0,0.0,0.0,0.0,0,0,0,0.0,1,0.0,0,0
C000363,ENT_000328,2026-02-18 00:00:00,2026-02-15 00:00:00,2026-02-21 00:00:00,2,1,2,0,0,1,220.04,220.04,220.04,0,0,1,0.5,1,1.0,0,0
C000364,ENT_000343,2026-06-13 00:00:00,2026-06-10 00:00:00,2026-06-16 00:00:00,1,0,1,0,0,0,0.0,0.0,0.0,0,0,0,0.0,1,0.0,0,0
C000365,ENT_000557,2026-05-20 00:00:00,2026-05-17 00:00:00,2026-05-23 00:00:00,2,1,2,0,0,1,510.93,510.93,510.93,0,0,1,0.5,1,1.0,0,0
C000366,ENT_000505,2026-06-27 00:00:00,2026-06-24 00:00:00,2026-06-30 00:00:00,5,4,4,1,1,3,860132.79,294961.92,215033.2,1,0,2,0.2,1,1.6,1,1
C000367,ENT_000522,2026-02-20 00:00:00,2026-02-17 00:00:00,2026-02-23 00:00:00,1,0,1,0,0,0,0.0,0.0,0.0,0,0,0,0.0,1,0.0,0,0
C000368,ENT_000008,2026-07-05 00:00:00,2026-07-02 00:00:00,2026-07-08 00:00:00,1,0,1,0,0,0,0.0,0.0,0.0,0,0,0,0.0,1,0.0,0,0
C000369,ENT_000511,2026-01-15 00:00:00,2026-01-12 00:00:00,2026-01-18 00:00:00,1,0,1,0,0,0,0.0,0.0,0.0,0,0,0,0.0,1,0.0,0,0
C000370,ENT_000548,2026-04-10 00:00:00,2026-04-07 00:00:00,2026-04-13 00:00:00,1,0,1,0,0,0,0.0,0.0,0.0,0,0,0,0.0,1,0.0,0,0
C000371,ENT_000022,2026-03-11 00:00:00,2026-03-08 00:00:00,2026-03-14 00:00:00,2,1,2,0,0,1,346109.71,346109.71,346109.71,0,0,1,0.5,1,1.0,0,0
C000372,ENT_000432,2026-07-02 00:00:00,2026-06-29 00:00:00,2026-07-05 00:00:00,1,0,1,0,0,0,0.0,0.0,0.0,0,0,0,0.0,1,0.0,0,0
C000373,ENT_000098,2026-08-19 00:00:00,2026-08-16 00:00:00,2026-08-22 00:00:00,1,0,1,0,0,0,0.0,0.0,0.0,0,0,0,0.0,1,0.0,0,0
C000374,ENT_000541,2026-05-28 00:00:00,2026-05-25 00:00:00,2026-05-31 00:00:00,1,0,1,0,0,0,0.0,0.0,0.0,0,0,0,0.0,1,0.0,0,0
C000375,ENT_000656,2026-04-02 00:00:00,2026-03-30 00:00:00,2026-04-05 00:00:00,1,0,1,0,0,0,0.0,0.0,0.0,0,0,0,0.0,1,0.0,0,0
C000376,ENT_000018,2026-07-12 00:00:00,2026-07-09 00:00:00,2026-07-15 00:00:00,1,0,1,0,0,0,0.0,0.0,0.0,0,0,0,0.0,1,0.0,0,0
C000377,ENT_000527,2026-03-11 00:00:00,2026-03-08 00:00:00,2026-03-14 00:00:00,1,0,1,0,0,0,0.0,0.0,0.0,0,0,0,0.0,1,0.0,0,0
C000378,ENT_000368,2026-03-02 00:00:00,2026-02-27 00:00:00,2026-03-05 00:00:00,1,0,1,0,0,0,0.0,0.0,0.0,0,0,0,0.0,1,0.0,0,0
C000379,ENT_000144,2026-02-25 00:00:00,2026-02-22 00:00:00,2026-02-28 00:00:00,1,0,1,0,0,0,0.0,0.0,0.0,0,0,0,0.0,1,0.0,0,0
C000380,ENT_000431,2026-04-12 00:00:00,2026-04-09 00:00:00,2026-04-15 00:00:00,5,4,5,0,0,2,22917.31,14138.53,5729.33,0,0,1,0.2,1,1.6,0,0
C000381,ENT_000061,2026-01-01 00:00:00,2025-12-29 00:00:00,2026-01-04 00:00:00,2,1,2,0,0,1,4560.96,4560.96,4560.96,0,0,1,0.5,1,1.0,0,0
C000382,ENT_000698,2026-02-08 00:00:00,2026-02-05 00:00:00,2026-02-11 00:00:00,1,0,1,0,0,0,0.0,0.0,0.0,0,0,0,0.0,1,0.0,0,0
C000383,ENT_000247,2026-08-08 00:00:00,2026-08-05 00:00:00,2026-08-11 00:00:00,1,0,1,0,0,0,0.0,0.0,0.0,0,0,0,0.0,1,0.0,0,0
C000384,ENT_000215,2026-07-26 00:00:00,2026-07-23 00:00:00,2026-07-29 00:00:00,1,0,1,0,0,0,0.0,0.0,0.0,0,0,0,0.0,1,0.0,0,0
C000385,ENT_000484,2026-08-09 00:00:00,2026-08-06 00:00:00,2026-08-12 00:00:00,1,0,1,0,0,0,0.0,0.0,0.0,0,0,0,0.0,1,0.0,0,0
C000386,ENT_000359,2026-02-19 00:00:00,2026-02-16 00:00:00,2026-02-22 00:00:00,1,0,1,0,0,0,0.0,0.0,0.0,0,0,0,0.0,1,0.0,0,0
C000387,ENT_000457,2026-05-17 00:00:00,2026-05-14 00:00:00,2026-05-20 00:00:00,1,0,1,0,0,0,0.0,0.0,0.0,0,0,0,0.0,1,0.0,0,0
C000388,ENT_000590,2026-01-13 00:00:00,2026-01-10 00:00:00,2026-01-16 00:00:00,1,0,1,0,0,0,0.0,0.0,0.0,0,0,0,0.0,1,0.0,0,0
C000389,ENT_000050,2026-06-21 00:00:00,2026-06-18 00:00:00,2026-06-24 00:00:00,1,0,1,0,0,0,0.0,0.0,0.0,0,0,0,0.0,1,0.0,0,0
C000390,ENT_000627,2026-07-17 00:00:00,2026-07-14 00:00:00,2026-07-20 00:00:00,1,0,1,0,0,0,0.0,0.0,0.0,0,0,0,0.0,1,0.0,0,0
C000391,ENT_000662,2026-01-23 00:00:00,2026-01-20 00:00:00,2026-01-26 00:00:00,4,3,4,0,0,3,246335.59,84813.92,82111.86,0,0,1,0.25,1,1.5,1,1
C000392,ENT_000108,2026-03-19 00:00:00,2026-03-16 00:00:00,2026-03-22 00:00:00,1,0,1,0,0,0,0.0,0.0,0.0,0,0,0,0.0,1,0.0,0,0
C000393,ENT_000619,2026-06-25 00:00:00,2026-06-22 00:00:00,2026-06-28 00:00:00,2,1,1,1,1,1,104992.03,104992.03,104992.03,1,0,1,0.5,1,1.0,1,1
C000394,ENT_000684,2026-02-17 00:00:00,2026-02-14 00:00:00,2026-02-20 00:00:00,1,0,1,0,0,0,0.0,0.0,0.0,0,0,0,0.0,1,0.0,0,0
C000395,ENT_000584,2026-07-02 00:00:00,2026-06-29 00:00:00,2026-07-05 00:00:00,1,0,1,0,0,0,0.0,0.0,0.0,0,0,0,0.0,1,0.0,0,0
C000396,ENT_000620,2026-05-07 00:00:00,2026-05-04 00:00:00,2026-05-10 00:00:00,1,0,1,0,0,0,0.0,0.0,0.0,0,0,0,0.0,1,0.0,0,0
C000397,ENT_000437,2026-05-25 00:00:00,2026-05-22 00:00:00,2026-05-28 00:00:00,1,0,1,0,0,0,0.0,0.0,0.0,0,0,0,0.0,1,0.0,0,0
C000398,ENT_000559,2026-07-21 00:00:00,2026-07-18 00:00:00,2026-07-24 00:00:00,2,1,2,0,0,1,4725.08,4725.08,4725.08,0,0,1,0.5,1,1.0,0,0
C000399,ENT_000147,2026-02-08 00:00:00,2026-02-05 00:00:00,2026-02-11 00:00:00,1,0,1,0,0,0,0.0,0.0,0.0,0,0,0,0.0,1,0.0,0,0
C000400,ENT_000447,2026-07-12 00:00:00,2026-07-09 00:00:00,2026-07-15 00:00:00,1,0,1,0,0,0,0.0,0.0,0.0,0,0,0,0.0,1,0.0,0,0
C000401,ENT_000468,2026-04-23 00:00:00,2026-04-20 00:00:00,2026-04-26 00:00:00,1,0,1,0,0,0,0.0,0.0,0.0,0,0,0,0.0,1,0.0,0,0
C000402,ENT_000678,2026-01-27 00:00:00,2026-01-24 00:00:00,2026-01-30 00:00:00,1,0,1,0,0,0,0.0,0.0,0.0,0,0,0,0.0,1,0.0,0,0
C000403,ENT_000162,2026-05-20 00:00:00,2026-05-17 00:00:00,2026-05-23 00:00:00,1,0,1,0,0,0,0.0,0.0,0.0,0,0,0,0.0,1,0.0,0,0
C000404,ENT_000284,2026-01-28 00:00:00,2026-01-25 00:00:00,2026-01-31 00:00:00,2,1,2,0,0,1,38910.75,38910.75,38910.75,0,0,1,0.5,1,1.0,0,0
C000405,ENT_000403,2026-07-22 00:00:00,2026-07-19 00:00:00,2026-07-25 00:00:00,1,0,1,0,0,0,0.0,0.0,0.0,0,0,0,0.0,1,0.0,0,0
C000406,ENT_000551,2026-05-10 00:00:00,2026-05-07 00:00:00,2026-05-13 00:00:00,1,0,1,0,0,0,0.0,0.0,0.0,0,0,0,0.0,1,0.0,0,0
C000407,ENT_000230,2026-02-05 00:00:00,2026-02-02 00:00:00,2026-02-08 00:00:00,6,5,6,0,0,3,10432.72,4294.28,2086.54,0,0,1,0.166667,1,1.6667,0,0
C000408,ENT_000699,2026-06-13 00:00:00,2026-06-10 00:00:00,2026-06-16 00:00:00,3,2,3,0,0,1,4731.61,3789.62,2365.8,0,0,2,0.333333,1,1.3333,0,0
C000409,ENT_000284,2026-03-08 00:00:00,2026-03-05 00:00:00,2026-03-11 00:00:00,1,0,1,0,0,0,0.0,0.0,0.0,0,0,0,0.0,1,0.0,0,0
C000410,ENT_000025,2026-08-24 00:00:00,2026-08-21 00:00:00,2026-08-27 00:00:00,1,0,1,0,0,0,0.0,0.0,0.0,0,0,0,0.0,1,0.0,0,0
C000411,ENT_000510,2026-05-17 00:00:00,2026-05-14 00:00:00,2026-05-20 00:00:00,1,0,1,0,0,0,0.0,0.0,0.0,0,0,0,0.0,1,0.0,0,0
C000412,ENT_000470,2026-06-15 00:00:00,2026-06-12 00:00:00,2026-06-18 00:00:00,1,0,1,0,0,0,0.0,0.0,0.0,0,0,0,0.0,1,0.0,0,0
C000413,ENT_000333,2026-08-04 00:00:00,2026-08-01 00:00:00,2026-08-07 00:00:00,1,0,1,0,0,0,0.0,0.0,0.0,0,0,0,0.0,1,0.0,0,0
C000414,ENT_000364,2026-08-04 00:00:00,2026-08-01 00:00:00,2026-08-07 00:00:00,1,0,1,0,0,0,0.0,0.0,0.0,0,0,0,0.0,1,0.0,0,0
C000415,ENT_000660,2026-08-14 00:00:00,2026-08-11 00:00:00,2026-08-17 00:00:00,3,2,3,0,0,2,5621.84,4264.05,2810.92,0,0,1,0.333333,1,1.3333,0,0
C000416,ENT_000020,2026-02-15 00:00:00,2026-02-12 00:00:00,2026-02-18 00:00:00,1,0,1,0,0,0,0.0,0.0,0.0,0,0,0,0.0,1,0.0,0,0
C000417,ENT_000317,2026-05-06 00:00:00,2026-05-03 00:00:00,2026-05-09 00:00:00,2,1,2,0,0,1,1955.46,1955.46,1955.46,0,0,1,0.5,1,1.0,0,0
C000418,ENT_000048,2026-08-24 00:00:00,2026-08-21 00:00:00,2026-08-27 00:00:00,1,0,1,0,0,0,0.0,0.0,0.0,0,0,0,0.0,1,0.0,0,0
C000419,ENT_000440,2026-02-24 00:00:00,2026-02-21 00:00:00,2026-02-27 00:00:00,1,0,1,0,0,0,0.0,0.0,0.0,0,0,0,0.0,1,0.0,0,0
C000420,ENT_000412,2026-01-07 00:00:00,2026-01-04 00:00:00,2026-01-10 00:00:00,1,0,1,0,0,0,0.0,0.0,0.0,0,0,0,0.0,1,0.0,0,0
C000421,ENT_000244,2026-06-17 00:00:00,2026-06-14 00:00:00,2026-06-20 00:00:00,1,0,1,0,0,0,0.0,0.0,0.0,0,0,0,0.0,1,0.0,0,0
C000422,ENT_000291,2026-07-09 00:00:00,2026-07-06 00:00:00,2026-07-12 00:00:00,1,0,1,0,0,0,0.0,0.0,0.0,0,0,0,0.0,1,0.0,0,0
C000423,ENT_000301,2026-05-30 00:00:00,2026-05-27 00:00:00,2026-06-02 00:00:00,1,0,1,0,0,0,0.0,0.0,0.0,0,0,0,0.0,1,0.0,0,0
C000424,ENT_000189,2026-01-09 00:00:00,2026-01-06 00:00:00,2026-01-12 00:00:00,2,1,1,1,1,1,3965.26,3965.26,3965.26,1,0,1,0.5,1,1.0,0,0
C000425,ENT_000018,2026-05-06 00:00:00,2026-05-03 00:00:00,2026-05-09 00:00:00,1,0,1,0,0,0,0.0,0.0,0.0,0,0,0,0.0,1,0.0,0,0
C000426,ENT_000261,2026-07-17 00:00:00,2026-07-14 00:00:00,2026-07-20 00:00:00,1,0,1,0,0,0,0.0,0.0,0.0,0,0,0,0.0,1,0.0,0,0
C000427,ENT_000561,2026-07-22 00:00:00,2026-07-19 00:00:00,2026-07-25 00:00:00,1,0,1,0,0,0,0.0,0.0,0.0,0,0,0,0.0,1,0.0,0,0
C000428,ENT_000263,2026-05-28 00:00:00,2026-05-25 00:00:00,2026-05-31 00:00:00,1,0,1,0,0,0,0.0,0.0,0.0,0,0,0,0.0,1,0.0,0,0
C000429,ENT_000563,2026-05-23 00:00:00,2026-05-20 00:00:00,2026-05-26 00:00:00,2,1,1,1,1,1,47094.77,47094.77,47094.77,1,0,1,0.5,1,1.0,1,1
C000430,ENT_000682,2026-04-03 00:00:00,2026-03-31 00:00:00,2026-04-06 00:00:00,1,0,1,0,0,0,0.0,0.0,0.0,0,0,0,0.0,1,0.0,0,0
C000431,ENT_000562,2026-01-30 00:00:00,2026-01-27 00:00:00,2026-02-02 00:00:00,2,1,2,0,0,1,4583.65,4583.65,4583.65,0,0,1,0.5,1,1.0,0,0
C000432,ENT_000179,2026-08-17 00:00:00,2026-08-14 00:00:00,2026-08-20 00:00:00,1,0,1,0,0,0,0.0,0.0,0.0,0,0,0,0.0,1,0.0,0,0
C000433,ENT_000096,2026-05-16 00:00:00,2026-05-13 00:00:00,2026-05-19 00:00:00,1,0,1,0,0,0,0.0,0.0,0.0,0,0,0,0.0,1,0.0,0,0
C000434,ENT_000604,2026-04-02 00:00:00,2026-03-30 00:00:00,2026-04-05 00:00:00,1,0,1,0,0,0,0.0,0.0,0.0,0,0,0,0.0,1,0.0,0,0
C000435,ENT_000557,2026-01-23 00:00:00,2026-01-20 00:00:00,2026-01-26 00:00:00,1,0,1,0,0,0,0.0,0.0,0.0,0,0,0,0.0,1,0.0,0,0
C000436,ENT_000028,2026-07-14 00:00:00,2026-07-11 00:00:00,2026-07-17 00:00:00,1,0,1,0,0,0,0.0,0.0,0.0,0,0,0,0.0,1,0.0,0,0
C000437,ENT_000174,2026-05-24 00:00:00,2026-05-21 00:00:00,2026-05-27 00:00:00,1,0,1,0,0,0,0.0,0.0,0.0,0,0,0,0.0,1,0.0,0,0
C000438,ENT_000002,2026-05-19 00:00:00,2026-05-16 00:00:00,2026-05-22 00:00:00,1,0,1,0,0,0,0.0,0.0,0.0,0,0,0,0.0,1,0.0,0,0
C000439,ENT_000181,2026-04-04 00:00:00,2026-04-01 00:00:00,2026-04-07 00:00:00,1,0,1,0,0,0,0.0,0.0,0.0,0,0,0,0.0,1,0.0,0,0
C000440,ENT_000279,2026-06-22 00:00:00,2026-06-19 00:00:00,2026-06-25 00:00:00,2,1,2,0,0,1,349.49,349.49,349.49,0,0,1,0.5,1,1.0,0,0
C000441,ENT_000496,2026-04-11 00:00:00,2026-04-08 00:00:00,2026-04-14 00:00:00,2,1,2,0,0,1,236304.15,236304.15,236304.15,0,0,1,0.5,1,1.0,0,0
C000442,ENT_000189,2026-04-22 00:00:00,2026-04-19 00:00:00,2026-04-25 00:00:00,1,0,1,0,0,0,0.0,0.0,0.0,0,0,0,0.0,1,0.0,0,0
C000443,ENT_000114,2026-03-24 00:00:00,2026-03-21 00:00:00,2026-03-27 00:00:00,1,0,1,0,0,0,0.0,0.0,0.0,0,0,0,0.0,1,0.0,0,0
C000444,ENT_000142,2026-01-18 00:00:00,2026-01-15 00:00:00,2026-01-21 00:00:00,1,0,1,0,0,0,0.0,0.0,0.0,0,0,0,0.0,1,0.0,0,0
C000445,ENT_000585,2026-06-11 00:00:00,2026-06-08 00:00:00,2026-06-14 00:00:00,1,0,1,0,0,0,0.0,0.0,0.0,0,0,0,0.0,1,0.0,0,0
C000446,ENT_000530,2026-07-16 00:00:00,2026-07-13 00:00:00,2026-07-19 00:00:00,1,0,1,0,0,0,0.0,0.0,0.0,0,0,0,0.0,1,0.0,0,0
C000447,ENT_000054,2026-07-18 00:00:00,2026-07-15 00:00:00,2026-07-21 00:00:00,5,4,5,0,0,3,897904.84,338729.87,224476.21,0,0,1,0.2,1,1.6,1,2
C000448,ENT_000228,2026-04-14 00:00:00,2026-04-11 00:00:00,2026-04-17 00:00:00,1,0,1,0,0,0,0.0,0.0,0.0,0,0,0,0.0,1,0.0,0,0
C000449,ENT_000605,2026-05-13 00:00:00,2026-05-10 00:00:00,2026-05-16 00:00:00,2,1,2,0,0,1,410.83,410.83,410.83,0,0,1,0.5,1,1.0,0,0
C000450,ENT_000548,2026-01-29 00:00:00,2026-01-26 00:00:00,2026-02-01 00:00:00,1,0,1,0,0,0,0.0,0.0,0.0,0,0,0,0.0,1,0.0,0,0
C000451,ENT_000078,2026-05-12 00:00:00,2026-05-09 00:00:00,2026-05-15 00:00:00,1,0,1,0,0,0,0.0,0.0,0.0,0,0,0,0.0,1,0.0,0,0
C000452,ENT_000438,2026-03-28 00:00:00,2026-03-25 00:00:00,2026-03-31 00:00:00,1,0,1,0,0,0,0.0,0.0,0.0,0,0,0,0.0,1,0.0,0,0
C000453,ENT_000655,2026-05-06 00:00:00,2026-05-03 00:00:00,2026-05-09 00:00:00,1,0,1,0,0,0,0.0,0.0,0.0,0,0,0,0.0,1,0.0,0,0
C000454,ENT_000401,2026-03-24 00:00:00,2026-03-21 00:00:00,2026-03-27 00:00:00,2,1,2,0,0,1,3264.87,3264.87,3264.87,0,0,1,0.5,1,1.0,0,0
C000455,ENT_000577,2026-03-10 00:00:00,2026-03-07 00:00:00,2026-03-13 00:00:00,1,0,1,0,0,0,0.0,0.0,0.0,0,0,0,0.0,1,0.0,0,0
C000456,ENT_000417,2026-06-06 00:00:00,2026-06-03 00:00:00,2026-06-09 00:00:00,1,0,1,0,0,0,0.0,0.0,0.0,0,0,0,0.0,1,0.0,0,0
C000457,ENT_000107,2026-02-13 00:00:00,2026-02-10 00:00:00,2026-02-16 00:00:00,1,0,1,0,0,0,0.0,0.0,0.0,0,0,0,0.0,1,0.0,0,0
C000458,ENT_000257,2026-05-25 00:00:00,2026-05-22 00:00:00,2026-05-28 00:00:00,2,1,2,0,0,1,2938.6,2938.6,2938.6,0,0,1,0.5,1,1.0,0,0
C000459,ENT_000386,2026-07-11 00:00:00,2026-07-08 00:00:00,2026-07-14 00:00:00,1,0,1,0,0,0,0.0,0.0,0.0,0,0,0,0.0,1,0.0,0,0
C000460,ENT_000379,2026-01-10 00:00:00,2026-01-07 00:00:00,2026-01-13 00:00:00,1,0,1,0,0,0,0.0,0.0,0.0,0,0,0,0.0,1,0.0,0,0
C000461,ENT_000111,2026-03-18 00:00:00,2026-03-15 00:00:00,2026-03-21 00:00:00,1,0,1,0,0,0,0.0,0.0,0.0,0,0,0,0.0,1,0.0,0,0
C000462,ENT_000254,2026-08-09 00:00:00,2026-08-06 00:00:00,2026-08-12 00:00:00,2,1,2,0,0,1,4255.65,4255.65,4255.65,0,0,1,0.5,1,1.0,0,0
C000463,ENT_000367,2026-06-02 00:00:00,2026-05-30 00:00:00,2026-06-05 00:00:00,1,0,1,0,0,0,0.0,0.0,0.0,0,0,0,0.0,1,0.0,0,0
C000464,ENT_000224,2026-04-30 00:00:00,2026-04-27 00:00:00,2026-05-03 00:00:00,1,0,1,0,0,0,0.0,0.0,0.0,0,0,0,0.0,1,0.0,0,0
C000465,ENT_000408,2026-04-19 00:00:00,2026-04-16 00:00:00,2026-04-22 00:00:00,1,0,1,0,0,0,0.0,0.0,0.0,0,0,0,0.0,1,0.0,0,0
C000466,ENT_000030,2026-03-06 00:00:00,2026-03-03 00:00:00,2026-03-09 00:00:00,1,0,1,0,0,0,0.0,0.0,0.0,0,0,0,0.0,1,0.0,0,0
C000467,ENT_000612,2026-01-08 00:00:00,2026-01-05 00:00:00,2026-01-11 00:00:00,1,0,1,0,0,0,0.0,0.0,0.0,0,0,0,0.0,1,0.0,0,0
C000468,ENT_000492,2026-05-13 00:00:00,2026-05-10 00:00:00,2026-05-16 00:00:00,1,0,1,0,0,0,0.0,0.0,0.0,0,0,0,0.0,1,0.0,0,0
C000469,ENT_000491,2026-01-25 00:00:00,2026-01-22 00:00:00,2026-01-28 00:00:00,1,0,1,0,0,0,0.0,0.0,0.0,0,0,0,0.0,1,0.0,0,0
C000470,ENT_000225,2026-04-29 00:00:00,2026-04-26 00:00:00,2026-05-02 00:00:00,1,0,1,0,0,0,0.0,0.0,0.0,0,0,0,0.0,1,0.0,0,0
C000471,ENT_000307,2026-03-02 00:00:00,2026-02-27 00:00:00,2026-03-05 00:00:00,1,0,1,0,0,0,0.0,0.0,0.0,0,0,0,0.0,1,0.0,0,0
C000472,ENT_000442,2026-02-09 00:00:00,2026-02-06 00:00:00,2026-02-12 00:00:00,1,0,1,0,0,0,0.0,0.0,0.0,0,0,0,0.0,1,0.0,0,0
C000473,ENT_000052,2026-06-18 00:00:00,2026-06-15 00:00:00,2026-06-21 00:00:00,1,0,1,0,0,0,0.0,0.0,0.0,0,0,0,0.0,1,0.0,0,0
C000474,ENT_000336,2026-08-03 00:00:00,2026-07-31 00:00:00,2026-08-06 00:00:00,1,0,1,0,0,0,0.0,0.0,0.0,0,0,0,0.0,1,0.0,0,0
C000475,ENT_000398,2026-02-04 00:00:00,2026-02-01 00:00:00,2026-02-07 00:00:00,2,1,2,0,0,1,4483.28,4483.28,4483.28,0,0,1,0.5,1,1.0,0,0
C000476,ENT_000574,2026-05-26 00:00:00,2026-05-23 00:00:00,2026-05-29 00:00:00,1,0,1,0,0,0,0.0,0.0,0.0,0,0,0,0.0,1,0.0,0,0
C000477,ENT_000143,2026-01-23 00:00:00,2026-01-20 00:00:00,2026-01-26 00:00:00,1,0,1,0,0,0,0.0,0.0,0.0,0,0,0,0.0,1,0.0,0,0
C000478,ENT_000495,2026-05-23 00:00:00,2026-05-20 00:00:00,2026-05-26 00:00:00,1,0,1,0,0,0,0.0,0.0,0.0,0,0,0,0.0,1,0.0,0,0
C000479,ENT_000541,2026-06-23 00:00:00,2026-06-20 00:00:00,2026-06-26 00:00:00,2,1,2,0,0,1,3770.85,3770.85,3770.85,0,0,1,0.5,1,1.0,0,0
C000480,ENT_000274,2026-03-16 00:00:00,2026-03-13 00:00:00,2026-03-19 00:00:00,1,0,1,0,0,0,0.0,0.0,0.0,0,0,0,0.0,1,0.0,0,0
C000481,ENT_000647,2026-08-12 00:00:00,2026-08-09 00:00:00,2026-08-15 00:00:00,1,0,1,0,0,0,0.0,0.0,0.0,0,0,0,0.0,1,0.0,0,0
C000482,ENT_000480,2026-05-25 00:00:00,2026-05-22 00:00:00,2026-05-28 00:00:00,1,0,1,0,0,0,0.0,0.0,0.0,0,0,0,0.0,1,0.0,0,0
C000483,ENT_000163,2026-07-08 00:00:00,2026-07-05 00:00:00,2026-07-11 00:00:00,4,3,4,0,0,2,6240.16,2552.57,2080.05,0,0,1,0.25,1,1.5,0,0
C000484,ENT_000087,2026-03-29 00:00:00,2026-03-26 00:00:00,2026-04-01 00:00:00,3,2,2,1,1,2,474200.36,403355.82,237100.18,1,0,1,0.333333,1,1.3333,1,1
C000485,ENT_000329,2026-02-17 00:00:00,2026-02-14 00:00:00,2026-02-20 00:00:00,4,3,3,1,1,3,770295.24,306571.91,256765.08,1,0,1,0.25,1,1.5,1,1
C000486,ENT_000350,2026-02-04 00:00:00,2026-02-01 00:00:00,2026-02-07 00:00:00,1,0,1,0,0,0,0.0,0.0,0.0,0,0,0,0.0,1,0.0,0,0
C000487,ENT_000641,2026-07-10 00:00:00,2026-07-07 00:00:00,2026-07-13 00:00:00,1,0,1,0,0,0,0.0,0.0,0.0,0,0,0,0.0,1,0.0,0,0
C000488,ENT_000582,2026-05-23 00:00:00,2026-05-20 00:00:00,2026-05-26 00:00:00,2,1,2,0,0,1,3231.37,3231.37,3231.37,0,0,1,0.5,1,1.0,0,0
C000489,ENT_000225,2026-05-15 00:00:00,2026-05-12 00:00:00,2026-05-18 00:00:00,1,0,1,0,0,0,0.0,0.0,0.0,0,0,0,0.0,1,0.0,0,0
C000490,ENT_000399,2026-07-25 00:00:00,2026-07-22 00:00:00,2026-07-28 00:00:00,1,0,1,0,0,0,0.0,0.0,0.0,0,0,0,0.0,1,0.0,0,0
C000491,ENT_000013,2026-06-27 00:00:00,2026-06-24 00:00:00,2026-06-30 00:00:00,1,0,1,0,0,0,0.0,0.0,0.0,0,0,0,0.0,1,0.0,0,0
C000492,ENT_000428,2026-05-08 00:00:00,2026-05-05 00:00:00,2026-05-11 00:00:00,1,0,1,0,0,0,0.0,0.0,0.0,0,0,0,0.0,1,0.0,0,0
C000493,ENT_000321,2026-03-31 00:00:00,2026-03-28 00:00:00,2026-04-03 00:00:00,2,1,2,0,0,1,1705.62,1705.62,1705.62,0,0,1,0.5,1,1.0,0,0
C000494,ENT_000282,2026-04-15 00:00:00,2026-04-12 00:00:00,2026-04-18 00:00:00,1,0,1,0,0,0,0.0,0.0,0.0,0,0,0,0.0,1,0.0,0,0
C000495,ENT_000271,2026-03-05 00:00:00,2026-03-02 00:00:00,2026-03-08 00:00:00,1,0,1,0,0,0,0.0,0.0,0.0,0,0,0,0.0,1,0.0,0,0
C000496,ENT_000140,2026-06-18 00:00:00,2026-06-15 00:00:00,2026-06-21 00:00:00,1,0,1,0,0,0,0.0,0.0,0.0,0,0,0,0.0,1,0.0,0,0
C000497,ENT_000644,2026-02-21 00:00:00,2026-02-18 00:00:00,2026-02-24 00:00:00,1,0,1,0,0,0,0.0,0.0,0.0,0,0,0,0.0,1,0.0,0,0
C000498,ENT_000040,2026-03-24 00:00:00,2026-03-21 00:00:00,2026-03-27 00:00:00,1,0,1,0,0,0,0.0,0.0,0.0,0,0,0,0.0,1,0.0,0,0
C000499,ENT_000560,2026-04-19 00:00:00,2026-04-16 00:00:00,2026-04-22 00:00:00,3,2,1,2,2,1,114337.53,112082.29,57168.76,2,0,2,0.333333,1,1.3333,1,1
C000500,ENT_000465,2026-08-19 00:00:00,2026-08-16 00:00:00,2026-08-22 00:00:00,1,0,1,0,0,0,0.0,0.0,0.0,0,0,0,0.0,1,0.0,0,0
C000501,ENT_000219,2026-07-12 00:00:00,2026-07-09 00:00:00,2026-07-15 00:00:00,1,0,1,0,0,0,0.0,0.0,0.0,0,0,0,0.0,1,0.0,0,0
C000502,ENT_000612,2026-03-21 00:00:00,2026-03-18 00:00:00,2026-03-24 00:00:00,3,3,2,1,1,2,303167.59,242573.25,101055.86,1,0,2,0.5,1,2.0,1,1
C000503,ENT_000166,2026-06-20 00:00:00,2026-06-17 00:00:00,2026-06-23 00:00:00,1,0,1,0,0,0,0.0,0.0,0.0,0,0,0,0.0,1,0.0,0,0
C000504,ENT_000373,2026-08-10 00:00:00,2026-08-07 00:00:00,2026-08-13 00:00:00,5,4,5,0,0,3,839116.42,238928.3,209779.11,0,0,1,0.2,1,1.6,1,1
C000505,ENT_000216,2026-02-02 00:00:00,2026-01-30 00:00:00,2026-02-05 00:00:00,1,0,1,0,0,0,0.0,0.0,0.0,0,0,0,0.0,1,0.0,0,0
C000506,ENT_000621,2026-04-29 00:00:00,2026-04-26 00:00:00,2026-05-02 00:00:00,2,1,2,0,0,1,6620.15,6620.15,6620.15,0,0,1,0.5,1,1.0,0,0
C000507,ENT_000478,2026-05-23 00:00:00,2026-05-20 00:00:00,2026-05-26 00:00:00,1,0,1,0,0,0,0.0,0.0,0.0,0,0,0,0.0,1,0.0,0,0
C000508,ENT_000652,2026-06-12 00:00:00,2026-06-09 00:00:00,2026-06-15 00:00:00,2,1,2,0,0,1,1179.48,1179.48,1179.48,0,0,1,0.5,1,1.0,0,0
C000509,ENT_000313,2026-06-02 00:00:00,2026-05-30 00:00:00,2026-06-05 00:00:00,1,0,1,0,0,0,0.0,0.0,0.0,0,0,0,0.0,1,0.0,0,0
C000510,ENT_000615,2026-05-28 00:00:00,2026-05-25 00:00:00,2026-05-31 00:00:00,1,0,1,0,0,0,0.0,0.0,0.0,0,0,0,0.0,1,0.0,0,0
C000511,ENT_000410,2026-02-19 00:00:00,2026-02-16 00:00:00,2026-02-22 00:00:00,2,1,1,1,1,1,44774.34,44774.34,44774.34,1,0,1,0.5,1,1.0,0,0
C000512,ENT_000451,2026-08-08 00:00:00,2026-08-05 00:00:00,2026-08-11 00:00:00,1,0,1,0,0,0,0.0,0.0,0.0,0,0,0,0.0,1,0.0,0,0
C000513,ENT_000341,2026-04-03 00:00:00,2026-03-31 00:00:00,2026-04-06 00:00:00,2,1,2,0,0,1,1419.72,1419.72,1419.72,0,0,1,0.5,1,1.0,0,0
C000514,ENT_000375,2026-08-15 00:00:00,2026-08-12 00:00:00,2026-08-18 00:00:00,2,1,2,0,0,1,2353.31,2353.31,2353.31,0,0,1,0.5,1,1.0,0,0
C000515,ENT_000332,2026-06-29 00:00:00,2026-06-26 00:00:00,2026-07-02 00:00:00,1,0,1,0,0,0,0.0,0.0,0.0,0,0,0,0.0,1,0.0,0,0
C000516,ENT_000338,2026-06-26 00:00:00,2026-06-23 00:00:00,2026-06-29 00:00:00,4,3,4,0,0,3,624642.04,213938.24,208214.01,0,0,1,0.25,1,1.5,1,1
C000517,ENT_000608,2026-01-19 00:00:00,2026-01-16 00:00:00,2026-01-22 00:00:00,1,0,1,0,0,0,0.0,0.0,0.0,0,0,0,0.0,1,0.0,0,0
C000518,ENT_000268,2026-02-27 00:00:00,2026-02-24 00:00:00,2026-03-02 00:00:00,5,5,5,0,0,3,1100114.87,351425.58,220022.97,0,0,2,0.25,1,2.0,1,1
C000519,ENT_000472,2026-07-30 00:00:00,2026-07-27 00:00:00,2026-08-02 00:00:00,1,0,1,0,0,0,0.0,0.0,0.0,0,0,0,0.0,1,0.0,0,0
C000520,ENT_000606,2026-03-08 00:00:00,2026-03-05 00:00:00,2026-03-11 00:00:00,1,0,1,0,0,0,0.0,0.0,0.0,0,0,0,0.0,1,0.0,0,0
C000521,ENT_000152,2026-07-05 00:00:00,2026-07-02 00:00:00,2026-07-08 00:00:00,1,0,1,0,0,0,0.0,0.0,0.0,0,0,0,0.0,1,0.0,0,0
C000522,ENT_000673,2026-05-03 00:00:00,2026-04-30 00:00:00,2026-05-06 00:00:00,2,1,2,0,0,1,2529.75,2529.75,2529.75,0,0,1,0.5,1,1.0,0,0
C000523,ENT_000476,2026-03-05 00:00:00,2026-03-02 00:00:00,2026-03-08 00:00:00,1,0,1,0,0,0,0.0,0.0,0.0,0,0,0,0.0,1,0.0,0,0
C000524,ENT_000449,2026-01-14 00:00:00,2026-01-11 00:00:00,2026-01-17 00:00:00,1,0,1,0,0,0,0.0,0.0,0.0,0,0,0,0.0,1,0.0,0,0
C000525,ENT_000154,2026-01-29 00:00:00,2026-01-26 00:00:00,2026-02-01 00:00:00,1,0,1,0,0,0,0.0,0.0,0.0,0,0,0,0.0,1,0.0,0,0
C000526,ENT_000251,2026-01-15 00:00:00,2026-01-12 00:00:00,2026-01-18 00:00:00,1,0,1,0,0,0,0.0,0.0,0.0,0,0,0,0.0,1,0.0,0,0
C000527,ENT_000376,2026-03-25 00:00:00,2026-03-22 00:00:00,2026-03-28 00:00:00,1,0,1,0,0,0,0.0,0.0,0.0,0,0,0,0.0,1,0.0,0,0
C000528,ENT_000569,2026-01-23 00:00:00,2026-01-20 00:00:00,2026-01-26 00:00:00,1,0,1,0,0,0,0.0,0.0,0.0,0,0,0,0.0,1,0.0,0,0
C000529,ENT_000046,2026-01-18 00:00:00,2026-01-15 00:00:00,2026-01-21 00:00:00,2,1,2,0,0,1,40918.04,40918.04,40918.04,0,0,1,0.5,1,1.0,0,0
C000530,ENT_000066,2026-03-09 00:00:00,2026-03-06 00:00:00,2026-03-12 00:00:00,1,0,1,0,0,0,0.0,0.0,0.0,0,0,0,0.0,1,0.0,0,0
C000531,ENT_000664,2026-02-15 00:00:00,2026-02-12 00:00:00,2026-02-18 00:00:00,2,1,2,0,0,1,5639.23,5639.23,5639.23,0,0,1,0.5,1,1.0,0,0
C000532,ENT_000350,2026-04-11 00:00:00,2026-04-08 00:00:00,2026-04-14 00:00:00,1,0,1,0,0,0,0.0,0.0,0.0,0,0,0,0.0,1,0.0,0,0
C000533,ENT_000497,2026-03-05 00:00:00,2026-03-02 00:00:00,2026-03-08 00:00:00,1,0,1,0,0,0,0.0,0.0,0.0,0,0,0,0.0,1,0.0,0,0
C000534,ENT_000265,2026-06-26 00:00:00,2026-06-23 00:00:00,2026-06-29 00:00:00,3,4,2,1,1,2,599369.52,336443.29,149842.38,2,0,2,0.666667,1,2.6667,1,1
C000535,ENT_000324,2026-01-05 00:00:00,2026-01-02 00:00:00,2026-01-08 00:00:00,1,0,1,0,0,0,0.0,0.0,0.0,0,0,0,0.0,1,0.0,0,0
C000536,ENT_000667,2026-01-23 00:00:00,2026-01-20 00:00:00,2026-01-26 00:00:00,1,0,1,0,0,0,0.0,0.0,0.0,0,0,0,0.0,1,0.0,0,0
C000537,ENT_000536,2026-04-15 00:00:00,2026-04-12 00:00:00,2026-04-18 00:00:00,3,2,3,0,0,1,43953.45,42077.14,21976.72,0,0,2,0.333333,1,1.3333,0,0
C000538,ENT_000301,2026-02-20 00:00:00,2026-02-17 00:00:00,2026-02-23 00:00:00,1,0,1,0,0,0,0.0,0.0,0.0,0,0,0,0.0,1,0.0,0,0
C000539,ENT_000512,2026-02-15 00:00:00,2026-02-12 00:00:00,2026-02-18 00:00:00,1,0,1,0,0,0,0.0,0.0,0.0,0,0,0,0.0,1,0.0,0,0
C000540,ENT_000075,2026-07-21 00:00:00,2026-07-18 00:00:00,2026-07-24 00:00:00,1,0,1,0,0,0,0.0,0.0,0.0,0,0,0,0.0,1,0.0,0,0
C000541,ENT_000502,2026-05-10 00:00:00,2026-05-07 00:00:00,2026-05-13 00:00:00,1,0,1,0,0,0,0.0,0.0,0.0,0,0,0,0.0,1,0.0,0,0
C000542,ENT_000127,2026-01-31 00:00:00,2026-01-28 00:00:00,2026-02-03 00:00:00,1,0,1,0,0,0,0.0,0.0,0.0,0,0,0,0.0,1,0.0,0,0
C000543,ENT_000601,2026-05-13 00:00:00,2026-05-10 00:00:00,2026-05-16 00:00:00,2,1,1,1,1,1,3213.29,3213.29,3213.29,1,0,1,0.5,1,1.0,0,0
C000544,ENT_000179,2026-02-10 00:00:00,2026-02-07 00:00:00,2026-02-13 00:00:00,1,0,1,0,0,0,0.0,0.0,0.0,0,0,0,0.0,1,0.0,0,0
C000545,ENT_000306,2026-02-09 00:00:00,2026-02-06 00:00:00,2026-02-12 00:00:00,1,0,1,0,0,0,0.0,0.0,0.0,0,0,0,0.0,1,0.0,0,0
C000546,ENT_000285,2026-08-11 00:00:00,2026-08-08 00:00:00,2026-08-14 00:00:00,1,0,1,0,0,0,0.0,0.0,0.0,0,0,0,0.0,1,0.0,0,0
C000547,ENT_000340,2026-06-22 00:00:00,2026-06-19 00:00:00,2026-06-25 00:00:00,1,0,1,0,0,0,0.0,0.0,0.0,0,0,0,0.0,1,0.0,0,0
C000548,ENT_000001,2026-01-13 00:00:00,2026-01-10 00:00:00,2026-01-16 00:00:00,1,0,1,0,0,0,0.0,0.0,0.0,0,0,0,0.0,1,0.0,0,0
C000549,ENT_000190,2026-08-11 00:00:00,2026-08-08 00:00:00,2026-08-14 00:00:00,4,3,4,0,0,3,781962.36,270880.26,260654.12,0,0,1,0.25,1,1.5,1,1
C000550,ENT_000110,2026-05-09 00:00:00,2026-05-06 00:00:00,2026-05-12 00:00:00,3,2,2,1,1,1,2714.92,2233.47,1357.46,1,0,2,0.333333,1,1.3333,0,0
C000551,ENT_000449,2026-08-01 00:00:00,2026-07-29 00:00:00,2026-08-04 00:00:00,1,0,1,0,0,0,0.0,0.0,0.0,0,0,0,0.0,1,0.0,0,0
C000552,ENT_000164,2026-06-18 00:00:00,2026-06-15 00:00:00,2026-06-21 00:00:00,2,1,2,0,0,1,9634.81,9634.81,9634.81,0,0,1,0.5,1,1.0,0,0
C000553,ENT_000670,2026-04-02 00:00:00,2026-03-30 00:00:00,2026-04-05 00:00:00,1,0,1,0,0,0,0.0,0.0,0.0,0,0,0,0.0,1,0.0,0,0
C000554,ENT_000627,2026-04-23 00:00:00,2026-04-20 00:00:00,2026-04-26 00:00:00,1,0,1,0,0,0,0.0,0.0,0.0,0,0,0,0.0,1,0.0,0,0
C000555,ENT_000579,2026-05-14 00:00:00,2026-05-11 00:00:00,2026-05-17 00:00:00,1,0,1,0,0,0,0.0,0.0,0.0,0,0,0,0.0,1,0.0,0,0
C000556,ENT_000391,2026-08-20 00:00:00,2026-08-17 00:00:00,2026-08-23 00:00:00,1,0,1,0,0,0,0.0,0.0,0.0,0,0,0,0.0,1,0.0,0,0
C000557,ENT_000157,2026-04-29 00:00:00,2026-04-26 00:00:00,2026-05-02 00:00:00,1,0,1,0,0,0,0.0,0.0,0.0,0,0,0,0.0,1,0.0,0,0
C000558,ENT_000687,2026-06-28 00:00:00,2026-06-25 00:00:00,2026-07-01 00:00:00,2,1,2,0,0,1,4497.63,4497.63,4497.63,0,0,1,0.5,1,1.0,0,0
C000559,ENT_000556,2026-02-27 00:00:00,2026-02-24 00:00:00,2026-03-02 00:00:00,1,0,1,0,0,0,0.0,0.0,0.0,0,0,0,0.0,1,0.0,0,0
C000560,ENT_000167,2026-02-04 00:00:00,2026-02-01 00:00:00,2026-02-07 00:00:00,2,1,2,0,0,1,2059.0,2059.0,2059.0,0,0,1,0.5,1,1.0,0,0
C000561,ENT_000566,2026-07-25 00:00:00,2026-07-22 00:00:00,2026-07-28 00:00:00,1,0,1,0,0,0,0.0,0.0,0.0,0,0,0,0.0,1,0.0,0,0
C000562,ENT_000490,2026-05-06 00:00:00,2026-05-03 00:00:00,2026-05-09 00:00:00,1,0,1,0,0,0,0.0,0.0,0.0,0,0,0,0.0,1,0.0,0,0
C000563,ENT_000452,2026-05-04 00:00:00,2026-05-01 00:00:00,2026-05-07 00:00:00,1,0,1,0,0,0,0.0,0.0,0.0,0,0,0,0.0,1,0.0,0,0
C000564,ENT_000262,2026-08-04 00:00:00,2026-08-01 00:00:00,2026-08-07 00:00:00,1,0,1,0,0,0,0.0,0.0,0.0,0,0,0,0.0,1,0.0,0,0
C000565,ENT_000371,2026-05-14 00:00:00,2026-05-11 00:00:00,2026-05-17 00:00:00,4,3,4,0,0,3,1071317.99,367365.32,357106.0,0,0,1,0.25,1,1.5,1,1
C000566,ENT_000540,2026-06-14 00:00:00,2026-06-11 00:00:00,2026-06-17 00:00:00,1,0,1,0,0,0,0.0,0.0,0.0,0,0,0,0.0,1,0.0,0,0
C000567,ENT_000518,2026-01-03 00:00:00,2025-12-31 00:00:00,2026-01-06 00:00:00,1,0,1,0,0,0,0.0,0.0,0.0,0,0,0,0.0,1,0.0,0,0
C000568,ENT_000548,2026-04-23 00:00:00,2026-04-20 00:00:00,2026-04-26 00:00:00,1,0,1,0,0,0,0.0,0.0,0.0,0,0,0,0.0,1,0.0,0,0
C000569,ENT_000439,2026-06-11 00:00:00,2026-06-08 00:00:00,2026-06-14 00:00:00,1,0,1,0,0,0,0.0,0.0,0.0,0,0,0,0.0,1,0.0,0,0
C000570,ENT_000109,2026-01-27 00:00:00,2026-01-24 00:00:00,2026-01-30 00:00:00,1,0,1,0,0,0,0.0,0.0,0.0,0,0,0,0.0,1,0.0,0,0
C000571,ENT_000381,2026-04-21 00:00:00,2026-04-18 00:00:00,2026-04-24 00:00:00,1,0,1,0,0,0,0.0,0.0,0.0,0,0,0,0.0,1,0.0,0,0
C000572,ENT_000076,2026-06-11 00:00:00,2026-06-08 00:00:00,2026-06-14 00:00:00,2,1,1,1,1,1,900.29,900.29,900.29,1,0,1,0.5,1,1.0,0,0
C000573,ENT_000544,2026-07-24 00:00:00,2026-07-21 00:00:00,2026-07-27 00:00:00,1,0,1,0,0,0,0.0,0.0,0.0,0,0,0,0.0,1,0.0,0,0
C000574,ENT_000211,2026-02-08 00:00:00,2026-02-05 00:00:00,2026-02-11 00:00:00,1,0,1,0,0,0,0.0,0.0,0.0,0,0,0,0.0,1,0.0,0,0
C000575,ENT_000144,2026-03-30 00:00:00,2026-03-27 00:00:00,2026-04-02 00:00:00,1,0,1,0,0,0,0.0,0.0,0.0,0,0,0,0.0,1,0.0,0,0
C000576,ENT_000501,2026-05-03 00:00:00,2026-04-30 00:00:00,2026-05-06 00:00:00,2,1,2,0,0,1,471.88,471.88,471.88,0,0,1,0.5,1,1.0,0,0
C000577,ENT_000595,2026-06-07 00:00:00,2026-06-04 00:00:00,2026-06-10 00:00:00,1,0,1,0,0,0,0.0,0.0,0.0,0,0,0,0.0,1,0.0,0,0
C000578,ENT_000653,2026-05-09 00:00:00,2026-05-06 00:00:00,2026-05-12 00:00:00,1,0,1,0,0,0,0.0,0.0,0.0,0,0,0,0.0,1,0.0,0,0
C000579,ENT_000473,2026-02-09 00:00:00,2026-02-06 00:00:00,2026-02-12 00:00:00,1,0,1,0,0,0,0.0,0.0,0.0,0,0,0,0.0,1,0.0,0,0
C000580,ENT_000213,2026-07-30 00:00:00,2026-07-27 00:00:00,2026-08-02 00:00:00,1,0,1,0,0,0,0.0,0.0,0.0,0,0,0,0.0,1,0.0,0,0
C000581,ENT_000004,2026-01-16 00:00:00,2026-01-13 00:00:00,2026-01-19 00:00:00,1,0,1,0,0,0,0.0,0.0,0.0,0,0,0,0.0,1,0.0,0,0
C000582,ENT_000567,2026-04-23 00:00:00,2026-04-20 00:00:00,2026-04-26 00:00:00,1,0,1,0,0,0,0.0,0.0,0.0,0,0,0,0.0,1,0.0,0,0
C000583,ENT_000454,2026-04-20 00:00:00,2026-04-17 00:00:00,2026-04-23 00:00:00,1,0,1,0,0,0,0.0,0.0,0.0,0,0,0,0.0,1,0.0,0,0
C000584,ENT_000431,2026-06-16 00:00:00,2026-06-13 00:00:00,2026-06-19 00:00:00,1,0,1,0,0,0,0.0,0.0,0.0,0,0,0,0.0,1,0.0,0,0
C000585,ENT_000423,2026-06-17 00:00:00,2026-06-14 00:00:00,2026-06-20 00:00:00,1,0,1,0,0,0,0.0,0.0,0.0,0,0,0,0.0,1,0.0,0,0
C000586,ENT_000033,2026-03-15 00:00:00,2026-03-12 00:00:00,2026-03-18 00:00:00,1,0,1,0,0,0,0.0,0.0,0.0,0,0,0,0.0,1,0.0,0,0
C000587,ENT_000558,2026-04-30 00:00:00,2026-04-27 00:00:00,2026-05-03 00:00:00,1,0,1,0,0,0,0.0,0.0,0.0,0,0,0,0.0,1,0.0,0,0
C000588,ENT_000372,2026-02-15 00:00:00,2026-02-12 00:00:00,2026-02-18 00:00:00,1,0,1,0,0,0,0.0,0.0,0.0,0,0,0,0.0,1,0.0,0,0
C000589,ENT_000374,2026-01-08 00:00:00,2026-01-05 00:00:00,2026-01-11 00:00:00,2,1,1,1,1,1,1482.65,1482.65,1482.65,1,0,1,0.5,1,1.0,0,0
C000590,ENT_000344,2026-03-30 00:00:00,2026-03-27 00:00:00,2026-04-02 00:00:00,2,1,2,0,0,1,19443.0,19443.0,19443.0,0,0,1,0.5,1,1.0,0,0
C000591,ENT_000503,2026-05-24 00:00:00,2026-05-21 00:00:00,2026-05-27 00:00:00,1,0,1,0,0,0,0.0,0.0,0.0,0,0,0,0.0,1,0.0,0,0
C000592,ENT_000263,2026-06-03 00:00:00,2026-05-31 00:00:00,2026-06-06 00:00:00,1,0,1,0,0,0,0.0,0.0,0.0,0,0,0,0.0,1,0.0,0,0
C000593,ENT_000094,2026-06-10 00:00:00,2026-06-07 00:00:00,2026-06-13 00:00:00,1,0,1,0,0,0,0.0,0.0,0.0,0,0,0,0.0,1,0.0,0,0
C000594,ENT_000655,2026-07-18 00:00:00,2026-07-15 00:00:00,2026-07-21 00:00:00,1,0,1,0,0,0,0.0,0.0,0.0,0,0,0,0.0,1,0.0,0,0
C000595,ENT_000472,2026-03-09 00:00:00,2026-03-06 00:00:00,2026-03-12 00:00:00,1,0,1,0,0,0,0.0,0.0,0.0,0,0,0,0.0,1,0.0,0,0
C000596,ENT_000231,2026-07-26 00:00:00,2026-07-23 00:00:00,2026-07-29 00:00:00,1,0,1,0,0,0,0.0,0.0,0.0,0,0,0,0.0,1,0.0,0,0
C000597,ENT_000447,2026-02-23 00:00:00,2026-02-20 00:00:00,2026-02-26 00:00:00,1,0,1,0,0,0,0.0,0.0,0.0,0,0,0,0.0,1,0.0,0,0
C000598,ENT_000667,2026-02-04 00:00:00,2026-02-01 00:00:00,2026-02-07 00:00:00,1,0,1,0,0,0,0.0,0.0,0.0,0,0,0,0.0,1,0.0,0,0
C000599,ENT_000698,2026-03-28 00:00:00,2026-03-25 00:00:00,2026-03-31 00:00:00,1,0,1,0,0,0,0.0,0.0,0.0,0,0,0,0.0,1,0.0,0,0
C000600,ENT_000494,2026-06-22 00:00:00,2026-06-19 00:00:00,2026-06-25 00:00:00,1,0,1,0,0,0,0.0,0.0,0.0,0,0,0,0.0,1,0.0,0,0
C000601,ENT_000056,2026-03-10 00:00:00,2026-03-07 00:00:00,2026-03-13 00:00:00,1,0,1,0,0,0,0.0,0.0,0.0,0,0,0,0.0,1,0.0,0,0
C000602,ENT_000161,2026-08-07 00:00:00,2026-08-04 00:00:00,2026-08-10 00:00:00,1,0,1,0,0,0,0.0,0.0,0.0,0,0,0,0.0,1,0.0,0,0
C000603,ENT_000573,2026-04-06 00:00:00,2026-04-03 00:00:00,2026-04-09 00:00:00,1,0,1,0,0,0,0.0,0.0,0.0,0,0,0,0.0,1,0.0,0,0
C000604,ENT_000273,2026-04-10 00:00:00,2026-04-07 00:00:00,2026-04-13 00:00:00,1,0,1,0,0,0,0.0,0.0,0.0,0,0,0,0.0,1,0.0,0,0
C000605,ENT_000388,2026-08-12 00:00:00,2026-08-09 00:00:00,2026-08-15 00:00:00,1,0,1,0,0,0,0.0,0.0,0.0,0,0,0,0.0,1,0.0,0,0
C000606,ENT_000221,2026-03-07 00:00:00,2026-03-04 00:00:00,2026-03-10 00:00:00,1,0,1,0,0,0,0.0,0.0,0.0,0,0,0,0.0,1,0.0,0,0
C000607,ENT_000688,2026-02-07 00:00:00,2026-02-04 00:00:00,2026-02-10 00:00:00,1,0,1,0,0,0,0.0,0.0,0.0,0,0,0,0.0,1,0.0,0,0
C000608,ENT_000545,2026-02-13 00:00:00,2026-02-10 00:00:00,2026-02-16 00:00:00,1,0,1,0,0,0,0.0,0.0,0.0,0,0,0,0.0,1,0.0,0,0
C000609,ENT_000635,2026-05-12 00:00:00,2026-05-09 00:00:00,2026-05-15 00:00:00,1,0,1,0,0,0,0.0,0.0,0.0,0,0,0,0.0,1,0.0,0,0
C000610,ENT_000514,2026-02-15 00:00:00,2026-02-12 00:00:00,2026-02-18 00:00:00,1,0,1,0,0,0,0.0,0.0,0.0,0,0,0,0.0,1,0.0,0,0
C000611,ENT_000208,2026-01-09 00:00:00,2026-01-06 00:00:00,2026-01-12 00:00:00,1,0,1,0,0,0,0.0,0.0,0.0,0,0,0,0.0,1,0.0,0,0
C000612,ENT_000283,2026-01-30 00:00:00,2026-01-27 00:00:00,2026-02-02 00:00:00,1,0,1,0,0,0,0.0,0.0,0.0,0,0,0,0.0,1,0.0,0,0
C000613,ENT_000180,2026-07-26 00:00:00,2026-07-23 00:00:00,2026-07-29 00:00:00,1,0,1,0,0,0,0.0,0.0,0.0,0,0,0,0.0,1,0.0,0,0
C000614,ENT_000616,2026-05-08 00:00:00,2026-05-05 00:00:00,2026-05-11 00:00:00,1,0,1,0,0,0,0.0,0.0,0.0,0,0,0,0.0,1,0.0,0,0
C000615,ENT_000539,2026-02-04 00:00:00,2026-02-01 00:00:00,2026-02-07 00:00:00,1,0,1,0,0,0,0.0,0.0,0.0,0,0,0,0.0,1,0.0,0,0
C000616,ENT_000516,2026-05-13 00:00:00,2026-05-10 00:00:00,2026-05-16 00:00:00,1,0,1,0,0,0,0.0,0.0,0.0,0,0,0,0.0,1,0.0,0,0
C000617,ENT_000334,2026-08-17 00:00:00,2026-08-14 00:00:00,2026-08-20 00:00:00,1,0,1,0,0,0,0.0,0.0,0.0,0,0,0,0.0,1,0.0,0,0
C000618,ENT_000392,2026-03-08 00:00:00,2026-03-05 00:00:00,2026-03-11 00:00:00,1,0,1,0,0,0,0.0,0.0,0.0,0,0,0,0.0,1,0.0,0,0
C000619,ENT_000689,2026-05-23 00:00:00,2026-05-20 00:00:00,2026-05-26 00:00:00,1,0,1,0,0,0,0.0,0.0,0.0,0,0,0,0.0,1,0.0,0,0
C000620,ENT_000010,2026-03-16 00:00:00,2026-03-13 00:00:00,2026-03-19 00:00:00,1,0,1,0,0,0,0.0,0.0,0.0,0,0,0,0.0,1,0.0,0,0
C000621,ENT_000210,2026-07-23 00:00:00,2026-07-20 00:00:00,2026-07-26 00:00:00,1,0,1,0,0,0,0.0,0.0,0.0,0,0,0,0.0,1,0.0,0,0
C000622,ENT_000526,2026-05-06 00:00:00,2026-05-03 00:00:00,2026-05-09 00:00:00,1,0,1,0,0,0,0.0,0.0,0.0,0,0,0,0.0,1,0.0,0,0
C000623,ENT_000365,2026-05-19 00:00:00,2026-05-16 00:00:00,2026-05-22 00:00:00,1,0,1,0,0,0,0.0,0.0,0.0,0,0,0,0.0,1,0.0,0,0
C000624,ENT_000160,2026-07-18 00:00:00,2026-07-15 00:00:00,2026-07-21 00:00:00,1,0,1,0,0,0,0.0,0.0,0.0,0,0,0,0.0,1,0.0,0,0
C000625,ENT_000529,2026-04-15 00:00:00,2026-04-12 00:00:00,2026-04-18 00:00:00,1,0,1,0,0,0,0.0,0.0,0.0,0,0,0,0.0,1,0.0,0,0
C000626,ENT_000258,2026-01-07 00:00:00,2026-01-04 00:00:00,2026-01-10 00:00:00,1,0,1,0,0,0,0.0,0.0,0.0,0,0,0,0.0,1,0.0,0,0
C000627,ENT_000550,2026-07-02 00:00:00,2026-06-29 00:00:00,2026-07-05 00:00:00,1,0,1,0,0,0,0.0,0.0,0.0,0,0,0,0.0,1,0.0,0,0
C000628,ENT_000629,2026-03-17 00:00:00,2026-03-14 00:00:00,2026-03-20 00:00:00,1,0,1,0,0,0,0.0,0.0,0.0,0,0,0,0.0,1,0.0,0,0
C000629,ENT_000460,2026-01-16 00:00:00,2026-01-13 00:00:00,2026-01-19 00:00:00,1,0,1,0,0,0,0.0,0.0,0.0,0,0,0,0.0,1,0.0,0,0
C000630,ENT_000295,2026-04-27 00:00:00,2026-04-24 00:00:00,2026-04-30 00:00:00,1,0,1,0,0,0,0.0,0.0,0.0,0,0,0,0.0,1,0.0,0,0
C000631,ENT_000019,2026-01-28 00:00:00,2026-01-25 00:00:00,2026-01-31 00:00:00,2,1,2,0,0,1,26691.17,26691.17,26691.17,0,0,1,0.5,1,1.0,0,0
C000632,ENT_000696,2026-05-30 00:00:00,2026-05-27 00:00:00,2026-06-02 00:00:00,1,0,1,0,0,0,0.0,0.0,0.0,0,0,0,0.0,1,0.0,0,0
C000633,ENT_000206,2026-07-16 00:00:00,2026-07-13 00:00:00,2026-07-19 00:00:00,1,0,1,0,0,0,0.0,0.0,0.0,0,0,0,0.0,1,0.0,0,0
C000634,ENT_000257,2026-06-10 00:00:00,2026-06-07 00:00:00,2026-06-13 00:00:00,1,0,1,0,0,0,0.0,0.0,0.0,0,0,0,0.0,1,0.0,0,0
C000635,ENT_000204,2026-07-15 00:00:00,2026-07-12 00:00:00,2026-07-18 00:00:00,1,0,1,0,0,0,0.0,0.0,0.0,0,0,0,0.0,1,0.0,0,0
C000636,ENT_000134,2026-04-20 00:00:00,2026-04-17 00:00:00,2026-04-23 00:00:00,1,0,1,0,0,0,0.0,0.0,0.0,0,0,0,0.0,1,0.0,0,0
C000637,ENT_000188,2026-04-28 00:00:00,2026-04-25 00:00:00,2026-05-01 00:00:00,1,0,1,0,0,0,0.0,0.0,0.0,0,0,0,0.0,1,0.0,0,0
C000638,ENT_000441,2026-02-21 00:00:00,2026-02-18 00:00:00,2026-02-24 00:00:00,1,0,1,0,0,0,0.0,0.0,0.0,0,0,0,0.0,1,0.0,0,0
C000639,ENT_000187,2026-02-02 00:00:00,2026-01-30 00:00:00,2026-02-05 00:00:00,1,0,1,0,0,0,0.0,0.0,0.0,0,0,0,0.0,1,0.0,0,0
C000640,ENT_000065,2026-02-09 00:00:00,2026-02-06 00:00:00,2026-02-12 00:00:00,2,1,2,0,0,1,13370.36,13370.36,13370.36,0,0,1,0.5,1,1.0,0,0
C000641,ENT_000427,2026-02-11 00:00:00,2026-02-08 00:00:00,2026-02-14 00:00:00,1,0,1,0,0,0,0.0,0.0,0.0,0,0,0,0.0,1,0.0,0,0
C000642,ENT_000044,2026-03-14 00:00:00,2026-03-11 00:00:00,2026-03-17 00:00:00,2,1,2,0,0,1,3416.8,3416.8,3416.8,0,0,1,0.5,1,1.0,0,0
C000643,ENT_000365,2026-02-08 00:00:00,2026-02-05 00:00:00,2026-02-11 00:00:00,1,0,1,0,0,0,0.0,0.0,0.0,0,0,0,0.0,1,0.0,0,0
C000644,ENT_000362,2026-03-25 00:00:00,2026-03-22 00:00:00,2026-03-28 00:00:00,1,0,1,0,0,0,0.0,0.0,0.0,0,0,0,0.0,1,0.0,0,0
C000645,ENT_000417,2026-01-29 00:00:00,2026-01-26 00:00:00,2026-02-01 00:00:00,1,0,1,0,0,0,0.0,0.0,0.0,0,0,0,0.0,1,0.0,0,0
C000646,ENT_000453,2026-08-22 00:00:00,2026-08-19 00:00:00,2026-08-25 00:00:00,1,0,1,0,0,0,0.0,0.0,0.0,0,0,0,0.0,1,0.0,0,0
C000647,ENT_000233,2026-02-16 00:00:00,2026-02-13 00:00:00,2026-02-19 00:00:00,2,1,1,1,1,1,80972.07,80972.07,80972.07,1,0,1,0.5,1,1.0,1,1
C000648,ENT_000465,2026-08-05 00:00:00,2026-08-02 00:00:00,2026-08-08 00:00:00,1,0,1,0,0,0,0.0,0.0,0.0,0,0,0,0.0,1,0.0,0,0
C000649,ENT_000586,2026-04-25 00:00:00,2026-04-22 00:00:00,2026-04-28 00:00:00,1,0,1,0,0,0,0.0,0.0,0.0,0,0,0,0.0,1,0.0,0,0
C000650,ENT_000300,2026-02-01 00:00:00,2026-01-29 00:00:00,2026-02-04 00:00:00,2,1,2,0,0,1,2436.21,2436.21,2436.21,0,0,1,0.5,1,1.0,0,0
C000651,ENT_000509,2026-05-04 00:00:00,2026-05-01 00:00:00,2026-05-07 00:00:00,1,0,1,0,0,0,0.0,0.0,0.0,0,0,0,0.0,1,0.0,0,0
C000652,ENT_000024,2026-06-28 00:00:00,2026-06-25 00:00:00,2026-07-01 00:00:00,2,1,2,0,0,1,2690.23,2690.23,2690.23,0,0,1,0.5,1,1.0,0,0
C000653,ENT_000103,2026-04-01 00:00:00,2026-03-29 00:00:00,2026-04-04 00:00:00,1,0,1,0,0,0,0.0,0.0,0.0,0,0,0,0.0,1,0.0,0,0
C000654,ENT_000100,2026-08-20 00:00:00,2026-08-17 00:00:00,2026-08-23 00:00:00,2,1,2,0,0,1,1816.54,1816.54,1816.54,0,0,1,0.5,1,1.0,0,0
C000655,ENT_000069,2026-01-31 00:00:00,2026-01-28 00:00:00,2026-02-03 00:00:00,1,0,1,0,0,0,0.0,0.0,0.0,0,0,0,0.0,1,0.0,0,0
C000656,ENT_000193,2026-07-22 00:00:00,2026-07-19 00:00:00,2026-07-25 00:00:00,1,0,1,0,0,0,0.0,0.0,0.0,0,0,0,0.0,1,0.0,0,0
C000657,ENT_000119,2026-02-09 00:00:00,2026-02-06 00:00:00,2026-02-12 00:00:00,3,2,3,0,0,2,63919.51,60709.94,31959.76,0,0,1,0.333333,1,1.3333,0,0
C000658,ENT_000663,2026-01-31 00:00:00,2026-01-28 00:00:00,2026-02-03 00:00:00,1,0,1,0,0,0,0.0,0.0,0.0,0,0,0,0.0,1,0.0,0,0
C000659,ENT_000125,2026-03-06 00:00:00,2026-03-03 00:00:00,2026-03-09 00:00:00,1,0,1,0,0,0,0.0,0.0,0.0,0,0,0,0.0,1,0.0,0,0
C000660,ENT_000061,2026-06-05 00:00:00,2026-06-02 00:00:00,2026-06-08 00:00:00,1,0,1,0,0,0,0.0,0.0,0.0,0,0,0,0.0,1,0.0,0,0
C000661,ENT_000649,2026-06-18 00:00:00,2026-06-15 00:00:00,2026-06-21 00:00:00,1,0,1,0,0,0,0.0,0.0,0.0,0,0,0,0.0,1,0.0,0,0
C000662,ENT_000397,2026-03-05 00:00:00,2026-03-02 00:00:00,2026-03-08 00:00:00,1,0,1,0,0,0,0.0,0.0,0.0,0,0,0,0.0,1,0.0,0,0
C000663,ENT_000027,2026-06-05 00:00:00,2026-06-02 00:00:00,2026-06-08 00:00:00,1,0,1,0,0,0,0.0,0.0,0.0,0,0,0,0.0,1,0.0,0,0
C000664,ENT_000382,2026-01-09 00:00:00,2026-01-06 00:00:00,2026-01-12 00:00:00,2,1,2,0,0,1,183.34,183.34,183.34,0,0,1,0.5,1,1.0,0,0
C000665,ENT_000309,2026-07-30 00:00:00,2026-07-27 00:00:00,2026-08-02 00:00:00,1,0,1,0,0,0,0.0,0.0,0.0,0,0,0,0.0,1,0.0,0,0
C000666,ENT_000588,2026-07-23 00:00:00,2026-07-20 00:00:00,2026-07-26 00:00:00,1,0,1,0,0,0,0.0,0.0,0.0,0,0,0,0.0,1,0.0,0,0
C000667,ENT_000051,2026-05-18 00:00:00,2026-05-15 00:00:00,2026-05-21 00:00:00,2,1,2,0,0,1,3055.64,3055.64,3055.64,0,0,1,0.5,1,1.0,0,0
C000668,ENT_000676,2026-05-10 00:00:00,2026-05-07 00:00:00,2026-05-13 00:00:00,2,1,2,0,0,1,2084.18,2084.18,2084.18,0,0,1,0.5,1,1.0,0,0
C000669,ENT_000436,2026-04-06 00:00:00,2026-04-03 00:00:00,2026-04-09 00:00:00,2,1,2,0,0,1,4545.38,4545.38,4545.38,0,0,1,0.5,1,1.0,0,0
C000670,ENT_000259,2026-04-02 00:00:00,2026-03-30 00:00:00,2026-04-05 00:00:00,2,1,2,0,0,1,2813.07,2813.07,2813.07,0,0,1,0.5,1,1.0,0,0
C000671,ENT_000623,2026-06-18 00:00:00,2026-06-15 00:00:00,2026-06-21 00:00:00,1,0,1,0,0,0,0.0,0.0,0.0,0,0,0,0.0,1,0.0,0,0
C000672,ENT_000523,2026-01-23 00:00:00,2026-01-20 00:00:00,2026-01-26 00:00:00,1,0,1,0,0,0,0.0,0.0,0.0,0,0,0,0.0,1,0.0,0,0
C000673,ENT_000038,2026-07-16 00:00:00,2026-07-13 00:00:00,2026-07-19 00:00:00,1,0,1,0,0,0,0.0,0.0,0.0,0,0,0,0.0,1,0.0,0,0
C000674,ENT_000243,2026-04-25 00:00:00,2026-04-22 00:00:00,2026-04-28 00:00:00,2,1,2,0,0,1,3291.72,3291.72,3291.72,0,0,1,0.5,1,1.0,0,0
C000675,ENT_000131,2026-02-01 00:00:00,2026-01-29 00:00:00,2026-02-04 00:00:00,1,0,1,0,0,0,0.0,0.0,0.0,0,0,0,0.0,1,0.0,0,0
C000676,ENT_000552,2026-07-29 00:00:00,2026-07-26 00:00:00,2026-08-01 00:00:00,1,0,1,0,0,0,0.0,0.0,0.0,0,0,0,0.0,1,0.0,0,0
C000677,ENT_000092,2026-05-20 00:00:00,2026-05-17 00:00:00,2026-05-23 00:00:00,1,0,1,0,0,0,0.0,0.0,0.0,0,0,0,0.0,1,0.0,0,0
C000678,ENT_000356,2026-08-05 00:00:00,2026-08-02 00:00:00,2026-08-08 00:00:00,1,0,1,0,0,0,0.0,0.0,0.0,0,0,0,0.0,1,0.0,0,0
C000679,ENT_000578,2026-02-27 00:00:00,2026-02-24 00:00:00,2026-03-02 00:00:00,4,3,3,1,1,3,244390.06,85634.93,81463.35,1,0,1,0.25,1,1.5,1,1
C000680,ENT_000315,2026-08-09 00:00:00,2026-08-06 00:00:00,2026-08-12 00:00:00,1,0,1,0,0,0,0.0,0.0,0.0,0,0,0,0.0,1,0.0,0,0
C000681,ENT_000632,2026-03-20 00:00:00,2026-03-17 00:00:00,2026-03-23 00:00:00,1,0,1,0,0,0,0.0,0.0,0.0,0,0,0,0.0,1,0.0,0,0
C000682,ENT_000596,2026-05-16 00:00:00,2026-05-13 00:00:00,2026-05-19 00:00:00,1,0,1,0,0,0,0.0,0.0,0.0,0,0,0,0.0,1,0.0,0,0
C000683,ENT_000115,2026-06-02 00:00:00,2026-05-30 00:00:00,2026-06-05 00:00:00,1,0,1,0,0,0,0.0,0.0,0.0,0,0,0,0.0,1,0.0,0,0
C000684,ENT_000107,2026-02-04 00:00:00,2026-02-01 00:00:00,2026-02-07 00:00:00,2,1,2,0,0,1,344.41,344.41,344.41,0,0,1,0.5,1,1.0,0,0
C000685,ENT_000149,2026-03-22 00:00:00,2026-03-19 00:00:00,2026-03-25 00:00:00,1,0,1,0,0,0,0.0,0.0,0.0,0,0,0,0.0,1,0.0,0,0
C000686,ENT_000459,2026-06-25 00:00:00,2026-06-22 00:00:00,2026-06-28 00:00:00,2,1,2,0,0,1,11335.79,11335.79,11335.79,0,0,1,0.5,1,1.0,0,0
C000687,ENT_000411,2026-07-01 00:00:00,2026-06-28 00:00:00,2026-07-04 00:00:00,1,0,1,0,0,0,0.0,0.0,0.0,0,0,0,0.0,1,0.0,0,0
C000688,ENT_000554,2026-05-21 00:00:00,2026-05-18 00:00:00,2026-05-24 00:00:00,3,2,3,0,0,2,51970.78,49858.63,25985.39,0,0,1,0.333333,1,1.3333,0,0
C000689,ENT_000134,2026-03-20 00:00:00,2026-03-17 00:00:00,2026-03-23 00:00:00,1,0,1,0,0,0,0.0,0.0,0.0,0,0,0,0.0,1,0.0,0,0
C000690,ENT_000284,2026-06-30 00:00:00,2026-06-27 00:00:00,2026-07-03 00:00:00,1,0,1,0,0,0,0.0,0.0,0.0,0,0,0,0.0,1,0.0,0,0
C000691,ENT_000139,2026-04-08 00:00:00,2026-04-05 00:00:00,2026-04-11 00:00:00,2,1,2,0,0,1,910.53,910.53,910.53,0,0,1,0.5,1,1.0,0,0
C000692,ENT_000086,2026-02-23 00:00:00,2026-02-20 00:00:00,2026-02-26 00:00:00,1,0,1,0,0,0,0.0,0.0,0.0,0,0,0,0.0,1,0.0,0,0
C000693,ENT_000428,2026-04-14 00:00:00,2026-04-11 00:00:00,2026-04-17 00:00:00,1,0,1,0,0,0,0.0,0.0,0.0,0,0,0,0.0,1,0.0,0,0
C000694,ENT_000681,2026-04-15 00:00:00,2026-04-12 00:00:00,2026-04-18 00:00:00,2,1,2,0,0,1,539.41,539.41,539.41,0,0,1,0.5,1,1.0,0,0
C000695,ENT_000082,2026-06-08 00:00:00,2026-06-05 00:00:00,2026-06-11 00:00:00,1,0,1,0,0,0,0.0,0.0,0.0,0,0,0,0.0,1,0.0,0,0
C000696,ENT_000301,2026-06-27 00:00:00,2026-06-24 00:00:00,2026-06-30 00:00:00,1,0,1,0,0,0,0.0,0.0,0.0,0,0,0,0.0,1,0.0,0,0
C000697,ENT_000614,2026-01-04 00:00:00,2026-01-01 00:00:00,2026-01-07 00:00:00,1,0,1,0,0,0,0.0,0.0,0.0,0,0,0,0.0,1,0.0,0,0
C000698,ENT_000089,2026-01-25 00:00:00,2026-01-22 00:00:00,2026-01-28 00:00:00,1,0,1,0,0,0,0.0,0.0,0.0,0,0,0,0.0,1,0.0,0,0
C000699,ENT_000020,2026-03-01 00:00:00,2026-02-26 00:00:00,2026-03-04 00:00:00,1,0,1,0,0,0,0.0,0.0,0.0,0,0,0,0.0,1,0.0,0,0
C000700,ENT_000577,2026-06-30 00:00:00,2026-06-27 00:00:00,2026-07-03 00:00:00,1,0,1,0,0,0,0.0,0.0,0.0,0,0,0,0.0,1,0.0,0,0
C000701,ENT_000105,2026-06-27 00:00:00,2026-06-24 00:00:00,2026-06-30 00:00:00,1,0,1,0,0,0,0.0,0.0,0.0,0,0,0,0.0,1,0.0,0,0
C000702,ENT_000346,2026-04-16 00:00:00,2026-04-13 00:00:00,2026-04-19 00:00:00,2,1,2,0,0,1,2945.16,2945.16,2945.16,0,0,1,0.5,1,1.0,0,0
C000703,ENT_000296,2026-03-21 00:00:00,2026-03-18 00:00:00,2026-03-24 00:00:00,2,1,2,0,0,1,1490.07,1490.07,1490.07,0,0,1,0.5,1,1.0,0,0
C000704,ENT_000302,2026-03-16 00:00:00,2026-03-13 00:00:00,2026-03-19 00:00:00,1,0,1,0,0,0,0.0,0.0,0.0,0,0,0,0.0,1,0.0,0,0
C000705,ENT_000672,2026-03-14 00:00:00,2026-03-11 00:00:00,2026-03-17 00:00:00,1,0,1,0,0,0,0.0,0.0,0.0,0,0,0,0.0,1,0.0,0,0
C000706,ENT_000184,2026-06-12 00:00:00,2026-06-09 00:00:00,2026-06-15 00:00:00,1,0,1,0,0,0,0.0,0.0,0.0,0,0,0,0.0,1,0.0,0,0
C000707,ENT_000209,2026-04-14 00:00:00,2026-04-11 00:00:00,2026-04-17 00:00:00,1,0,1,0,0,0,0.0,0.0,0.0,0,0,0,0.0,1,0.0,0,0
C000708,ENT_000421,2026-08-18 00:00:00,2026-08-15 00:00:00,2026-08-21 00:00:00,1,0,1,0,0,0,0.0,0.0,0.0,0,0,0,0.0,1,0.0,0,0
C000709,ENT_000625,2026-06-19 00:00:00,2026-06-16 00:00:00,2026-06-22 00:00:00,3,2,3,0,0,1,3966.96,2229.1,1983.48,0,0,2,0.333333,1,1.3333,0,0
C000710,ENT_000318,2026-04-02 00:00:00,2026-03-30 00:00:00,2026-04-05 00:00:00,1,0,1,0,0,0,0.0,0.0,0.0,0,0,0,0.0,1,0.0,0,0
C000711,ENT_000599,2026-07-24 00:00:00,2026-07-21 00:00:00,2026-07-27 00:00:00,1,0,1,0,0,0,0.0,0.0,0.0,0,0,0,0.0,1,0.0,0,0
C000712,ENT_000646,2026-01-15 00:00:00,2026-01-12 00:00:00,2026-01-18 00:00:00,1,0,1,0,0,0,0.0,0.0,0.0,0,0,0,0.0,1,0.0,0,0
C000713,ENT_000327,2026-02-14 00:00:00,2026-02-11 00:00:00,2026-02-17 00:00:00,2,1,2,0,0,1,4040.93,4040.93,4040.93,0,0,1,0.5,1,1.0,0,0
C000714,ENT_000644,2026-02-05 00:00:00,2026-02-02 00:00:00,2026-02-08 00:00:00,1,0,1,0,0,0,0.0,0.0,0.0,0,0,0,0.0,1,0.0,0,0
C000715,ENT_000132,2026-05-07 00:00:00,2026-05-04 00:00:00,2026-05-10 00:00:00,1,0,1,0,0,0,0.0,0.0,0.0,0,0,0,0.0,1,0.0,0,0
C000716,ENT_000617,2026-02-23 00:00:00,2026-02-20 00:00:00,2026-02-26 00:00:00,1,0,1,0,0,0,0.0,0.0,0.0,0,0,0,0.0,1,0.0,0,0
C000717,ENT_000402,2026-02-05 00:00:00,2026-02-02 00:00:00,2026-02-08 00:00:00,1,0,1,0,0,0,0.0,0.0,0.0,0,0,0,0.0,1,0.0,0,0
C000718,ENT_000318,2026-06-28 00:00:00,2026-06-25 00:00:00,2026-07-01 00:00:00,2,1,2,0,0,1,43277.7,43277.7,43277.7,0,0,1,0.5,1,1.0,0,0
C000719,ENT_000645,2026-04-30 00:00:00,2026-04-27 00:00:00,2026-05-03 00:00:00,2,1,2,0,0,1,32726.15,32726.15,32726.15,0,0,1,0.5,1,1.0,0,0
C000720,ENT_000661,2026-05-04 00:00:00,2026-05-01 00:00:00,2026-05-07 00:00:00,2,1,2,0,0,1,4218.44,4218.44,4218.44,0,0,1,0.5,1,1.0,0,0
C000721,ENT_000628,2026-07-12 00:00:00,2026-07-09 00:00:00,2026-07-15 00:00:00,2,1,2,0,0,1,462.52,462.52,462.52,0,0,1,0.5,1,1.0,0,0
C000722,ENT_000646,2026-01-19 00:00:00,2026-01-16 00:00:00,2026-01-22 00:00:00,1,0,1,0,0,0,0.0,0.0,0.0,0,0,0,0.0,1,0.0,0,0
C000723,ENT_000690,2026-02-10 00:00:00,2026-02-07 00:00:00,2026-02-13 00:00:00,2,1,2,0,0,1,5467.16,5467.16,5467.16,0,0,1,0.5,1,1.0,0,0
C000724,ENT_000357,2026-05-31 00:00:00,2026-05-28 00:00:00,2026-06-03 00:00:00,2,1,2,0,0,1,125.28,125.28,125.28,0,0,1,0.5,1,1.0,0,0
C000725,ENT_000602,2026-01-24 00:00:00,2026-01-21 00:00:00,2026-01-27 00:00:00,1,0,1,0,0,0,0.0,0.0,0.0,0,0,0,0.0,1,0.0,0,0
C000726,ENT_000503,2026-04-19 00:00:00,2026-04-16 00:00:00,2026-04-22 00:00:00,1,0,1,0,0,0,0.0,0.0,0.0,0,0,0,0.0,1,0.0,0,0
C000727,ENT_000696,2026-06-17 00:00:00,2026-06-14 00:00:00,2026-06-20 00:00:00,2,1,2,0,0,1,1232.87,1232.87,1232.87,0,0,1,0.5,1,1.0,0,0
C000728,ENT_000175,2026-02-02 00:00:00,2026-01-30 00:00:00,2026-02-05 00:00:00,1,0,1,0,0,0,0.0,0.0,0.0,0,0,0,0.0,1,0.0,0,0
C000729,ENT_000445,2026-04-22 00:00:00,2026-04-19 00:00:00,2026-04-25 00:00:00,1,0,1,0,0,0,0.0,0.0,0.0,0,0,0,0.0,1,0.0,0,0
C000730,ENT_000571,2026-02-18 00:00:00,2026-02-15 00:00:00,2026-02-21 00:00:00,1,0,1,0,0,0,0.0,0.0,0.0,0,0,0,0.0,1,0.0,0,0
C000731,ENT_000245,2026-02-15 00:00:00,2026-02-12 00:00:00,2026-02-18 00:00:00,1,0,1,0,0,0,0.0,0.0,0.0,0,0,0,0.0,1,0.0,0,0
C000732,ENT_000477,2026-05-10 00:00:00,2026-05-07 00:00:00,2026-05-13 00:00:00,3,2,3,0,0,1,4406.4,3782.41,2203.2,0,0,2,0.333333,1,1.3333,0,0
C000733,ENT_000382,2026-08-08 00:00:00,2026-08-05 00:00:00,2026-08-11 00:00:00,1,0,1,0,0,0,0.0,0.0,0.0,0,0,0,0.0,1,0.0,0,0
C000734,ENT_000394,2026-01-12 00:00:00,2026-01-09 00:00:00,2026-01-15 00:00:00,1,0,1,0,0,0,0.0,0.0,0.0,0,0,0,0.0,1,0.0,0,0
C000735,ENT_000630,2026-02-14 00:00:00,2026-02-11 00:00:00,2026-02-17 00:00:00,1,0,1,0,0,0,0.0,0.0,0.0,0,0,0,0.0,1,0.0,0,0
C000736,ENT_000608,2026-01-11 00:00:00,2026-01-08 00:00:00,2026-01-14 00:00:00,1,0,1,0,0,0,0.0,0.0,0.0,0,0,0,0.0,1,0.0,0,0
C000737,ENT_000205,2026-04-13 00:00:00,2026-04-10 00:00:00,2026-04-16 00:00:00,1,0,1,0,0,0,0.0,0.0,0.0,0,0,0,0.0,1,0.0,0,0
C000738,ENT_000564,2026-03-24 00:00:00,2026-03-21 00:00:00,2026-03-27 00:00:00,1,0,1,0,0,0,0.0,0.0,0.0,0,0,0,0.0,1,0.0,0,0
C000739,ENT_000176,2026-03-08 00:00:00,2026-03-05 00:00:00,2026-03-11 00:00:00,1,0,1,0,0,0,0.0,0.0,0.0,0,0,0,0.0,1,0.0,0,0
C000740,ENT_000119,2026-04-08 00:00:00,2026-04-05 00:00:00,2026-04-11 00:00:00,1,0,1,0,0,0,0.0,0.0,0.0,0,0,0,0.0,1,0.0,0,0
C000741,ENT_000053,2026-08-24 00:00:00,2026-08-21 00:00:00,2026-08-27 00:00:00,1,0,1,0,0,0,0.0,0.0,0.0,0,0,0,0.0,1,0.0,0,0
C000742,ENT_000005,2026-06-06 00:00:00,2026-06-03 00:00:00,2026-06-09 00:00:00,1,0,1,0,0,0,0.0,0.0,0.0,0,0,0,0.0,1,0.0,0,0
C000743,ENT_000448,2026-08-21 00:00:00,2026-08-18 00:00:00,2026-08-24 00:00:00,1,0,1,0,0,0,0.0,0.0,0.0,0,0,0,0.0,1,0.0,0,0
C000744,ENT_000050,2026-07-26 00:00:00,2026-07-23 00:00:00,2026-07-29 00:00:00,1,0,1,0,0,0,0.0,0.0,0.0,0,0,0,0.0,1,0.0,0,0
C000745,ENT_000148,2026-01-25 00:00:00,2026-01-22 00:00:00,2026-01-28 00:00:00,1,0,1,0,0,0,0.0,0.0,0.0,0,0,0,0.0,1,0.0,0,0
C000746,ENT_000457,2026-06-13 00:00:00,2026-06-10 00:00:00,2026-06-16 00:00:00,1,0,1,0,0,0,0.0,0.0,0.0,0,0,0,0.0,1,0.0,0,0
C000747,ENT_000119,2026-06-08 00:00:00,2026-06-05 00:00:00,2026-06-11 00:00:00,2,1,2,0,0,1,1156.3,1156.3,1156.3,0,0,1,0.5,1,1.0,0,0
C000748,ENT_000194,2026-05-14 00:00:00,2026-05-11 00:00:00,2026-05-17 00:00:00,1,0,1,0,0,0,0.0,0.0,0.0,0,0,0,0.0,1,0.0,0,0
C000749,ENT_000244,2026-07-31 00:00:00,2026-07-28 00:00:00,2026-08-03 00:00:00,1,0,1,0,0,0,0.0,0.0,0.0,0,0,0,0.0,1,0.0,0,0
C000750,ENT_000015,2026-04-01 00:00:00,2026-03-29 00:00:00,2026-04-04 00:00:00,1,0,1,0,0,0,0.0,0.0,0.0,0,0,0,0.0,1,0.0,0,0
C000751,ENT_000361,2026-02-27 00:00:00,2026-02-24 00:00:00,2026-03-02 00:00:00,1,0,1,0,0,0,0.0,0.0,0.0,0,0,0,0.0,1,0.0,0,0
C000752,ENT_000376,2026-04-05 00:00:00,2026-04-02 00:00:00,2026-04-08 00:00:00,1,0,1,0,0,0,0.0,0.0,0.0,0,0,0,0.0,1,0.0,0,0
C000753,ENT_000663,2026-01-19 00:00:00,2026-01-16 00:00:00,2026-01-22 00:00:00,1,0,1,0,0,0,0.0,0.0,0.0,0,0,0,0.0,1,0.0,0,0
C000754,ENT_000260,2026-06-17 00:00:00,2026-06-14 00:00:00,2026-06-20 00:00:00,1,0,1,0,0,0,0.0,0.0,0.0,0,0,0,0.0,1,0.0,0,0
C000755,ENT_000182,2026-08-22 00:00:00,2026-08-19 00:00:00,2026-08-25 00:00:00,4,3,4,0,0,2,1837.2,1061.48,612.4,0,0,2,0.25,1,1.5,0,0
C000756,ENT_000202,2026-03-31 00:00:00,2026-03-28 00:00:00,2026-04-03 00:00:00,3,2,3,0,0,2,12700.65,12507.18,6350.32,0,0,1,0.333333,1,1.3333,0,0
C000757,ENT_000582,2026-02-16 00:00:00,2026-02-13 00:00:00,2026-02-19 00:00:00,2,1,1,1,1,1,4779.23,4779.23,4779.23,1,0,1,0.5,1,1.0,0,0
C000758,ENT_000352,2026-08-06 00:00:00,2026-08-03 00:00:00,2026-08-09 00:00:00,1,0,1,0,0,0,0.0,0.0,0.0,0,0,0,0.0,1,0.0,0,0
C000759,ENT_000428,2026-05-19 00:00:00,2026-05-16 00:00:00,2026-05-22 00:00:00,1,0,1,0,0,0,0.0,0.0,0.0,0,0,0,0.0,1,0.0,0,0
C000760,ENT_000681,2026-07-11 00:00:00,2026-07-08 00:00:00,2026-07-14 00:00:00,2,1,2,0,0,1,2328.78,2328.78,2328.78,0,0,1,0.5,1,1.0,0,0
C000761,ENT_000095,2026-04-28 00:00:00,2026-04-25 00:00:00,2026-05-01 00:00:00,2,1,1,1,1,1,37559.79,37559.79,37559.79,1,0,1,0.5,1,1.0,0,0
C000762,ENT_000211,2026-08-18 00:00:00,2026-08-15 00:00:00,2026-08-21 00:00:00,1,0,1,0,0,0,0.0,0.0,0.0,0,0,0,0.0,1,0.0,0,0
C000763,ENT_000561,2026-04-16 00:00:00,2026-04-13 00:00:00,2026-04-19 00:00:00,1,0,1,0,0,0,0.0,0.0,0.0,0,0,0,0.0,1,0.0,0,0
C000764,ENT_000025,2026-05-07 00:00:00,2026-05-04 00:00:00,2026-05-10 00:00:00,1,0,1,0,0,0,0.0,0.0,0.0,0,0,0,0.0,1,0.0,0,0
C000765,ENT_000519,2026-04-02 00:00:00,2026-03-30 00:00:00,2026-04-05 00:00:00,1,0,1,0,0,0,0.0,0.0,0.0,0,0,0,0.0,1,0.0,0,0
C000766,ENT_000026,2026-08-08 00:00:00,2026-08-05 00:00:00,2026-08-11 00:00:00,1,0,1,0,0,0,0.0,0.0,0.0,0,0,0,0.0,1,0.0,0,0
C000767,ENT_000060,2026-08-13 00:00:00,2026-08-10 00:00:00,2026-08-16 00:00:00,1,0,1,0,0,0,0.0,0.0,0.0,0,0,0,0.0,1,0.0,0,0
C000768,ENT_000596,2026-01-28 00:00:00,2026-01-25 00:00:00,2026-01-31 00:00:00,1,0,1,0,0,0,0.0,0.0,0.0,0,0,0,0.0,1,0.0,0,0
C000769,ENT_000281,2026-08-15 00:00:00,2026-08-12 00:00:00,2026-08-18 00:00:00,1,0,1,0,0,0,0.0,0.0,0.0,0,0,0,0.0,1,0.0,0,0
C000770,ENT_000700,2026-04-13 00:00:00,2026-04-10 00:00:00,2026-04-16 00:00:00,1,0,1,0,0,0,0.0,0.0,0.0,0,0,0,0.0,1,0.0,0,0
C000771,ENT_000385,2026-05-11 00:00:00,2026-05-08 00:00:00,2026-05-14 00:00:00,2,1,2,0,0,1,546.53,546.53,546.53,0,0,1,0.5,1,1.0,0,0
C000772,ENT_000671,2026-07-28 00:00:00,2026-07-25 00:00:00,2026-07-31 00:00:00,1,0,1,0,0,0,0.0,0.0,0.0,0,0,0,0.0,1,0.0,0,0
C000773,ENT_000174,2026-06-28 00:00:00,2026-06-25 00:00:00,2026-07-01 00:00:00,2,1,1,1,1,1,1265.69,1265.69,1265.69,1,0,1,0.5,1,1.0,0,0
C000774,ENT_000686,2026-02-16 00:00:00,2026-02-13 00:00:00,2026-02-19 00:00:00,1,0,1,0,0,0,0.0,0.0,0.0,0,0,0,0.0,1,0.0,0,0
C000775,ENT_000365,2026-07-11 00:00:00,2026-07-08 00:00:00,2026-07-14 00:00:00,1,0,1,0,0,0,0.0,0.0,0.0,0,0,0,0.0,1,0.0,0,0
C000776,ENT_000171,2026-03-03 00:00:00,2026-02-28 00:00:00,2026-03-06 00:00:00,1,0,1,0,0,0,0.0,0.0,0.0,0,0,0,0.0,1,0.0,0,0
C000777,ENT_000017,2026-01-16 00:00:00,2026-01-13 00:00:00,2026-01-19 00:00:00,1,0,1,0,0,0,0.0,0.0,0.0,0,0,0,0.0,1,0.0,0,0
C000778,ENT_000671,2026-04-29 00:00:00,2026-04-26 00:00:00,2026-05-02 00:00:00,1,0,1,0,0,0,0.0,0.0,0.0,0,0,0,0.0,1,0.0,0,0
C000779,ENT_000668,2026-06-04 00:00:00,2026-06-01 00:00:00,2026-06-07 00:00:00,1,0,1,0,0,0,0.0,0.0,0.0,0,0,0,0.0,1,0.0,0,0
C000780,ENT_000088,2026-01-23 00:00:00,2026-01-20 00:00:00,2026-01-26 00:00:00,2,1,2,0,0,1,467.7,467.7,467.7,0,0,1,0.5,1,1.0,0,0
C000781,ENT_000079,2026-04-08 00:00:00,2026-04-05 00:00:00,2026-04-11 00:00:00,1,0,1,0,0,0,0.0,0.0,0.0,0,0,0,0.0,1,0.0,0,0
C000782,ENT_000642,2026-06-06 00:00:00,2026-06-03 00:00:00,2026-06-09 00:00:00,1,0,1,0,0,0,0.0,0.0,0.0,0,0,0,0.0,1,0.0,0,0
C000783,ENT_000122,2026-08-16 00:00:00,2026-08-13 00:00:00,2026-08-19 00:00:00,1,0,1,0,0,0,0.0,0.0,0.0,0,0,0,0.0,1,0.0,0,0
C000784,ENT_000415,2026-03-30 00:00:00,2026-03-27 00:00:00,2026-04-02 00:00:00,1,0,1,0,0,0,0.0,0.0,0.0,0,0,0,0.0,1,0.0,0,0
C000785,ENT_000057,2026-04-26 00:00:00,2026-04-23 00:00:00,2026-04-29 00:00:00,1,0,1,0,0,0,0.0,0.0,0.0,0,0,0,0.0,1,0.0,0,0
C000786,ENT_000106,2026-01-17 00:00:00,2026-01-14 00:00:00,2026-01-20 00:00:00,4,3,3,1,1,2,292344.73,255213.7,97448.24,1,0,2,0.25,1,1.5,1,1
C000787,ENT_000282,2026-07-11 00:00:00,2026-07-08 00:00:00,2026-07-14 00:00:00,2,1,2,0,0,1,403368.44,403368.44,403368.44,0,0,1,0.5,1,1.0,0,0
C000788,ENT_000121,2026-04-18 00:00:00,2026-04-15 00:00:00,2026-04-21 00:00:00,2,1,2,0,0,1,4401.06,4401.06,4401.06,0,0,1,0.5,1,1.0,0,0
C000789,ENT_000122,2026-07-26 00:00:00,2026-07-23 00:00:00,2026-07-29 00:00:00,1,0,1,0,0,0,0.0,0.0,0.0,0,0,0,0.0,1,0.0,0,0
C000790,ENT_000413,2026-01-24 00:00:00,2026-01-21 00:00:00,2026-01-27 00:00:00,1,0,1,0,0,0,0.0,0.0,0.0,0,0,0,0.0,1,0.0,0,0
C000791,ENT_000450,2026-03-03 00:00:00,2026-02-28 00:00:00,2026-03-06 00:00:00,1,0,1,0,0,0,0.0,0.0,0.0,0,0,0,0.0,1,0.0,0,0
C000792,ENT_000600,2026-04-10 00:00:00,2026-04-07 00:00:00,2026-04-13 00:00:00,1,0,1,0,0,0,0.0,0.0,0.0,0,0,0,0.0,1,0.0,0,0
C000793,ENT_000465,2026-04-17 00:00:00,2026-04-14 00:00:00,2026-04-20 00:00:00,2,1,2,0,0,1,3053.58,3053.58,3053.58,0,0,1,0.5,1,1.0,0,0
C000794,ENT_000071,2026-04-13 00:00:00,2026-04-10 00:00:00,2026-04-16 00:00:00,4,3,4,0,0,1,19499.14,14138.53,6499.71,0,0,3,0.25,1,1.5,0,0
C000795,ENT_000360,2026-08-05 00:00:00,2026-08-02 00:00:00,2026-08-08 00:00:00,1,0,1,0,0,0,0.0,0.0,0.0,0,0,0,0.0,1,0.0,0,0
C000796,ENT_000315,2026-06-21 00:00:00,2026-06-18 00:00:00,2026-06-24 00:00:00,1,0,1,0,0,0,0.0,0.0,0.0,0,0,0,0.0,1,0.0,0,0
C000797,ENT_000331,2026-05-15 00:00:00,2026-05-12 00:00:00,2026-05-18 00:00:00,1,0,1,0,0,0,0.0,0.0,0.0,0,0,0,0.0,1,0.0,0,0
C000798,ENT_000238,2026-01-24 00:00:00,2026-01-21 00:00:00,2026-01-27 00:00:00,1,0,1,0,0,0,0.0,0.0,0.0,0,0,0,0.0,1,0.0,0,0
C000799,ENT_000138,2026-02-10 00:00:00,2026-02-07 00:00:00,2026-02-13 00:00:00,1,0,1,0,0,0,0.0,0.0,0.0,0,0,0,0.0,1,0.0,0,0
C000800,ENT_000014,2026-08-18 00:00:00,2026-08-15 00:00:00,2026-08-21 00:00:00,5,4,5,0,0,3,802351.63,281057.5,200587.91,0,0,2,0.2,1,1.6,1,1
C000801,ENT_000292,2026-07-05 00:00:00,2026-07-02 00:00:00,2026-07-08 00:00:00,2,1,2,0,0,1,34652.11,34652.11,34652.11,0,0,1,0.5,1,1.0,0,0
C000802,ENT_000424,2026-07-04 00:00:00,2026-07-01 00:00:00,2026-07-07 00:00:00,1,0,1,0,0,0,0.0,0.0,0.0,0,0,0,0.0,1,0.0,0,0
C000803,ENT_000077,2026-08-08 00:00:00,2026-08-05 00:00:00,2026-08-11 00:00:00,1,0,1,0,0,0,0.0,0.0,0.0,0,0,0,0.0,1,0.0,0,0
C000804,ENT_000150,2026-06-06 00:00:00,2026-06-03 00:00:00,2026-06-09 00:00:00,1,0,1,0,0,0,0.0,0.0,0.0,0,0,0,0.0,1,0.0,0,0
C000805,ENT_000369,2026-07-02 00:00:00,2026-06-29 00:00:00,2026-07-05 00:00:00,1,0,1,0,0,0,0.0,0.0,0.0,0,0,0,0.0,1,0.0,0,0
C000806,ENT_000145,2026-03-24 00:00:00,2026-03-21 00:00:00,2026-03-27 00:00:00,1,0,1,0,0,0,0.0,0.0,0.0,0,0,0,0.0,1,0.0,0,0
C000807,ENT_000584,2026-04-16 00:00:00,2026-04-13 00:00:00,2026-04-19 00:00:00,1,0,1,0,0,0,0.0,0.0,0.0,0,0,0,0.0,1,0.0,0,0
C000808,ENT_000099,2026-01-10 00:00:00,2026-01-07 00:00:00,2026-01-13 00:00:00,1,0,1,0,0,0,0.0,0.0,0.0,0,0,0,0.0,1,0.0,0,0
C000809,ENT_000538,2026-04-06 00:00:00,2026-04-03 00:00:00,2026-04-09 00:00:00,1,0,1,0,0,0,0.0,0.0,0.0,0,0,0,0.0,1,0.0,0,0
C000810,ENT_000411,2026-02-08 00:00:00,2026-02-05 00:00:00,2026-02-11 00:00:00,1,0,1,0,0,0,0.0,0.0,0.0,0,0,0,0.0,1,0.0,0,0
C000811,ENT_000168,2026-05-24 00:00:00,2026-05-21 00:00:00,2026-05-27 00:00:00,2,1,2,0,0,1,409094.34,409094.34,409094.34,0,0,1,0.5,1,1.0,0,0
C000812,ENT_000482,2026-02-24 00:00:00,2026-02-21 00:00:00,2026-02-27 00:00:00,2,1,2,0,0,1,2540.1,2540.1,2540.1,0,0,1,0.5,1,1.0,0,0
C000813,ENT_000328,2026-03-23 00:00:00,2026-03-20 00:00:00,2026-03-26 00:00:00,1,0,1,0,0,0,0.0,0.0,0.0,0,0,0,0.0,1,0.0,0,0
C000814,ENT_000456,2026-06-10 00:00:00,2026-06-07 00:00:00,2026-06-13 00:00:00,1,0,1,0,0,0,0.0,0.0,0.0,0,0,0,0.0,1,0.0,0,0
C000815,ENT_000039,2026-04-25 00:00:00,2026-04-22 00:00:00,2026-04-28 00:00:00,2,1,2,0,0,1,445455.27,445455.27,445455.27,0,0,1,0.5,1,1.0,0,0
C000816,ENT_000474,2026-05-12 00:00:00,2026-05-09 00:00:00,2026-05-15 00:00:00,1,0,1,0,0,0,0.0,0.0,0.0,0,0,0,0.0,1,0.0,0,0
C000817,ENT_000016,2026-08-17 00:00:00,2026-08-14 00:00:00,2026-08-20 00:00:00,2,1,2,0,0,1,726.48,726.48,726.48,0,0,1,0.5,1,1.0,0,0
C000818,ENT_000404,2026-06-30 00:00:00,2026-06-27 00:00:00,2026-07-03 00:00:00,1,0,1,0,0,0,0.0,0.0,0.0,0,0,0,0.0,1,0.0,0,0
C000819,ENT_000597,2026-06-02 00:00:00,2026-05-30 00:00:00,2026-06-05 00:00:00,1,0,1,0,0,0,0.0,0.0,0.0,0,0,0,0.0,1,0.0,0,0
C000820,ENT_000457,2026-07-06 00:00:00,2026-07-03 00:00:00,2026-07-09 00:00:00,2,1,2,0,0,1,45635.52,45635.52,45635.52,0,0,1,0.5,1,1.0,0,0
C000821,ENT_000638,2026-02-17 00:00:00,2026-02-14 00:00:00,2026-02-20 00:00:00,3,2,3,0,0,2,4152.88,3555.88,2076.44,0,0,1,0.333333,1,1.3333,0,0
C000822,ENT_000691,2026-08-01 00:00:00,2026-07-29 00:00:00,2026-08-04 00:00:00,2,1,1,1,1,1,354.72,354.72,354.72,1,0,1,0.5,1,1.0,0,0
C000823,ENT_000355,2026-01-01 00:00:00,2025-12-29 00:00:00,2026-01-04 00:00:00,1,0,1,0,0,0,0.0,0.0,0.0,0,0,0,0.0,1,0.0,0,0
C000824,ENT_000349,2026-04-27 00:00:00,2026-04-24 00:00:00,2026-04-30 00:00:00,1,0,1,0,0,0,0.0,0.0,0.0,0,0,0,0.0,1,0.0,0,0
C000825,ENT_000469,2026-02-13 00:00:00,2026-02-10 00:00:00,2026-02-16 00:00:00,1,0,1,0,0,0,0.0,0.0,0.0,0,0,0,0.0,1,0.0,0,0
C000826,ENT_000572,2026-07-16 00:00:00,2026-07-13 00:00:00,2026-07-19 00:00:00,1,0,1,0,0,0,0.0,0.0,0.0,0,0,0,0.0,1,0.0,0,0
C000827,ENT_000182,2026-04-27 00:00:00,2026-04-24 00:00:00,2026-04-30 00:00:00,2,1,2,0,0,1,34964.13,34964.13,34964.13,0,0,1,0.5,1,1.0,0,0
C000828,ENT_000294,2026-01-16 00:00:00,2026-01-13 00:00:00,2026-01-19 00:00:00,1,0,1,0,0,0,0.0,0.0,0.0,0,0,0,0.0,1,0.0,0,0
C000829,ENT_000316,2026-07-03 00:00:00,2026-06-30 00:00:00,2026-07-06 00:00:00,1,0,1,0,0,0,0.0,0.0,0.0,0,0,0,0.0,1,0.0,0,0
C000830,ENT_000431,2026-01-20 00:00:00,2026-01-17 00:00:00,2026-01-23 00:00:00,1,0,1,0,0,0,0.0,0.0,0.0,0,0,0,0.0,1,0.0,0,0
C000831,ENT_000196,2026-06-07 00:00:00,2026-06-04 00:00:00,2026-06-10 00:00:00,1,0,1,0,0,0,0.0,0.0,0.0,0,0,0,0.0,1,0.0,0,0
C000832,ENT_000222,2026-06-02 00:00:00,2026-05-30 00:00:00,2026-06-05 00:00:00,1,0,1,0,0,0,0.0,0.0,0.0,0,0,0,0.0,1,0.0,0,0
C000833,ENT_000482,2026-08-11 00:00:00,2026-08-08 00:00:00,2026-08-14 00:00:00,1,0,1,0,0,0,0.0,0.0,0.0,0,0,0,0.0,1,0.0,0,0
C000834,ENT_000422,2026-07-13 00:00:00,2026-07-10 00:00:00,2026-07-16 00:00:00,1,0,1,0,0,0,0.0,0.0,0.0,0,0,0,0.0,1,0.0,0,0
C000835,ENT_000298,2026-08-12 00:00:00,2026-08-09 00:00:00,2026-08-15 00:00:00,1,0,1,0,0,0,0.0,0.0,0.0,0,0,0,0.0,1,0.0,0,0
C000836,ENT_000235,2026-01-04 00:00:00,2026-01-01 00:00:00,2026-01-07 00:00:00,1,0,1,0,0,0,0.0,0.0,0.0,0,0,0,0.0,1,0.0,0,0
C000837,ENT_000654,2026-08-23 00:00:00,2026-08-20 00:00:00,2026-08-26 00:00:00,1,0,1,0,0,0,0.0,0.0,0.0,0,0,0,0.0,1,0.0,0,0
C000838,ENT_000136,2026-06-03 00:00:00,2026-05-31 00:00:00,2026-06-06 00:00:00,2,1,2,0,0,1,7787.54,7787.54,7787.54,0,0,1,0.5,1,1.0,0,0
C000839,ENT_000535,2026-06-10 00:00:00,2026-06-07 00:00:00,2026-06-13 00:00:00,1,0,1,0,0,0,0.0,0.0,0.0,0,0,0,0.0,1,0.0,0,0
C000840,ENT_000181,2026-01-15 00:00:00,2026-01-12 00:00:00,2026-01-18 00:00:00,1,0,1,0,0,0,0.0,0.0,0.0,0,0,0,0.0,1,0.0,0,0
C000841,ENT_000589,2026-02-12 00:00:00,2026-02-09 00:00:00,2026-02-15 00:00:00,1,0,1,0,0,0,0.0,0.0,0.0,0,0,0,0.0,1,0.0,0,0
C000842,ENT_000418,2026-06-11 00:00:00,2026-06-08 00:00:00,2026-06-14 00:00:00,2,1,2,0,0,1,21756.01,21756.01,21756.01,0,0,1,0.5,1,1.0,0,0
C000843,ENT_000097,2026-05-05 00:00:00,2026-05-02 00:00:00,2026-05-08 00:00:00,2,1,2,0,0,1,12660.9,12660.9,12660.9,0,0,1,0.5,1,1.0,0,0
C000844,ENT_000272,2026-01-09 00:00:00,2026-01-06 00:00:00,2026-01-12 00:00:00,2,1,2,0,0,1,46841.85,46841.85,46841.85,0,0,1,0.5,1,1.0,0,0
C000845,ENT_000308,2026-04-08 00:00:00,2026-04-05 00:00:00,2026-04-11 00:00:00,1,0,1,0,0,0,0.0,0.0,0.0,0,0,0,0.0,1,0.0,0,0
C000846,ENT_000059,2026-02-07 00:00:00,2026-02-04 00:00:00,2026-02-10 00:00:00,1,0,1,0,0,0,0.0,0.0,0.0,0,0,0,0.0,1,0.0,0,0
C000847,ENT_000438,2026-06-13 00:00:00,2026-06-10 00:00:00,2026-06-16 00:00:00,1,0,1,0,0,0,0.0,0.0,0.0,0,0,0,0.0,1,0.0,0,0
C000848,ENT_000335,2026-06-04 00:00:00,2026-06-01 00:00:00,2026-06-07 00:00:00,1,0,1,0,0,0,0.0,0.0,0.0,0,0,0,0.0,1,0.0,0,0
C000849,ENT_000680,2026-04-02 00:00:00,2026-03-30 00:00:00,2026-04-05 00:00:00,3,2,3,0,0,2,196648.39,195274.75,98324.2,0,0,1,0.333333,1,1.3333,0,0
C000850,ENT_000313,2026-07-11 00:00:00,2026-07-08 00:00:00,2026-07-14 00:00:00,1,0,1,0,0,0,0.0,0.0,0.0,0,0,0,0.0,1,0.0,0,0
C000851,ENT_000381,2026-01-18 00:00:00,2026-01-15 00:00:00,2026-01-21 00:00:00,1,0,1,0,0,0,0.0,0.0,0.0,0,0,0,0.0,1,0.0,0,0
C000852,ENT_000043,2026-05-06 00:00:00,2026-05-03 00:00:00,2026-05-09 00:00:00,1,0,1,0,0,0,0.0,0.0,0.0,0,0,0,0.0,1,0.0,0,0
C000853,ENT_000687,2026-05-28 00:00:00,2026-05-25 00:00:00,2026-05-31 00:00:00,1,0,1,0,0,0,0.0,0.0,0.0,0,0,0,0.0,1,0.0,0,0
C000854,ENT_000545,2026-01-26 00:00:00,2026-01-23 00:00:00,2026-01-29 00:00:00,2,1,2,0,0,1,681.5,681.5,681.5,0,0,1,0.5,1,1.0,0,0
C000855,ENT_000169,2026-01-13 00:00:00,2026-01-10 00:00:00,2026-01-16 00:00:00,1,0,1,0,0,0,0.0,0.0,0.0,0,0,0,0.0,1,0.0,0,0
C000856,ENT_000449,2026-06-20 00:00:00,2026-06-17 00:00:00,2026-06-23 00:00:00,2,1,2,0,0,1,318456.13,318456.13,318456.13,0,0,1,0.5,1,1.0,0,0
C000857,ENT_000272,2026-01-10 00:00:00,2026-01-07 00:00:00,2026-01-13 00:00:00,4,3,4,0,0,3,305068.5,130622.33,101689.5,0,0,1,0.25,1,1.5,1,1
C000858,ENT_000152,2026-08-19 00:00:00,2026-08-16 00:00:00,2026-08-22 00:00:00,1,0,1,0,0,0,0.0,0.0,0.0,0,0,0,0.0,1,0.0,0,0
C000859,ENT_000528,2026-06-09 00:00:00,2026-06-06 00:00:00,2026-06-12 00:00:00,2,2,1,1,1,1,112779.6,97306.2,56389.8,2,0,2,1.0,1,2.0,1,1
C000860,ENT_000231,2026-05-23 00:00:00,2026-05-20 00:00:00,2026-05-26 00:00:00,2,1,2,0,0,1,1509.11,1509.11,1509.11,0,0,1,0.5,1,1.0,0,0
C000861,ENT_000143,2026-02-18 00:00:00,2026-02-15 00:00:00,2026-02-21 00:00:00,2,1,2,0,0,1,285675.15,285675.15,285675.15,0,0,1,0.5,1,1.0,0,0
C000862,ENT_000069,2026-03-17 00:00:00,2026-03-14 00:00:00,2026-03-20 00:00:00,2,1,2,0,0,1,36212.86,36212.86,36212.86,0,0,1,0.5,1,1.0,0,0
C000863,ENT_000464,2026-03-11 00:00:00,2026-03-08 00:00:00,2026-03-14 00:00:00,1,0,1,0,0,0,0.0,0.0,0.0,0,0,0,0.0,1,0.0,0,0
C000864,ENT_000421,2026-05-19 00:00:00,2026-05-16 00:00:00,2026-05-22 00:00:00,1,0,1,0,0,0,0.0,0.0,0.0,0,0,0,0.0,1,0.0,0,0
C000865,ENT_000089,2026-05-12 00:00:00,2026-05-09 00:00:00,2026-05-15 00:00:00,2,1,2,0,0,1,1058.97,1058.97,1058.97,0,0,1,0.5,1,1.0,0,0
C000866,ENT_000111,2026-08-04 00:00:00,2026-08-01 00:00:00,2026-08-07 00:00:00,1,0,1,0,0,0,0.0,0.0,0.0,0,0,0,0.0,1,0.0,0,0
C000867,ENT_000246,2026-02-19 00:00:00,2026-02-16 00:00:00,2026-02-22 00:00:00,1,0,1,0,0,0,0.0,0.0,0.0,0,0,0,0.0,1,0.0,0,0
C000868,ENT_000500,2026-04-08 00:00:00,2026-04-05 00:00:00,2026-04-11 00:00:00,1,0,1,0,0,0,0.0,0.0,0.0,0,0,0,0.0,1,0.0,0,0
C000869,ENT_000330,2026-05-28 00:00:00,2026-05-25 00:00:00,2026-05-31 00:00:00,1,0,1,0,0,0,0.0,0.0,0.0,0,0,0,0.0,1,0.0,0,0
C000870,ENT_000258,2026-03-05 00:00:00,2026-03-02 00:00:00,2026-03-08 00:00:00,1,0,1,0,0,0,0.0,0.0,0.0,0,0,0,0.0,1,0.0,0,0
C000871,ENT_000293,2026-07-21 00:00:00,2026-07-18 00:00:00,2026-07-24 00:00:00,1,0,1,0,0,0,0.0,0.0,0.0,0,0,0,0.0,1,0.0,0,0
C000872,ENT_000631,2026-08-11 00:00:00,2026-08-08 00:00:00,2026-08-14 00:00:00,1,0,1,0,0,0,0.0,0.0,0.0,0,0,0,0.0,1,0.0,0,0
C000873,ENT_000515,2026-05-08 00:00:00,2026-05-05 00:00:00,2026-05-11 00:00:00,1,0,1,0,0,0,0.0,0.0,0.0,0,0,0,0.0,1,0.0,0,0
C000874,ENT_000073,2026-06-20 00:00:00,2026-06-17 00:00:00,2026-06-23 00:00:00,1,0,1,0,0,0,0.0,0.0,0.0,0,0,0,0.0,1,0.0,0,0
C000875,ENT_000133,2026-04-12 00:00:00,2026-04-09 00:00:00,2026-04-15 00:00:00,1,0,1,0,0,0,0.0,0.0,0.0,0,0,0,0.0,1,0.0,0,0
C000876,ENT_000430,2026-06-01 00:00:00,2026-05-29 00:00:00,2026-06-04 00:00:00,2,1,2,0,0,1,472.84,472.84,472.84,0,0,1,0.5,1,1.0,0,0
C000877,ENT_000479,2026-04-02 00:00:00,2026-03-30 00:00:00,2026-04-05 00:00:00,1,0,1,0,0,0,0.0,0.0,0.0,0,0,0,0.0,1,0.0,0,0
C000878,ENT_000634,2026-05-26 00:00:00,2026-05-23 00:00:00,2026-05-29 00:00:00,1,0,1,0,0,0,0.0,0.0,0.0,0,0,0,0.0,1,0.0,0,0
C000879,ENT_000287,2026-04-10 00:00:00,2026-04-07 00:00:00,2026-04-13 00:00:00,1,0,1,0,0,0,0.0,0.0,0.0,0,0,0,0.0,1,0.0,0,0
C000880,ENT_000517,2026-07-31 00:00:00,2026-07-28 00:00:00,2026-08-03 00:00:00,1,0,1,0,0,0,0.0,0.0,0.0,0,0,0,0.0,1,0.0,0,0
C000881,ENT_000065,2026-08-04 00:00:00,2026-08-01 00:00:00,2026-08-07 00:00:00,1,0,1,0,0,0,0.0,0.0,0.0,0,0,0,0.0,1,0.0,0,0
C000882,ENT_000607,2026-06-20 00:00:00,2026-06-17 00:00:00,2026-06-23 00:00:00,2,1,2,0,0,1,1706.44,1706.44,1706.44,0,0,1,0.5,1,1.0,0,0
C000883,ENT_000304,2026-05-02 00:00:00,2026-04-29 00:00:00,2026-05-05 00:00:00,1,0,1,0,0,0,0.0,0.0,0.0,0,0,0,0.0,1,0.0,0,0
C000884,ENT_000195,2026-05-09 00:00:00,2026-05-06 00:00:00,2026-05-12 00:00:00,1,0,1,0,0,0,0.0,0.0,0.0,0,0,0,0.0,1,0.0,0,0
C000885,ENT_000329,2026-02-22 00:00:00,2026-02-19 00:00:00,2026-02-25 00:00:00,4,3,3,1,1,3,330062.86,131362.62,110020.95,1,0,1,0.25,1,1.5,1,1
C000886,ENT_000633,2026-08-05 00:00:00,2026-08-02 00:00:00,2026-08-08 00:00:00,2,1,2,0,0,1,2701.09,2701.09,2701.09,0,0,1,0.5,1,1.0,0,0
C000887,ENT_000223,2026-06-19 00:00:00,2026-06-16 00:00:00,2026-06-22 00:00:00,1,0,1,0,0,0,0.0,0.0,0.0,0,0,0,0.0,1,0.0,0,0
C000888,ENT_000226,2026-02-11 00:00:00,2026-02-08 00:00:00,2026-02-14 00:00:00,1,0,1,0,0,0,0.0,0.0,0.0,0,0,0,0.0,1,0.0,0,0
C000889,ENT_000034,2026-02-19 00:00:00,2026-02-16 00:00:00,2026-02-22 00:00:00,3,2,3,0,0,2,9098.58,4718.15,4549.29,0,0,1,0.333333,1,1.3333,0,0
C000890,ENT_000262,2026-02-01 00:00:00,2026-01-29 00:00:00,2026-02-04 00:00:00,1,0,1,0,0,0,0.0,0.0,0.0,0,0,0,0.0,1,0.0,0,0
C000891,ENT_000041,2026-06-25 00:00:00,2026-06-22 00:00:00,2026-06-28 00:00:00,4,3,4,0,0,2,261951.07,232702.13,87317.02,0,0,2,0.25,1,1.5,0,0
C000892,ENT_000267,2026-04-10 00:00:00,2026-04-07 00:00:00,2026-04-13 00:00:00,1,0,1,0,0,0,0.0,0.0,0.0,0,0,0,0.0,1,0.0,0,0
C000893,ENT_000414,2026-01-12 00:00:00,2026-01-09 00:00:00,2026-01-15 00:00:00,1,0,1,0,0,0,0.0,0.0,0.0,0,0,0,0.0,1,0.0,0,0
C000894,ENT_000636,2026-07-21 00:00:00,2026-07-18 00:00:00,2026-07-24 00:00:00,4,3,4,0,0,3,758646.09,266545.9,252882.03,0,0,1,0.25,1,1.5,1,1
C000895,ENT_000694,2026-04-03 00:00:00,2026-03-31 00:00:00,2026-04-06 00:00:00,1,0,1,0,0,0,0.0,0.0,0.0,0,0,0,0.0,1,0.0,0,0
C000896,ENT_000434,2026-03-12 00:00:00,2026-03-09 00:00:00,2026-03-15 00:00:00,1,0,1,0,0,0,0.0,0.0,0.0,0,0,0,0.0,1,0.0,0,0
C000897,ENT_000212,2026-04-25 00:00:00,2026-04-22 00:00:00,2026-04-28 00:00:00,1,0,1,0,0,0,0.0,0.0,0.0,0,0,0,0.0,1,0.0,0,0
C000898,ENT_000155,2026-08-16 00:00:00,2026-08-13 00:00:00,2026-08-19 00:00:00,1,0,1,0,0,0,0.0,0.0,0.0,0,0,0,0.0,1,0.0,0,0
C000899,ENT_000630,2026-03-16 00:00:00,2026-03-13 00:00:00,2026-03-19 00:00:00,1,0,1,0,0,0,0.0,0.0,0.0,0,0,0,0.0,1,0.0,0,0
C000900,ENT_000639,2026-06-05 00:00:00,2026-06-02 00:00:00,2026-06-08 00:00:00,1,0,1,0,0,0,0.0,0.0,0.0,0,0,0,0.0,1,0.0,0,0
C000901,ENT_000322,2026-04-24 00:00:00,2026-04-21 00:00:00,2026-04-27 00:00:00,1,0,1,0,0,0,0.0,0.0,0.0,0,0,0,0.0,1,0.0,0,0
C000902,ENT_000396,2026-08-01 00:00:00,2026-07-29 00:00:00,2026-08-04 00:00:00,1,0,1,0,0,0,0.0,0.0,0.0,0,0,0,0.0,1,0.0,0,0
C000903,ENT_000200,2026-04-24 00:00:00,2026-04-21 00:00:00,2026-04-27 00:00:00,6,6,6,0,0,3,741989.45,236569.77,123664.91,0,0,2,0.2,1,2.0,1,1
C000904,ENT_000052,2026-07-19 00:00:00,2026-07-16 00:00:00,2026-07-22 00:00:00,1,0,1,0,0,0,0.0,0.0,0.0,0,0,0,0.0,1,0.0,0,0
C000905,ENT_000278,2026-04-01 00:00:00,2026-03-29 00:00:00,2026-04-04 00:00:00,1,0,1,0,0,0,0.0,0.0,0.0,0,0,0,0.0,1,0.0,0,0
C000906,ENT_000651,2026-02-07 00:00:00,2026-02-04 00:00:00,2026-02-10 00:00:00,1,0,1,0,0,0,0.0,0.0,0.0,0,0,0,0.0,1,0.0,0,0
C000907,ENT_000152,2026-01-21 00:00:00,2026-01-18 00:00:00,2026-01-24 00:00:00,4,3,4,0,0,3,904880.56,315576.45,301626.85,0,0,1,0.25,1,1.5,1,1
C000908,ENT_000683,2026-04-06 00:00:00,2026-04-03 00:00:00,2026-04-09 00:00:00,1,0,1,0,0,0,0.0,0.0,0.0,0,0,0,0.0,1,0.0,0,0
C000909,ENT_000589,2026-02-11 00:00:00,2026-02-08 00:00:00,2026-02-14 00:00:00,1,0,1,0,0,0,0.0,0.0,0.0,0,0,0,0.0,1,0.0,0,0
C000910,ENT_000495,2026-06-01 00:00:00,2026-05-29 00:00:00,2026-06-04 00:00:00,1,0,1,0,0,0,0.0,0.0,0.0,0,0,0,0.0,1,0.0,0,0
C000911,ENT_000616,2026-07-21 00:00:00,2026-07-18 00:00:00,2026-07-24 00:00:00,1,0,1,0,0,0,0.0,0.0,0.0,0,0,0,0.0,1,0.0,0,0
C000912,ENT_000580,2026-06-10 00:00:00,2026-06-07 00:00:00,2026-06-13 00:00:00,1,0,1,0,0,0,0.0,0.0,0.0,0,0,0,0.0,1,0.0,0,0
C000913,ENT_000091,2026-05-11 00:00:00,2026-05-08 00:00:00,2026-05-14 00:00:00,1,0,1,0,0,0,0.0,0.0,0.0,0,0,0,0.0,1,0.0,0,0
C000914,ENT_000521,2026-07-27 00:00:00,2026-07-24 00:00:00,2026-07-30 00:00:00,1,0,1,0,0,0,0.0,0.0,0.0,0,0,0,0.0,1,0.0,0,0
C000915,ENT_000141,2026-02-23 00:00:00,2026-02-20 00:00:00,2026-02-26 00:00:00,1,0,1,0,0,0,0.0,0.0,0.0,0,0,0,0.0,1,0.0,0,0
C000916,ENT_000221,2026-05-13 00:00:00,2026-05-10 00:00:00,2026-05-16 00:00:00,2,1,2,0,0,1,25710.5,25710.5,25710.5,0,0,1,0.5,1,1.0,0,0
C000917,ENT_000688,2026-07-09 00:00:00,2026-07-06 00:00:00,2026-07-12 00:00:00,2,1,2,0,0,1,4584.87,4584.87,4584.87,0,0,1,0.5,1,1.0,0,0
C000918,ENT_000363,2026-01-16 00:00:00,2026-01-13 00:00:00,2026-01-19 00:00:00,3,2,2,1,1,2,288396.67,255213.7,144198.34,1,0,1,0.333333,1,1.3333,1,1
C000919,ENT_000236,2026-07-22 00:00:00,2026-07-19 00:00:00,2026-07-25 00:00:00,2,1,2,0,0,1,8507.39,8507.39,8507.39,0,0,1,0.5,1,1.0,0,0
C000920,ENT_000432,2026-07-16 00:00:00,2026-07-13 00:00:00,2026-07-19 00:00:00,1,0,1,0,0,0,0.0,0.0,0.0,0,0,0,0.0,1,0.0,0,0
C000921,ENT_000621,2026-02-18 00:00:00,2026-02-15 00:00:00,2026-02-21 00:00:00,2,1,2,0,0,1,426.08,426.08,426.08,0,0,1,0.5,1,1.0,0,0
C000922,ENT_000243,2026-03-10 00:00:00,2026-03-07 00:00:00,2026-03-13 00:00:00,3,2,3,0,0,2,6616.4,4927.91,3308.2,0,0,1,0.333333,1,1.3333,0,0
C000923,ENT_000622,2026-03-24 00:00:00,2026-03-21 00:00:00,2026-03-27 00:00:00,1,0,1,0,0,0,0.0,0.0,0.0,0,0,0,0.0,1,0.0,0,0
C000924,ENT_000609,2026-01-27 00:00:00,2026-01-24 00:00:00,2026-01-30 00:00:00,1,0,1,0,0,0,0.0,0.0,0.0,0,0,0,0.0,1,0.0,0,0
C000925,ENT_000362,2026-06-08 00:00:00,2026-06-05 00:00:00,2026-06-11 00:00:00,2,1,1,1,1,1,267334.18,267334.18,267334.18,1,0,1,0.5,1,1.0,1,1
C000926,ENT_000651,2026-02-10 00:00:00,2026-02-07 00:00:00,2026-02-13 00:00:00,1,0,1,0,0,0,0.0,0.0,0.0,0,0,0,0.0,1,0.0,0,0
C000927,ENT_000377,2026-07-25 00:00:00,2026-07-22 00:00:00,2026-07-28 00:00:00,1,0,1,0,0,0,0.0,0.0,0.0,0,0,0,0.0,1,0.0,0,0
C000928,ENT_000264,2026-02-21 00:00:00,2026-02-18 00:00:00,2026-02-24 00:00:00,1,0,1,0,0,0,0.0,0.0,0.0,0,0,0,0.0,1,0.0,0,0
C000929,ENT_000280,2026-02-10 00:00:00,2026-02-07 00:00:00,2026-02-13 00:00:00,1,0,1,0,0,0,0.0,0.0,0.0,0,0,0,0.0,1,0.0,0,0
C000930,ENT_000306,2026-02-18 00:00:00,2026-02-15 00:00:00,2026-02-21 00:00:00,1,0,1,0,0,0,0.0,0.0,0.0,0,0,0,0.0,1,0.0,0,0
C000931,ENT_000391,2026-07-19 00:00:00,2026-07-16 00:00:00,2026-07-22 00:00:00,1,0,1,0,0,0,0.0,0.0,0.0,0,0,0,0.0,1,0.0,0,0
C000932,ENT_000530,2026-04-28 00:00:00,2026-04-25 00:00:00,2026-05-01 00:00:00,1,0,1,0,0,0,0.0,0.0,0.0,0,0,0,0.0,1,0.0,0,0
C000933,ENT_000036,2026-07-26 00:00:00,2026-07-23 00:00:00,2026-07-29 00:00:00,3,2,3,0,0,1,5500.88,3300.96,2750.44,0,0,2,0.333333,1,1.3333,0,0
C000934,ENT_000257,2026-06-26 00:00:00,2026-06-23 00:00:00,2026-06-29 00:00:00,4,3,4,0,0,3,604165.53,208649.52,201388.51,0,0,1,0.25,1,1.5,1,1
C000935,ENT_000492,2026-05-27 00:00:00,2026-05-24 00:00:00,2026-05-30 00:00:00,1,0,1,0,0,0,0.0,0.0,0.0,0,0,0,0.0,1,0.0,0,0
C000936,ENT_000269,2026-02-15 00:00:00,2026-02-12 00:00:00,2026-02-18 00:00:00,1,0,1,0,0,0,0.0,0.0,0.0,0,0,0,0.0,1,0.0,0,0
C000937,ENT_000031,2026-03-02 00:00:00,2026-02-27 00:00:00,2026-03-05 00:00:00,1,0,1,0,0,0,0.0,0.0,0.0,0,0,0,0.0,1,0.0,0,0
C000938,ENT_000314,2026-03-21 00:00:00,2026-03-18 00:00:00,2026-03-24 00:00:00,1,0,1,0,0,0,0.0,0.0,0.0,0,0,0,0.0,1,0.0,0,0
C000939,ENT_000416,2026-03-17 00:00:00,2026-03-14 00:00:00,2026-03-20 00:00:00,4,3,3,1,1,2,68301.99,63469.76,22767.33,1,0,2,0.25,1,1.5,1,1
C000940,ENT_000560,2026-04-26 00:00:00,2026-04-23 00:00:00,2026-04-29 00:00:00,1,0,1,0,0,0,0.0,0.0,0.0,0,0,0,0.0,1,0.0,0,0
C000941,ENT_000250,2026-01-17 00:00:00,2026-01-14 00:00:00,2026-01-20 00:00:00,1,0,1,0,0,0,0.0,0.0,0.0,0,0,0,0.0,1,0.0,0,0
C000942,ENT_000222,2026-03-18 00:00:00,2026-03-15 00:00:00,2026-03-21 00:00:00,1,0,1,0,0,0,0.0,0.0,0.0,0,0,0,0.0,1,0.0,0,0
C000943,ENT_000199,2026-03-12 00:00:00,2026-03-09 00:00:00,2026-03-15 00:00:00,1,0,1,0,0,0,0.0,0.0,0.0,0,0,0,0.0,1,0.0,0,0
C000944,ENT_000273,2026-02-21 00:00:00,2026-02-18 00:00:00,2026-02-24 00:00:00,4,3,4,0,0,2,42819.77,37355.71,14273.26,0,0,1,0.25,1,1.5,0,0
C000945,ENT_000429,2026-04-16 00:00:00,2026-04-13 00:00:00,2026-04-19 00:00:00,2,1,2,0,0,1,4136.26,4136.26,4136.26,0,0,1,0.5,1,1.0,0,0
C000946,ENT_000183,2026-07-10 00:00:00,2026-07-07 00:00:00,2026-07-13 00:00:00,2,1,2,0,0,1,3524.0,3524.0,3524.0,0,0,1,0.5,1,1.0,0,0
C000947,ENT_000177,2026-05-13 00:00:00,2026-05-10 00:00:00,2026-05-16 00:00:00,1,0,1,0,0,0,0.0,0.0,0.0,0,0,0,0.0,1,0.0,0,0
C000948,ENT_000068,2026-01-10 00:00:00,2026-01-07 00:00:00,2026-01-13 00:00:00,1,0,1,0,0,0,0.0,0.0,0.0,0,0,0,0.0,1,0.0,0,0
C000949,ENT_000288,2026-04-28 00:00:00,2026-04-25 00:00:00,2026-05-01 00:00:00,1,0,1,0,0,0,0.0,0.0,0.0,0,0,0,0.0,1,0.0,0,0
C000950,ENT_000474,2026-02-09 00:00:00,2026-02-06 00:00:00,2026-02-12 00:00:00,1,0,1,0,0,0,0.0,0.0,0.0,0,0,0,0.0,1,0.0,0,0
C000951,ENT_000419,2026-01-02 00:00:00,2025-12-30 00:00:00,2026-01-05 00:00:00,1,0,1,0,0,0,0.0,0.0,0.0,0,0,0,0.0,1,0.0,0,0
C000952,ENT_000305,2026-05-18 00:00:00,2026-05-15 00:00:00,2026-05-21 00:00:00,2,1,2,0,0,1,34418.69,34418.69,34418.69,0,0,1,0.5,1,1.0,0,0
C000953,ENT_000575,2026-03-31 00:00:00,2026-03-28 00:00:00,2026-04-03 00:00:00,1,0,1,0,0,0,0.0,0.0,0.0,0,0,0,0.0,1,0.0,0,0
C000954,ENT_000357,2026-06-17 00:00:00,2026-06-14 00:00:00,2026-06-20 00:00:00,1,0,1,0,0,0,0.0,0.0,0.0,0,0,0,0.0,1,0.0,0,0
C000955,ENT_000020,2026-05-17 00:00:00,2026-05-14 00:00:00,2026-05-20 00:00:00,5,7,5,0,0,3,1278903.49,267956.72,182700.5,0,0,2,0.35,1,2.8,1,1
C000956,ENT_000370,2026-02-26 00:00:00,2026-02-23 00:00:00,2026-03-01 00:00:00,1,0,1,0,0,0,0.0,0.0,0.0,0,0,0,0.0,1,0.0,0,0
C000957,ENT_000643,2026-06-03 00:00:00,2026-05-31 00:00:00,2026-06-06 00:00:00,1,0,1,0,0,0,0.0,0.0,0.0,0,0,0,0.0,1,0.0,0,0
C000958,ENT_000137,2026-06-17 00:00:00,2026-06-14 00:00:00,2026-06-20 00:00:00,1,0,1,0,0,0,0.0,0.0,0.0,0,0,0,0.0,1,0.0,0,0
C000959,ENT_000400,2026-04-05 00:00:00,2026-04-02 00:00:00,2026-04-08 00:00:00,1,0,1,0,0,0,0.0,0.0,0.0,0,0,0,0.0,1,0.0,0,0
C000960,ENT_000297,2026-04-09 00:00:00,2026-04-06 00:00:00,2026-04-12 00:00:00,2,1,2,0,0,1,260870.34,260870.34,260870.34,0,0,1,0.5,1,1.0,0,0
C000961,ENT_000094,2026-03-04 00:00:00,2026-03-01 00:00:00,2026-03-07 00:00:00,1,0,1,0,0,0,0.0,0.0,0.0,0,0,0,0.0,1,0.0,0,0
C000962,ENT_000005,2026-02-27 00:00:00,2026-02-24 00:00:00,2026-03-02 00:00:00,1,0,1,0,0,0,0.0,0.0,0.0,0,0,0,0.0,1,0.0,0,0
C000963,ENT_000245,2026-02-14 00:00:00,2026-02-11 00:00:00,2026-02-17 00:00:00,1,0,1,0,0,0,0.0,0.0,0.0,0,0,0,0.0,1,0.0,0,0
C000964,ENT_000203,2026-07-19 00:00:00,2026-07-16 00:00:00,2026-07-22 00:00:00,1,0,1,0,0,0,0.0,0.0,0.0,0,0,0,0.0,1,0.0,0,0
C000965,ENT_000277,2026-02-03 00:00:00,2026-01-31 00:00:00,2026-02-06 00:00:00,2,1,2,0,0,1,176.45,176.45,176.45,0,0,1,0.5,1,1.0,0,0
C000966,ENT_000112,2026-04-07 00:00:00,2026-04-04 00:00:00,2026-04-10 00:00:00,1,0,1,0,0,0,0.0,0.0,0.0,0,0,0,0.0,1,0.0,0,0
C000967,ENT_000675,2026-07-20 00:00:00,2026-07-17 00:00:00,2026-07-23 00:00:00,1,0,1,0,0,0,0.0,0.0,0.0,0,0,0,0.0,1,0.0,0,0
C000968,ENT_000159,2026-07-06 00:00:00,2026-07-03 00:00:00,2026-07-09 00:00:00,1,0,1,0,0,0,0.0,0.0,0.0,0,0,0,0.0,1,0.0,0,0
C000969,ENT_000130,2026-05-25 00:00:00,2026-05-22 00:00:00,2026-05-28 00:00:00,1,0,1,0,0,0,0.0,0.0,0.0,0,0,0,0.0,1,0.0,0,0
C000970,ENT_000466,2026-04-19 00:00:00,2026-04-16 00:00:00,2026-04-22 00:00:00,2,1,2,0,0,1,2465.93,2465.93,2465.93,0,0,1,0.5,1,1.0,0,0
C000971,ENT_000472,2026-05-29 00:00:00,2026-05-26 00:00:00,2026-06-01 00:00:00,1,0,1,0,0,0,0.0,0.0,0.0,0,0,0,0.0,1,0.0,0,0
C000972,ENT_000693,2026-02-24 00:00:00,2026-02-21 00:00:00,2026-02-27 00:00:00,1,0,1,0,0,0,0.0,0.0,0.0,0,0,0,0.0,1,0.0,0,0
C000973,ENT_000192,2026-07-04 00:00:00,2026-07-01 00:00:00,2026-07-07 00:00:00,1,0,1,0,0,0,0.0,0.0,0.0,0,0,0,0.0,1,0.0,0,0
C000974,ENT_000256,2026-02-12 00:00:00,2026-02-09 00:00:00,2026-02-15 00:00:00,1,0,1,0,0,0,0.0,0.0,0.0,0,0,0,0.0,1,0.0,0,0
C000975,ENT_000462,2026-06-15 00:00:00,2026-06-12 00:00:00,2026-06-18 00:00:00,1,0,1,0,0,0,0.0,0.0,0.0,0,0,0,0.0,1,0.0,0,0
C000976,ENT_000488,2026-04-16 00:00:00,2026-04-13 00:00:00,2026-04-19 00:00:00,4,3,3,1,1,2,53208.05,48542.44,17736.02,1,0,2,0.25,1,1.5,0,0
C000977,ENT_000326,2026-07-19 00:00:00,2026-07-16 00:00:00,2026-07-22 00:00:00,6,5,5,1,1,3,775620.87,313271.48,155124.17,1,0,2,0.166667,1,1.6667,1,1
C000978,ENT_000046,2026-04-20 00:00:00,2026-04-17 00:00:00,2026-04-23 00:00:00,1,0,1,0,0,0,0.0,0.0,0.0,0,0,0,0.0,1,0.0,0,0
C000979,ENT_000561,2026-03-03 00:00:00,2026-02-28 00:00:00,2026-03-06 00:00:00,3,2,3,0,0,1,6883.15,3518.61,3441.57,0,0,2,0.333333,1,1.3333,0,0
C000980,ENT_000234,2026-07-06 00:00:00,2026-07-03 00:00:00,2026-07-09 00:00:00,1,0,1,0,0,0,0.0,0.0,0.0,0,0,0,0.0,1,0.0,0,0
C000981,ENT_000308,2026-03-02 00:00:00,2026-02-27 00:00:00,2026-03-05 00:00:00,1,0,1,0,0,0,0.0,0.0,0.0,0,0,0,0.0,1,0.0,0,0
C000982,ENT_000396,2026-07-26 00:00:00,2026-07-23 00:00:00,2026-07-29 00:00:00,2,1,2,0,0,1,4660.37,4660.37,4660.37,0,0,1,0.5,1,1.0,0,0
C000983,ENT_000508,2026-08-19 00:00:00,2026-08-16 00:00:00,2026-08-22 00:00:00,1,0,1,0,0,0,0.0,0.0,0.0,0,0,0,0.0,1,0.0,0,0
C000984,ENT_000489,2026-02-08 00:00:00,2026-02-05 00:00:00,2026-02-11 00:00:00,1,0,1,0,0,0,0.0,0.0,0.0,0,0,0,0.0,1,0.0,0,0
C000985,ENT_000400,2026-03-27 00:00:00,2026-03-24 00:00:00,2026-03-30 00:00:00,1,0,1,0,0,0,0.0,0.0,0.0,0,0,0,0.0,1,0.0,0,0
C000986,ENT_000435,2026-07-15 00:00:00,2026-07-12 00:00:00,2026-07-18 00:00:00,1,0,1,0,0,0,0.0,0.0,0.0,0,0,0,0.0,1,0.0,0,0
C000987,ENT_000530,2026-02-03 00:00:00,2026-01-31 00:00:00,2026-02-06 00:00:00,1,0,1,0,0,0,0.0,0.0,0.0,0,0,0,0.0,1,0.0,0,0
C000988,ENT_000226,2026-08-16 00:00:00,2026-08-13 00:00:00,2026-08-19 00:00:00,1,0,1,0,0,0,0.0,0.0,0.0,0,0,0,0.0,1,0.0,0,0
C000989,ENT_000389,2026-01-12 00:00:00,2026-01-09 00:00:00,2026-01-15 00:00:00,6,5,6,0,0,3,1043666.41,353828.36,208733.28,0,0,1,0.166667,1,1.6667,1,1
C000990,ENT_000178,2026-06-21 00:00:00,2026-06-18 00:00:00,2026-06-24 00:00:00,2,1,2,0,0,1,42195.22,42195.22,42195.22,0,0,1,0.5,1,1.0,0,0
C000991,ENT_000353,2026-02-04 00:00:00,2026-02-01 00:00:00,2026-02-07 00:00:00,2,1,2,0,0,1,21482.05,21482.05,21482.05,0,0,1,0.5,1,1.0,0,0
C000992,ENT_000666,2026-07-07 00:00:00,2026-07-04 00:00:00,2026-07-10 00:00:00,1,0,1,0,0,0,0.0,0.0,0.0,0,0,0,0.0,1,0.0,0,0
C000993,ENT_000594,2026-02-10 00:00:00,2026-02-07 00:00:00,2026-02-13 00:00:00,1,0,1,0,0,0,0.0,0.0,0.0,0,0,0,0.0,1,0.0,0,0
C000994,ENT_000602,2026-06-03 00:00:00,2026-05-31 00:00:00,2026-06-06 00:00:00,1,0,1,0,0,0,0.0,0.0,0.0,0,0,0,0.0,1,0.0,0,0
C000995,ENT_000565,2026-01-11 00:00:00,2026-01-08 00:00:00,2026-01-14 00:00:00,1,0,1,0,0,0,0.0,0.0,0.0,0,0,0,0.0,1,0.0,0,0
C000996,ENT_000407,2026-03-25 00:00:00,2026-03-22 00:00:00,2026-03-28 00:00:00,2,1,2,0,0,1,2059.23,2059.23,2059.23,0,0,1,0.5,1,1.0,0,0
C000997,ENT_000016,2026-02-23 00:00:00,2026-02-20 00:00:00,2026-02-26 00:00:00,1,0,1,0,0,0,0.0,0.0,0.0,0,0,0,0.0,1,0.0,0,0
C000998,ENT_000637,2026-06-30 00:00:00,2026-06-27 00:00:00,2026-07-03 00:00:00,1,0,1,0,0,0,0.0,0.0,0.0,0,0,0,0.0,1,0.0,0,0
C000999,ENT_000157,2026-01-03 00:00:00,2025-12-31 00:00:00,2026-01-06 00:00:00,1,0,1,0,0,0,0.0,0.0,0.0,0,0,0,0.0,1,0.0,0,0
C001000,ENT_000452,2026-03-07 00:00:00,2026-03-04 00:00:00,2026-03-10 00:00:00,1,0,1,0,0,0,0.0,0.0,0.0,0,0,0,0.0,1,0.0,0,0
