subgraph_id,seed_account,contains_laundering,num_nodes,num_edges,in_degree_seed,out_degree_seed,fan_out_ratio,density,average_degree,num_terminal_sinks,total_transaction_value,max_transaction_value,velocity_tph,velocity_vph,graphml_path
IBM_POS_0001,B23402_8022CFF00,1,16,46,4,4,1.0,0.1917,5.75,9,22329875.14,10060487.95,0.6389,310137.15,data\ibm_graphs\IBM_POS_0001.graphml
IBM_POS_0002,B22758_808098770,1,11,40,2,4,2.0,0.3636,7.2727,1,382353.66,19495.71,0.5556,5310.47,data\ibm_graphs\IBM_POS_0002.graphml
IBM_POS_0003,B28531_80A709C90,1,6,20,6,4,0.6667,0.6667,6.6667,1,72391.89,20440.98,0.2778,1005.44,data\ibm_graphs\IBM_POS_0003.graphml
IBM_POS_0004,B1267_8038F4190,1,2,6,2,6,3.0,3.0,6.0,1,114318.22,50699.09,0.0833,1587.75,data\ibm_graphs\IBM_POS_0004.graphml
IBM_POS_0005,B3051_806A3D750,1,11,40,2,4,2.0,0.3636,7.2727,2,1200101.32,362288.51,0.5556,16668.07,data\ibm_graphs\IBM_POS_0005.graphml
IBM_POS_0006,B3149_801BB70D0,1,2,4,2,4,2.0,2.0,4.0,1,11433.36,3084.43,0.0556,158.8,data\ibm_graphs\IBM_POS_0006.graphml
IBM_POS_0007,B214050_80537F610,1,2,4,2,4,2.0,2.0,4.0,1,1357978.94,349281.29,0.0556,18860.82,data\ibm_graphs\IBM_POS_0007.graphml
IBM_POS_0008,B29794_81358BC60,1,13,38,0,2,2.0,0.2436,5.8462,2,326153.19,130616.85,0.5278,4529.91,data\ibm_graphs\IBM_POS_0008.graphml
IBM_POS_0009,B122545_80AAA1FE0,1,2,4,2,4,2.0,2.0,4.0,1,39011.12,10227.36,0.0556,541.82,data\ibm_graphs\IBM_POS_0009.graphml
IBM_POS_0010,B118_811BCD660,1,19,67,2,4,2.0,0.1959,7.0526,9,40635174.56,10053460.75,0.9306,564377.42,data\ibm_graphs\IBM_POS_0010.graphml
IBM_POS_0011,B6179_809BBC7B0,1,21554,91311,12,6,0.5,0.0002,8.4728,8519,85624816686.83,6864834129.45,1268.2083,1189233565.09,data\ibm_graphs\IBM_POS_0011.graphml
IBM_POS_0012,B148350_812D0C3C0,1,13,45,6,2,0.3333,0.2885,6.9231,6,4247240.43,973120.47,0.625,58989.45,data\ibm_graphs\IBM_POS_0012.graphml
IBM_POS_0013,B1024_8009FD760,1,6,19,6,6,1.0,0.6333,6.3333,1,222573.46,18844.28,0.2639,3091.3,data\ibm_graphs\IBM_POS_0013.graphml
IBM_POS_0014,B16_805CAD3F0,1,4,16,4,6,1.5,1.3333,8.0,0,39081659.93,19181441.98,0.2222,542800.83,data\ibm_graphs\IBM_POS_0014.graphml
IBM_POS_0015,B10_800119810,1,249,914,8,44,5.5,0.0148,7.3414,143,285896030.24,68891104.29,12.6944,3970778.2,data\ibm_graphs\IBM_POS_0015.graphml
IBM_POS_0016,B20_803892E30,1,43,203,8,14,1.75,0.1124,9.4419,11,96322431.77,34090107.87,2.8194,1337811.55,data\ibm_graphs\IBM_POS_0016.graphml
IBM_POS_0017,B148348_81235EE30,1,53,155,8,2,0.25,0.0562,5.8491,20,19299180.09,2310733.38,2.1528,268044.17,data\ibm_graphs\IBM_POS_0017.graphml
IBM_POS_0018,B25113_8095F9B40,1,2,4,2,4,2.0,2.0,4.0,1,36346.54,10337.6,0.0556,504.81,data\ibm_graphs\IBM_POS_0018.graphml
IBM_POS_0019,B243897_81006C920,1,22,99,2,18,9.0,0.2143,9.0,3,36978180.1,6109011.94,1.375,513585.83,data\ibm_graphs\IBM_POS_0019.graphml
IBM_POS_0020,B1_8006FA4B0,1,14398,54117,8,8,1.0,0.0003,7.5173,7488,35997541146.44,6864834129.45,751.625,499965849.26,data\ibm_graphs\IBM_POS_0020.graphml
IBM_POS_0021,B22806_807A61380,1,8,27,2,8,4.0,0.4821,6.75,1,627990.06,133577.84,0.375,8722.08,data\ibm_graphs\IBM_POS_0021.graphml
IBM_POS_0022,B220271_81114D580,1,3,4,2,2,1.0,0.6667,2.6667,1,40077.36,10295.53,0.0556,556.63,data\ibm_graphs\IBM_POS_0022.graphml
IBM_POS_0023,B240229_80F025640,1,30,121,6,6,1.0,0.1391,8.0667,16,52324039.55,16759007.75,1.6806,726722.77,data\ibm_graphs\IBM_POS_0023.graphml
IBM_POS_0024,B513_801947FF0,1,9637,20128,12,10,0.8333,0.0002,4.1772,9607,13884083640.68,1615849280.83,279.5556,192834495.01,data\ibm_graphs\IBM_POS_0024.graphml
IBM_POS_0025,B10057_803DE1580,1,6,21,6,4,0.6667,0.7,7.0,1,5494402.0,892031.21,0.2917,76311.14,data\ibm_graphs\IBM_POS_0025.graphml
IBM_POS_0026,B129974_80FE25690,1,11,40,2,4,2.0,0.3636,7.2727,2,3646882.58,673062.36,0.5556,50651.15,data\ibm_graphs\IBM_POS_0026.graphml
IBM_POS_0027,B28_80A4AD6C0,1,12,56,2,2,1.0,0.4242,9.3333,2,45016639.01,32057888.19,0.7778,625231.1,data\ibm_graphs\IBM_POS_0027.graphml
IBM_POS_0028,B132523_80CA77970,1,7,23,2,2,1.0,0.5476,6.5714,1,139724.76,23056.68,0.3194,1940.62,data\ibm_graphs\IBM_POS_0028.graphml
IBM_POS_0029,B70_100428660,1,38135,186429,10,39936,3993.6,0.0001,9.7773,12505,329948184247.86,28134514273.31,2589.2917,4582613670.11,data\ibm_graphs\IBM_POS_0029.graphml
IBM_POS_0030,B11318_80118E680,1,3,8,4,6,1.5,1.3333,5.3333,1,7840.6,1376.89,0.1111,108.9,data\ibm_graphs\IBM_POS_0030.graphml
IBM_POS_0031,B10_8001A6140,1,9691,20326,14,24,1.7143,0.0002,4.1948,9639,12800371122.46,1615849280.83,282.3056,177782932.26,data\ibm_graphs\IBM_POS_0031.graphml
IBM_POS_0032,B133686_80C734F80,1,542,1108,2,4,2.0,0.0038,4.0886,534,12506268897.86,5862450542.14,15.3889,173698179.14,data\ibm_graphs\IBM_POS_0032.graphml
IBM_POS_0033,B1655_80832A480,1,2,4,2,4,2.0,2.0,4.0,1,1363322.8,673831.65,0.0556,18935.04,data\ibm_graphs\IBM_POS_0033.graphml
IBM_POS_0034,B795_80BAEB330,1,13,61,6,16,2.6667,0.391,9.3846,3,17730340.21,3360658.23,0.8472,246254.73,data\ibm_graphs\IBM_POS_0034.graphml
IBM_POS_0035,B2915_800A3E5A0,1,60,73,6,8,1.3333,0.0206,2.4333,0,1904262.73,1695921.9,1.0139,26448.09,data\ibm_graphs\IBM_POS_0035.graphml
IBM_POS_0036,B222697_8085DD9A0,1,2,4,2,4,2.0,2.0,4.0,1,53282.64,15015.96,0.0556,740.04,data\ibm_graphs\IBM_POS_0036.graphml
IBM_POS_0037,B18405_806DA0590,1,28,132,4,6,1.5,0.1746,9.4286,5,2494849609.3,1042655521.12,1.8333,34650689.02,data\ibm_graphs\IBM_POS_0037.graphml
IBM_POS_0038,B2591_80A1C7710,1,12801,54229,6,4,0.6667,0.0003,8.4726,5000,29717565716.78,825807854.75,753.1806,412743968.29,data\ibm_graphs\IBM_POS_0038.graphml
IBM_POS_0039,B32405_810D9E7B0,1,12,48,12,6,0.5,0.3636,8.0,1,1025669.75,177040.41,0.6667,14245.41,data\ibm_graphs\IBM_POS_0039.graphml
IBM_POS_0040,B1547_8004FBC70,1,2,6,2,6,3.0,3.0,6.0,1,68623.54,17752.95,0.0833,953.1,data\ibm_graphs\IBM_POS_0040.graphml
IBM_POS_0041,B1124_8079EC940,1,6,20,4,4,1.0,0.6667,6.6667,1,1739553.78,489830.57,0.2778,24160.47,data\ibm_graphs\IBM_POS_0041.graphml
IBM_POS_0042,B23_8002A0E00,1,3,6,4,4,1.0,1.0,4.0,1,65196.22,12271.88,0.0833,905.5,data\ibm_graphs\IBM_POS_0042.graphml
IBM_POS_0043,B148350_811FFF630,1,488,1043,8,6,0.75,0.0044,4.2746,470,915644188.28,516342138.42,14.4861,12717280.39,data\ibm_graphs\IBM_POS_0043.graphml
IBM_POS_0044,B223_812D1A410,1,11,20,0,2,2.0,0.1818,3.6364,1,1435555.24,291133.92,0.2778,19938.27,data\ibm_graphs\IBM_POS_0044.graphml
IBM_POS_0045,B112078_808DE9400,1,7,26,4,6,1.5,0.619,7.4286,0,281204453.54,140543551.41,0.3611,3905617.41,data\ibm_graphs\IBM_POS_0045.graphml
IBM_POS_0046,B21387_811B12170,1,12800,54231,6,4,0.6667,0.0003,8.4736,4998,29716874375.79,825807854.75,753.2083,412734366.33,data\ibm_graphs\IBM_POS_0046.graphml
IBM_POS_0047,B16606_8064545E0,1,2,2,0,2,2.0,1.0,2.0,1,24662.0,12331.0,0.0278,342.53,data\ibm_graphs\IBM_POS_0047.graphml
IBM_POS_0048,B28663_80A976860,1,21,91,16,8,0.5,0.2167,8.6667,4,22699258.16,3360658.23,1.2639,315267.47,data\ibm_graphs\IBM_POS_0048.graphml
IBM_POS_0049,B1_8010AA4F0,1,14,61,4,12,3.0,0.3352,8.7143,6,964938.03,152868.44,0.8472,13401.92,data\ibm_graphs\IBM_POS_0049.graphml
IBM_POS_0050,B13157_805CA5A30,1,11,40,2,4,2.0,0.3636,7.2727,2,1200101.32,362288.51,0.5556,16668.07,data\ibm_graphs\IBM_POS_0050.graphml
IBM_POS_0051,B40836_80F6B88B0,1,14,52,4,6,1.5,0.2857,7.4286,5,1351834.03,258390.29,0.7222,18775.47,data\ibm_graphs\IBM_POS_0051.graphml
IBM_POS_0052,B19593_8038A9100,1,4,12,4,4,1.0,1.0,6.0,1,43574.42,18283.65,0.1667,605.2,data\ibm_graphs\IBM_POS_0052.graphml
IBM_POS_0053,B3123_809FB9990,1,6,33,6,4,0.6667,1.1,11.0,1,3786615.52,1668693.41,0.4583,52591.88,data\ibm_graphs\IBM_POS_0053.graphml
IBM_POS_0054,B21174_800776AF0,1,6,14,4,6,1.5,0.4667,4.6667,1,180151.47,17537.51,0.1944,2502.1,data\ibm_graphs\IBM_POS_0054.graphml
IBM_POS_0055,B12_800C050D0,1,491,1012,4,12,3.0,0.0042,4.1222,482,77563948667.01,29844015196.94,14.0556,1077277064.82,data\ibm_graphs\IBM_POS_0055.graphml
IBM_POS_0056,B225215_809852800,1,9,28,2,4,2.0,0.3889,6.2222,2,326254.66,26788.76,0.3889,4531.31,data\ibm_graphs\IBM_POS_0056.graphml
IBM_POS_0057,B29_80DAFF780,1,13,48,4,2,0.5,0.3077,7.3846,3,25513119.22,6670827.34,0.6667,354348.88,data\ibm_graphs\IBM_POS_0057.graphml
IBM_POS_0058,B9129_80B4D3030,1,3,8,2,4,2.0,1.3333,5.3333,1,3859.3,1467.57,0.1111,53.6,data\ibm_graphs\IBM_POS_0058.graphml
IBM_POS_0059,B70_100428858,1,2507,12023,2,2570,1285.0,0.0019,9.5915,831,8008918407.78,536787947.0,166.9861,111234977.89,data\ibm_graphs\IBM_POS_0059.graphml
IBM_POS_0060,B213952_806D47B10,1,21570,91418,18,6,0.3333,0.0002,8.4764,8520,85699381333.51,6864834129.45,1269.6944,1190269185.19,data\ibm_graphs\IBM_POS_0060.graphml
IBM_POS_0061,B410_802D878C0,1,2,4,2,4,2.0,2.0,4.0,1,28235.32,7617.17,0.0556,392.16,data\ibm_graphs\IBM_POS_0061.graphml
IBM_POS_0062,B125906_80D8F53F0,1,14,50,2,4,2.0,0.2747,7.1429,2,992664.76,180342.83,0.6944,13787.01,data\ibm_graphs\IBM_POS_0062.graphml
IBM_POS_0063,B17401_80D179410,1,18,79,8,10,1.25,0.2582,8.7778,6,11135107.57,3360658.23,1.0972,154654.27,data\ibm_graphs\IBM_POS_0063.graphml
IBM_POS_0064,B251395_8144F8300,1,12,38,2,4,2.0,0.2879,6.3333,1,182758.18,22066.25,0.5278,2538.31,data\ibm_graphs\IBM_POS_0064.graphml
IBM_POS_0065,B20861_80940A1D0,1,2,2,0,2,2.0,1.0,2.0,1,592.58,296.29,0.0278,8.23,data\ibm_graphs\IBM_POS_0065.graphml
IBM_POS_0066,B22828_80C627820,1,5,22,2,4,2.0,1.1,8.8,0,14688517.34,5955644.49,0.3056,204007.19,data\ibm_graphs\IBM_POS_0066.graphml
IBM_POS_0067,B223645_80FBCC760,1,5,15,6,6,1.0,0.75,6.0,1,41802.53,4477.93,0.2083,580.59,data\ibm_graphs\IBM_POS_0067.graphml
IBM_POS_0068,B120046_80DA3D3F0,1,72,246,4,6,1.5,0.0481,6.8333,4,15205950.72,6045388.0,3.4167,211193.76,data\ibm_graphs\IBM_POS_0068.graphml
IBM_POS_0069,B117698_80D4B5530,1,2,2,0,2,2.0,1.0,2.0,1,12182.1,6091.05,0.0278,169.2,data\ibm_graphs\IBM_POS_0069.graphml
IBM_POS_0070,B21174_800737690,1,1105,2348,10,24,2.4,0.0019,4.2498,1074,3719448727.32,679797968.71,32.6111,51659010.1,data\ibm_graphs\IBM_POS_0070.graphml
IBM_POS_0071,B150240_812D22980,1,1062,4432,8,8,1.0,0.0039,8.3465,396,3163767882.8,516342138.42,61.5556,43941220.59,data\ibm_graphs\IBM_POS_0071.graphml
IBM_POS_0072,B6179_805B5BC60,1,10,37,2,4,2.0,0.4111,7.4,1,870365.68,399337.1,0.5139,12088.41,data\ibm_graphs\IBM_POS_0072.graphml
IBM_POS_0073,B23331_809022C20,1,8,27,0,2,2.0,0.4821,6.75,3,114029.4,42706.07,0.375,1583.74,data\ibm_graphs\IBM_POS_0073.graphml
IBM_POS_0074,B213_8091A58E0,1,6,19,2,4,2.0,0.6333,6.3333,1,593966.55,253796.54,0.2639,8249.54,data\ibm_graphs\IBM_POS_0074.graphml
IBM_POS_0075,B19329_80DEF3AB0,1,27,100,12,6,0.5,0.1425,7.4074,13,9609582.74,2797392.36,1.3889,133466.43,data\ibm_graphs\IBM_POS_0075.graphml
IBM_POS_0076,B24779_8090EE1D0,1,8,31,2,4,2.0,0.5536,7.75,0,1232836.47,600308.93,0.4306,17122.73,data\ibm_graphs\IBM_POS_0076.graphml
IBM_POS_0077,B116_80F1AF380,1,12,55,12,20,1.6667,0.4167,9.1667,1,1272342.51,278872.19,0.7639,17671.42,data\ibm_graphs\IBM_POS_0077.graphml
IBM_POS_0078,B12_800054B70,1,10,34,8,18,2.25,0.3778,6.8,5,105551375.45,46013230.29,0.4722,1465991.33,data\ibm_graphs\IBM_POS_0078.graphml
IBM_POS_0079,B27954_80CC4B000,1,3,8,4,4,1.0,1.3333,5.3333,1,40951.66,5570.35,0.1111,568.77,data\ibm_graphs\IBM_POS_0079.graphml
IBM_POS_0080,B49365_812A09D40,1,481,1003,14,6,0.4286,0.0043,4.1705,469,917232258.22,516342138.42,13.9306,12739336.92,data\ibm_graphs\IBM_POS_0080.graphml
IBM_POS_0081,B1244_800ACE160,1,81,318,4,8,2.0,0.0491,7.8519,13,214150814.19,100329090.85,4.4167,2974316.86,data\ibm_graphs\IBM_POS_0081.graphml
IBM_POS_0082,B70_100428A51,1,2483,12328,0,3044,3044.0,0.002,9.9299,674,333295.74,36208.71,171.2222,4629.11,data\ibm_graphs\IBM_POS_0082.graphml
IBM_POS_0083,B48211_811D70290,1,18,66,4,16,4.0,0.2157,7.3333,7,54313317.4,17207112.05,0.9167,754351.63,data\ibm_graphs\IBM_POS_0083.graphml
IBM_POS_0084,B136110_814009C90,1,4,26,2,6,3.0,2.1667,13.0,0,689209.98,281189.79,0.3611,9572.36,data\ibm_graphs\IBM_POS_0084.graphml
IBM_POS_0085,B14077_80AE3D7E0,1,10,36,4,6,1.5,0.4,7.2,3,505969.64,164578.62,0.5,7027.36,data\ibm_graphs\IBM_POS_0085.graphml
IBM_POS_0086,B14_8035765E0,1,5,13,6,4,0.6667,0.65,5.2,1,111014.5,23056.68,0.1806,1541.87,data\ibm_graphs\IBM_POS_0086.graphml
IBM_POS_0087,B232335_80D1AE780,1,12,48,2,4,2.0,0.3636,8.0,0,48571.78,5416.18,0.6667,674.61,data\ibm_graphs\IBM_POS_0087.graphml
IBM_POS_0088,B1292_800C15270,1,9,25,6,6,1.0,0.3472,5.5556,3,2002703.42,1715490.82,0.3472,27815.33,data\ibm_graphs\IBM_POS_0088.graphml
IBM_POS_0089,B211_80A451570,1,719,1511,12,10,0.8333,0.0029,4.2031,707,523144517.69,95121736.49,20.9861,7265896.08,data\ibm_graphs\IBM_POS_0089.graphml
IBM_POS_0090,B11852_8017AFC60,1,9,33,4,6,1.5,0.4583,7.3333,1,8545331.74,4171194.19,0.4583,118685.16,data\ibm_graphs\IBM_POS_0090.graphml
IBM_POS_0091,B2439_801010DF0,1,2,4,2,4,2.0,2.0,4.0,1,82925.24,28000.77,0.0556,1151.74,data\ibm_graphs\IBM_POS_0091.graphml
IBM_POS_0092,B28628_80ACEE280,1,5,16,4,4,1.0,0.8,6.4,1,3575599.08,892031.21,0.2222,49661.1,data\ibm_graphs\IBM_POS_0092.graphml
IBM_POS_0093,B118180_806B9FA20,1,788,1641,4,8,2.0,0.0026,4.165,771,21949957694.55,4028473479.26,22.7917,304860523.54,data\ibm_graphs\IBM_POS_0093.graphml
IBM_POS_0094,B1501_800981370,1,30,81,8,8,1.0,0.0931,5.4,16,6041306.75,2120193.55,1.125,83907.04,data\ibm_graphs\IBM_POS_0094.graphml
IBM_POS_0095,B1467_8013C4030,1,6,29,6,12,2.0,0.9667,9.6667,2,304053.74,58702.1,0.4028,4222.97,data\ibm_graphs\IBM_POS_0095.graphml
IBM_POS_0096,B222_811B83280,1,3,10,2,2,1.0,1.6667,6.6667,0,423595.46,64379.45,0.1389,5883.27,data\ibm_graphs\IBM_POS_0096.graphml
IBM_POS_0097,B15055_802958DB0,1,12799,54222,10,6,0.6,0.0003,8.4728,4999,29718652112.43,825807854.75,753.0833,412759057.12,data\ibm_graphs\IBM_POS_0097.graphml
IBM_POS_0098,B220_80DC68A80,1,9,36,0,4,4.0,0.5,8.0,2,5843320.32,1782684.51,0.5,81157.23,data\ibm_graphs\IBM_POS_0098.graphml
IBM_POS_0099,B28768_80A7B9290,1,2,4,2,4,2.0,2.0,4.0,1,35377.46,11027.55,0.0556,491.35,data\ibm_graphs\IBM_POS_0099.graphml
IBM_POS_0100,B125305_809D92430,1,9,28,2,4,2.0,0.3889,6.2222,2,145022.33,23220.0,0.3889,2014.2,data\ibm_graphs\IBM_POS_0100.graphml
IBM_POS_0101,B41638_80FBFDAA0,1,27,102,8,2,0.25,0.1453,7.5556,12,307161564.94,139994505.21,1.4167,4266132.85,data\ibm_graphs\IBM_POS_0101.graphml
IBM_POS_0102,B25547_8034D1800,1,12,52,4,8,2.0,0.3939,8.6667,3,3589132.06,553004.15,0.7222,49849.06,data\ibm_graphs\IBM_POS_0102.graphml
IBM_POS_0103,B1068_800FB1BD0,1,15,61,4,10,2.5,0.2905,8.1333,6,2719451.37,573420.33,0.8472,37770.16,data\ibm_graphs\IBM_POS_0103.graphml
IBM_POS_0104,B27288_802B47C40,1,10,28,2,4,2.0,0.3111,5.6,4,290983.16,26788.76,0.3889,4041.43,data\ibm_graphs\IBM_POS_0104.graphml
IBM_POS_0105,B1501_808C45FE0,1,8,28,2,4,2.0,0.5,7.0,2,1146029.34,362288.51,0.3889,15917.07,data\ibm_graphs\IBM_POS_0105.graphml
IBM_POS_0106,B17753_806D399E0,1,4,15,2,6,3.0,1.25,7.5,1,2127340.44,489830.57,0.2083,29546.4,data\ibm_graphs\IBM_POS_0106.graphml
IBM_POS_0107,B117999_80BBEDC60,1,3,6,2,4,2.0,1.0,4.0,1,60261.46,10718.76,0.0833,836.96,data\ibm_graphs\IBM_POS_0107.graphml
IBM_POS_0108,B10_801396710,1,17,80,2,2,1.0,0.2941,9.4118,5,5650449.2,1525670.09,1.1111,78478.46,data\ibm_graphs\IBM_POS_0108.graphml
IBM_POS_0109,B20727_80C381B70,1,3,8,2,4,2.0,1.3333,5.3333,1,40951.66,5570.35,0.1111,568.77,data\ibm_graphs\IBM_POS_0109.graphml
IBM_POS_0110,B223_8119F8CC0,1,551,1257,2,28,14.0,0.0041,4.5626,491,1158465638.36,516342138.42,17.4583,16089800.53,data\ibm_graphs\IBM_POS_0110.graphml
IBM_POS_0111,B22_800202780,1,5967,12430,10,18,1.8,0.0003,4.1662,5908,7532136886.62,825807854.75,172.6389,104613012.31,data\ibm_graphs\IBM_POS_0111.graphml
IBM_POS_0112,B119_811C597B0,1,74,283,18,8,0.4444,0.0524,7.6486,32,235445175.75,64053148.0,3.9306,3270071.89,data\ibm_graphs\IBM_POS_0112.graphml
IBM_POS_0113,B213952_808338D40,1,9654,20231,20,30,1.5,0.0002,4.1912,9608,12735720597.03,1615849280.83,280.9861,176885008.29,data\ibm_graphs\IBM_POS_0113.graphml
IBM_POS_0114,B6_80A50D000,1,1603,6592,6,4,0.6667,0.0026,8.2246,633,6341209875.81,2474350163.85,91.5556,88072359.39,data\ibm_graphs\IBM_POS_0114.graphml
IBM_POS_0115,B12_800137450,1,89,295,8,10,1.25,0.0377,6.6292,52,778707034.67,198877203.06,4.0972,10815375.48,data\ibm_graphs\IBM_POS_0115.graphml
IBM_POS_0116,B28_80A43F620,1,2,4,2,4,2.0,2.0,4.0,1,750228.34,284873.46,0.0556,10419.84,data\ibm_graphs\IBM_POS_0116.graphml
IBM_POS_0117,B70_100428930,1,1338,6622,6,1510,251.6667,0.0037,9.8984,384,32174539686.22,4135856907.13,91.9722,446868606.75,data\ibm_graphs\IBM_POS_0117.graphml
IBM_POS_0118,B1669_8015A3ED0,1,16,56,6,8,1.3333,0.2333,7.0,4,131669847.32,29986027.48,0.7778,1828747.88,data\ibm_graphs\IBM_POS_0118.graphml
IBM_POS_0119,B24132_8078D10C0,1,14,52,2,4,2.0,0.2857,7.4286,6,9982862.78,2511131.1,0.7222,138650.87,data\ibm_graphs\IBM_POS_0119.graphml
IBM_POS_0120,B118_811A67510,1,32,96,4,4,1.0,0.0968,6.0,9,3847658.4,635916.52,1.3333,53439.7,data\ibm_graphs\IBM_POS_0120.graphml
IBM_POS_0121,B137218_80F443FD0,1,5,19,2,4,2.0,0.95,7.6,2,374862.95,94300.0,0.2639,5206.43,data\ibm_graphs\IBM_POS_0121.graphml
IBM_POS_0122,B21831_808099880,1,29,101,6,4,0.6667,0.1244,6.9655,11,19460028.75,8164276.28,1.4028,270278.18,data\ibm_graphs\IBM_POS_0122.graphml
IBM_POS_0123,B214308_80562E620,1,2,4,2,4,2.0,2.0,4.0,1,5738318.48,1690911.54,0.0556,79698.87,data\ibm_graphs\IBM_POS_0123.graphml
IBM_POS_0124,B12_800205030,1,5,14,2,4,2.0,0.7,5.6,1,44122317.3,11896790.65,0.1944,612809.96,data\ibm_graphs\IBM_POS_0124.graphml
IBM_POS_0125,B18324_8094AA6D0,1,8,30,4,4,1.0,0.5357,7.5,1,99717.5,28126.01,0.4167,1384.97,data\ibm_graphs\IBM_POS_0125.graphml
IBM_POS_0126,B16136_80484E640,1,3,6,2,2,1.0,1.0,4.0,1,60261.46,10718.76,0.0833,836.96,data\ibm_graphs\IBM_POS_0126.graphml
IBM_POS_0127,B135155_80D8110B0,1,14,45,6,4,0.6667,0.2473,6.4286,6,29105949.54,7852627.58,0.625,404249.3,data\ibm_graphs\IBM_POS_0127.graphml
IBM_POS_0128,B214322_8088FE560,1,11,42,2,4,2.0,0.3818,7.6364,2,8541128.66,5559014.15,0.5833,118626.79,data\ibm_graphs\IBM_POS_0128.graphml
IBM_POS_0129,B28827_805A3ED30,1,8,27,0,2,2.0,0.4821,6.75,1,40677.33,10019.56,0.375,564.96,data\ibm_graphs\IBM_POS_0129.graphml
IBM_POS_0130,B115915_80A32F2B0,1,12,40,0,4,4.0,0.303,6.6667,1,603479.92,57360.92,0.5556,8381.67,data\ibm_graphs\IBM_POS_0130.graphml
IBM_POS_0131,B12735_80150CB00,1,53,192,16,8,0.5,0.0697,7.2453,26,12772613.15,5745517.86,2.6667,177397.4,data\ibm_graphs\IBM_POS_0131.graphml
IBM_POS_0132,B4_802F673D0,1,48,218,8,10,1.25,0.0966,9.0833,20,1800941773.92,1550446682.22,3.0278,25013080.19,data\ibm_graphs\IBM_POS_0132.graphml
IBM_POS_0133,B23_8001FE5D0,1,5890,12153,10,16,1.6,0.0004,4.1267,5863,7429846227.96,825807854.75,168.7917,103192308.72,data\ibm_graphs\IBM_POS_0133.graphml
IBM_POS_0134,B17753_80AF351E0,1,14,59,6,4,0.6667,0.3242,8.4286,2,196211.9,87518.05,0.8194,2725.17,data\ibm_graphs\IBM_POS_0134.graphml
IBM_POS_0135,B10_8009CF210,1,94,255,10,12,1.2,0.0292,5.4255,15,71002151.22,54218378.44,3.5417,986140.99,data\ibm_graphs\IBM_POS_0135.graphml
IBM_POS_0136,B4866_8042509A0,1,2,4,2,4,2.0,2.0,4.0,1,52517.86,14937.01,0.0556,729.41,data\ibm_graphs\IBM_POS_0136.graphml
IBM_POS_0137,B13264_8022CFEB0,1,27,108,8,16,2.0,0.1538,8.0,5,24156197.91,10060487.95,1.5,335502.75,data\ibm_graphs\IBM_POS_0137.graphml
IBM_POS_0138,B125906_80E11E6A0,1,6,18,4,6,1.5,0.6,6.0,1,127999.67,23056.68,0.25,1777.77,data\ibm_graphs\IBM_POS_0138.graphml
IBM_POS_0139,B2454_8019EFA70,1,3,14,2,4,2.0,2.3333,9.3333,0,1185808.32,588433.59,0.1944,16469.56,data\ibm_graphs\IBM_POS_0139.graphml
IBM_POS_0140,B214050_80543C3C0,1,9,32,2,4,2.0,0.4444,7.1111,2,1185991.22,362288.51,0.4444,16472.1,data\ibm_graphs\IBM_POS_0140.graphml
IBM_POS_0141,B12_80010D740,1,83,265,2,28,14.0,0.0389,6.3855,47,21869512.24,2230453.31,3.6806,303743.23,data\ibm_graphs\IBM_POS_0141.graphml
IBM_POS_0142,B119_8000DA7D0,1,14,26,0,2,2.0,0.1429,3.7143,1,1586935.98,291133.92,0.3611,22040.78,data\ibm_graphs\IBM_POS_0142.graphml
IBM_POS_0143,B70_100428978,1,4679,22922,0,4882,4882.0,0.001,9.7978,1472,13567080249.64,1626701276.15,318.3611,188431670.13,data\ibm_graphs\IBM_POS_0143.graphml
IBM_POS_0144,B12719_80B445750,1,9624,20088,6,14,2.3333,0.0002,4.1746,9599,12812071606.93,1615849280.83,279.0,177945438.99,data\ibm_graphs\IBM_POS_0144.graphml
IBM_POS_0145,B217496_806C8A860,1,3,8,2,4,2.0,1.3333,5.3333,1,1339297.88,645578.26,0.1111,18601.36,data\ibm_graphs\IBM_POS_0145.graphml
IBM_POS_0146,B217_80FD27570,1,46,170,10,24,2.4,0.0821,7.3913,21,349986632.5,287340626.0,2.3611,4860925.45,data\ibm_graphs\IBM_POS_0146.graphml
IBM_POS_0147,B12_801DA8990,1,23,95,0,2,2.0,0.1877,8.2609,5,7677834.54,1525670.09,1.3194,106636.59,data\ibm_graphs\IBM_POS_0147.graphml
IBM_POS_0148,B22_80D517870,1,46,150,4,4,1.0,0.0725,6.5217,4,34582887.61,17002884.77,2.0833,480317.88,data\ibm_graphs\IBM_POS_0148.graphml
IBM_POS_0149,B239692_80EA93ED0,1,6,22,6,4,0.6667,0.7333,7.3333,1,2259503.73,489830.57,0.3056,31382.0,data\ibm_graphs\IBM_POS_0149.graphml
IBM_POS_0150,B1362_800463160,1,6,19,6,6,1.0,0.6333,6.3333,1,220768.07,18844.28,0.2639,3066.22,data\ibm_graphs\IBM_POS_0150.graphml
IBM_POS_0151,B36932_80F1AF780,1,9,28,2,4,2.0,0.3889,6.2222,1,764299.22,235545.18,0.3889,10615.27,data\ibm_graphs\IBM_POS_0151.graphml
IBM_POS_0152,B3149_8013DB9A0,1,6,20,4,2,0.5,0.6667,6.6667,1,255539.66,18844.28,0.2778,3549.16,data\ibm_graphs\IBM_POS_0152.graphml
IBM_POS_0153,B229799_80AD2BB10,1,2,4,2,4,2.0,2.0,4.0,1,628329.96,294487.1,0.0556,8726.81,data\ibm_graphs\IBM_POS_0153.graphml
IBM_POS_0154,B48526_8120D4990,1,14,26,0,2,2.0,0.1429,3.7143,1,1632544.64,291133.92,0.3611,22674.23,data\ibm_graphs\IBM_POS_0154.graphml
IBM_POS_0155,B1853_8010B21A0,1,20,57,4,6,1.5,0.15,5.7,8,12130762.16,4096277.12,0.7917,168482.81,data\ibm_graphs\IBM_POS_0155.graphml
IBM_POS_0156,B21745_800A75B90,1,5898,12256,8,38,4.75,0.0004,4.156,5860,7410637166.11,825807854.75,170.2222,102925516.2,data\ibm_graphs\IBM_POS_0156.graphml
IBM_POS_0157,B121415_80D2537C0,1,8701,32948,8,6,0.75,0.0004,7.5734,4494,13175537286.91,665929360.0,457.6111,182993573.43,data\ibm_graphs\IBM_POS_0157.graphml
IBM_POS_0158,B149345_812D1AC00,1,506,1086,10,2,0.2,0.0042,4.2925,475,1094420259.26,516342138.42,15.0833,15200281.38,data\ibm_graphs\IBM_POS_0158.graphml
IBM_POS_0159,B227406_813814C00,1,6,23,2,4,2.0,0.7667,7.6667,1,1085380.86,394577.88,0.3194,15074.73,data\ibm_graphs\IBM_POS_0159.graphml
IBM_POS_0160,B1522_800587B60,1,7,23,6,8,1.3333,0.5476,6.5714,2,1516446.8,741697.81,0.3194,21061.76,data\ibm_graphs\IBM_POS_0160.graphml
IBM_POS_0161,B48309_81239C5C0,1,546,1126,6,4,0.6667,0.0038,4.1245,534,12491675279.64,5862450542.14,15.6389,173495490.0,data\ibm_graphs\IBM_POS_0161.graphml
IBM_POS_0162,B9679_8044F5A10,1,760,1593,2,4,2.0,0.0028,4.1921,750,90164667507.49,29844015196.94,22.125,1252287048.72,data\ibm_graphs\IBM_POS_0162.graphml
IBM_POS_0163,B21575_801A58F80,1,44,144,12,24,2.0,0.0761,6.5455,29,424261370.65,183671436.65,2.0,5892519.04,data\ibm_graphs\IBM_POS_0163.graphml
IBM_POS_0164,B239173_80FF26B70,1,8,28,0,2,2.0,0.5,7.0,0,626775.89,296403.51,0.3889,8705.22,data\ibm_graphs\IBM_POS_0164.graphml
IBM_POS_0165,B70_100428810,1,3680,18091,4,3964,991.0,0.0013,9.8321,1184,11629721496.34,1397665064.97,251.2639,161523909.67,data\ibm_graphs\IBM_POS_0165.graphml
IBM_POS_0166,B20_800BBBEC0,1,6,37,6,12,2.0,1.2333,12.3333,1,812439.57,151663.72,0.5139,11283.88,data\ibm_graphs\IBM_POS_0166.graphml
IBM_POS_0167,B2467_801018DA0,1,5294,10651,10,14,1.4,0.0004,4.0238,5282,4021438484.9,352043604.5,147.9306,55853312.29,data\ibm_graphs\IBM_POS_0167.graphml
IBM_POS_0168,B241636_80FC38120,1,8,32,2,4,2.0,0.5714,8.0,0,7547348.96,3691867.35,0.4444,104824.29,data\ibm_graphs\IBM_POS_0168.graphml
IBM_POS_0169,B18097_807507390,1,1055,2157,2,4,2.0,0.0019,4.0891,1049,3564083039.66,679797968.71,29.9583,49501153.33,data\ibm_graphs\IBM_POS_0169.graphml
IBM_POS_0170,B11318_8011AB110,1,2,2,0,2,2.0,1.0,2.0,1,23042.86,11521.43,0.0278,320.04,data\ibm_graphs\IBM_POS_0170.graphml
IBM_POS_0171,B1655_802078880,1,14,51,2,6,3.0,0.2802,7.2857,2,5689566.64,2769249.84,0.7083,79021.76,data\ibm_graphs\IBM_POS_0171.graphml
IBM_POS_0172,B122342_8116734B0,1,10,33,2,6,3.0,0.3667,6.6,3,47135761.66,35439188.0,0.4583,654663.36,data\ibm_graphs\IBM_POS_0172.graphml
IBM_POS_0173,B70_1004287C8,1,3061,14500,18,3192,177.3333,0.0015,9.474,964,452300837340.53,22333250898.34,201.3889,6281956074.17,data\ibm_graphs\IBM_POS_0173.graphml
IBM_POS_0174,B112354_80A669990,1,10,24,0,2,2.0,0.2667,4.8,2,659592.58,305479.86,0.3333,9161.01,data\ibm_graphs\IBM_POS_0174.graphml
IBM_POS_0175,B20_800060420,1,6045,12755,6,52,8.6667,0.0003,4.22,5954,7339433555.41,825807854.75,177.1528,101936577.16,data\ibm_graphs\IBM_POS_0175.graphml
IBM_POS_0176,B22164_802528AE0,1,14,85,8,8,1.0,0.467,12.1429,1,6026752.77,707730.8,1.1806,83704.9,data\ibm_graphs\IBM_POS_0176.graphml
IBM_POS_0177,B12_8016FDD30,1,3,6,4,4,1.0,1.0,4.0,1,109598.84,19847.78,0.0833,1522.21,data\ibm_graphs\IBM_POS_0177.graphml
IBM_POS_0178,B113779_805593540,1,2,2,0,2,2.0,1.0,2.0,1,38761.36,19380.68,0.0278,538.35,data\ibm_graphs\IBM_POS_0178.graphml
IBM_POS_0179,B70_1004286F0,1,4187,20388,4,4284,1071.0,0.0012,9.7387,1333,77222782585.2,4334797639.45,283.1667,1072538647.02,data\ibm_graphs\IBM_POS_0179.graphml
IBM_POS_0180,B70_1004289C0,1,3785,17792,8,3986,498.25,0.0012,9.4013,1149,33948486408.88,2799575044.34,247.1111,471506755.68,data\ibm_graphs\IBM_POS_0180.graphml
IBM_POS_0181,B21381_802FFC060,1,16,58,12,4,0.3333,0.2417,7.25,7,429560155.72,154561250.04,0.8056,5966113.27,data\ibm_graphs\IBM_POS_0181.graphml
IBM_POS_0182,B2627_80E2C7260,1,8,30,4,4,1.0,0.5357,7.5,1,1349002.51,584752.06,0.4167,18736.15,data\ibm_graphs\IBM_POS_0182.graphml
IBM_POS_0183,B1588_80820F1A0,1,10,29,2,4,2.0,0.3222,5.8,5,3703197.21,1346658.78,0.4028,51433.29,data\ibm_graphs\IBM_POS_0183.graphml
IBM_POS_0184,B1674_801309540,1,22,75,4,6,1.5,0.1623,6.8182,10,1285468.53,264530.59,1.0417,17853.73,data\ibm_graphs\IBM_POS_0184.graphml
IBM_POS_0185,B1_800BA6480,1,2,2,0,2,2.0,1.0,2.0,1,14806.14,7403.07,0.0278,205.64,data\ibm_graphs\IBM_POS_0185.graphml
IBM_POS_0186,B21387_80AC0B060,1,9,32,2,4,2.0,0.4444,7.1111,3,860697.15,383758.77,0.4444,11954.13,data\ibm_graphs\IBM_POS_0186.graphml
IBM_POS_0187,B18196_80CAE3930,1,19,69,4,6,1.5,0.2018,7.2632,6,7836398.29,1585800.6,0.9583,108838.87,data\ibm_graphs\IBM_POS_0187.graphml
IBM_POS_0188,B14381_805C2AFB0,1,22,62,4,2,0.5,0.1342,5.6364,7,133129212862.47,66414493570.04,0.8611,1849016845.31,data\ibm_graphs\IBM_POS_0188.graphml
IBM_POS_0189,B9482_806694250,1,11,36,0,2,2.0,0.3273,6.5455,1,575195.69,57360.92,0.5,7988.83,data\ibm_graphs\IBM_POS_0189.graphml
IBM_POS_0190,B4259_801B80F10,1,7,9,0,2,2.0,0.2143,2.5714,4,46898.45,18473.0,0.125,651.37,data\ibm_graphs\IBM_POS_0190.graphml
IBM_POS_0191,B28094_80A7322F0,1,10,33,2,4,2.0,0.3667,6.6,2,2485652.72,2382195.0,0.4583,34522.95,data\ibm_graphs\IBM_POS_0191.graphml
IBM_POS_0192,B22_80030CC80,1,10,23,2,4,2.0,0.2556,4.6,4,6624810.32,3223823.07,0.3194,92011.25,data\ibm_graphs\IBM_POS_0192.graphml
IBM_POS_0193,B3242_8015CC830,1,2,4,0,4,4.0,2.0,4.0,1,28541.98,13461.85,0.0556,396.42,data\ibm_graphs\IBM_POS_0193.graphml
IBM_POS_0194,B6_80A2953E0,1,5964,13921,6,4,0.6667,0.0004,4.6683,5396,5157658150.27,352043604.5,193.3472,71634140.98,data\ibm_graphs\IBM_POS_0194.graphml
IBM_POS_0195,B3229_803FF9220,1,5638,11408,0,2,2.0,0.0004,4.0468,5631,6506519629.88,1615849280.83,158.4444,90368328.19,data\ibm_graphs\IBM_POS_0195.graphml
IBM_POS_0196,B24856_8090E8EB0,1,6,18,4,4,1.0,0.6,6.0,1,3980386.58,644865.78,0.25,55283.15,data\ibm_graphs\IBM_POS_0196.graphml
IBM_POS_0197,B118202_807540A30,1,11,27,6,6,1.0,0.2455,4.9091,1,46237947.4,22034079.14,0.375,642193.71,data\ibm_graphs\IBM_POS_0197.graphml
IBM_POS_0198,B4726_803CA44E0,1,17,80,2,2,1.0,0.2941,9.4118,5,5650449.2,1525670.09,1.1111,78478.46,data\ibm_graphs\IBM_POS_0198.graphml
IBM_POS_0199,B4_812F3E350,1,10,24,0,4,4.0,0.2667,4.8,3,36143631.69,12424082.79,0.3333,501994.88,data\ibm_graphs\IBM_POS_0199.graphml
IBM_POS_0200,B20_8001B0FA0,1,6,13,2,2,1.0,0.4333,4.3333,1,147796.71,13787.17,0.1806,2052.73,data\ibm_graphs\IBM_POS_0200.graphml
IBM_NEG_0001,B8354_80AFDEF60,0,1,4,4,4,1.0,0.0,8.0,0,804.42,378.78,0.0556,11.17,data\ibm_graphs\IBM_NEG_0001.graphml
IBM_NEG_0002,B25113_8094E5E40,1,651,1374,12,10,0.8333,0.0032,4.2212,634,434867882.83,100198692.09,19.0833,6039831.71,data\ibm_graphs\IBM_NEG_0002.graphml
IBM_NEG_0003,B12381_8129829C0,0,1,2,2,2,1.0,0.0,4.0,0,136709.14,68354.57,0.0278,1898.74,data\ibm_graphs\IBM_NEG_0003.graphml
IBM_NEG_0004,B31845_810CF30B0,0,1,2,2,2,1.0,0.0,4.0,0,3062.24,1531.12,0.0278,42.53,data\ibm_graphs\IBM_NEG_0004.graphml
IBM_NEG_0005,B122352_8128C4A60,0,27,110,8,2,0.25,0.1567,8.1481,12,2623443.64,928491.32,1.5278,36436.72,data\ibm_graphs\IBM_NEG_0005.graphml
IBM_NEG_0006,B236684_80ED34220,0,6,26,8,4,0.5,0.8667,8.6667,2,707937.35,381116.23,0.3611,9832.46,data\ibm_graphs\IBM_NEG_0006.graphml
IBM_NEG_0007,B240304_80FA62260,0,54,206,2,4,2.0,0.072,7.6296,4,247183221.11,121771019.37,2.8611,3433100.29,data\ibm_graphs\IBM_NEG_0007.graphml
IBM_NEG_0008,B3_8047ACE00,0,1,4,4,4,1.0,0.0,8.0,0,4451138.34,2225157.45,0.0556,61821.37,data\ibm_graphs\IBM_NEG_0008.graphml
IBM_NEG_0009,B2385_80238C4C0,1,9604,20014,0,12,12.0,0.0002,4.1678,9590,12799786210.05,1615849280.83,277.9722,177774808.47,data\ibm_graphs\IBM_NEG_0009.graphml
IBM_NEG_0010,B32229_800CD04C0,0,2,4,0,2,2.0,2.0,4.0,0,55582.6,27519.99,0.0556,771.98,data\ibm_graphs\IBM_NEG_0010.graphml
IBM_NEG_0011,B254958_8145827C1,1,764,1576,10,6,0.6,0.0027,4.1257,751,42667.22,13094.65,21.8889,592.6,data\ibm_graphs\IBM_NEG_0011.graphml
IBM_NEG_0012,B136808_80FEBF040,0,1,2,2,2,1.0,0.0,4.0,0,7217.16,3608.58,0.0278,100.24,data\ibm_graphs\IBM_NEG_0012.graphml
IBM_NEG_0013,B16011_8077D6340,0,1,2,2,2,1.0,0.0,4.0,0,116.84,58.42,0.0278,1.62,data\ibm_graphs\IBM_NEG_0013.graphml
IBM_NEG_0014,B23731_808B6AF90,0,1,4,4,4,1.0,0.0,8.0,0,142162.52,71065.69,0.0556,1974.48,data\ibm_graphs\IBM_NEG_0014.graphml
IBM_NEG_0015,B21258_80126F4A0,0,1,2,2,2,1.0,0.0,4.0,0,6703.38,3351.69,0.0278,93.1,data\ibm_graphs\IBM_NEG_0015.graphml
IBM_NEG_0016,B1_800C36370,0,1,2,2,2,1.0,0.0,4.0,0,43.3,21.65,0.0278,0.6,data\ibm_graphs\IBM_NEG_0016.graphml
IBM_NEG_0017,B24963_805B4BB20,0,3,22,6,18,3.0,3.6667,14.6667,0,7546923697.26,2574956339.8,0.3056,104818384.68,data\ibm_graphs\IBM_NEG_0017.graphml
IBM_NEG_0018,B46504_8118E05A0,0,1,2,2,2,1.0,0.0,4.0,0,14710.32,7355.16,0.0278,204.31,data\ibm_graphs\IBM_NEG_0018.graphml
IBM_NEG_0019,B232259_80C287780,0,1,2,2,2,1.0,0.0,4.0,0,12.14,6.07,0.0278,0.17,data\ibm_graphs\IBM_NEG_0019.graphml
IBM_NEG_0020,B43923_81070EFE0,0,1,4,4,4,1.0,0.0,8.0,0,102895.08,51429.75,0.0556,1429.1,data\ibm_graphs\IBM_NEG_0020.graphml
IBM_NEG_0021,B2591_8014A1950,0,1,2,2,2,1.0,0.0,4.0,0,23.36,11.68,0.0278,0.32,data\ibm_graphs\IBM_NEG_0021.graphml
IBM_NEG_0022,B1047_802310880,0,7,23,2,6,3.0,0.5476,6.5714,3,2986065.21,1236316.93,0.3194,41473.13,data\ibm_graphs\IBM_NEG_0022.graphml
IBM_NEG_0023,B12_80150EA80,0,14,61,8,12,1.5,0.3352,8.7143,2,10004679.79,2923334.35,0.8472,138953.89,data\ibm_graphs\IBM_NEG_0023.graphml
IBM_NEG_0024,B344042_810D25A50,0,12,23,0,2,2.0,0.1742,3.8333,6,28979447.52,28451112.0,0.3194,402492.33,data\ibm_graphs\IBM_NEG_0024.graphml
IBM_NEG_0025,B22091_811FA62F0,0,4,25,8,2,0.25,2.0833,12.5,1,1500235.38,458882.93,0.3472,20836.6,data\ibm_graphs\IBM_NEG_0025.graphml
IBM_NEG_0026,B17732_8053EFF70,0,1,4,4,4,1.0,0.0,8.0,0,16197.68,8081.73,0.0556,224.97,data\ibm_graphs\IBM_NEG_0026.graphml
IBM_NEG_0027,B3_804A144F0,0,31,139,8,22,2.75,0.1495,8.9677,8,530957486.62,84834301.52,1.9306,7374409.54,data\ibm_graphs\IBM_NEG_0027.graphml
IBM_NEG_0028,B310600_803FA0600,0,1,2,2,2,1.0,0.0,4.0,0,420311.36,210155.68,0.0278,5837.66,data\ibm_graphs\IBM_NEG_0028.graphml
IBM_NEG_0029,B31144_81166E430,0,23,89,10,6,0.6,0.1759,7.7391,9,2546048.56,543153.33,1.2361,35361.79,data\ibm_graphs\IBM_NEG_0029.graphml
IBM_NEG_0030,B21_803AFA770,0,14,55,8,10,1.25,0.3022,7.8571,5,424589955.49,136513054.0,0.7639,5897082.72,data\ibm_graphs\IBM_NEG_0030.graphml
IBM_NEG_0031,B113060_80A65D550,1,12807,54259,6,8,1.3333,0.0003,8.4733,5002,29723531208.02,825807854.75,753.5972,412826822.33,data\ibm_graphs\IBM_NEG_0031.graphml
IBM_NEG_0032,B3123_807462E10,0,1,2,2,2,1.0,0.0,4.0,0,133706.92,66853.46,0.0278,1857.04,data\ibm_graphs\IBM_NEG_0032.graphml
IBM_NEG_0033,B123997_80A3C3420,0,5,16,6,4,0.6667,0.8,6.4,1,582697.28,175086.35,0.2222,8093.02,data\ibm_graphs\IBM_NEG_0033.graphml
IBM_NEG_0034,B145106_810F1CF00,0,1,2,2,2,1.0,0.0,4.0,0,239659.72,119829.86,0.0278,3328.61,data\ibm_graphs\IBM_NEG_0034.graphml
IBM_NEG_0035,B116781_806F27260,0,10,37,4,6,1.5,0.4111,7.4,0,122911118.11,34930358.63,0.5139,1707098.86,data\ibm_graphs\IBM_NEG_0035.graphml
IBM_NEG_0036,B123869_809023D40,0,9,33,4,2,0.5,0.4583,7.3333,1,633976.38,145105.69,0.4583,8805.23,data\ibm_graphs\IBM_NEG_0036.graphml
IBM_NEG_0037,B220_80FE56C70,0,24,110,12,16,1.3333,0.1993,9.1667,11,125063539.41,63235607.69,1.5278,1736993.6,data\ibm_graphs\IBM_NEG_0037.graphml
IBM_NEG_0038,B225215_809D2D3D0,0,7,16,2,4,2.0,0.381,4.5714,3,19466.35,5343.21,0.2222,270.37,data\ibm_graphs\IBM_NEG_0038.graphml
IBM_NEG_0039,B225263_810024B10,0,1,2,2,2,1.0,0.0,4.0,0,42561.66,21280.83,0.0278,591.13,data\ibm_graphs\IBM_NEG_0039.graphml
IBM_NEG_0040,B222773_808AEEDD0,0,1,2,2,2,1.0,0.0,4.0,0,12.86,6.43,0.0278,0.18,data\ibm_graphs\IBM_NEG_0040.graphml
IBM_NEG_0041,B29069_80C12E2E0,0,7,25,8,4,0.5,0.5952,7.1429,2,227270.15,150523.76,0.3472,3156.53,data\ibm_graphs\IBM_NEG_0041.graphml
IBM_NEG_0042,B10344_8056ECDD0,0,4,16,0,4,4.0,1.3333,8.0,0,552412.73,194193.58,0.2222,7672.4,data\ibm_graphs\IBM_NEG_0042.graphml
IBM_NEG_0043,B3211_8008BB570,0,1,2,2,2,1.0,0.0,4.0,0,39986.04,19993.02,0.0278,555.36,data\ibm_graphs\IBM_NEG_0043.graphml
IBM_NEG_0044,B15863_8025F6B70,1,12804,54245,6,12,2.0,0.0003,8.4731,4999,29716996190.73,825807854.75,753.4028,412736058.2,data\ibm_graphs\IBM_NEG_0044.graphml
IBM_NEG_0045,B229620_80EBE2680,0,1,2,2,2,1.0,0.0,4.0,0,12886.56,6443.28,0.0278,178.98,data\ibm_graphs\IBM_NEG_0045.graphml
IBM_NEG_0046,B795_8013D9520,0,9,28,4,16,4.0,0.3889,6.2222,4,912465.74,325390.0,0.3889,12673.14,data\ibm_graphs\IBM_NEG_0046.graphml
IBM_NEG_0047,B15730_811096700,0,1,2,2,2,1.0,0.0,4.0,0,6.1,3.05,0.0278,0.08,data\ibm_graphs\IBM_NEG_0047.graphml
IBM_NEG_0048,B133490_80FBF7560,0,1,2,2,2,1.0,0.0,4.0,0,20826.4,10413.2,0.0278,289.26,data\ibm_graphs\IBM_NEG_0048.graphml
IBM_NEG_0049,B1588_8006E6380,0,42,158,8,8,1.0,0.0918,7.5238,19,66258723.0,26076413.24,2.1944,920260.04,data\ibm_graphs\IBM_NEG_0049.graphml
IBM_NEG_0050,B14387_806446B50,0,29,93,10,4,0.4,0.1145,6.4138,13,47027079.63,33842137.0,1.2917,653153.88,data\ibm_graphs\IBM_NEG_0050.graphml
IBM_NEG_0051,B1024_8006BAB70,1,5873,12118,2,14,7.0,0.0004,4.1267,5850,7814209673.34,825807854.75,168.3056,108530689.91,data\ibm_graphs\IBM_NEG_0051.graphml
IBM_NEG_0052,B27637_803AE56A0,1,9618,20079,6,8,1.3333,0.0002,4.1753,9593,12684138077.1,1615849280.83,278.875,176168584.4,data\ibm_graphs\IBM_NEG_0052.graphml
IBM_NEG_0053,B908_8007605E0,0,63,210,14,24,1.7143,0.0538,6.6667,28,31401613.99,3349846.77,2.9167,436133.53,data\ibm_graphs\IBM_NEG_0053.graphml
IBM_NEG_0054,B210404_80BF70D60,0,4,16,2,4,2.0,1.3333,8.0,0,821872.97,171734.5,0.2222,11414.9,data\ibm_graphs\IBM_NEG_0054.graphml
IBM_NEG_0055,B34604_80CBFE3A0,0,53,200,0,2,2.0,0.0726,7.5472,1,683836267.45,296306818.05,2.7778,9497725.94,data\ibm_graphs\IBM_NEG_0055.graphml
IBM_NEG_0056,B7478_8057B4DB0,0,9,36,6,8,1.3333,0.5,8.0,1,2671036.34,544104.04,0.5,37097.73,data\ibm_graphs\IBM_NEG_0056.graphml
IBM_NEG_0057,B352604_813985110,0,1,2,2,2,1.0,0.0,4.0,0,29666.7,14833.35,0.0278,412.04,data\ibm_graphs\IBM_NEG_0057.graphml
IBM_NEG_0058,B12797_80132D340,0,46,176,12,12,1.0,0.085,7.6522,20,34230951.74,4411008.43,2.4444,475429.89,data\ibm_graphs\IBM_NEG_0058.graphml
IBM_NEG_0059,B43460_8100BE730,0,31,128,6,16,2.6667,0.1376,8.2581,14,35575981.98,11547201.54,1.7778,494110.86,data\ibm_graphs\IBM_NEG_0059.graphml
IBM_NEG_0060,B17907_80E009870,0,10,40,8,20,2.5,0.4444,8.0,0,2619945.06,845785.0,0.5556,36388.13,data\ibm_graphs\IBM_NEG_0060.graphml
IBM_NEG_0061,B46616_8115E9030,1,966,2035,14,2,0.1429,0.0022,4.2133,955,2675175682.32,1662786175.66,28.2639,37155217.81,data\ibm_graphs\IBM_NEG_0061.graphml
IBM_NEG_0062,B248047_81219C480,0,3,16,4,2,0.5,2.6667,10.6667,0,292594.22,94383.55,0.2222,4063.81,data\ibm_graphs\IBM_NEG_0062.graphml
IBM_NEG_0063,B45563_8111EF9E0,1,2111,8968,6,6,1.0,0.002,8.4964,770,14579984047.67,2799575044.34,124.5556,202499778.44,data\ibm_graphs\IBM_NEG_0063.graphml
IBM_NEG_0064,B27_80CA50FF0,0,1,4,4,4,1.0,0.0,8.0,0,524808.4,262325.83,0.0556,7289.01,data\ibm_graphs\IBM_NEG_0064.graphml
IBM_NEG_0065,B16586_80321D310,0,1,4,4,4,1.0,0.0,8.0,0,12966.82,6474.67,0.0556,180.09,data\ibm_graphs\IBM_NEG_0065.graphml
IBM_NEG_0066,B4766_802EE6030,0,1,2,2,2,1.0,0.0,4.0,0,41928.52,20964.26,0.0278,582.34,data\ibm_graphs\IBM_NEG_0066.graphml
IBM_NEG_0067,B128960_80ADB39B0,0,13,47,6,8,1.3333,0.3013,7.2308,4,28846750.35,5389173.35,0.6528,400649.31,data\ibm_graphs\IBM_NEG_0067.graphml
IBM_NEG_0068,B23_80C8DE6D0,0,9,41,4,12,3.0,0.5694,9.1111,2,3540817.37,717798.52,0.5694,49178.02,data\ibm_graphs\IBM_NEG_0068.graphml
IBM_NEG_0069,B8771_809811F50,1,21536,91249,10,4,0.4,0.0002,8.4741,8510,85619947810.5,6864834129.45,1267.3472,1189165941.81,data\ibm_graphs\IBM_NEG_0069.graphml
IBM_NEG_0070,B312190_8049C1900,0,1,2,2,2,1.0,0.0,4.0,0,3837079.66,1918539.83,0.0278,53292.77,data\ibm_graphs\IBM_NEG_0070.graphml
IBM_NEG_0071,B138335_80F073EB0,0,1,4,4,4,1.0,0.0,8.0,0,33.1,9.23,0.0556,0.46,data\ibm_graphs\IBM_NEG_0071.graphml
IBM_NEG_0072,B41745_80F70EC20,0,10,29,0,4,4.0,0.3222,5.8,2,14320439.62,6893261.75,0.4028,198894.99,data\ibm_graphs\IBM_NEG_0072.graphml
IBM_NEG_0073,B1420_80C59DD40,0,1,4,4,4,1.0,0.0,8.0,0,5927.66,2956.47,0.0556,82.33,data\ibm_graphs\IBM_NEG_0073.graphml
IBM_NEG_0074,B335347_80D82CC90,0,2,6,0,2,2.0,3.0,6.0,0,24814.8,6772.6,0.0833,344.65,data\ibm_graphs\IBM_NEG_0074.graphml
IBM_NEG_0075,B48309_8122D91F0,0,1,4,4,4,1.0,0.0,8.0,0,111873.54,55918.84,0.0556,1553.8,data\ibm_graphs\IBM_NEG_0075.graphml
IBM_NEG_0076,B4_8036A6880,0,23,98,8,8,1.0,0.1937,8.5217,9,52879211.75,21279004.34,1.3611,734433.5,data\ibm_graphs\IBM_NEG_0076.graphml
IBM_NEG_0077,B4523_8024607C0,0,24,92,8,8,1.0,0.1667,7.6667,8,53096372.89,26241118.38,1.2778,737449.62,data\ibm_graphs\IBM_NEG_0077.graphml
IBM_NEG_0078,B112354_811608350,0,5,14,2,4,2.0,0.7,5.6,1,39958.79,18604.67,0.1944,554.98,data\ibm_graphs\IBM_NEG_0078.graphml
IBM_NEG_0079,B3149_80157A070,0,1,2,2,2,1.0,0.0,4.0,0,863.56,431.78,0.0278,11.99,data\ibm_graphs\IBM_NEG_0079.graphml
IBM_NEG_0080,B31756_802D4DB20,0,1,2,2,2,1.0,0.0,4.0,0,30717.28,15358.64,0.0278,426.63,data\ibm_graphs\IBM_NEG_0080.graphml
IBM_NEG_0081,B13145_807A63EC0,0,1,4,4,4,1.0,0.0,8.0,0,259458.54,129704.56,0.0556,3603.59,data\ibm_graphs\IBM_NEG_0081.graphml
IBM_NEG_0082,B142950_810ECA550,0,12,52,8,4,0.5,0.3939,8.6667,3,1927616587.86,621239222.75,0.7222,26772452.61,data\ibm_graphs\IBM_NEG_0082.graphml
IBM_NEG_0083,B139828_80ED10970,0,1,2,2,2,1.0,0.0,4.0,0,1133.68,566.84,0.0278,15.75,data\ibm_graphs\IBM_NEG_0083.graphml
IBM_NEG_0084,B341552_80FA14E80,0,1,2,2,2,1.0,0.0,4.0,0,25445.56,12722.78,0.0278,353.41,data\ibm_graphs\IBM_NEG_0084.graphml
IBM_NEG_0085,B122055_809340350,0,1,4,4,4,1.0,0.0,8.0,0,2649.12,1296.89,0.0556,36.79,data\ibm_graphs\IBM_NEG_0085.graphml
IBM_NEG_0086,B211212_808821930,1,11,34,2,8,4.0,0.3091,6.1818,3,5381324.98,960282.95,0.4722,74740.62,data\ibm_graphs\IBM_NEG_0086.graphml
IBM_NEG_0087,B38486_8121B3EC0,1,5,8,2,4,2.0,0.4,3.2,2,12060.46,3701.09,0.1111,167.51,data\ibm_graphs\IBM_NEG_0087.graphml
IBM_NEG_0088,B11904_813932360,1,9621,20065,12,2,0.1667,0.0002,4.1711,9602,12656694016.84,1615849280.83,278.6806,175787416.9,data\ibm_graphs\IBM_NEG_0088.graphml
IBM_NEG_0089,B28_80BF0AA60,0,1,2,2,2,1.0,0.0,4.0,0,420.8,210.4,0.0278,5.84,data\ibm_graphs\IBM_NEG_0089.graphml
IBM_NEG_0090,B12513_80809B960,0,9,49,8,8,1.0,0.6806,10.8889,1,4074367.82,1753050.86,0.6806,56588.44,data\ibm_graphs\IBM_NEG_0090.graphml
IBM_NEG_0091,B148389_811F06970,0,2,10,2,10,5.0,5.0,10.0,1,3971.16,910.1,0.1389,55.16,data\ibm_graphs\IBM_NEG_0091.graphml
IBM_NEG_0092,B1502_8013B2790,0,30,128,6,14,2.3333,0.1471,8.5333,10,30044682.67,5941504.74,1.7778,417287.26,data\ibm_graphs\IBM_NEG_0092.graphml
IBM_NEG_0093,B14650_80724E360,1,5852,12036,8,12,1.5,0.0004,4.1135,5838,8276005314.6,825807854.75,167.1667,114944518.26,data\ibm_graphs\IBM_NEG_0093.graphml
IBM_NEG_0094,B12_80021FBB0,0,15,54,2,8,4.0,0.2571,7.2,5,23142409.73,6535200.11,0.75,321422.36,data\ibm_graphs\IBM_NEG_0094.graphml
IBM_NEG_0095,B122094_81100DE80,1,5843,11996,6,4,0.6667,0.0004,4.1061,5835,7278432186.13,825807854.75,166.6111,101089335.92,data\ibm_graphs\IBM_NEG_0095.graphml
IBM_NEG_0096,B220083_80F63F330,0,1,2,2,2,1.0,0.0,4.0,0,6787.18,3393.59,0.0278,94.27,data\ibm_graphs\IBM_NEG_0096.graphml
IBM_NEG_0097,B134976_80D86EF60,0,1,4,4,4,1.0,0.0,8.0,0,119771.64,59854.88,0.0556,1663.49,data\ibm_graphs\IBM_NEG_0097.graphml
IBM_NEG_0098,B28_8073B4A30,1,782,1625,4,2,0.5,0.0027,4.156,768,21625766070.8,4028473479.26,22.5694,300357862.09,data\ibm_graphs\IBM_NEG_0098.graphml
IBM_NEG_0099,B71_804ABAC50,0,33,115,12,6,0.5,0.1089,6.9697,18,1022897163.12,174616405.66,1.5972,14206905.04,data\ibm_graphs\IBM_NEG_0099.graphml
IBM_NEG_0100,B7478_813512290,0,6,22,10,2,0.2,0.7333,7.3333,1,1895852.34,758874.0,0.3056,26331.28,data\ibm_graphs\IBM_NEG_0100.graphml
IBM_NEG_0101,B43818_810D71A20,0,1,2,2,2,1.0,0.0,4.0,0,15978.4,7989.2,0.0278,221.92,data\ibm_graphs\IBM_NEG_0101.graphml
IBM_NEG_0102,B17610_804393E30,0,20,98,10,20,2.0,0.2579,9.8,8,17846640.11,2939900.15,1.3611,247870.0,data\ibm_graphs\IBM_NEG_0102.graphml
IBM_NEG_0103,B35827_80274C7C0,0,1,2,2,2,1.0,0.0,4.0,0,1556.6,778.3,0.0278,21.62,data\ibm_graphs\IBM_NEG_0103.graphml
IBM_NEG_0104,B219184_80D41D4B0,0,7,27,2,8,4.0,0.6429,7.7143,2,379012.93,114948.64,0.375,5264.07,data\ibm_graphs\IBM_NEG_0104.graphml
IBM_NEG_0105,B28694_80F334530,0,1,2,2,2,1.0,0.0,4.0,0,16108.32,8054.16,0.0278,223.73,data\ibm_graphs\IBM_NEG_0105.graphml
IBM_NEG_0106,B1688_80075D5E0,0,21,103,10,4,0.4,0.2452,9.8095,7,9697834.21,959265.91,1.4306,134692.14,data\ibm_graphs\IBM_NEG_0106.graphml
IBM_NEG_0107,B1588_80D2ED6B0,0,1,2,2,2,1.0,0.0,4.0,0,261902.58,130951.29,0.0278,3637.54,data\ibm_graphs\IBM_NEG_0107.graphml
IBM_NEG_0108,B16643_808DF1DF0,0,1,2,2,2,1.0,0.0,4.0,0,21113.18,10556.59,0.0278,293.24,data\ibm_graphs\IBM_NEG_0108.graphml
IBM_NEG_0109,B35655_813353360,0,2,4,0,2,2.0,2.0,4.0,0,305.86,129.77,0.0556,4.25,data\ibm_graphs\IBM_NEG_0109.graphml
IBM_NEG_0110,B28248_80A63EE00,0,27,106,12,8,0.6667,0.151,7.8519,11,81556235.19,10388625.06,1.4722,1132725.49,data\ibm_graphs\IBM_NEG_0110.graphml
IBM_NEG_0111,B152153_813E71320,0,4,12,2,2,1.0,1.0,6.0,1,29479.38,9249.48,0.1667,409.44,data\ibm_graphs\IBM_NEG_0111.graphml
IBM_NEG_0112,B317824_8103D3640,0,2,4,0,2,2.0,2.0,4.0,0,3595089.1,1797544.54,0.0556,49931.79,data\ibm_graphs\IBM_NEG_0112.graphml
IBM_NEG_0113,B1547_80778F2C0,0,32,121,12,8,0.6667,0.122,7.5625,15,10230334.06,1148649.97,1.6806,142087.97,data\ibm_graphs\IBM_NEG_0113.graphml
IBM_NEG_0114,B28_80ADE5650,0,1,2,2,2,1.0,0.0,4.0,0,15724.38,7862.19,0.0278,218.39,data\ibm_graphs\IBM_NEG_0114.graphml
IBM_NEG_0115,B116904_8071C2C70,0,2,4,4,2,0.5,2.0,4.0,0,4381052.18,2189724.4,0.0556,60847.95,data\ibm_graphs\IBM_NEG_0115.graphml
IBM_NEG_0116,B15055_802B4E5A0,0,1,2,2,2,1.0,0.0,4.0,0,31.68,15.84,0.0278,0.44,data\ibm_graphs\IBM_NEG_0116.graphml
IBM_NEG_0117,B343785_8100A9040,0,2,4,0,2,2.0,2.0,4.0,0,31812.24,14787.38,0.0556,441.84,data\ibm_graphs\IBM_NEG_0117.graphml
IBM_NEG_0118,B113304_805C9B1F0,0,6,25,2,8,4.0,0.8333,8.3333,1,71824675.09,63748736.0,0.3472,997564.93,data\ibm_graphs\IBM_NEG_0118.graphml
IBM_NEG_0119,B139342_80FB1D680,0,1,2,2,2,1.0,0.0,4.0,0,1396.8,698.4,0.0278,19.4,data\ibm_graphs\IBM_NEG_0119.graphml
IBM_NEG_0120,B222664_80EC6C050,1,21530,91217,6,2,0.3333,0.0002,8.4735,8509,85618490224.13,6864834129.45,1266.9028,1189145697.56,data\ibm_graphs\IBM_NEG_0120.graphml
IBM_NEG_0121,B24963_80A629E30,1,12797,54214,16,4,0.25,0.0003,8.4729,4999,29716797337.51,825807854.75,752.9722,412733296.35,data\ibm_graphs\IBM_NEG_0121.graphml
IBM_NEG_0122,B11657_800DA58B0,0,21,85,8,4,0.5,0.2024,8.0952,9,4043583.59,970711.21,1.1806,56160.88,data\ibm_graphs\IBM_NEG_0122.graphml
IBM_NEG_0123,B27288_807914CC0,0,9,28,2,4,2.0,0.3889,6.2222,2,991495.1,201464.0,0.3889,13770.77,data\ibm_graphs\IBM_NEG_0123.graphml
IBM_NEG_0124,B228540_80C2B35F0,0,1,2,2,2,1.0,0.0,4.0,0,44625.9,22312.95,0.0278,619.8,data\ibm_graphs\IBM_NEG_0124.graphml
IBM_NEG_0125,B126191_809B4B750,0,6,21,2,8,4.0,0.7,7.0,2,153915841.22,64051581.19,0.2917,2137720.02,data\ibm_graphs\IBM_NEG_0125.graphml
IBM_NEG_0126,B21387_801C97990,0,12,63,12,12,1.0,0.4773,10.5,5,4170577.35,895254.84,0.875,57924.69,data\ibm_graphs\IBM_NEG_0126.graphml
IBM_NEG_0127,B312618_80547E5A0,0,3,6,0,2,2.0,1.0,4.0,0,33039.38,16519.47,0.0833,458.88,data\ibm_graphs\IBM_NEG_0127.graphml
IBM_NEG_0128,B20846_809419200,0,1,4,4,4,1.0,0.0,8.0,0,235.24,99.41,0.0556,3.27,data\ibm_graphs\IBM_NEG_0128.graphml
IBM_NEG_0129,B322833_80C2F1700,0,1,2,2,2,1.0,0.0,4.0,0,8528.8,4264.4,0.0278,118.46,data\ibm_graphs\IBM_NEG_0129.graphml
IBM_NEG_0130,B32564_80C681C40,0,10,32,6,2,0.3333,0.3556,6.4,3,68545382.46,32482385.0,0.4444,952019.2,data\ibm_graphs\IBM_NEG_0130.graphml
IBM_NEG_0131,B1686_8040778D0,0,1,2,2,2,1.0,0.0,4.0,0,64026.84,32013.42,0.0278,889.26,data\ibm_graphs\IBM_NEG_0131.graphml
IBM_NEG_0132,B342293_80F895530,0,1,2,2,2,1.0,0.0,4.0,0,5901.88,2950.94,0.0278,81.97,data\ibm_graphs\IBM_NEG_0132.graphml
IBM_NEG_0133,B15750_808603010,0,11,42,2,2,1.0,0.3818,7.6364,0,53863518.28,22663616.42,0.5833,748104.42,data\ibm_graphs\IBM_NEG_0133.graphml
IBM_NEG_0134,B19925_803B09990,0,4,16,2,2,1.0,1.3333,8.0,0,31052971.32,13064805.8,0.2222,431291.27,data\ibm_graphs\IBM_NEG_0134.graphml
IBM_NEG_0135,B234395_80CC1BC20,0,1,2,2,2,1.0,0.0,4.0,0,131.66,65.83,0.0278,1.83,data\ibm_graphs\IBM_NEG_0135.graphml
IBM_NEG_0136,B44565_810C321A0,0,3,16,6,4,0.6667,2.6667,10.6667,0,1633063.02,528021.41,0.2222,22681.43,data\ibm_graphs\IBM_NEG_0136.graphml
IBM_NEG_0137,B331011_80DA4F9B0,0,1,2,2,2,1.0,0.0,4.0,0,21177.84,10588.92,0.0278,294.14,data\ibm_graphs\IBM_NEG_0137.graphml
IBM_NEG_0138,B11471_802EDE370,0,7,29,2,4,2.0,0.6905,8.2857,1,643084.3,242485.87,0.4028,8931.73,data\ibm_graphs\IBM_NEG_0138.graphml
IBM_NEG_0139,B15055_80BC97AC0,0,1,2,2,2,1.0,0.0,4.0,0,28830.18,14415.09,0.0278,400.42,data\ibm_graphs\IBM_NEG_0139.graphml
IBM_NEG_0140,B354042_813C24F41,0,1,2,2,2,1.0,0.0,4.0,0,2.84,1.42,0.0278,0.04,data\ibm_graphs\IBM_NEG_0140.graphml
IBM_NEG_0141,B29467_803DC92D0,0,23,113,6,14,2.3333,0.2233,9.8261,7,1054877056.99,137766613.53,1.5694,14651070.24,data\ibm_graphs\IBM_NEG_0141.graphml
IBM_NEG_0142,B21568_808B80A30,0,1,4,4,4,1.0,0.0,8.0,0,19639.06,9812.25,0.0556,272.76,data\ibm_graphs\IBM_NEG_0142.graphml
IBM_NEG_0143,B32287_801260CA0,0,1,2,2,2,1.0,0.0,4.0,0,634.24,317.12,0.0278,8.81,data\ibm_graphs\IBM_NEG_0143.graphml
IBM_NEG_0144,B327099_809E3BBB0,0,1,2,2,2,1.0,0.0,4.0,0,98.06,49.03,0.0278,1.36,data\ibm_graphs\IBM_NEG_0144.graphml
IBM_NEG_0145,B23842_8019FD500,0,55,205,6,16,2.6667,0.069,7.4545,29,400847248.1,191269655.44,2.8472,5567322.89,data\ibm_graphs\IBM_NEG_0145.graphml
IBM_NEG_0146,B35684_80F15DC10,1,21531,91222,8,2,0.25,0.0002,8.4735,8509,85622277789.93,6864834129.45,1266.9722,1189198302.64,data\ibm_graphs\IBM_NEG_0146.graphml
IBM_NEG_0147,B33851_801BCC9A0,0,1,2,2,2,1.0,0.0,4.0,0,8217.02,4108.51,0.0278,114.13,data\ibm_graphs\IBM_NEG_0147.graphml
IBM_NEG_0148,B1024_80178EAD0,1,12797,54214,8,4,0.5,0.0003,8.4729,4999,29716797337.51,825807854.75,752.9722,412733296.35,data\ibm_graphs\IBM_NEG_0148.graphml
IBM_NEG_0149,B315344_808D602E0,0,1,2,2,2,1.0,0.0,4.0,0,210.1,105.05,0.0278,2.92,data\ibm_graphs\IBM_NEG_0149.graphml
IBM_NEG_0150,B5464_80210DB60,0,7,34,4,12,3.0,0.8095,9.7143,0,15954656.18,4496327.0,0.4722,221592.45,data\ibm_graphs\IBM_NEG_0150.graphml
IBM_NEG_0151,B1522_801DE2D00,0,11,45,0,8,8.0,0.4091,8.1818,2,5635628.33,1466040.51,0.625,78272.62,data\ibm_graphs\IBM_NEG_0151.graphml
IBM_NEG_0152,B138010_810418B70,0,1,2,2,2,1.0,0.0,4.0,0,315361.34,157680.67,0.0278,4380.02,data\ibm_graphs\IBM_NEG_0152.graphml
IBM_NEG_0153,B1588_806D29A90,0,1,4,4,4,1.0,0.0,8.0,0,286.22,119.76,0.0556,3.98,data\ibm_graphs\IBM_NEG_0153.graphml
IBM_NEG_0154,B17400_80A041420,1,21530,91217,8,2,0.25,0.0002,8.4735,8509,85618490224.13,6864834129.45,1266.9028,1189145697.56,data\ibm_graphs\IBM_NEG_0154.graphml
IBM_NEG_0155,B324323_808DB0D70,0,1,2,2,2,1.0,0.0,4.0,0,1225.44,612.72,0.0278,17.02,data\ibm_graphs\IBM_NEG_0155.graphml
IBM_NEG_0156,B25768_8093EDDC0,0,1,2,2,2,1.0,0.0,4.0,0,519.48,259.74,0.0278,7.21,data\ibm_graphs\IBM_NEG_0156.graphml
IBM_NEG_0157,B16792_806EC1090,0,2,4,4,2,0.5,2.0,4.0,0,123576.94,61788.45,0.0556,1716.35,data\ibm_graphs\IBM_NEG_0157.graphml
IBM_NEG_0158,B340574_80ED88150,0,7,32,0,2,2.0,0.7619,9.1429,1,924892.74,162895.2,0.4444,12845.73,data\ibm_graphs\IBM_NEG_0158.graphml
IBM_NEG_0159,B210292_804030320,0,36,132,8,4,0.5,0.1048,7.3333,7,22634954660.08,10064601283.3,1.8333,314374370.28,data\ibm_graphs\IBM_NEG_0159.graphml
IBM_NEG_0160,B13264_8019A82D0,0,1,2,2,2,1.0,0.0,4.0,0,26955.86,13477.93,0.0278,374.39,data\ibm_graphs\IBM_NEG_0160.graphml
IBM_NEG_0161,B40188_81407D6F0,0,1,2,2,2,1.0,0.0,4.0,0,14672.12,7336.06,0.0278,203.78,data\ibm_graphs\IBM_NEG_0161.graphml
IBM_NEG_0162,B3698_80D2198D0,0,1,2,2,2,1.0,0.0,4.0,0,12304.34,6152.17,0.0278,170.89,data\ibm_graphs\IBM_NEG_0162.graphml
IBM_NEG_0163,B31720_80C2A8200,1,10,40,4,6,1.5,0.4444,8.0,1,13076698.56,12420275.0,0.5556,181620.81,data\ibm_graphs\IBM_NEG_0163.graphml
IBM_NEG_0164,B17649_80EBC9830,0,2,8,2,6,3.0,4.0,8.0,0,643.86,173.6,0.1111,8.94,data\ibm_graphs\IBM_NEG_0164.graphml
IBM_NEG_0165,B349082_8123FDC50,0,2,2,0,2,2.0,1.0,2.0,1,265335.06,132667.53,0.0278,3685.21,data\ibm_graphs\IBM_NEG_0165.graphml
IBM_NEG_0166,B29715_803994DD0,0,9,25,0,2,2.0,0.3472,5.5556,2,8594019.4,3429370.34,0.3472,119361.38,data\ibm_graphs\IBM_NEG_0166.graphml
IBM_NEG_0167,B346738_8111C9A90,0,3,8,0,2,2.0,1.3333,5.3333,0,20098.54,5491.26,0.1111,279.15,data\ibm_graphs\IBM_NEG_0167.graphml
IBM_NEG_0168,B142836_8100C5460,0,29,110,2,10,5.0,0.1355,7.5862,9,168153063.38,83510558.62,1.5278,2335459.21,data\ibm_graphs\IBM_NEG_0168.graphml
IBM_NEG_0169,B27288_805287DE0,0,34,100,8,10,1.25,0.0891,5.8824,17,10390350.15,2925166.75,1.3889,144310.42,data\ibm_graphs\IBM_NEG_0169.graphml
IBM_NEG_0170,B22_801F9E590,1,12797,54214,8,2,0.25,0.0003,8.4729,4999,29716797337.51,825807854.75,752.9722,412733296.35,data\ibm_graphs\IBM_NEG_0170.graphml
IBM_NEG_0171,B122080_810467FA0,0,1,2,2,2,1.0,0.0,4.0,0,246389.48,123194.74,0.0278,3422.08,data\ibm_graphs\IBM_NEG_0171.graphml
IBM_NEG_0172,B17708_807D80310,0,1,4,4,4,1.0,0.0,8.0,0,677.72,332.93,0.0556,9.41,data\ibm_graphs\IBM_NEG_0172.graphml
IBM_NEG_0173,B332837_80C738D10,0,2,2,0,2,2.0,1.0,2.0,1,531649.94,265824.97,0.0278,7384.03,data\ibm_graphs\IBM_NEG_0173.graphml
IBM_NEG_0174,B1502_803D17900,1,5846,12011,12,4,0.3333,0.0004,4.1091,5836,7276849672.48,825807854.75,166.8194,101067356.56,data\ibm_graphs\IBM_NEG_0174.graphml
IBM_NEG_0175,B40404_80F0CB5F0,0,1,2,2,2,1.0,0.0,4.0,0,10336.9,5168.45,0.0278,143.57,data\ibm_graphs\IBM_NEG_0175.graphml
IBM_NEG_0176,B16792_806590960,0,1,2,2,2,1.0,0.0,4.0,0,9526391.8,4763195.9,0.0278,132311.0,data\ibm_graphs\IBM_NEG_0176.graphml
IBM_NEG_0177,B240229_80FB381A0,1,2697,11193,10,2,0.2,0.0015,8.3003,1033,6383647532.87,1419266578.41,155.4583,88661771.29,data\ibm_graphs\IBM_NEG_0177.graphml
IBM_NEG_0178,B13959_80DA91750,0,1,4,4,4,1.0,0.0,8.0,0,66449.78,33214.3,0.0556,922.91,data\ibm_graphs\IBM_NEG_0178.graphml
IBM_NEG_0179,B23691_80774B3A0,0,11,43,6,8,1.3333,0.3909,7.8182,1,166362.94,31266.87,0.5972,2310.6,data\ibm_graphs\IBM_NEG_0179.graphml
IBM_NEG_0180,B28800_8105A8420,0,8,20,8,4,0.5,0.3571,5.0,3,3922696.34,1937748.0,0.2778,54481.89,data\ibm_graphs\IBM_NEG_0180.graphml
IBM_NEG_0181,B10709_812B5B760,0,27,102,14,2,0.1429,0.1453,7.5556,9,51534610.08,22482628.0,1.4167,715758.47,data\ibm_graphs\IBM_NEG_0181.graphml
IBM_NEG_0182,B246581_811305760,0,23,58,6,2,0.3333,0.1146,5.0435,12,145845120.46,109989172.41,0.8056,2025626.67,data\ibm_graphs\IBM_NEG_0182.graphml
IBM_NEG_0183,B3_805874660,1,2189,8957,14,4,0.2857,0.0019,8.1836,893,451870135413.16,27164201782.49,124.4028,6275974102.96,data\ibm_graphs\IBM_NEG_0183.graphml
IBM_NEG_0184,B1292_80224B490,1,9605,20013,6,4,0.6667,0.0002,4.1672,9592,12654977765.01,1615849280.83,277.9583,175763580.07,data\ibm_graphs\IBM_NEG_0184.graphml
IBM_NEG_0185,B28_8060C44F0,1,878,1946,6,14,2.3333,0.0025,4.4328,824,35495457027.69,4028473479.26,27.0278,492992458.72,data\ibm_graphs\IBM_NEG_0185.graphml
IBM_NEG_0186,B115363_81181EF90,0,1,2,2,2,1.0,0.0,4.0,0,515.08,257.54,0.0278,7.15,data\ibm_graphs\IBM_NEG_0186.graphml
IBM_NEG_0187,B333874_80E3039E0,0,2,2,0,2,2.0,1.0,2.0,1,0.04,0.02,0.0278,0.0,data\ibm_graphs\IBM_NEG_0187.graphml
IBM_NEG_0188,B214_8094DB330,0,4,7,0,2,2.0,0.5833,3.5,0,10533.74,6659.64,0.0972,146.3,data\ibm_graphs\IBM_NEG_0188.graphml
IBM_NEG_0189,B26860_812728C50,0,1,2,2,2,1.0,0.0,4.0,0,1213.68,606.84,0.0278,16.86,data\ibm_graphs\IBM_NEG_0189.graphml
IBM_NEG_0190,B21831_80936F300,0,1,4,4,4,1.0,0.0,8.0,0,15978.34,7977.87,0.0556,221.92,data\ibm_graphs\IBM_NEG_0190.graphml
IBM_NEG_0191,B4503_808A2F8B0,0,2,6,6,4,0.6667,3.0,6.0,0,26536.92,11138.8,0.0833,368.57,data\ibm_graphs\IBM_NEG_0191.graphml
IBM_NEG_0192,B19705_812E22D10,0,1,2,2,2,1.0,0.0,4.0,0,23302.08,11651.04,0.0278,323.64,data\ibm_graphs\IBM_NEG_0192.graphml
IBM_NEG_0193,B1047_809FFF7C0,0,1,4,4,4,1.0,0.0,8.0,0,269739.48,134849.48,0.0556,3746.38,data\ibm_graphs\IBM_NEG_0193.graphml
IBM_NEG_0194,B20486_8085D2EF0,0,1,2,2,2,1.0,0.0,4.0,0,867.5,433.75,0.0278,12.05,data\ibm_graphs\IBM_NEG_0194.graphml
IBM_NEG_0195,B332314_80C228DA0,0,1,2,2,2,1.0,0.0,4.0,0,48111.6,24055.8,0.0278,668.22,data\ibm_graphs\IBM_NEG_0195.graphml
IBM_NEG_0196,B1024_812AFD7C0,0,9,37,6,2,0.3333,0.5139,8.2222,1,1317130.18,285679.26,0.5139,18293.47,data\ibm_graphs\IBM_NEG_0196.graphml
IBM_NEG_0197,B238190_80F83AC80,0,5,17,6,2,0.3333,0.85,6.8,0,587338.05,237579.81,0.2361,8157.47,data\ibm_graphs\IBM_NEG_0197.graphml
IBM_NEG_0198,B214_80BE791D0,0,1,2,2,2,1.0,0.0,4.0,0,861.84,430.92,0.0278,11.97,data\ibm_graphs\IBM_NEG_0198.graphml
IBM_NEG_0199,B34517_80AC4FC70,1,9601,19987,0,2,2.0,0.0002,4.1635,9592,12654007023.82,1615849280.83,277.5972,175750097.55,data\ibm_graphs\IBM_NEG_0199.graphml
IBM_NEG_0200,B21568_807DF1DF0,0,1,2,2,2,1.0,0.0,4.0,0,14072.9,7036.45,0.0278,195.46,data\ibm_graphs\IBM_NEG_0200.graphml
IBM_NEG_0201,B12735_812446B70,0,1,2,2,2,1.0,0.0,4.0,0,575.1,287.55,0.0278,7.99,data\ibm_graphs\IBM_NEG_0201.graphml
IBM_NEG_0202,B228054_80A2C16F0,0,1,4,4,4,1.0,0.0,8.0,0,1909.46,921.59,0.0556,26.52,data\ibm_graphs\IBM_NEG_0202.graphml
IBM_NEG_0203,B316836_8065CFAF0,0,2,6,0,2,2.0,3.0,6.0,0,3226761.04,1611743.05,0.0833,44816.13,data\ibm_graphs\IBM_NEG_0203.graphml
IBM_NEG_0204,B214_8000A0FA0,1,1431,6015,4,20,5.0,0.0029,8.4067,553,3046640269.77,416943659.22,83.5417,42314448.19,data\ibm_graphs\IBM_NEG_0204.graphml
IBM_NEG_0205,B223240_810DCA660,1,5849,12020,2,4,2.0,0.0004,4.1101,5837,7284294634.68,825807854.75,166.9444,101170758.82,data\ibm_graphs\IBM_NEG_0205.graphml
IBM_NEG_0206,B6179_80BB02C70,0,23,89,4,6,1.5,0.1759,7.7391,2,588155.91,202173.0,1.2361,8168.83,data\ibm_graphs\IBM_NEG_0206.graphml
IBM_NEG_0207,B29685_809C8CBB0,0,17,53,4,2,0.5,0.1949,6.2353,7,8799135.11,4171989.98,0.7361,122210.21,data\ibm_graphs\IBM_NEG_0207.graphml
IBM_NEG_0208,B13037_8032DBB30,0,76,252,10,4,0.4,0.0442,6.6316,44,1734738859.1,1054433922.47,3.5,24093595.27,data\ibm_graphs\IBM_NEG_0208.graphml
IBM_NEG_0209,B14_803089BB0,0,10,40,12,4,0.3333,0.4444,8.0,3,17246987.41,3102828.31,0.5556,239541.49,data\ibm_graphs\IBM_NEG_0209.graphml
IBM_NEG_0210,B28_80C94CF60,0,26,97,8,4,0.5,0.1492,7.4615,18,206720804.98,34670855.3,1.3472,2871122.29,data\ibm_graphs\IBM_NEG_0210.graphml
IBM_NEG_0211,B1_8003D6F80,0,2,6,6,4,0.6667,3.0,6.0,0,43679.44,11119.11,0.0833,606.66,data\ibm_graphs\IBM_NEG_0211.graphml
IBM_NEG_0212,B218665_8073B40B0,0,5,30,6,2,0.3333,1.5,12.0,0,87384608.32,37319863.86,0.4167,1213675.12,data\ibm_graphs\IBM_NEG_0212.graphml
IBM_NEG_0213,B254355_81457B191,0,8,21,0,2,2.0,0.375,5.25,3,15.08,5.98,0.2917,0.21,data\ibm_graphs\IBM_NEG_0213.graphml
IBM_NEG_0214,B120193_8110F4920,0,1,2,2,2,1.0,0.0,4.0,0,210.34,105.17,0.0278,2.92,data\ibm_graphs\IBM_NEG_0214.graphml
IBM_NEG_0215,B121358_813A46F00,0,1,2,2,2,1.0,0.0,4.0,0,1948865.9,974432.95,0.0278,27067.58,data\ibm_graphs\IBM_NEG_0215.graphml
IBM_NEG_0216,B128121_80AE2E470,0,1,2,2,2,1.0,0.0,4.0,0,16347.42,8173.71,0.0278,227.05,data\ibm_graphs\IBM_NEG_0216.graphml
IBM_NEG_0217,B320162_812DED270,0,13,14,0,2,2.0,0.0897,2.1538,1,746099.97,307610.18,0.1944,10362.5,data\ibm_graphs\IBM_NEG_0217.graphml
IBM_NEG_0218,B701_800657180,0,1,2,2,2,1.0,0.0,4.0,0,315747.34,157873.67,0.0278,4385.38,data\ibm_graphs\IBM_NEG_0218.graphml
IBM_NEG_0219,B25547_80C4D46A0,0,1,2,2,2,1.0,0.0,4.0,0,39.0,19.5,0.0278,0.54,data\ibm_graphs\IBM_NEG_0219.graphml
IBM_NEG_0220,B1467_80E12D100,0,1,2,2,2,1.0,0.0,4.0,0,6538361.44,3269180.72,0.0278,90810.58,data\ibm_graphs\IBM_NEG_0220.graphml
IBM_NEG_0221,B41213_81144D630,0,1,4,4,4,1.0,0.0,8.0,0,11868.3,5931.44,0.0556,164.84,data\ibm_graphs\IBM_NEG_0221.graphml
IBM_NEG_0222,B2915_802CF3590,0,1,4,4,4,1.0,0.0,8.0,0,1118.0,554.19,0.0556,15.53,data\ibm_graphs\IBM_NEG_0222.graphml
IBM_NEG_0223,B221374_8089531C0,0,18,73,6,10,1.6667,0.2386,8.1111,6,3895795.94,891515.0,1.0139,54108.28,data\ibm_graphs\IBM_NEG_0223.graphml
IBM_NEG_0224,B71_8049C2420,1,988,2180,2,18,9.0,0.0022,4.413,953,127823257144.82,27164201782.49,30.2778,1775323015.9,data\ibm_graphs\IBM_NEG_0224.graphml
IBM_NEG_0225,B310933_80E66D1F0,0,1,2,2,2,1.0,0.0,4.0,0,2847.14,1423.57,0.0278,39.54,data\ibm_graphs\IBM_NEG_0225.graphml
IBM_NEG_0226,B15980_812A3C750,0,8,27,8,8,1.0,0.4821,6.75,0,1603823.01,316676.65,0.375,22275.32,data\ibm_graphs\IBM_NEG_0226.graphml
IBM_NEG_0227,B14011_801820630,0,1,2,2,2,1.0,0.0,4.0,0,924.14,462.07,0.0278,12.84,data\ibm_graphs\IBM_NEG_0227.graphml
IBM_NEG_0228,B312297_804829B90,0,1,2,2,2,1.0,0.0,4.0,0,1406295.3,703147.65,0.0278,19531.88,data\ibm_graphs\IBM_NEG_0228.graphml
IBM_NEG_0229,B349825_8123D03C0,0,3,6,0,2,2.0,1.0,4.0,0,87051.9,39216.23,0.0833,1209.05,data\ibm_graphs\IBM_NEG_0229.graphml
IBM_NEG_0230,B244192_8107F0B50,0,1,4,4,4,1.0,0.0,8.0,0,34564.7,17269.44,0.0556,480.07,data\ibm_graphs\IBM_NEG_0230.graphml
IBM_NEG_0231,B24779_8090CB390,0,15,67,4,16,4.0,0.319,8.9333,3,1126502.56,307019.73,0.9306,15645.87,data\ibm_graphs\IBM_NEG_0231.graphml
IBM_NEG_0232,B2915_804B6C090,0,5,18,2,6,3.0,0.9,7.2,1,1535896.42,729124.65,0.25,21331.89,data\ibm_graphs\IBM_NEG_0232.graphml
IBM_NEG_0233,B2385_801E0AAA0,1,21538,91251,12,8,0.6667,0.0002,8.4735,8512,85620950522.64,6864834129.45,1267.375,1189179868.37,data\ibm_graphs\IBM_NEG_0233.graphml
IBM_NEG_0234,B4600_808F1C5A0,0,13,63,12,2,0.1667,0.4038,9.6923,2,802521.65,184431.43,0.875,11146.13,data\ibm_graphs\IBM_NEG_0234.graphml
IBM_NEG_0235,B217641_806BA69B0,0,9,35,4,12,3.0,0.4861,7.7778,0,210262608.95,41251184.12,0.4861,2920314.01,data\ibm_graphs\IBM_NEG_0235.graphml
IBM_NEG_0236,B24515_802C1F460,0,8,28,2,4,2.0,0.5,7.0,3,18776861.59,8555435.29,0.3889,260789.74,data\ibm_graphs\IBM_NEG_0236.graphml
IBM_NEG_0237,B12359_80CBC3040,0,1,4,4,4,1.0,0.0,8.0,0,80161.06,40059.81,0.0556,1113.35,data\ibm_graphs\IBM_NEG_0237.graphml
IBM_NEG_0238,B144669_8108B4890,0,69,269,2,2,1.0,0.0573,7.7971,1,23992695.62,7571406.71,3.7361,333231.88,data\ibm_graphs\IBM_NEG_0238.graphml
IBM_NEG_0239,B3700_80096EAE0,0,1,2,2,2,1.0,0.0,4.0,0,1928.74,964.37,0.0278,26.79,data\ibm_graphs\IBM_NEG_0239.graphml
IBM_NEG_0240,B328655_813670EE0,0,1,2,2,2,1.0,0.0,4.0,0,231.98,115.99,0.0278,3.22,data\ibm_graphs\IBM_NEG_0240.graphml
IBM_NEG_0241,B339968_80EE34840,0,1,2,2,2,1.0,0.0,4.0,0,13606.08,6803.04,0.0278,188.97,data\ibm_graphs\IBM_NEG_0241.graphml
IBM_NEG_0242,B217950_80BA7F4B0,0,11,35,10,2,0.2,0.3182,6.3636,6,2509573.64,356446.42,0.4861,34855.19,data\ibm_graphs\IBM_NEG_0242.graphml
IBM_NEG_0243,B346919_8112B3030,0,1,2,2,2,1.0,0.0,4.0,0,139119.74,69559.87,0.0278,1932.22,data\ibm_graphs\IBM_NEG_0243.graphml
IBM_NEG_0244,B14838_805D67A10,0,1,2,2,2,1.0,0.0,4.0,0,1534.64,767.32,0.0278,21.31,data\ibm_graphs\IBM_NEG_0244.graphml
IBM_NEG_0245,B21749_8016962E0,0,1,2,2,2,1.0,0.0,4.0,0,20469.28,10234.64,0.0278,284.3,data\ibm_graphs\IBM_NEG_0245.graphml
IBM_NEG_0246,B8455_80A0056D0,0,3,12,2,6,3.0,2.0,8.0,0,10621.52,1772.39,0.1667,147.52,data\ibm_graphs\IBM_NEG_0246.graphml
IBM_NEG_0247,B19542_8080843D0,0,39,166,14,14,1.0,0.112,8.5128,16,51571070.59,23604370.15,2.3056,716264.87,data\ibm_graphs\IBM_NEG_0247.graphml
IBM_NEG_0248,B225622_813D61190,0,11,46,4,2,0.5,0.4182,8.3636,3,18424095.5,9339730.87,0.6389,255890.22,data\ibm_graphs\IBM_NEG_0248.graphml
IBM_NEG_0249,B347822_8117A6EC0,0,1,2,2,2,1.0,0.0,4.0,0,94056.84,47028.42,0.0278,1306.35,data\ibm_graphs\IBM_NEG_0249.graphml
IBM_NEG_0250,B36520_8085CAD30,0,1,2,2,2,1.0,0.0,4.0,0,5782.36,2891.18,0.0278,80.31,data\ibm_graphs\IBM_NEG_0250.graphml
IBM_NEG_0251,B16450_811967910,0,5,15,2,4,2.0,0.75,6.0,1,424646.19,186011.39,0.2083,5897.86,data\ibm_graphs\IBM_NEG_0251.graphml
IBM_NEG_0252,B1522_800E6E9C0,0,20,62,4,6,1.5,0.1632,6.2,3,15564646.2,4528941.86,0.8611,216175.64,data\ibm_graphs\IBM_NEG_0252.graphml
IBM_NEG_0253,B13327_801796520,0,1,4,4,4,1.0,0.0,8.0,0,3750.66,1862.09,0.0556,52.09,data\ibm_graphs\IBM_NEG_0253.graphml
IBM_NEG_0254,B26624_806382120,0,1,2,2,2,1.0,0.0,4.0,0,29958.36,14979.18,0.0278,416.09,data\ibm_graphs\IBM_NEG_0254.graphml
IBM_NEG_0255,B36557_8035BA610,1,1069,2207,0,2,2.0,0.0019,4.1291,1054,3550613402.47,679797968.71,30.6528,49314075.03,data\ibm_graphs\IBM_NEG_0255.graphml
IBM_NEG_0256,B120292_808799E90,0,27,103,14,2,0.1429,0.1467,7.6296,11,16247163.6,7241306.95,1.4306,225655.05,data\ibm_graphs\IBM_NEG_0256.graphml
IBM_NEG_0257,B153502_8147A1A51,0,2,8,6,4,0.6667,4.0,8.0,0,38.52,14.75,0.1111,0.54,data\ibm_graphs\IBM_NEG_0257.graphml
IBM_NEG_0258,B14549_80B3FA830,1,9614,20069,12,10,0.8333,0.0002,4.175,9592,12658407597.39,1615849280.83,278.7361,175811216.63,data\ibm_graphs\IBM_NEG_0258.graphml
IBM_NEG_0259,B113685_80F2A6320,0,1,2,2,2,1.0,0.0,4.0,0,122774.54,61387.27,0.0278,1705.2,data\ibm_graphs\IBM_NEG_0259.graphml
IBM_NEG_0260,B120292_808AC4660,0,5,20,4,2,0.5,1.0,8.0,2,49018.39,18033.22,0.2778,680.81,data\ibm_graphs\IBM_NEG_0260.graphml
IBM_NEG_0261,B15_804240B20,0,1,4,4,4,1.0,0.0,8.0,0,1092786.64,544085.85,0.0556,15177.59,data\ibm_graphs\IBM_NEG_0261.graphml
IBM_NEG_0262,B3514_802004260,0,1,2,2,2,1.0,0.0,4.0,0,20.98,10.49,0.0278,0.29,data\ibm_graphs\IBM_NEG_0262.graphml
IBM_NEG_0263,B323442_80E4B56C0,0,2,4,0,2,2.0,2.0,4.0,0,1063.6,516.5,0.0556,14.77,data\ibm_graphs\IBM_NEG_0263.graphml
IBM_NEG_0264,B21_80449CCB0,0,15,44,10,4,0.4,0.2095,5.8667,7,69005990.2,17204477.0,0.6111,958416.53,data\ibm_graphs\IBM_NEG_0264.graphml
IBM_NEG_0265,B325067_8091D7120,0,1,2,2,2,1.0,0.0,4.0,0,16397.3,8198.65,0.0278,227.74,data\ibm_graphs\IBM_NEG_0265.graphml
IBM_NEG_0266,B315246_8058CC570,0,4,8,0,2,2.0,0.6667,4.0,1,89924.89,40236.37,0.1111,1248.96,data\ibm_graphs\IBM_NEG_0266.graphml
IBM_NEG_0267,B31152_801650C60,0,1,2,2,2,1.0,0.0,4.0,0,41898.0,20949.0,0.0278,581.92,data\ibm_graphs\IBM_NEG_0267.graphml
IBM_NEG_0268,B53744_813D2E3C1,0,7,29,8,8,1.0,0.6905,8.2857,2,85.37,36.13,0.4028,1.19,data\ibm_graphs\IBM_NEG_0268.graphml
IBM_NEG_0269,B17174_80B9D2850,1,5846,12000,6,2,0.3333,0.0004,4.1054,5835,7277609273.45,825807854.75,166.6667,101077906.58,data\ibm_graphs\IBM_NEG_0269.graphml
IBM_NEG_0270,B220_80D36EF20,0,79,314,2,4,2.0,0.051,7.9494,2,73928440.78,34681972.92,4.3611,1026783.9,data\ibm_graphs\IBM_NEG_0270.graphml
IBM_NEG_0271,B2385_802448320,0,9,28,6,2,0.3333,0.3889,6.2222,2,3129576.89,1233407.85,0.3889,43466.35,data\ibm_graphs\IBM_NEG_0271.graphml
IBM_NEG_0272,B9_807139E40,1,797,1650,2,4,2.0,0.0026,4.1405,776,24352593672.48,4028473479.26,22.9167,338230467.67,data\ibm_graphs\IBM_NEG_0272.graphml
IBM_NEG_0273,B12719_801A0CC10,0,1,4,4,4,1.0,0.0,8.0,0,144.7,67.67,0.0556,2.01,data\ibm_graphs\IBM_NEG_0273.graphml
IBM_NEG_0274,B10_80655E120,0,6,26,0,10,10.0,0.8667,8.6667,1,797067749.8,395067952.97,0.3611,11070385.41,data\ibm_graphs\IBM_NEG_0274.graphml
IBM_NEG_0275,B28183_811636980,0,71,265,4,6,1.5,0.0533,7.4648,4,28238930.74,12765251.78,3.6806,392207.37,data\ibm_graphs\IBM_NEG_0275.graphml
IBM_NEG_0276,B3051_8070CD280,0,12,50,4,12,3.0,0.3788,8.3333,3,107348425.09,77772932.24,0.6944,1490950.35,data\ibm_graphs\IBM_NEG_0276.graphml
IBM_NEG_0277,B18549_8045D5110,0,1,2,2,2,1.0,0.0,4.0,0,1016.9,508.45,0.0278,14.12,data\ibm_graphs\IBM_NEG_0277.graphml
IBM_NEG_0278,B122352_811A915D0,0,1,2,2,2,1.0,0.0,4.0,0,35.06,17.53,0.0278,0.49,data\ibm_graphs\IBM_NEG_0278.graphml
IBM_NEG_0279,B54879_814621991,0,1,4,4,4,1.0,0.0,8.0,0,0.43,0.21,0.0556,0.01,data\ibm_graphs\IBM_NEG_0279.graphml
IBM_NEG_0280,B221765_8082A7500,0,22,67,4,4,1.0,0.145,6.0909,9,28612496.5,24662202.0,0.9306,397395.78,data\ibm_graphs\IBM_NEG_0280.graphml
IBM_NEG_0281,B39556_80FA8B690,0,1,2,2,2,1.0,0.0,4.0,0,5220.4,2610.2,0.0278,72.51,data\ibm_graphs\IBM_NEG_0281.graphml
IBM_NEG_0282,B16163_80DED2150,0,11,53,6,4,0.6667,0.4818,9.6364,6,112755190.14,42669188.78,0.7361,1566044.31,data\ibm_graphs\IBM_NEG_0282.graphml
IBM_NEG_0283,B3445_801B403D0,0,1,2,2,2,1.0,0.0,4.0,0,45958.96,22979.48,0.0278,638.32,data\ibm_graphs\IBM_NEG_0283.graphml
IBM_NEG_0284,B1547_802D21870,0,19,80,8,4,0.5,0.2339,8.4211,8,14576078.76,4411008.43,1.1111,202445.54,data\ibm_graphs\IBM_NEG_0284.graphml
IBM_NEG_0285,B14_80FD275C0,0,6,32,2,8,4.0,1.0667,10.6667,0,5688475.6,1597568.4,0.4444,79006.61,data\ibm_graphs\IBM_NEG_0285.graphml
IBM_NEG_0286,B10_80AE753B0,0,1,4,4,4,1.0,0.0,8.0,0,8033361.7,4016657.59,0.0556,111574.47,data\ibm_graphs\IBM_NEG_0286.graphml
IBM_NEG_0287,B212818_804B316C0,0,1,2,2,2,1.0,0.0,4.0,0,105279.44,52639.72,0.0278,1462.21,data\ibm_graphs\IBM_NEG_0287.graphml
IBM_NEG_0288,B121_811BE5240,1,495,1037,10,2,0.2,0.0042,4.1899,480,938327577.86,516342138.42,14.4028,13032327.47,data\ibm_graphs\IBM_NEG_0288.graphml
IBM_NEG_0289,B3045_8012F9640,0,2,8,4,8,2.0,4.0,8.0,1,13483.92,3462.74,0.1111,187.28,data\ibm_graphs\IBM_NEG_0289.graphml
IBM_NEG_0290,B8539_80D354ED0,0,1,2,2,2,1.0,0.0,4.0,0,129.68,64.84,0.0278,1.8,data\ibm_graphs\IBM_NEG_0290.graphml
IBM_NEG_0291,B26624_807244130,0,2,6,6,4,0.6667,3.0,6.0,0,17347.24,7354.92,0.0833,240.93,data\ibm_graphs\IBM_NEG_0291.graphml
IBM_NEG_0292,B134263_80CB6B880,0,7,28,2,2,1.0,0.6667,8.0,1,22136006.32,5411933.18,0.3889,307444.53,data\ibm_graphs\IBM_NEG_0292.graphml
IBM_NEG_0293,B131086_80C657A00,0,4,20,8,2,0.25,1.6667,10.0,0,12346341.88,3536074.69,0.2778,171476.97,data\ibm_graphs\IBM_NEG_0293.graphml
IBM_NEG_0294,B9328_80E802F40,0,19,68,10,2,0.2,0.1988,7.1579,7,60379232.25,22349601.75,0.9444,838600.45,data\ibm_graphs\IBM_NEG_0294.graphml
IBM_NEG_0295,B245668_811805760,0,22,74,6,2,0.3333,0.1602,6.7273,9,9995074.8,2655498.08,1.0278,138820.48,data\ibm_graphs\IBM_NEG_0295.graphml
IBM_NEG_0296,B154887_8146115E1,0,1,2,2,2,1.0,0.0,4.0,0,0.0,0.0,0.0278,0.0,data\ibm_graphs\IBM_NEG_0296.graphml
IBM_NEG_0297,B343650_811844270,0,2,2,0,2,2.0,1.0,2.0,1,6851.4,3425.7,0.0278,95.16,data\ibm_graphs\IBM_NEG_0297.graphml
IBM_NEG_0298,B240229_80FD13E50,0,1,2,2,2,1.0,0.0,4.0,0,8863.36,4431.68,0.0278,123.1,data\ibm_graphs\IBM_NEG_0298.graphml
IBM_NEG_0299,B329062_80A940A20,0,1,2,2,2,1.0,0.0,4.0,0,36142.16,18071.08,0.0278,501.97,data\ibm_graphs\IBM_NEG_0299.graphml
IBM_NEG_0300,B124_813426D81,0,9,50,4,10,2.5,0.6944,11.1111,3,354.0,118.61,0.6944,4.92,data\ibm_graphs\IBM_NEG_0300.graphml
IBM_NEG_0301,B213580_8133F3930,0,9,33,10,2,0.2,0.4583,7.3333,1,4124685.66,1468912.61,0.4583,57287.3,data\ibm_graphs\IBM_NEG_0301.graphml
IBM_NEG_0302,B154477_814564171,1,1541,6673,6,2,0.3333,0.0028,8.6606,550,152619.17,16096.79,92.6806,2119.71,data\ibm_graphs\IBM_NEG_0302.graphml
IBM_NEG_0303,B2991_808611BC0,0,1,2,2,2,1.0,0.0,4.0,0,818863.34,409431.67,0.0278,11373.1,data\ibm_graphs\IBM_NEG_0303.graphml
IBM_NEG_0304,B113865_80E7A0880,0,1,2,2,2,1.0,0.0,4.0,0,20.72,10.36,0.0278,0.29,data\ibm_graphs\IBM_NEG_0304.graphml
IBM_NEG_0305,B10404_80BCDD0D0,0,1,2,2,2,1.0,0.0,4.0,0,3982.6,1991.3,0.0278,55.31,data\ibm_graphs\IBM_NEG_0305.graphml
IBM_NEG_0306,B26_80829E920,0,32,126,14,6,0.4286,0.127,7.875,14,440454758.61,91026008.87,1.75,6117427.2,data\ibm_graphs\IBM_NEG_0306.graphml
IBM_NEG_0307,B323445_8088CF980,0,1,2,2,2,1.0,0.0,4.0,0,45343.56,22671.78,0.0278,629.77,data\ibm_graphs\IBM_NEG_0307.graphml
IBM_NEG_0308,B15625_809BF2240,0,12,48,10,4,0.4,0.3636,8.0,5,1657014.59,396978.0,0.6667,23014.09,data\ibm_graphs\IBM_NEG_0308.graphml
IBM_NEG_0309,B13345_80B9DC120,0,9,37,6,8,1.3333,0.5139,8.2222,2,794178.15,104183.04,0.5139,11030.25,data\ibm_graphs\IBM_NEG_0309.graphml
IBM_NEG_0310,B5627_803915880,0,13,67,6,18,3.0,0.4295,10.3077,2,1670051421.68,785796775.0,0.9306,23195158.63,data\ibm_graphs\IBM_NEG_0310.graphml
IBM_NEG_0311,B45279_810CE8A10,0,4,14,10,4,0.4,1.1667,7.0,0,7580241.52,3523558.23,0.1944,105281.13,data\ibm_graphs\IBM_NEG_0311.graphml
IBM_NEG_0312,B132722_810499260,0,1,2,2,2,1.0,0.0,4.0,0,116985.28,58492.64,0.0278,1624.8,data\ibm_graphs\IBM_NEG_0312.graphml
IBM_NEG_0313,B17321_803BA0390,0,14,45,6,2,0.3333,0.2473,6.4286,7,753619.9,245385.0,0.625,10466.94,data\ibm_graphs\IBM_NEG_0313.graphml
IBM_NEG_0314,B210997_80C3DD910,0,11,31,10,4,0.4,0.2818,5.6364,1,6734974532.59,4504399824.42,0.4306,93541312.95,data\ibm_graphs\IBM_NEG_0314.graphml
IBM_NEG_0315,B19818_80A474360,0,1,4,4,4,1.0,0.0,8.0,0,553.28,149.7,0.0556,7.68,data\ibm_graphs\IBM_NEG_0315.graphml
IBM_NEG_0316,B10581_80462FD00,0,1,2,2,2,1.0,0.0,4.0,0,74605.28,37302.64,0.0278,1036.18,data\ibm_graphs\IBM_NEG_0316.graphml
IBM_NEG_0317,B16_804AC9C60,0,2,12,4,8,2.0,6.0,12.0,0,2779126.12,844310.87,0.1667,38598.97,data\ibm_graphs\IBM_NEG_0317.graphml
IBM_NEG_0318,B341931_80FA599F0,0,1,2,2,2,1.0,0.0,4.0,0,1195.04,597.52,0.0278,16.6,data\ibm_graphs\IBM_NEG_0318.graphml
IBM_NEG_0319,B513_8069F03A0,0,6,26,10,14,1.4,0.8667,8.6667,0,25559584.1,2728014.45,0.3611,354994.22,data\ibm_graphs\IBM_NEG_0319.graphml
IBM_NEG_0320,B15_80A73A1C0,0,1,2,2,2,1.0,0.0,4.0,0,63.04,31.52,0.0278,0.88,data\ibm_graphs\IBM_NEG_0320.graphml
IBM_NEG_0321,B11157_80D15BF80,1,9609,20030,6,10,1.6667,0.0002,4.169,9593,12660214323.09,1615849280.83,278.1944,175836310.04,data\ibm_graphs\IBM_NEG_0321.graphml
IBM_NEG_0322,B6075_80D2F4810,0,1,2,2,2,1.0,0.0,4.0,0,34096.44,17048.22,0.0278,473.56,data\ibm_graphs\IBM_NEG_0322.graphml
IBM_NEG_0323,B4242_812CCFA70,0,1,2,2,2,1.0,0.0,4.0,0,32.54,16.27,0.0278,0.45,data\ibm_graphs\IBM_NEG_0323.graphml
IBM_NEG_0324,B130864_813EF0CD0,0,18,48,8,2,0.25,0.1569,5.3333,7,22549264.34,10827856.0,0.6667,313184.23,data\ibm_graphs\IBM_NEG_0324.graphml
IBM_NEG_0325,B244723_81262EE10,0,12,47,4,6,1.5,0.3561,7.8333,0,3636399.51,1180749.68,0.6528,50505.55,data\ibm_graphs\IBM_NEG_0325.graphml
IBM_NEG_0326,B32564_80C9278E0,0,1,2,2,2,1.0,0.0,4.0,0,263076.22,131538.11,0.0278,3653.84,data\ibm_graphs\IBM_NEG_0326.graphml
IBM_NEG_0327,B45279_8113BA230,0,11,30,4,2,0.5,0.2727,5.4545,5,37088027.81,10983033.87,0.4167,515111.5,data\ibm_graphs\IBM_NEG_0327.graphml
IBM_NEG_0328,B10_80634CB30,0,10,41,8,10,1.25,0.4556,8.2,3,403954332.07,124939978.91,0.5694,5610476.83,data\ibm_graphs\IBM_NEG_0328.graphml
IBM_NEG_0329,B212_8076AF7F0,0,8,29,4,6,1.5,0.5179,7.25,3,9429967.5,4065805.65,0.4028,130971.77,data\ibm_graphs\IBM_NEG_0329.graphml
IBM_NEG_0330,B908_810F9A380,0,1,2,2,2,1.0,0.0,4.0,0,4520.06,2260.03,0.0278,62.78,data\ibm_graphs\IBM_NEG_0330.graphml
IBM_NEG_0331,B12004_802AF8130,0,1,2,2,2,1.0,0.0,4.0,0,12.24,6.12,0.0278,0.17,data\ibm_graphs\IBM_NEG_0331.graphml
IBM_NEG_0332,B18097_8048A5EE0,0,3,6,6,2,0.3333,1.0,4.0,0,125634.04,62816.98,0.0833,1744.92,data\ibm_graphs\IBM_NEG_0332.graphml
IBM_NEG_0333,B113304_8059C14F0,0,17,69,8,8,1.0,0.2537,8.1176,5,450010157.09,112705237.84,0.9583,6250141.07,data\ibm_graphs\IBM_NEG_0333.graphml
IBM_NEG_0334,B23538_808BC4430,0,8,31,10,4,0.4,0.5536,7.75,3,5722689.56,1307417.27,0.4306,79481.8,data\ibm_graphs\IBM_NEG_0334.graphml
IBM_NEG_0335,B5464_80AF4C440,0,1,4,4,4,1.0,0.0,8.0,0,34540.52,17254.03,0.0556,479.73,data\ibm_graphs\IBM_NEG_0335.graphml
IBM_NEG_0336,B48309_811DF6C50,0,8,34,2,14,7.0,0.6071,8.5,3,13644283.26,4297731.0,0.4722,189503.93,data\ibm_graphs\IBM_NEG_0336.graphml
IBM_NEG_0337,B37782_8072E9EF0,0,1,2,2,2,1.0,0.0,4.0,0,82691.36,41345.68,0.0278,1148.49,data\ibm_graphs\IBM_NEG_0337.graphml
IBM_NEG_0338,B43818_810616A50,1,1005,2164,8,10,1.25,0.0021,4.3065,977,2853559131.59,1662786175.66,30.0556,39632765.72,data\ibm_graphs\IBM_NEG_0338.graphml
IBM_NEG_0339,B21575_80192BD10,0,4,26,6,6,1.0,2.1667,13.0,0,283989.02,135349.39,0.3611,3944.29,data\ibm_graphs\IBM_NEG_0339.graphml
IBM_NEG_0340,B153706_813DA9E11,1,763,1575,6,6,1.0,0.0027,4.1284,756,41189.4,13094.65,21.875,572.07,data\ibm_graphs\IBM_NEG_0340.graphml
IBM_NEG_0341,B10060_803AFD1E0,0,8,32,0,8,8.0,0.5714,8.0,2,107153746.53,27103097.3,0.4444,1488246.48,data\ibm_graphs\IBM_NEG_0341.graphml
IBM_NEG_0342,B116_80EB2B490,0,1,4,4,4,1.0,0.0,8.0,0,17756.54,8857.86,0.0556,246.62,data\ibm_graphs\IBM_NEG_0342.graphml
IBM_NEG_0343,B8595_80E355BA0,0,12,41,2,10,5.0,0.3106,6.8333,3,838916.96,165640.66,0.5694,11651.62,data\ibm_graphs\IBM_NEG_0343.graphml
IBM_NEG_0344,B44866_8114F0060,0,1,4,4,4,1.0,0.0,8.0,0,8648.34,4288.92,0.0556,120.12,data\ibm_graphs\IBM_NEG_0344.graphml
IBM_NEG_0345,B23833_802438510,0,1,2,2,2,1.0,0.0,4.0,0,6.4,3.2,0.0278,0.09,data\ibm_graphs\IBM_NEG_0345.graphml
IBM_NEG_0346,B34692_814858DB0,0,1,2,2,2,1.0,0.0,4.0,0,182268.94,91134.47,0.0278,2531.51,data\ibm_graphs\IBM_NEG_0346.graphml
IBM_NEG_0347,B126107_809D81970,0,13,39,2,2,1.0,0.25,6.0,2,1059786.76,142240.0,0.5417,14719.26,data\ibm_graphs\IBM_NEG_0347.graphml
IBM_NEG_0348,B150363_8138C5140,0,1,4,4,4,1.0,0.0,8.0,0,5822.38,2890.39,0.0556,80.87,data\ibm_graphs\IBM_NEG_0348.graphml
IBM_NEG_0349,B36721_80632ABE0,0,1,2,2,2,1.0,0.0,4.0,0,2765.1,1382.55,0.0278,38.4,data\ibm_graphs\IBM_NEG_0349.graphml
IBM_NEG_0350,B18617_80C1411E0,0,37,120,12,6,0.5,0.0901,6.4865,19,17074098.79,1455865.19,1.6667,237140.26,data\ibm_graphs\IBM_NEG_0350.graphml
IBM_NEG_0351,B111491_80D54E120,0,11,43,10,18,1.8,0.3909,7.8182,6,19474840.54,2832667.85,0.5972,270483.9,data\ibm_graphs\IBM_NEG_0351.graphml
IBM_NEG_0352,B240229_80EDFA7B0,0,1,2,2,2,1.0,0.0,4.0,0,58.38,29.19,0.0278,0.81,data\ibm_graphs\IBM_NEG_0352.graphml
IBM_NEG_0353,B346334_811006EB0,0,1,2,2,2,1.0,0.0,4.0,0,33.98,16.99,0.0278,0.47,data\ibm_graphs\IBM_NEG_0353.graphml
IBM_NEG_0354,B16_8054010D0,0,46,149,8,2,0.25,0.072,6.4783,23,250989295.75,26516115.0,2.0694,3485962.44,data\ibm_graphs\IBM_NEG_0354.graphml
IBM_NEG_0355,B29089_80DE54330,0,1,4,4,4,1.0,0.0,8.0,0,13489.82,6734.23,0.0556,187.36,data\ibm_graphs\IBM_NEG_0355.graphml
IBM_NEG_0356,B21940_8082F2990,1,21532,91229,8,6,0.75,0.0002,8.4738,8508,85618749457.51,6864834129.45,1267.0694,1189149298.02,data\ibm_graphs\IBM_NEG_0356.graphml
IBM_NEG_0357,B12_80BBC4A10,0,3,20,6,2,0.3333,3.3333,13.3333,0,3720861.54,659522.38,0.2778,51678.63,data\ibm_graphs\IBM_NEG_0357.graphml
IBM_NEG_0358,B317528_8065BA610,0,1,2,2,2,1.0,0.0,4.0,0,882694.28,441347.14,0.0278,12259.64,data\ibm_graphs\IBM_NEG_0358.graphml
IBM_NEG_0359,B1420_811E14980,0,32,116,10,2,0.2,0.1169,7.25,17,31199707.39,11288915.4,1.6111,433329.27,data\ibm_graphs\IBM_NEG_0359.graphml
IBM_NEG_0360,B320249_80DEF29B0,0,1,2,2,2,1.0,0.0,4.0,0,16545.12,8272.56,0.0278,229.79,data\ibm_graphs\IBM_NEG_0360.graphml
IBM_NEG_0361,B10_80344B9B0,0,20,77,6,16,2.6667,0.2026,7.7,8,6122931.54,2275831.64,1.0694,85040.72,data\ibm_graphs\IBM_NEG_0361.graphml
IBM_NEG_0362,B326404_8114BBDE0,0,2,6,0,2,2.0,3.0,6.0,0,10781.1,4550.71,0.0833,149.74,data\ibm_graphs\IBM_NEG_0362.graphml
IBM_NEG_0363,B1674_809B0C970,0,27,90,6,6,1.0,0.1282,6.6667,15,1960447.93,318734.77,1.25,27228.44,data\ibm_graphs\IBM_NEG_0363.graphml
IBM_NEG_0364,B14387_812FB8DA0,0,9,21,4,2,0.5,0.2917,4.6667,3,410262.58,108400.86,0.2917,5698.09,data\ibm_graphs\IBM_NEG_0364.graphml
IBM_NEG_0365,B18067_80467E970,1,1080,2229,14,6,0.4286,0.0019,4.1278,1060,3552231223.09,679797968.71,30.9583,49336544.77,data\ibm_graphs\IBM_NEG_0365.graphml
IBM_NEG_0366,B119880_80798CDD0,0,13,50,2,4,2.0,0.3205,7.6923,0,1821573.21,322073.24,0.6944,25299.63,data\ibm_graphs\IBM_NEG_0366.graphml
IBM_NEG_0367,B116425_80615A1B0,0,39,98,6,4,0.6667,0.0661,5.0256,25,2799345956.78,910900713.56,1.3611,38879804.96,data\ibm_graphs\IBM_NEG_0367.graphml
IBM_NEG_0368,B18180_813BB3170,0,2,4,4,2,0.5,2.0,4.0,0,11455.22,5713.3,0.0556,159.1,data\ibm_graphs\IBM_NEG_0368.graphml
IBM_NEG_0369,B218438_8108622B0,0,4,18,10,2,0.2,1.5,9.0,0,5226038.76,1541308.26,0.25,72583.87,data\ibm_graphs\IBM_NEG_0369.graphml
IBM_NEG_0370,B13157_8054CFEA0,0,1,4,4,4,1.0,0.0,8.0,0,7425431.58,3711761.55,0.0556,103130.99,data\ibm_graphs\IBM_NEG_0370.graphml
IBM_NEG_0371,B24482_804393980,0,1,4,4,4,1.0,0.0,8.0,0,10175.72,5075.7,0.0556,141.33,data\ibm_graphs\IBM_NEG_0371.graphml
IBM_NEG_0372,B354506_814052F01,0,1,2,2,2,1.0,0.0,4.0,0,1.29,0.65,0.0278,0.02,data\ibm_graphs\IBM_NEG_0372.graphml
IBM_NEG_0373,B34272_8068DC110,0,1,2,2,2,1.0,0.0,4.0,0,48368.9,24184.45,0.0278,671.79,data\ibm_graphs\IBM_NEG_0373.graphml
IBM_NEG_0374,B118_80DD93A20,1,1233,2614,12,12,1.0,0.0017,4.2401,1210,1368704060.4,596086808.63,36.3056,19009778.62,data\ibm_graphs\IBM_NEG_0374.graphml
IBM_NEG_0375,B4_8071AFD60,0,26,85,8,4,0.5,0.1308,6.5385,15,497585171.75,122074553.78,1.1806,6910905.16,data\ibm_graphs\IBM_NEG_0375.graphml
IBM_NEG_0376,B33873_8016B90B0,0,1,2,2,2,1.0,0.0,4.0,0,11600.16,5800.08,0.0278,161.11,data\ibm_graphs\IBM_NEG_0376.graphml
IBM_NEG_0377,B212_8083945B0,0,26,114,4,6,1.5,0.1754,8.7692,1,871022.5,328577.0,1.5833,12097.53,data\ibm_graphs\IBM_NEG_0377.graphml
IBM_NEG_0378,B1292_8003305E0,0,1,2,2,2,1.0,0.0,4.0,0,33.28,16.64,0.0278,0.46,data\ibm_graphs\IBM_NEG_0378.graphml
IBM_NEG_0379,B40653_80F535400,0,8,27,6,6,1.0,0.4821,6.75,2,7311934.45,3751007.32,0.375,101554.65,data\ibm_graphs\IBM_NEG_0379.graphml
IBM_NEG_0380,B251369_8131DB380,0,1,4,4,4,1.0,0.0,8.0,0,54226.14,27103.36,0.0556,753.14,data\ibm_graphs\IBM_NEG_0380.graphml
IBM_NEG_0381,B328222_80BD36F00,0,1,2,2,2,1.0,0.0,4.0,0,12305.8,6152.9,0.0278,170.91,data\ibm_graphs\IBM_NEG_0381.graphml
IBM_NEG_0382,B122055_809900320,0,1,2,2,2,1.0,0.0,4.0,0,48.84,24.42,0.0278,0.68,data\ibm_graphs\IBM_NEG_0382.graphml
IBM_NEG_0383,B19329_8085AA8C0,0,2,4,2,4,2.0,2.0,4.0,1,9489.06,4493.12,0.0556,131.79,data\ibm_graphs\IBM_NEG_0383.graphml
IBM_NEG_0384,B214322_807939360,0,1,2,2,2,1.0,0.0,4.0,0,18795.36,9397.68,0.0278,261.05,data\ibm_graphs\IBM_NEG_0384.graphml
IBM_NEG_0385,B32059_813EE39D0,0,1,2,2,2,1.0,0.0,4.0,0,20.76,10.38,0.0278,0.29,data\ibm_graphs\IBM_NEG_0385.graphml
IBM_NEG_0386,B34183_80E77E4B0,0,1,2,2,2,1.0,0.0,4.0,0,40.76,20.38,0.0278,0.57,data\ibm_graphs\IBM_NEG_0386.graphml
IBM_NEG_0387,B23_800528E10,0,1,2,2,2,1.0,0.0,4.0,0,3120.1,1560.05,0.0278,43.33,data\ibm_graphs\IBM_NEG_0387.graphml
IBM_NEG_0388,B32438_801E610F0,0,1,2,2,2,1.0,0.0,4.0,0,12757.12,6378.56,0.0278,177.18,data\ibm_graphs\IBM_NEG_0388.graphml
IBM_NEG_0389,B27288_80DD507A0,1,5846,12010,10,4,0.4,0.0004,4.1088,5835,7276744325.39,825807854.75,166.8056,101065893.41,data\ibm_graphs\IBM_NEG_0389.graphml
IBM_NEG_0390,B18549_80DE94DB0,1,9608,20026,2,2,1.0,0.0002,4.1686,9591,12655129480.97,1615849280.83,278.1389,175765687.24,data\ibm_graphs\IBM_NEG_0390.graphml
IBM_NEG_0391,B214_80927DC10,0,17,85,10,14,1.4,0.3125,10.0,4,2089526.81,338157.85,1.1806,29021.21,data\ibm_graphs\IBM_NEG_0391.graphml
IBM_NEG_0392,B114590_8057A1EA0,0,1,2,2,2,1.0,0.0,4.0,0,22354.14,11177.07,0.0278,310.47,data\ibm_graphs\IBM_NEG_0392.graphml
IBM_NEG_0393,B111491_804836BB0,0,1,4,4,4,1.0,0.0,8.0,0,5563.76,2760.83,0.0556,77.27,data\ibm_graphs\IBM_NEG_0393.graphml
IBM_NEG_0394,B13327_8086BF820,1,21539,91248,10,2,0.2,0.0002,8.4728,8514,85618736675.63,6864834129.45,1267.3333,1189149120.49,data\ibm_graphs\IBM_NEG_0394.graphml
IBM_NEG_0395,B230744_81205C330,1,968,1996,8,4,0.5,0.0021,4.124,963,1283461925.13,434419119.83,27.7222,17825860.07,data\ibm_graphs\IBM_NEG_0395.graphml
IBM_NEG_0396,B10_811778430,0,1,4,4,4,1.0,0.0,8.0,0,212.48,96.3,0.0556,2.95,data\ibm_graphs\IBM_NEG_0396.graphml
IBM_NEG_0397,B11056_8010430F0,0,13,54,14,4,0.2857,0.3462,8.3077,5,2272279.77,565147.36,0.75,31559.44,data\ibm_graphs\IBM_NEG_0397.graphml
IBM_NEG_0398,B310497_80C3B0980,0,2,4,0,2,2.0,2.0,4.0,0,1410171.62,705078.53,0.0556,19585.72,data\ibm_graphs\IBM_NEG_0398.graphml
IBM_NEG_0399,B217_80FD33210,0,2,4,4,2,0.5,2.0,4.0,0,388528.54,185250.76,0.0556,5396.23,data\ibm_graphs\IBM_NEG_0399.graphml
IBM_NEG_0400,B39820_8039C8AE0,0,8,21,0,2,2.0,0.375,5.25,4,4016525855.32,2829835586.78,0.2917,55785081.32,data\ibm_graphs\IBM_NEG_0400.graphml
IBM_NEG_0401,B28_80A27BA90,0,12,47,6,2,0.3333,0.3561,7.8333,4,1843043.53,669774.81,0.6528,25597.83,data\ibm_graphs\IBM_NEG_0401.graphml
IBM_NEG_0402,B2467_81255CE20,0,1,2,2,2,1.0,0.0,4.0,0,21.72,10.86,0.0278,0.3,data\ibm_graphs\IBM_NEG_0402.graphml
IBM_NEG_0403,B135104_80D5C9120,0,1,4,4,4,1.0,0.0,8.0,0,2488439.26,1244082.16,0.0556,34561.66,data\ibm_graphs\IBM_NEG_0403.graphml
IBM_NEG_0404,B33539_80180FD10,0,1,2,2,2,1.0,0.0,4.0,0,96.22,48.11,0.0278,1.34,data\ibm_graphs\IBM_NEG_0404.graphml
IBM_NEG_0405,B33624_80B6048A0,0,1,2,2,2,1.0,0.0,4.0,0,4090.92,2045.46,0.0278,56.82,data\ibm_graphs\IBM_NEG_0405.graphml
IBM_NEG_0406,B134117_80CA1FF10,0,8,41,8,2,0.25,0.7321,10.25,4,26241372.76,10273840.05,0.5694,364463.51,data\ibm_graphs\IBM_NEG_0406.graphml
IBM_NEG_0407,B20898_80988CC90,0,1,4,4,4,1.0,0.0,8.0,0,12414484.82,6207230.22,0.0556,172423.4,data\ibm_graphs\IBM_NEG_0407.graphml
IBM_NEG_0408,B33766_8068FA710,0,2,4,0,2,2.0,2.0,4.0,0,6710.32,3267.73,0.0556,93.2,data\ibm_graphs\IBM_NEG_0408.graphml
IBM_NEG_0409,B22758_801C619B0,0,4,15,2,4,2.0,1.25,7.5,0,6408174.63,2515199.36,0.2083,89002.43,data\ibm_graphs\IBM_NEG_0409.graphml
IBM_NEG_0410,B7_807685320,0,1,4,4,4,1.0,0.0,8.0,0,24976659.44,12488319.43,0.0556,346898.05,data\ibm_graphs\IBM_NEG_0410.graphml
IBM_NEG_0411,B4766_80A391D10,0,22,90,8,12,1.5,0.1948,8.1818,10,6968873.4,3869385.45,1.25,96789.91,data\ibm_graphs\IBM_NEG_0411.graphml
IBM_NEG_0412,B34215_80C9DF190,0,555,1132,10,2,0.2,0.0037,4.0793,543,12618668577.03,5862450542.14,15.7222,175259285.79,data\ibm_graphs\IBM_NEG_0412.graphml
IBM_NEG_0413,B16031_80FE79D40,0,7,25,4,6,1.5,0.5952,7.1429,1,2874718.99,1253634.52,0.3472,39926.65,data\ibm_graphs\IBM_NEG_0413.graphml
IBM_NEG_0414,B37089_80A677050,0,1,2,2,2,1.0,0.0,4.0,0,12078.82,6039.41,0.0278,167.76,data\ibm_graphs\IBM_NEG_0414.graphml
IBM_NEG_0415,B13037_8021DB810,1,9604,19995,2,4,2.0,0.0002,4.1639,9590,12655204498.38,1615849280.83,277.7083,175766729.14,data\ibm_graphs\IBM_NEG_0415.graphml
IBM_NEG_0416,B137218_80E868EB0,1,1200,2523,14,10,0.7143,0.0018,4.205,1185,1369523742.4,596086808.63,35.0417,19021163.09,data\ibm_graphs\IBM_NEG_0416.graphml
IBM_NEG_0417,B15_80ADBBCE0,0,4,24,4,8,2.0,2.0,12.0,0,354980.24,168599.45,0.3333,4930.28,data\ibm_graphs\IBM_NEG_0417.graphml
IBM_NEG_0418,B45862_81361BF00,0,1,2,2,2,1.0,0.0,4.0,0,33398.94,16699.47,0.0278,463.87,data\ibm_graphs\IBM_NEG_0418.graphml
IBM_NEG_0419,B5365_802DCF3E0,1,5851,12028,0,8,8.0,0.0004,4.1114,5838,7279255897.89,825807854.75,167.0556,101100776.36,data\ibm_graphs\IBM_NEG_0419.graphml
IBM_NEG_0420,B338640_80E5C5190,0,1,2,2,2,1.0,0.0,4.0,0,12238.02,6119.01,0.0278,169.97,data\ibm_graphs\IBM_NEG_0420.graphml
IBM_NEG_0421,B27755_80A9D2D20,0,1,2,2,2,1.0,0.0,4.0,0,2923.74,1461.87,0.0278,40.61,data\ibm_graphs\IBM_NEG_0421.graphml
IBM_NEG_0422,B111425_8087E89F0,0,2,6,0,4,4.0,3.0,6.0,0,1628.52,704.62,0.0833,22.62,data\ibm_graphs\IBM_NEG_0422.graphml
IBM_NEG_0423,B15231_80D480CA0,0,11,45,2,6,3.0,0.4091,8.1818,1,2843451.5,1052986.0,0.625,39492.38,data\ibm_graphs\IBM_NEG_0423.graphml
IBM_NEG_0424,B7042_80B29DD70,0,14,54,8,4,0.5,0.2967,7.7143,5,5958975.63,2492626.13,0.75,82763.55,data\ibm_graphs\IBM_NEG_0424.graphml
IBM_NEG_0425,B26463_80DEFFF00,1,12797,54214,4,2,0.5,0.0003,8.4729,4999,29716797337.51,825807854.75,752.9722,412733296.35,data\ibm_graphs\IBM_NEG_0425.graphml
IBM_NEG_0426,B39678_80EACB9E0,0,1,2,2,2,1.0,0.0,4.0,0,170002.62,85001.31,0.0278,2361.15,data\ibm_graphs\IBM_NEG_0426.graphml
IBM_NEG_0427,B10709_807B9DA40,0,86,317,2,4,2.0,0.0434,7.3721,6,65777096.72,26910801.18,4.4028,913570.79,data\ibm_graphs\IBM_NEG_0427.graphml
IBM_NEG_0428,B20226_811998020,0,1,2,2,2,1.0,0.0,4.0,0,42.62,21.31,0.0278,0.59,data\ibm_graphs\IBM_NEG_0428.graphml
IBM_NEG_0429,B218783_8074C7390,0,1,4,4,4,1.0,0.0,8.0,0,334496.68,165362.54,0.0556,4645.79,data\ibm_graphs\IBM_NEG_0429.graphml
IBM_NEG_0430,B116843_8063A10E0,0,12,48,2,8,4.0,0.3636,8.0,3,736664664.29,340247279.13,0.6667,10231453.67,data\ibm_graphs\IBM_NEG_0430.graphml
IBM_NEG_0431,B2439_80324DC10,0,1,2,2,2,1.0,0.0,4.0,0,16443.48,8221.74,0.0278,228.38,data\ibm_graphs\IBM_NEG_0431.graphml
IBM_NEG_0432,B48526_811D7C6A0,0,2,8,2,6,3.0,4.0,8.0,0,871062.06,327082.08,0.1111,12098.08,data\ibm_graphs\IBM_NEG_0432.graphml
IBM_NEG_0433,B320399_8076CCD70,0,1,2,2,2,1.0,0.0,4.0,0,15119.66,7559.83,0.0278,210.0,data\ibm_graphs\IBM_NEG_0433.graphml
IBM_NEG_0434,B21813_811A31180,0,1,2,2,2,1.0,0.0,4.0,0,1577734.48,788867.24,0.0278,21912.98,data\ibm_graphs\IBM_NEG_0434.graphml
IBM_NEG_0435,B122545_80A8812A0,0,1,2,2,2,1.0,0.0,4.0,0,88.32,44.16,0.0278,1.23,data\ibm_graphs\IBM_NEG_0435.graphml
IBM_NEG_0436,B34266_813118800,0,1,2,2,2,1.0,0.0,4.0,0,758.12,379.06,0.0278,10.53,data\ibm_graphs\IBM_NEG_0436.graphml
IBM_NEG_0437,B17400_80C548680,0,21,89,14,4,0.2857,0.2119,8.4762,8,4991207.57,716372.9,1.2361,69322.33,data\ibm_graphs\IBM_NEG_0437.graphml
IBM_NEG_0438,B339573_80EADBF00,0,1,2,2,2,1.0,0.0,4.0,0,9123.16,4561.58,0.0278,126.71,data\ibm_graphs\IBM_NEG_0438.graphml
IBM_NEG_0439,B15747_80F95BC50,0,1,2,2,2,1.0,0.0,4.0,0,2206.1,1103.05,0.0278,30.64,data\ibm_graphs\IBM_NEG_0439.graphml
IBM_NEG_0440,B243614_8109B5130,0,1,2,2,2,1.0,0.0,4.0,0,105.9,52.95,0.0278,1.47,data\ibm_graphs\IBM_NEG_0440.graphml
IBM_NEG_0441,B119880_8147FDB90,0,1,2,2,2,1.0,0.0,4.0,0,157427.94,78713.97,0.0278,2186.5,data\ibm_graphs\IBM_NEG_0441.graphml
IBM_NEG_0442,B53744_8140DD571,0,1,4,4,4,1.0,0.0,8.0,0,15.94,7.97,0.0556,0.22,data\ibm_graphs\IBM_NEG_0442.graphml
IBM_NEG_0443,B33759_80CB26E70,0,1,4,4,4,1.0,0.0,8.0,0,17166503.18,8582972.4,0.0556,238423.66,data\ibm_graphs\IBM_NEG_0443.graphml
IBM_NEG_0444,B249118_812222040,0,22,73,10,2,0.2,0.158,6.6364,7,5349714.67,1048680.51,1.0139,74301.59,data\ibm_graphs\IBM_NEG_0444.graphml
IBM_NEG_0445,B248857_811C3EBF0,0,12,42,6,2,0.3333,0.3182,7.0,6,833153.58,199090.8,0.5833,11571.58,data\ibm_graphs\IBM_NEG_0445.graphml
IBM_NEG_0446,B138335_80E287E70,0,58,224,10,18,1.8,0.0678,7.7241,33,58825068.91,10194617.3,3.1111,817014.85,data\ibm_graphs\IBM_NEG_0446.graphml
IBM_NEG_0447,B21387_801349880,0,44,168,2,22,11.0,0.0888,7.6364,22,208103031.06,58155418.58,2.3333,2890319.88,data\ibm_graphs\IBM_NEG_0447.graphml
IBM_NEG_0448,B238387_811AF5F60,0,2,12,4,10,2.5,6.0,12.0,0,183693.14,72482.76,0.1667,2551.29,data\ibm_graphs\IBM_NEG_0448.graphml
IBM_NEG_0449,B19542_807606340,0,10,27,4,2,0.5,0.3,5.4,3,7364254.82,3440444.41,0.375,102281.32,data\ibm_graphs\IBM_NEG_0449.graphml
IBM_NEG_0450,B216645_8081B0C30,0,2,6,0,2,2.0,3.0,6.0,0,142248.12,70824.2,0.0833,1975.67,data\ibm_graphs\IBM_NEG_0450.graphml
IBM_NEG_0451,B3229_805A9C7B0,0,21,57,6,14,2.3333,0.1357,5.4286,12,6714147.19,1419899.0,0.7917,93252.04,data\ibm_graphs\IBM_NEG_0451.graphml
IBM_NEG_0452,B344042_810CDBF80,0,2,6,0,2,2.0,3.0,6.0,0,14629.8,7254.71,0.0833,203.19,data\ibm_graphs\IBM_NEG_0452.graphml
IBM_NEG_0453,B3149_80B41C450,0,28,115,12,10,0.8333,0.1521,8.2143,5,3561244.18,569354.0,1.5972,49461.72,data\ibm_graphs\IBM_NEG_0453.graphml
IBM_NEG_0454,B124_813755AD1,0,13,54,12,18,1.5,0.3462,8.3077,7,887.42,140.75,0.75,12.33,data\ibm_graphs\IBM_NEG_0454.graphml
IBM_NEG_0455,B348635_811F33820,0,1,2,2,2,1.0,0.0,4.0,0,3876.44,1938.22,0.0278,53.84,data\ibm_graphs\IBM_NEG_0455.graphml
IBM_NEG_0456,B149030_812AAC330,0,12,56,6,6,1.0,0.4242,9.3333,2,8003426.5,5015383.04,0.7778,111158.7,data\ibm_graphs\IBM_NEG_0456.graphml
IBM_NEG_0457,B21575_801A89280,0,8,42,6,2,0.3333,0.75,10.5,2,16828422.97,5944996.82,0.5833,233728.1,data\ibm_graphs\IBM_NEG_0457.graphml
IBM_NEG_0458,B1916_80281B730,1,5847,12018,6,8,1.3333,0.0004,4.1108,5834,7280658968.59,825807854.75,166.9167,101120263.45,data\ibm_graphs\IBM_NEG_0458.graphml
IBM_NEG_0459,B316821_8061ABC50,0,1,2,2,2,1.0,0.0,4.0,0,191155.84,95577.92,0.0278,2654.94,data\ibm_graphs\IBM_NEG_0459.graphml
IBM_NEG_0460,B21884_80812A400,1,2117,8954,10,8,0.8,0.002,8.4591,819,5852275577.49,1397665064.97,124.3611,81281605.24,data\ibm_graphs\IBM_NEG_0460.graphml
IBM_NEG_0461,B48526_81240F7B0,0,9,29,2,2,1.0,0.4028,6.4444,1,2909601.49,1070143.17,0.4028,40411.13,data\ibm_graphs\IBM_NEG_0461.graphml
IBM_NEG_0462,B33301_80CCA5630,0,1,2,2,2,1.0,0.0,4.0,0,3463.76,1731.88,0.0278,48.11,data\ibm_graphs\IBM_NEG_0462.graphml
IBM_NEG_0463,B9482_80D32DBE0,1,21530,91217,6,2,0.3333,0.0002,8.4735,8509,85618490224.13,6864834129.45,1266.9028,1189145697.56,data\ibm_graphs\IBM_NEG_0463.graphml
IBM_NEG_0464,B29685_80C5A42F0,0,19,77,2,6,3.0,0.2251,8.1053,6,14945864.67,5059286.46,1.0694,207581.45,data\ibm_graphs\IBM_NEG_0464.graphml
IBM_NEG_0465,B13659_80594ADF0,0,1,2,2,2,1.0,0.0,4.0,0,53366431.92,26683215.96,0.0278,741200.44,data\ibm_graphs\IBM_NEG_0465.graphml
IBM_NEG_0466,B1024_800DA99A0,0,86,310,10,40,4.0,0.0424,7.2093,36,121194009.64,39484229.54,4.3056,1683250.13,data\ibm_graphs\IBM_NEG_0466.graphml
IBM_NEG_0467,B2385_80932D010,0,28,108,12,2,0.1667,0.1429,7.7143,12,153438036.73,91388344.51,1.5,2131083.84,data\ibm_graphs\IBM_NEG_0467.graphml
IBM_NEG_0468,B316346_805F1FD80,0,1,2,2,2,1.0,0.0,4.0,0,20965.36,10482.68,0.0278,291.19,data\ibm_graphs\IBM_NEG_0468.graphml
IBM_NEG_0469,B1_808BA5C50,0,14,56,0,4,4.0,0.3077,8.0,1,21022244.04,7516535.99,0.7778,291975.61,data\ibm_graphs\IBM_NEG_0469.graphml
IBM_NEG_0470,B232154_80BC23A20,0,1,4,4,4,1.0,0.0,8.0,0,2974.0,1477.32,0.0556,41.31,data\ibm_graphs\IBM_NEG_0470.graphml
IBM_NEG_0471,B354361_814683CD1,0,1,2,2,2,1.0,0.0,4.0,0,0.11,0.05,0.0278,0.0,data\ibm_graphs\IBM_NEG_0471.graphml
IBM_NEG_0472,B318948_807162F70,0,2,4,0,2,2.0,2.0,4.0,0,1940931.02,969841.72,0.0556,26957.38,data\ibm_graphs\IBM_NEG_0472.graphml
IBM_NEG_0473,B35520_80D6CCF10,1,399,891,10,12,1.2,0.0056,4.4662,373,1108579788.11,376938509.23,12.375,15396941.5,data\ibm_graphs\IBM_NEG_0473.graphml
IBM_NEG_0474,B23691_80A8D7210,0,1,2,2,2,1.0,0.0,4.0,0,9753.08,4876.54,0.0278,135.46,data\ibm_graphs\IBM_NEG_0474.graphml
IBM_NEG_0475,B4766_80239BD80,0,1,4,4,4,1.0,0.0,8.0,0,2697937.94,1348963.26,0.0556,37471.36,data\ibm_graphs\IBM_NEG_0475.graphml
IBM_NEG_0476,B29788_8076C3110,0,23,95,12,8,0.6667,0.1877,8.2609,9,28142697.03,5156674.07,1.3194,390870.79,data\ibm_graphs\IBM_NEG_0476.graphml
IBM_NEG_0477,B17327_800E2F030,0,2,10,2,6,3.0,5.0,10.0,0,91299.0,45077.18,0.1389,1268.04,data\ibm_graphs\IBM_NEG_0477.graphml
IBM_NEG_0478,B13029_805E86600,1,2184,8957,10,2,0.2,0.0019,8.2024,889,450194403697.81,27164201782.49,124.4028,6252700051.36,data\ibm_graphs\IBM_NEG_0478.graphml
IBM_NEG_0479,B239604_80EE120D0,1,2696,11187,6,4,0.6667,0.0015,8.299,1033,6383005515.17,1419266578.41,155.375,88652854.38,data\ibm_graphs\IBM_NEG_0479.graphml
IBM_NEG_0480,B1024_8075CCAF0,0,6,29,14,2,0.1429,0.9667,9.6667,1,1202967.36,296803.12,0.4028,16707.88,data\ibm_graphs\IBM_NEG_0480.graphml
IBM_NEG_0481,B214529_805EA5850,0,1,4,4,4,1.0,0.0,8.0,0,2929986.04,1464443.31,0.0556,40694.25,data\ibm_graphs\IBM_NEG_0481.graphml
IBM_NEG_0482,B3489_80205B940,0,7,34,2,12,6.0,0.8095,9.7143,0,1432757.4,651558.23,0.4722,19899.41,data\ibm_graphs\IBM_NEG_0482.graphml
IBM_NEG_0483,B21174_8102A87A0,0,1,2,2,2,1.0,0.0,4.0,0,30.54,15.27,0.0278,0.42,data\ibm_graphs\IBM_NEG_0483.graphml
IBM_NEG_0484,B410_80B5C47C0,1,12804,54241,16,2,0.125,0.0003,8.4725,5002,29718797198.95,825807854.75,753.3472,412761072.21,data\ibm_graphs\IBM_NEG_0484.graphml
IBM_NEG_0485,B339181_80FC961B0,0,1,2,2,2,1.0,0.0,4.0,0,17945.2,8972.6,0.0278,249.24,data\ibm_graphs\IBM_NEG_0485.graphml
IBM_NEG_0486,B338824_80E3A68B0,0,1,2,2,2,1.0,0.0,4.0,0,71549.94,35774.97,0.0278,993.75,data\ibm_graphs\IBM_NEG_0486.graphml
IBM_NEG_0487,B28733_80A885520,1,21547,91296,8,6,0.75,0.0002,8.4741,8518,85628222150.5,6864834129.45,1268.0,1189280863.2,data\ibm_graphs\IBM_NEG_0487.graphml
IBM_NEG_0488,B10_8030ADE30,0,5,15,4,8,2.0,0.75,6.0,1,129169.89,58116.54,0.2083,1794.03,data\ibm_graphs\IBM_NEG_0488.graphml
IBM_NEG_0489,B14325_80C7A0600,0,1,2,2,2,1.0,0.0,4.0,0,4877.54,2438.77,0.0278,67.74,data\ibm_graphs\IBM_NEG_0489.graphml
IBM_NEG_0490,B244192_8115CB540,0,19,69,12,4,0.3333,0.2018,7.2632,8,32897283.12,3341677.92,0.9583,456906.71,data\ibm_graphs\IBM_NEG_0490.graphml
IBM_NEG_0491,B22758_811A91AE0,1,12801,54238,10,12,1.2,0.0003,8.474,4999,29717822781.08,825807854.75,753.3056,412747538.63,data\ibm_graphs\IBM_NEG_0491.graphml
IBM_NEG_0492,B210261_80410DA20,0,21,78,6,8,1.3333,0.1857,7.4286,9,699778248.16,140185365.49,1.0833,9719142.34,data\ibm_graphs\IBM_NEG_0492.graphml
IBM_NEG_0493,B15040_80BCBFF70,1,9605,20025,8,10,1.25,0.0002,4.1697,9590,12656954180.6,1615849280.83,278.125,175791030.29,data\ibm_graphs\IBM_NEG_0493.graphml
IBM_NEG_0494,B2385_8023677B0,0,69,226,10,20,2.0,0.0482,6.5507,30,75539567.95,13839202.22,3.1389,1049160.67,data\ibm_graphs\IBM_NEG_0494.graphml
IBM_NEG_0495,B217641_806B9D700,0,13,43,2,2,1.0,0.2756,6.6154,6,593941111.42,286995337.41,0.5972,8249182.1,data\ibm_graphs\IBM_NEG_0495.graphml
IBM_NEG_0496,B19593_80BE709A0,1,1054,2158,4,8,2.0,0.0019,4.0949,1049,3508932207.83,679797968.71,29.9722,48735169.55,data\ibm_graphs\IBM_NEG_0496.graphml
IBM_NEG_0497,B13265_8062C4110,1,5852,12050,12,20,1.6667,0.0004,4.1183,5835,7349203159.32,825807854.75,167.3611,102072266.1,data\ibm_graphs\IBM_NEG_0497.graphml
IBM_NEG_0498,B10232_81365E430,0,3,14,8,2,0.25,2.3333,9.3333,0,11017.34,1523.99,0.1944,153.02,data\ibm_graphs\IBM_NEG_0498.graphml
IBM_NEG_0499,B118_80EF1D3A0,0,40,145,10,8,0.8,0.0929,7.25,14,15380932.76,4481500.0,2.0139,213624.07,data\ibm_graphs\IBM_NEG_0499.graphml
IBM_NEG_0500,B211_80D5B8E00,1,376,800,4,4,1.0,0.0057,4.2553,366,1096490244.24,376938509.23,11.1111,15229031.17,data\ibm_graphs\IBM_NEG_0500.graphml
IBM_NEG_0501,B20_8026775E0,0,44,187,12,14,1.1667,0.0988,8.5,13,70407140.8,27518475.41,2.5972,977876.96,data\ibm_graphs\IBM_NEG_0501.graphml
IBM_NEG_0502,B116904_806D654B0,0,1,2,2,2,1.0,0.0,4.0,0,439699.46,219849.73,0.0278,6106.94,data\ibm_graphs\IBM_NEG_0502.graphml
IBM_NEG_0503,B15040_80824C960,0,24,107,4,18,4.5,0.1938,8.9167,4,17119994.51,5858094.81,1.4861,237777.7,data\ibm_graphs\IBM_NEG_0503.graphml
IBM_NEG_0504,B21381_80DB175B0,1,1055,2164,8,2,0.25,0.0019,4.1024,1049,3500943492.87,679797968.71,30.0556,48624215.18,data\ibm_graphs\IBM_NEG_0504.graphml
IBM_NEG_0505,B11813_803160B00,0,16,58,6,12,2.0,0.2417,7.25,8,2452385.1,609322.78,0.8056,34060.9,data\ibm_graphs\IBM_NEG_0505.graphml
IBM_NEG_0506,B346957_8112F5DE0,1,962,2004,0,2,2.0,0.0022,4.1663,955,2674133572.79,1662786175.66,27.8333,37140744.07,data\ibm_graphs\IBM_NEG_0506.graphml
IBM_NEG_0507,B313023_80564F680,0,2,4,0,2,2.0,2.0,4.0,0,6155212.0,3077605.97,0.0556,85489.06,data\ibm_graphs\IBM_NEG_0507.graphml
IBM_NEG_0508,B219449_80C8896A0,0,17,56,2,8,4.0,0.2059,6.5882,5,3608115.44,784134.0,0.7778,50112.71,data\ibm_graphs\IBM_NEG_0508.graphml
IBM_NEG_0509,B146245_813D38AD0,0,6,12,6,2,0.3333,0.4,4.0,1,314509.81,112887.42,0.1667,4368.19,data\ibm_graphs\IBM_NEG_0509.graphml
IBM_NEG_0510,B117070_806F94360,0,1,2,2,2,1.0,0.0,4.0,0,5493417.52,2746708.76,0.0278,76297.47,data\ibm_graphs\IBM_NEG_0510.graphml
IBM_NEG_0511,B23833_8051622E0,0,11,45,6,2,0.3333,0.4091,8.1818,5,11885701.7,10103202.29,0.625,165079.19,data\ibm_graphs\IBM_NEG_0511.graphml
IBM_NEG_0512,B22575_80842C750,0,22,88,12,6,0.5,0.1905,8.0,5,18602008.02,8081173.81,1.2222,258361.22,data\ibm_graphs\IBM_NEG_0512.graphml
IBM_NEG_0513,B47337_812589B20,0,3,14,8,4,0.5,2.3333,9.3333,0,1840906.1,906602.64,0.1944,25568.14,data\ibm_graphs\IBM_NEG_0513.graphml
IBM_NEG_0514,B5627_8035AC890,0,3,14,8,2,0.25,2.3333,9.3333,0,1450726.86,481984.86,0.1944,20148.98,data\ibm_graphs\IBM_NEG_0514.graphml
IBM_NEG_0515,B122086_80843AC70,0,17,63,2,6,3.0,0.2316,7.4118,3,57541578.26,26263788.81,0.875,799188.59,data\ibm_graphs\IBM_NEG_0515.graphml
IBM_NEG_0516,B3242_804493F00,0,19,71,2,12,6.0,0.2076,7.4737,8,6903822.85,1096651.99,0.9861,95886.43,data\ibm_graphs\IBM_NEG_0516.graphml
IBM_NEG_0517,B17425_804000FC0,0,1,4,4,4,1.0,0.0,8.0,0,179.64,80.22,0.0556,2.49,data\ibm_graphs\IBM_NEG_0517.graphml
IBM_NEG_0518,B231744_80BF083B0,0,1,4,4,4,1.0,0.0,8.0,0,1471110.22,735303.43,0.0556,20432.09,data\ibm_graphs\IBM_NEG_0518.graphml
IBM_NEG_0519,B212_808B09100,0,1,2,2,2,1.0,0.0,4.0,0,40.14,20.07,0.0278,0.56,data\ibm_graphs\IBM_NEG_0519.graphml
IBM_NEG_0520,B16354_80EC382C0,0,9,45,12,2,0.1667,0.625,10.0,1,1272138.21,265261.58,0.625,17668.59,data\ibm_graphs\IBM_NEG_0520.graphml
IBM_NEG_0521,B15_803A88990,0,28,104,6,12,2.0,0.1376,7.4286,8,846642133.18,295474650.0,1.4444,11758918.52,data\ibm_graphs\IBM_NEG_0521.graphml
IBM_NEG_0522,B14804_806A84F20,1,9617,20049,6,4,0.6667,0.0002,4.1695,9596,12663734709.65,1615849280.83,278.4583,175885204.3,data\ibm_graphs\IBM_NEG_0522.graphml
IBM_NEG_0523,B21940_805A6FF60,0,1,4,4,4,1.0,0.0,8.0,0,33579.14,16779.18,0.0556,466.38,data\ibm_graphs\IBM_NEG_0523.graphml
IBM_NEG_0524,B11405_80149D030,0,45,166,10,12,1.2,0.0838,7.3778,21,86516401.55,23273136.53,2.3056,1201616.69,data\ibm_graphs\IBM_NEG_0524.graphml
IBM_NEG_0525,B225_813C59511,0,1,2,2,2,1.0,0.0,4.0,0,0.43,0.21,0.0278,0.01,data\ibm_graphs\IBM_NEG_0525.graphml
IBM_NEG_0526,B342073_80F83BAB0,0,1,2,2,2,1.0,0.0,4.0,0,1786.2,893.1,0.0278,24.81,data\ibm_graphs\IBM_NEG_0526.graphml
IBM_NEG_0527,B25981_802314680,0,29,119,6,16,2.6667,0.1466,8.2069,11,4069414.05,702152.28,1.6528,56519.64,data\ibm_graphs\IBM_NEG_0527.graphml
IBM_NEG_0528,B28237_80ADD9A00,0,729,1520,12,6,0.5,0.0029,4.1701,710,519930777.87,95121736.49,21.1111,7221260.8,data\ibm_graphs\IBM_NEG_0528.graphml
IBM_NEG_0529,B235319_80CD6CC80,0,1,2,2,2,1.0,0.0,4.0,0,1535680.04,767840.02,0.0278,21328.89,data\ibm_graphs\IBM_NEG_0529.graphml
IBM_NEG_0530,B4403_804189F10,1,9610,20021,6,2,0.3333,0.0002,4.1667,9596,12662404603.64,1615849280.83,278.0694,175866730.61,data\ibm_graphs\IBM_NEG_0530.graphml
IBM_NEG_0531,B220572_808648D60,0,1,4,4,4,1.0,0.0,8.0,0,91873.12,45929.4,0.0556,1276.02,data\ibm_graphs\IBM_NEG_0531.graphml
IBM_NEG_0532,B215897_80616FAE0,1,9603,20005,10,4,0.4,0.0002,4.1664,9590,12660766685.43,1615849280.83,277.8472,175843981.74,data\ibm_graphs\IBM_NEG_0532.graphml
IBM_NEG_0533,B210431_812C6F600,0,34,132,8,6,0.75,0.1176,7.7647,3,576584.81,56140.04,1.8333,8008.12,data\ibm_graphs\IBM_NEG_0533.graphml
IBM_NEG_0534,B1241_805A43EC0,0,1,2,2,2,1.0,0.0,4.0,0,8783.86,4391.93,0.0278,122.0,data\ibm_graphs\IBM_NEG_0534.graphml
IBM_NEG_0535,B33759_80C73F9D0,0,1,2,2,2,1.0,0.0,4.0,0,700510.52,350255.26,0.0278,9729.31,data\ibm_graphs\IBM_NEG_0535.graphml
IBM_NEG_0536,B16941_8088FE2F0,0,1,2,2,2,1.0,0.0,4.0,0,19.32,9.66,0.0278,0.27,data\ibm_graphs\IBM_NEG_0536.graphml
IBM_NEG_0537,B513_8003F6D20,0,16,65,8,4,0.5,0.2708,8.125,8,34834549.07,17155775.48,0.9028,483813.18,data\ibm_graphs\IBM_NEG_0537.graphml
IBM_NEG_0538,B343879_81019FCF0,0,1,2,2,2,1.0,0.0,4.0,0,18852.5,9426.25,0.0278,261.84,data\ibm_graphs\IBM_NEG_0538.graphml
IBM_NEG_0539,B22828_8096DF970,0,1,2,2,2,1.0,0.0,4.0,0,1393858.48,696929.24,0.0278,19359.15,data\ibm_graphs\IBM_NEG_0539.graphml
IBM_NEG_0540,B326798_80D0411C0,0,6,15,0,2,2.0,0.5,5.0,2,20965033.7,10159064.53,0.2083,291181.02,data\ibm_graphs\IBM_NEG_0540.graphml
IBM_NEG_0541,B11813_802C40A20,1,9619,20072,10,12,1.2,0.0002,4.1734,9597,12738225192.14,1615849280.83,278.7778,176919794.34,data\ibm_graphs\IBM_NEG_0541.graphml
IBM_NEG_0542,B115363_80E74B470,0,4,18,6,4,0.6667,1.5,9.0,1,259510.96,51455.31,0.25,3604.32,data\ibm_graphs\IBM_NEG_0542.graphml
IBM_NEG_0543,B315341_81471F4B0,0,1,2,2,2,1.0,0.0,4.0,0,22032.96,11016.48,0.0278,306.01,data\ibm_graphs\IBM_NEG_0543.graphml
IBM_NEG_0544,B21749_802F4CCD0,0,17,31,4,2,0.5,0.114,3.6471,2,638678.3,577781.68,0.4306,8870.53,data\ibm_graphs\IBM_NEG_0544.graphml
IBM_NEG_0545,B339719_80FB7FCC0,0,1,2,2,2,1.0,0.0,4.0,0,13.72,6.86,0.0278,0.19,data\ibm_graphs\IBM_NEG_0545.graphml
IBM_NEG_0546,B339585_80F36C3B0,0,1,2,2,2,1.0,0.0,4.0,0,1719.16,859.58,0.0278,23.88,data\ibm_graphs\IBM_NEG_0546.graphml
IBM_NEG_0547,B8771_80FECA400,1,14,58,12,4,0.3333,0.3187,8.2857,4,1660555.27,278227.44,0.8056,23063.27,data\ibm_graphs\IBM_NEG_0547.graphml
IBM_NEG_0548,B343701_810018FD0,0,12,37,0,2,2.0,0.2803,6.1667,5,23239026.07,6304154.55,0.5139,322764.25,data\ibm_graphs\IBM_NEG_0548.graphml
IBM_NEG_0549,B7478_803324150,1,9615,20078,6,4,0.6667,0.0002,4.1764,9594,12657289037.24,1615849280.83,278.8611,175795681.07,data\ibm_graphs\IBM_NEG_0549.graphml
IBM_NEG_0550,B45000_810A58B60,0,2,12,8,4,0.5,6.0,12.0,0,24661.92,9175.82,0.1667,342.53,data\ibm_graphs\IBM_NEG_0550.graphml
IBM_NEG_0551,B16163_804175100,0,16,76,12,10,0.8333,0.3167,9.5,2,3758858.76,862551.01,1.0556,52206.37,data\ibm_graphs\IBM_NEG_0551.graphml
IBM_NEG_0552,B1490_802A577A0,0,1,2,2,2,1.0,0.0,4.0,0,19.36,9.68,0.0278,0.27,data\ibm_graphs\IBM_NEG_0552.graphml
IBM_NEG_0553,B30775_80D388AB0,0,1,4,4,4,1.0,0.0,8.0,0,1314.1,638.95,0.0556,18.25,data\ibm_graphs\IBM_NEG_0553.graphml
IBM_NEG_0554,B144735_8117DA750,0,1,4,4,4,1.0,0.0,8.0,0,38713.98,19310.65,0.0556,537.69,data\ibm_graphs\IBM_NEG_0554.graphml
IBM_NEG_0555,B11405_80D422300,0,1,4,4,4,1.0,0.0,8.0,0,12289.54,6135.07,0.0556,170.69,data\ibm_graphs\IBM_NEG_0555.graphml
IBM_NEG_0556,B30465_8136D5910,1,9619,20065,10,4,0.4,0.0002,4.172,9602,12706251375.19,1615849280.83,278.6806,176475713.54,data\ibm_graphs\IBM_NEG_0556.graphml
IBM_NEG_0557,B311299_8127667E0,0,1,2,2,2,1.0,0.0,4.0,0,17467.54,8733.77,0.0278,242.6,data\ibm_graphs\IBM_NEG_0557.graphml
IBM_NEG_0558,B216645_810B38CB0,0,8,29,4,6,1.5,0.5179,7.25,2,1131518.58,552205.64,0.4028,15715.54,data\ibm_graphs\IBM_NEG_0558.graphml
IBM_NEG_0559,B315228_80D68E0A0,0,1,2,2,2,1.0,0.0,4.0,0,319059.32,159529.66,0.0278,4431.38,data\ibm_graphs\IBM_NEG_0559.graphml
IBM_NEG_0560,B16792_8061BA770,0,13,47,8,4,0.5,0.3013,7.2308,5,520871570.44,218937054.72,0.6528,7234327.37,data\ibm_graphs\IBM_NEG_0560.graphml
IBM_NEG_0561,B7042_80E082690,0,9,23,0,8,8.0,0.3194,5.1111,4,40556098.64,40510817.0,0.3194,563279.15,data\ibm_graphs\IBM_NEG_0561.graphml
IBM_NEG_0562,B2467_80C232B80,0,1,4,4,4,1.0,0.0,8.0,0,14467.2,7227.97,0.0556,200.93,data\ibm_graphs\IBM_NEG_0562.graphml
IBM_NEG_0563,B2053_804E46240,0,8,23,6,2,0.3333,0.4107,5.75,2,2345389.06,547780.0,0.3194,32574.85,data\ibm_graphs\IBM_NEG_0563.graphml
IBM_NEG_0564,B8798_8051B2F80,0,106,391,4,6,1.5,0.0351,7.3774,6,476571083.36,231987356.73,5.4306,6619042.82,data\ibm_graphs\IBM_NEG_0564.graphml
IBM_NEG_0565,B9_80712FC40,0,6,32,10,2,0.2,1.0667,10.6667,0,70813321.47,26828817.64,0.4444,983518.35,data\ibm_graphs\IBM_NEG_0565.graphml
IBM_NEG_0566,B32968_8040A7EF0,0,1,2,2,2,1.0,0.0,4.0,0,558.64,279.32,0.0278,7.76,data\ibm_graphs\IBM_NEG_0566.graphml
IBM_NEG_0567,B154662_8146AD6E1,0,2,10,8,4,0.5,5.0,10.0,0,62.55,30.96,0.1389,0.87,data\ibm_graphs\IBM_NEG_0567.graphml
IBM_NEG_0568,B35965_80264EED0,0,3,6,0,2,2.0,1.0,4.0,0,12269.64,5477.37,0.0833,170.41,data\ibm_graphs\IBM_NEG_0568.graphml
IBM_NEG_0569,B5394_8021D5AF0,0,1,2,2,2,1.0,0.0,4.0,0,1429.72,714.86,0.0278,19.86,data\ibm_graphs\IBM_NEG_0569.graphml
IBM_NEG_0570,B110836_813293170,0,4,8,2,2,1.0,0.6667,4.0,0,4410.26,1807.0,0.1111,61.25,data\ibm_graphs\IBM_NEG_0570.graphml
IBM_NEG_0571,B125607_809CF48A0,0,26,79,6,6,1.0,0.1215,6.0769,11,38434703.35,15823663.0,1.0972,533815.32,data\ibm_graphs\IBM_NEG_0571.graphml
IBM_NEG_0572,B35103_805E0B190,0,1,2,2,2,1.0,0.0,4.0,0,29148.54,14574.27,0.0278,404.84,data\ibm_graphs\IBM_NEG_0572.graphml
IBM_NEG_0573,B1024_801E5F680,0,40,129,12,8,0.6667,0.0827,6.45,22,37142742.43,23340609.0,1.7917,515871.42,data\ibm_graphs\IBM_NEG_0573.graphml
IBM_NEG_0574,B3144_80E0B6050,0,13,53,14,2,0.1429,0.3397,8.1538,2,804847.05,287238.33,0.7361,11178.43,data\ibm_graphs\IBM_NEG_0574.graphml
IBM_NEG_0575,B128684_80BCB4550,0,1,2,2,2,1.0,0.0,4.0,0,37.08,18.54,0.0278,0.52,data\ibm_graphs\IBM_NEG_0575.graphml
IBM_NEG_0576,B24922_8091C9F40,0,1,4,4,4,1.0,0.0,8.0,0,200.88,73.79,0.0556,2.79,data\ibm_graphs\IBM_NEG_0576.graphml
IBM_NEG_0577,B1244_800871D00,0,2,10,4,8,2.0,5.0,10.0,0,3893469.38,1943607.27,0.1389,54075.96,data\ibm_graphs\IBM_NEG_0577.graphml
IBM_NEG_0578,B22205_801163EE1,0,2,2,0,2,2.0,1.0,2.0,1,0.0,0.0,0.0278,0.0,data\ibm_graphs\IBM_NEG_0578.graphml
IBM_NEG_0579,B321706_807F043A0,0,2,6,0,2,2.0,3.0,6.0,0,41271524.1,20635173.72,0.0833,573215.61,data\ibm_graphs\IBM_NEG_0579.graphml
IBM_NEG_0580,B17729_8056E6990,1,21533,91227,4,4,1.0,0.0002,8.4732,8508,85618549367.79,6864834129.45,1267.0417,1189146519.0,data\ibm_graphs\IBM_NEG_0580.graphml
IBM_NEG_0581,B5_80883BA80,0,1,2,2,2,1.0,0.0,4.0,0,828.28,414.14,0.0278,11.5,data\ibm_graphs\IBM_NEG_0581.graphml
IBM_NEG_0582,B333057_80C08A4A0,0,1,2,2,2,1.0,0.0,4.0,0,1403161.72,701580.86,0.0278,19488.36,data\ibm_graphs\IBM_NEG_0582.graphml
IBM_NEG_0583,B24779_809DC71B0,0,16,55,10,2,0.2,0.2292,6.875,5,7833384.89,2519590.01,0.7639,108797.01,data\ibm_graphs\IBM_NEG_0583.graphml
IBM_NEG_0584,B11471_8103BA150,0,2,10,10,2,0.2,5.0,10.0,0,6632579.44,3304943.27,0.1389,92119.16,data\ibm_graphs\IBM_NEG_0584.graphml
IBM_NEG_0585,B38132_811A04740,0,9,27,2,4,2.0,0.375,6.0,1,123927.84,61680.7,0.375,1721.22,data\ibm_graphs\IBM_NEG_0585.graphml
IBM_NEG_0586,B347424_812123460,0,1,2,2,2,1.0,0.0,4.0,0,20200.64,10100.32,0.0278,280.56,data\ibm_graphs\IBM_NEG_0586.graphml
IBM_NEG_0587,B31799_8144D84A0,0,6,27,6,2,0.3333,0.9,9.0,2,262511.64,85751.86,0.375,3646.0,data\ibm_graphs\IBM_NEG_0587.graphml
IBM_NEG_0588,B15863_8037314D0,0,37,134,2,4,2.0,0.1006,7.2432,1,13909564.36,6521647.48,1.8611,193188.39,data\ibm_graphs\IBM_NEG_0588.graphml
IBM_NEG_0589,B8_809F41650,0,8,19,4,2,0.5,0.3393,4.75,3,19790834.3,9230364.28,0.2639,274872.7,data\ibm_graphs\IBM_NEG_0589.graphml
IBM_NEG_0590,B17861_80C7D1C80,0,24,94,8,4,0.5,0.1703,7.8333,10,474937968.91,119455834.52,1.3056,6596360.68,data\ibm_graphs\IBM_NEG_0590.graphml
IBM_NEG_0591,B20_802283CB0,0,4,28,6,16,2.6667,2.3333,14.0,1,5703607.1,2634033.51,0.3889,79216.77,data\ibm_graphs\IBM_NEG_0591.graphml
IBM_NEG_0592,B131086_80CD61610,0,1,2,2,2,1.0,0.0,4.0,0,66197.04,33098.52,0.0278,919.4,data\ibm_graphs\IBM_NEG_0592.graphml
IBM_NEG_0593,B6156_80C2507B0,0,1,2,2,2,1.0,0.0,4.0,0,1347.22,673.61,0.0278,18.71,data\ibm_graphs\IBM_NEG_0593.graphml
IBM_NEG_0594,B331639_80B7CA050,0,1,2,2,2,1.0,0.0,4.0,0,4785.28,2392.64,0.0278,66.46,data\ibm_graphs\IBM_NEG_0594.graphml
IBM_NEG_0595,B5140_8063D4060,0,1,2,2,2,1.0,0.0,4.0,0,28.86,14.43,0.0278,0.4,data\ibm_graphs\IBM_NEG_0595.graphml
IBM_NEG_0596,B3045_80865F9A0,0,1,4,4,4,1.0,0.0,8.0,0,1038.46,511.46,0.0556,14.42,data\ibm_graphs\IBM_NEG_0596.graphml
IBM_NEG_0597,B142183_80FB14BC0,0,2,8,8,2,0.25,4.0,8.0,0,29472.76,6599.49,0.1111,409.34,data\ibm_graphs\IBM_NEG_0597.graphml
IBM_NEG_0598,B11474_8034D8690,0,1,4,4,4,1.0,0.0,8.0,0,9448.44,4700.75,0.0556,131.23,data\ibm_graphs\IBM_NEG_0598.graphml
IBM_NEG_0599,B11318_800B1F120,0,1,2,2,2,1.0,0.0,4.0,0,23.06,11.53,0.0278,0.32,data\ibm_graphs\IBM_NEG_0599.graphml
IBM_NEG_0600,B213_8096A07E0,0,2,6,6,4,0.6667,3.0,6.0,0,102613.5,48992.6,0.0833,1425.19,data\ibm_graphs\IBM_NEG_0600.graphml
IBM_NEG_0601,B3242_803BE8C60,0,1,2,2,2,1.0,0.0,4.0,0,419192.54,209596.27,0.0278,5822.12,data\ibm_graphs\IBM_NEG_0601.graphml
IBM_NEG_0602,B213005_80607CD10,0,1,2,2,2,1.0,0.0,4.0,0,16850.52,8425.26,0.0278,234.03,data\ibm_graphs\IBM_NEG_0602.graphml
IBM_NEG_0603,B10_80D86F2D0,0,1,2,2,2,1.0,0.0,4.0,0,208732.72,104366.36,0.0278,2899.07,data\ibm_graphs\IBM_NEG_0603.graphml
IBM_NEG_0604,B14325_80CBDF930,1,9607,20034,16,8,0.5,0.0002,4.1707,9591,12664613656.34,1615849280.83,278.25,175897411.89,data\ibm_graphs\IBM_NEG_0604.graphml
IBM_NEG_0605,B111121_8055B0B10,0,13,50,6,2,0.3333,0.3205,7.6923,5,1157320.86,337778.49,0.6944,16073.9,data\ibm_graphs\IBM_NEG_0605.graphml
IBM_NEG_0606,B39192_80D4C4660,0,2,6,0,2,2.0,3.0,6.0,0,7548264.04,3774128.69,0.0833,104837.0,data\ibm_graphs\IBM_NEG_0606.graphml
IBM_NEG_0607,B39556_80EC9EC80,0,23,107,18,4,0.2222,0.2115,9.3043,10,3787631.74,635535.57,1.4861,52606.0,data\ibm_graphs\IBM_NEG_0607.graphml
IBM_NEG_0608,B232304_80EFD8CD0,0,2,10,8,4,0.5,5.0,10.0,0,1064903.24,285177.42,0.1389,14790.32,data\ibm_graphs\IBM_NEG_0608.graphml
IBM_NEG_0609,B311395_80E934400,0,1,2,2,2,1.0,0.0,4.0,0,321356.6,160678.3,0.0278,4463.29,data\ibm_graphs\IBM_NEG_0609.graphml
IBM_NEG_0610,B22_805EEE780,0,17,45,8,2,0.25,0.1654,5.2941,5,243147663.1,116808711.0,0.625,3377050.88,data\ibm_graphs\IBM_NEG_0610.graphml
IBM_NEG_0611,B23_802572690,0,17,72,8,2,0.25,0.2647,8.4706,9,7475396.68,1678848.78,1.0,103824.95,data\ibm_graphs\IBM_NEG_0611.graphml
IBM_NEG_0612,B3_804B0DF40,1,945,1977,0,2,2.0,0.0022,4.1841,938,121431668884.32,27164201782.49,27.4583,1686550956.73,data\ibm_graphs\IBM_NEG_0612.graphml
IBM_NEG_0613,B21745_804338A30,0,1,2,2,2,1.0,0.0,4.0,0,4564.06,2282.03,0.0278,63.39,data\ibm_graphs\IBM_NEG_0613.graphml
IBM_NEG_0614,B333041_80C680FF0,0,1,2,2,2,1.0,0.0,4.0,0,115831.94,57915.97,0.0278,1608.78,data\ibm_graphs\IBM_NEG_0614.graphml
IBM_NEG_0615,B16109_802ABA860,0,29,115,18,22,1.2222,0.1416,7.931,19,12094612.81,1893139.31,1.5972,167980.73,data\ibm_graphs\IBM_NEG_0615.graphml
IBM_NEG_0616,B795_800F5FF10,0,1,2,2,2,1.0,0.0,4.0,0,4710.62,2355.31,0.0278,65.43,data\ibm_graphs\IBM_NEG_0616.graphml
IBM_NEG_0617,B225_813CD83A1,0,9,39,6,6,1.0,0.5417,8.6667,2,335.49,133.96,0.5417,4.66,data\ibm_graphs\IBM_NEG_0617.graphml
IBM_NEG_0618,B116425_806321330,0,1,2,2,2,1.0,0.0,4.0,0,25339.12,12669.56,0.0278,351.93,data\ibm_graphs\IBM_NEG_0618.graphml
IBM_NEG_0619,B10_8003DCA30,0,19,56,2,6,3.0,0.1637,5.8947,11,286889.59,41254.93,0.7778,3984.58,data\ibm_graphs\IBM_NEG_0619.graphml
IBM_NEG_0620,B11296_81312EDF0,0,1,4,4,4,1.0,0.0,8.0,0,324105.5,162045.65,0.0556,4501.47,data\ibm_graphs\IBM_NEG_0620.graphml
IBM_NEG_0621,B1_8019D82F0,1,9622,20088,8,14,1.75,0.0002,4.1754,9601,12809670574.92,1615849280.83,279.0,177912091.32,data\ibm_graphs\IBM_NEG_0621.graphml
IBM_NEG_0622,B14_810AB1890,1,2118,9002,14,4,0.2857,0.002,8.5005,775,14618184985.38,2799575044.34,125.0278,203030347.02,data\ibm_graphs\IBM_NEG_0622.graphml
IBM_NEG_0623,B124290_80C900100,0,33,121,10,6,0.6,0.1146,7.3333,14,142029788.57,64015728.1,1.6806,1972635.95,data\ibm_graphs\IBM_NEG_0623.graphml
IBM_NEG_0624,B2053_807C91390,0,1,2,2,2,1.0,0.0,4.0,0,12661.26,6330.63,0.0278,175.85,data\ibm_graphs\IBM_NEG_0624.graphml
IBM_NEG_0625,B21387_80761F510,0,11,22,2,6,3.0,0.2,4.0,0,11444056.97,11218883.03,0.3056,158945.24,data\ibm_graphs\IBM_NEG_0625.graphml
IBM_NEG_0626,B10_80CE552F0,1,816,3450,8,8,1.0,0.0052,8.4559,313,9179198145.08,1924132417.33,47.9167,127488863.13,data\ibm_graphs\IBM_NEG_0626.graphml
IBM_NEG_0627,B28237_80A5DD1F1,0,2,2,0,2,2.0,1.0,2.0,1,0.03,0.02,0.0278,0.0,data\ibm_graphs\IBM_NEG_0627.graphml
IBM_NEG_0628,B227171_80D4C5690,0,61,225,0,2,2.0,0.0615,7.377,6,3789911.36,1575000.0,3.125,52637.66,data\ibm_graphs\IBM_NEG_0628.graphml
IBM_NEG_0629,B4403_805A54710,0,2,8,2,6,3.0,4.0,8.0,0,533505.92,248388.9,0.1111,7409.8,data\ibm_graphs\IBM_NEG_0629.graphml
IBM_NEG_0630,B249007_8128D98D0,0,1,2,2,2,1.0,0.0,4.0,0,17.86,8.93,0.0278,0.25,data\ibm_graphs\IBM_NEG_0630.graphml
IBM_NEG_0631,B117_80E2A9BD0,0,2,6,2,6,3.0,3.0,6.0,1,67.12,14.33,0.0833,0.93,data\ibm_graphs\IBM_NEG_0631.graphml
IBM_NEG_0632,B28693_804EE3560,0,22,87,6,10,1.6667,0.1883,7.9091,6,15760406.44,9132030.42,1.2083,218894.53,data\ibm_graphs\IBM_NEG_0632.graphml
IBM_NEG_0633,B2454_80B386C90,0,47,137,10,6,0.6,0.0634,5.8298,29,10142034.37,2539779.63,1.9028,140861.59,data\ibm_graphs\IBM_NEG_0633.graphml
IBM_NEG_0634,B9608_80B109470,0,2,8,6,2,0.3333,4.0,8.0,0,1296778.26,647644.68,0.1111,18010.81,data\ibm_graphs\IBM_NEG_0634.graphml
IBM_NEG_0635,B8888_807BD98B0,1,5839,11983,8,4,0.5,0.0004,4.1045,5833,7276201733.95,825807854.75,166.4306,101058357.42,data\ibm_graphs\IBM_NEG_0635.graphml
IBM_NEG_0636,B27444_804D154A0,0,2,4,4,2,0.5,2.0,4.0,0,71354.12,27811.95,0.0556,991.03,data\ibm_graphs\IBM_NEG_0636.graphml
IBM_NEG_0637,B3698_8034D3140,0,2,10,8,2,0.25,5.0,10.0,0,4593177.46,1438495.23,0.1389,63794.13,data\ibm_graphs\IBM_NEG_0637.graphml
IBM_NEG_0638,B11657_800ADA380,0,3,14,2,4,2.0,2.3333,9.3333,0,29192070.82,9950288.03,0.1944,405445.43,data\ibm_graphs\IBM_NEG_0638.graphml
IBM_NEG_0639,B12446_80D0ADD80,0,11,45,12,2,0.1667,0.4091,8.1818,3,5594242.3,1755173.5,0.625,77697.81,data\ibm_graphs\IBM_NEG_0639.graphml
IBM_NEG_0640,B220_810A737A0,0,17,78,6,10,1.6667,0.2868,9.1765,5,10487088.06,3565177.72,1.0833,145654.0,data\ibm_graphs\IBM_NEG_0640.graphml
IBM_NEG_0641,B16606_80DE9ECE0,0,8,33,2,2,1.0,0.5893,8.25,1,3678266.17,956380.29,0.4583,51087.03,data\ibm_graphs\IBM_NEG_0641.graphml
IBM_NEG_0642,B12_80C15E4D0,0,1,4,4,4,1.0,0.0,8.0,0,18359.66,8873.36,0.0556,255.0,data\ibm_graphs\IBM_NEG_0642.graphml
IBM_NEG_0643,B235308_80F5FA150,0,2,6,6,4,0.6667,3.0,6.0,0,137892.66,66343.63,0.0833,1915.18,data\ibm_graphs\IBM_NEG_0643.graphml
IBM_NEG_0644,B240229_80E96E5E0,0,10,18,2,2,1.0,0.2,3.6,4,112904.61,44374.0,0.25,1568.12,data\ibm_graphs\IBM_NEG_0644.graphml
IBM_NEG_0645,B11974_804E72200,0,1,2,2,2,1.0,0.0,4.0,0,2494.28,1247.14,0.0278,34.64,data\ibm_graphs\IBM_NEG_0645.graphml
IBM_NEG_0646,B25547_803315700,0,1,2,2,2,1.0,0.0,4.0,0,41.3,20.65,0.0278,0.57,data\ibm_graphs\IBM_NEG_0646.graphml
IBM_NEG_0647,B326073_8097761C0,0,1,2,2,2,1.0,0.0,4.0,0,12454.2,6227.1,0.0278,172.98,data\ibm_graphs\IBM_NEG_0647.graphml
IBM_NEG_0648,B11642_806684990,0,28,82,10,2,0.2,0.1085,5.8571,18,39480140.52,35942866.22,1.1389,548335.29,data\ibm_graphs\IBM_NEG_0648.graphml
IBM_NEG_0649,B34032_80C948730,1,1181,4960,10,6,0.6,0.0036,8.3997,440,120385818370.96,30893133697.47,68.8889,1672025255.15,data\ibm_graphs\IBM_NEG_0649.graphml
IBM_NEG_0650,B27140_80EBE7930,0,1,4,4,4,1.0,0.0,8.0,0,27788.42,13885.35,0.0556,385.95,data\ibm_graphs\IBM_NEG_0650.graphml
IBM_NEG_0651,B3730_8072BB5F0,0,1,2,2,2,1.0,0.0,4.0,0,4060.38,2030.19,0.0278,56.39,data\ibm_graphs\IBM_NEG_0651.graphml
IBM_NEG_0652,B12004_8121F29B0,0,2,12,8,4,0.5,6.0,12.0,0,54057.54,12713.13,0.1667,750.8,data\ibm_graphs\IBM_NEG_0652.graphml
IBM_NEG_0653,B17861_8093C6060,0,1,2,2,2,1.0,0.0,4.0,0,9.72,4.86,0.0278,0.14,data\ibm_graphs\IBM_NEG_0653.graphml
IBM_NEG_0654,B18324_807873370,0,53,205,16,4,0.25,0.0744,7.7358,32,395364136.62,121243514.54,2.8472,5491168.56,data\ibm_graphs\IBM_NEG_0654.graphml
IBM_NEG_0655,B324576_808F0A860,0,1,2,2,2,1.0,0.0,4.0,0,2206.3,1103.15,0.0278,30.64,data\ibm_graphs\IBM_NEG_0655.graphml
IBM_NEG_0656,B36182_80DC65790,0,1,2,2,2,1.0,0.0,4.0,0,1539.32,769.66,0.0278,21.38,data\ibm_graphs\IBM_NEG_0656.graphml
IBM_NEG_0657,B27995_80AC432B0,0,10,43,8,4,0.5,0.4778,8.6,2,572522.43,116299.48,0.5972,7951.7,data\ibm_graphs\IBM_NEG_0657.graphml
IBM_NEG_0658,B112064_804B56BB0,0,39,161,4,16,4.0,0.1086,8.2564,19,2439903658.06,260534560.98,2.2361,33887550.81,data\ibm_graphs\IBM_NEG_0658.graphml
IBM_NEG_0659,B217125_80725B960,1,794,1701,8,6,0.75,0.0027,4.2846,769,21408441602.98,4028473479.26,23.625,297339466.71,data\ibm_graphs\IBM_NEG_0659.graphml
IBM_NEG_0660,B210829_807A86670,0,1,2,2,2,1.0,0.0,4.0,0,10.04,5.02,0.0278,0.14,data\ibm_graphs\IBM_NEG_0660.graphml
IBM_NEG_0661,B35303_80E948110,0,1,4,4,4,1.0,0.0,8.0,0,27553075.4,13776411.57,0.0556,382681.6,data\ibm_graphs\IBM_NEG_0661.graphml
IBM_NEG_0662,B15_803A4F2D0,0,33,139,6,14,2.3333,0.1316,8.4242,9,1671973086.62,552741016.95,1.9306,23221848.43,data\ibm_graphs\IBM_NEG_0662.graphml
IBM_NEG_0663,B908_812026480,0,9,29,6,2,0.3333,0.4028,6.4444,2,3821284.49,1637811.6,0.4028,53073.4,data\ibm_graphs\IBM_NEG_0663.graphml
IBM_NEG_0664,B21615_80B0F8360,0,2,4,4,2,0.5,2.0,4.0,0,79.54,39.76,0.0556,1.1,data\ibm_graphs\IBM_NEG_0664.graphml
IBM_NEG_0665,B229620_8132BE430,1,5839,11988,8,4,0.5,0.0004,4.1062,5832,7276236046.01,825807854.75,166.5,101058833.97,data\ibm_graphs\IBM_NEG_0665.graphml
IBM_NEG_0666,B3514_8067D03A0,0,17,55,2,4,2.0,0.2022,6.4706,5,325059024.38,96571688.29,0.7639,4514708.67,data\ibm_graphs\IBM_NEG_0666.graphml
IBM_NEG_0667,B32059_80F9715E0,0,1,2,2,2,1.0,0.0,4.0,0,6523.46,3261.73,0.0278,90.6,data\ibm_graphs\IBM_NEG_0667.graphml
IBM_NEG_0668,B6179_802AB41F0,0,22,100,4,4,1.0,0.2165,9.0909,7,3557827.94,1046604.25,1.3889,49414.28,data\ibm_graphs\IBM_NEG_0668.graphml
IBM_NEG_0669,B2843_800F038E0,0,1,4,4,4,1.0,0.0,8.0,0,62714.02,31346.81,0.0556,871.03,data\ibm_graphs\IBM_NEG_0669.graphml
IBM_NEG_0670,B24840_80848CEA0,0,36,106,8,6,0.75,0.0841,5.8889,22,32429559.54,23340609.0,1.4722,450410.55,data\ibm_graphs\IBM_NEG_0670.graphml
IBM_NEG_0671,B354435_813F92F21,0,1,2,2,2,1.0,0.0,4.0,0,1.64,0.82,0.0278,0.02,data\ibm_graphs\IBM_NEG_0671.graphml
IBM_NEG_0672,B1362_8025A3590,0,124,390,6,2,0.3333,0.0256,6.2903,91,2157175525.59,1029693319.47,5.4167,29960771.19,data\ibm_graphs\IBM_NEG_0672.graphml
IBM_NEG_0673,B37449_80920D430,0,1,2,2,2,1.0,0.0,4.0,0,1591.16,795.58,0.0278,22.1,data\ibm_graphs\IBM_NEG_0673.graphml
IBM_NEG_0674,B20_8035DF7F0,0,1,4,4,4,1.0,0.0,8.0,0,35552.26,17672.63,0.0556,493.78,data\ibm_graphs\IBM_NEG_0674.graphml
IBM_NEG_0675,B3229_8032D1260,0,43,155,8,2,0.25,0.0858,7.2093,26,286204095.39,190469242.0,2.1528,3975056.88,data\ibm_graphs\IBM_NEG_0675.graphml
IBM_NEG_0676,B6052_814476540,0,2,10,6,2,0.3333,5.0,10.0,0,15560.44,4922.55,0.1389,216.12,data\ibm_graphs\IBM_NEG_0676.graphml
IBM_NEG_0677,B28629_80581EF40,1,5849,12016,8,2,0.25,0.0004,4.1087,5836,7278476402.09,825807854.75,166.8889,101089950.03,data\ibm_graphs\IBM_NEG_0677.graphml
IBM_NEG_0678,B144639_8117C1F90,0,1,4,4,4,1.0,0.0,8.0,0,3946582.6,1973256.47,0.0556,54813.65,data\ibm_graphs\IBM_NEG_0678.graphml
IBM_NEG_0679,B234395_80C939850,0,1,4,4,4,1.0,0.0,8.0,0,492513.46,245758.58,0.0556,6840.46,data\ibm_graphs\IBM_NEG_0679.graphml
IBM_NEG_0680,B28094_80A4A70C0,0,5,26,2,10,5.0,1.3,10.4,0,1742407.33,430807.67,0.3611,24200.1,data\ibm_graphs\IBM_NEG_0680.graphml
IBM_NEG_0681,B154518_814546EE1,0,1,4,4,4,1.0,0.0,8.0,0,0.33,0.16,0.0556,0.0,data\ibm_graphs\IBM_NEG_0681.graphml
IBM_NEG_0682,B220_8081D5240,0,1,2,2,2,1.0,0.0,4.0,0,48.48,24.24,0.0278,0.67,data\ibm_graphs\IBM_NEG_0682.graphml
IBM_NEG_0683,B2385_801D08670,0,4,16,4,12,3.0,1.3333,8.0,1,308259.44,53115.58,0.2222,4281.38,data\ibm_graphs\IBM_NEG_0683.graphml
IBM_NEG_0684,B115415_80F25C0F0,0,1,2,2,2,1.0,0.0,4.0,0,10737.42,5368.71,0.0278,149.13,data\ibm_graphs\IBM_NEG_0684.graphml
IBM_NEG_0685,B12719_809897260,0,1,2,2,2,1.0,0.0,4.0,0,12932.78,6466.39,0.0278,179.62,data\ibm_graphs\IBM_NEG_0685.graphml
IBM_NEG_0686,B243897_8105302D0,0,2,8,0,6,6.0,4.0,8.0,0,959852.7,354387.12,0.1111,13331.29,data\ibm_graphs\IBM_NEG_0686.graphml
IBM_NEG_0687,B28237_80A5E7400,0,24,84,2,8,4.0,0.1522,7.0,12,7283215.19,1244113.0,1.1667,101155.77,data\ibm_graphs\IBM_NEG_0687.graphml
IBM_NEG_0688,B44873_81089B690,0,32,115,12,2,0.1667,0.1159,7.1875,9,9351507.57,1794014.29,1.5972,129882.05,data\ibm_graphs\IBM_NEG_0688.graphml
IBM_NEG_0689,B15055_812B56B90,0,1,2,2,2,1.0,0.0,4.0,0,10.52,5.26,0.0278,0.15,data\ibm_graphs\IBM_NEG_0689.graphml
IBM_NEG_0690,B27564_81219BCD0,0,5,13,4,6,1.5,0.65,5.2,1,356637.97,123565.95,0.1806,4953.31,data\ibm_graphs\IBM_NEG_0690.graphml
IBM_NEG_0691,B16_805D679C0,0,1,4,4,4,1.0,0.0,8.0,0,902995.14,450713.91,0.0556,12541.6,data\ibm_graphs\IBM_NEG_0691.graphml
IBM_NEG_0692,B222_811B80C30,0,1,4,4,4,1.0,0.0,8.0,0,430342.66,215129.16,0.0556,5976.98,data\ibm_graphs\IBM_NEG_0692.graphml
IBM_NEG_0693,B119_812D0C1C0,0,1,2,2,2,1.0,0.0,4.0,0,12389.68,6194.84,0.0278,172.08,data\ibm_graphs\IBM_NEG_0693.graphml
IBM_NEG_0694,B1916_80C2228F0,0,1,2,2,2,1.0,0.0,4.0,0,3627.98,1813.99,0.0278,50.39,data\ibm_graphs\IBM_NEG_0694.graphml
IBM_NEG_0695,B5175_8051C7720,0,19,80,8,8,1.0,0.2339,8.4211,8,47821149.41,38566245.4,1.1111,664182.63,data\ibm_graphs\IBM_NEG_0695.graphml
IBM_NEG_0696,B26024_80345FD30,0,1,4,4,4,1.0,0.0,8.0,0,103364.3,51673.9,0.0556,1435.62,data\ibm_graphs\IBM_NEG_0696.graphml
IBM_NEG_0697,B111141_8089FE360,0,1,2,2,2,1.0,0.0,4.0,0,2342.02,1171.01,0.0278,32.53,data\ibm_graphs\IBM_NEG_0697.graphml
IBM_NEG_0698,B3045_80CD8DE00,0,9,32,4,6,1.5,0.4444,7.1111,4,1994568.99,379386.74,0.4444,27702.35,data\ibm_graphs\IBM_NEG_0698.graphml
IBM_NEG_0699,B37969_8110B6E30,1,21530,91217,8,4,0.5,0.0002,8.4735,8509,85618490224.13,6864834129.45,1266.9028,1189145697.56,data\ibm_graphs\IBM_NEG_0699.graphml
IBM_NEG_0700,B22155_808357320,0,27,103,10,2,0.2,0.1467,7.6296,11,25980418.82,15094223.96,1.4306,360839.15,data\ibm_graphs\IBM_NEG_0700.graphml
IBM_NEG_0701,B9679_80409D370,0,1,4,4,4,1.0,0.0,8.0,0,44695207.56,22347041.05,0.0556,620766.77,data\ibm_graphs\IBM_NEG_0701.graphml
IBM_NEG_0702,B11813_80887A790,0,2,4,4,2,0.5,2.0,4.0,0,34.96,17.42,0.0556,0.49,data\ibm_graphs\IBM_NEG_0702.graphml
IBM_NEG_0703,B217824_806B39200,0,6,25,6,2,0.3333,0.8333,8.3333,0,48886171.23,16211133.16,0.3472,678974.6,data\ibm_graphs\IBM_NEG_0703.graphml
IBM_NEG_0704,B19353_8074FF840,0,1,4,4,4,1.0,0.0,8.0,0,293516.54,145296.78,0.0556,4076.62,data\ibm_graphs\IBM_NEG_0704.graphml
IBM_NEG_0705,B338629_80E578A70,0,1,2,2,2,1.0,0.0,4.0,0,7537.02,3768.51,0.0278,104.68,data\ibm_graphs\IBM_NEG_0705.graphml
IBM_NEG_0706,B5_8076C84B0,0,19,59,0,2,2.0,0.1725,6.2105,4,671382.57,253450.59,0.8194,9324.76,data\ibm_graphs\IBM_NEG_0706.graphml
IBM_NEG_0707,B318574_806C574D0,0,1,2,2,2,1.0,0.0,4.0,0,178360.46,89180.23,0.0278,2477.23,data\ibm_graphs\IBM_NEG_0707.graphml
IBM_NEG_0708,B111491_8053DC260,0,26,99,12,8,0.6667,0.1523,7.6154,8,9558825.27,1367757.29,1.375,132761.46,data\ibm_graphs\IBM_NEG_0708.graphml
IBM_NEG_0709,B37510_802CE9D10,0,15,29,0,2,2.0,0.1381,3.8667,2,158277.33,36921.5,0.4028,2198.3,data\ibm_graphs\IBM_NEG_0709.graphml
IBM_NEG_0710,B15723_803E2EA80,1,9614,20044,4,14,3.5,0.0002,4.1698,9596,12655704496.81,1615849280.83,278.3889,175773673.57,data\ibm_graphs\IBM_NEG_0710.graphml
IBM_NEG_0711,B10_800C21ED0,0,1,4,4,4,1.0,0.0,8.0,0,779.2,366.63,0.0556,10.82,data\ibm_graphs\IBM_NEG_0711.graphml
IBM_NEG_0712,B121358_80F965190,0,1,4,4,4,1.0,0.0,8.0,0,2488.76,1226.67,0.0556,34.57,data\ibm_graphs\IBM_NEG_0712.graphml
IBM_NEG_0713,B316619_806177530,0,2,4,0,2,2.0,2.0,4.0,0,217234.42,107084.54,0.0556,3017.14,data\ibm_graphs\IBM_NEG_0713.graphml
IBM_NEG_0714,B143493_811534940,0,3,14,8,4,0.5,2.3333,9.3333,0,399347.74,196035.29,0.1944,5546.5,data\ibm_graphs\IBM_NEG_0714.graphml
IBM_NEG_0715,B1412_8047E8DB0,0,1,2,2,2,1.0,0.0,4.0,0,383.12,191.56,0.0278,5.32,data\ibm_graphs\IBM_NEG_0715.graphml
IBM_NEG_0716,B129076_80B65BD80,1,5850,12044,8,10,1.25,0.0004,4.1176,5839,7277739523.78,825807854.75,167.2778,101079715.61,data\ibm_graphs\IBM_NEG_0716.graphml
IBM_NEG_0717,B211075_8118C2650,0,11,37,2,4,2.0,0.3364,6.7273,4,3138009.27,647293.47,0.5139,43583.46,data\ibm_graphs\IBM_NEG_0717.graphml
IBM_NEG_0718,B24_80B1A3B80,0,17,55,8,4,0.5,0.2022,6.4706,8,72365944.22,20631572.31,0.7639,1005082.56,data\ibm_graphs\IBM_NEG_0718.graphml
IBM_NEG_0719,B8823_803759CA0,0,1,4,4,4,1.0,0.0,8.0,0,30345.66,15163.46,0.0556,421.47,data\ibm_graphs\IBM_NEG_0719.graphml
IBM_NEG_0720,B23501_81206C790,0,5,12,2,4,2.0,0.6,4.8,1,257392.88,125250.0,0.1667,3574.9,data\ibm_graphs\IBM_NEG_0720.graphml
IBM_NEG_0721,B26_80836B0A0,0,16,65,4,10,2.5,0.2708,8.125,4,4169459.73,1370253.23,0.9028,57909.16,data\ibm_graphs\IBM_NEG_0721.graphml
IBM_NEG_0722,B19535_805167930,0,1,4,4,4,1.0,0.0,8.0,0,12501.9,6239.85,0.0556,173.64,data\ibm_graphs\IBM_NEG_0722.graphml
IBM_NEG_0723,B13858_8134E2A50,0,1,2,2,2,1.0,0.0,4.0,0,20360.4,10180.2,0.0278,282.78,data\ibm_graphs\IBM_NEG_0723.graphml
IBM_NEG_0724,B19593_80399CBB0,0,1,2,2,2,1.0,0.0,4.0,0,34126354.5,17063177.25,0.0278,473977.15,data\ibm_graphs\IBM_NEG_0724.graphml
IBM_NEG_0725,B218989_807E3D1D0,0,81,278,4,4,1.0,0.0429,6.8642,4,2384649089.6,1115771322.78,3.8611,33120126.24,data\ibm_graphs\IBM_NEG_0725.graphml
IBM_NEG_0726,B310601_803EC85E0,0,10,42,0,2,2.0,0.4667,8.4,3,716126064.48,108527884.58,0.5833,9946195.34,data\ibm_graphs\IBM_NEG_0726.graphml
IBM_NEG_0727,B26463_80BC910C0,1,12800,54226,4,10,2.5,0.0003,8.4728,4999,29717398295.77,825807854.75,753.1389,412741643.0,data\ibm_graphs\IBM_NEG_0727.graphml
IBM_NEG_0728,B14433_8034EA260,1,9618,20022,2,4,2.0,0.0002,4.1634,9605,12662103076.09,1615849280.83,278.0833,175862542.72,data\ibm_graphs\IBM_NEG_0728.graphml
IBM_NEG_0729,B228540_80D3A33D0,0,1,4,4,4,1.0,0.0,8.0,0,617.34,299.27,0.0556,8.57,data\ibm_graphs\IBM_NEG_0729.graphml
IBM_NEG_0730,B18902_808E9C410,0,1,4,4,4,1.0,0.0,8.0,0,189.44,85.62,0.0556,2.63,data\ibm_graphs\IBM_NEG_0730.graphml
IBM_NEG_0731,B24132_801859C00,0,22,66,8,8,1.0,0.1429,6.0,11,18886309.41,14277521.51,0.9167,262309.85,data\ibm_graphs\IBM_NEG_0731.graphml
IBM_NEG_0732,B316614_806111E60,0,16,43,0,2,2.0,0.1792,5.375,8,2856022315.25,1137079106.94,0.5972,39666976.6,data\ibm_graphs\IBM_NEG_0732.graphml
IBM_NEG_0733,B27755_80A23B730,0,8,24,2,10,5.0,0.4286,6.0,1,4331170.36,1998920.36,0.3333,60155.14,data\ibm_graphs\IBM_NEG_0733.graphml
IBM_NEG_0734,B29435_80D3F98A0,0,13,46,6,2,0.3333,0.2949,7.0769,7,423810.69,246888.84,0.6389,5886.26,data\ibm_graphs\IBM_NEG_0734.graphml
IBM_NEG_0735,B22345_8105804C0,0,1,4,4,4,1.0,0.0,8.0,0,19626.7,9798.83,0.0556,272.59,data\ibm_graphs\IBM_NEG_0735.graphml
IBM_NEG_0736,B20_800D59B20,0,27,81,2,4,2.0,0.1154,6.0,14,3998440.78,585069.95,1.125,55533.9,data\ibm_graphs\IBM_NEG_0736.graphml
IBM_NEG_0737,B118_80DC11970,0,1,2,2,2,1.0,0.0,4.0,0,39.22,19.61,0.0278,0.54,data\ibm_graphs\IBM_NEG_0737.graphml
IBM_NEG_0738,B225454_8095EE650,0,1,2,2,2,1.0,0.0,4.0,0,48347.72,24173.86,0.0278,671.5,data\ibm_graphs\IBM_NEG_0738.graphml
IBM_NEG_0739,B125633_8096EF880,0,1,2,2,2,1.0,0.0,4.0,0,5392.42,2696.21,0.0278,74.89,data\ibm_graphs\IBM_NEG_0739.graphml
IBM_NEG_0740,B116715_80B461450,0,16,51,10,2,0.2,0.2125,6.375,7,130570935.0,38416721.99,0.7083,1813485.21,data\ibm_graphs\IBM_NEG_0740.graphml
IBM_NEG_0741,B39775_80F53DFC0,0,1,2,2,2,1.0,0.0,4.0,0,11840.84,5920.42,0.0278,164.46,data\ibm_graphs\IBM_NEG_0741.graphml
IBM_NEG_0742,B329099_80DDCA460,0,1,2,2,2,1.0,0.0,4.0,0,6022.68,3011.34,0.0278,83.65,data\ibm_graphs\IBM_NEG_0742.graphml
IBM_NEG_0743,B29251_806F20770,0,1,4,4,4,1.0,0.0,8.0,0,15563.82,7769.84,0.0556,216.16,data\ibm_graphs\IBM_NEG_0743.graphml
IBM_NEG_0744,B21387_80131B9A0,0,31,121,14,6,0.4286,0.1301,7.8065,16,107632162.54,28235406.34,1.6806,1494891.15,data\ibm_graphs\IBM_NEG_0744.graphml
IBM_NEG_0745,B28_80A0E8850,0,706,1434,2,4,2.0,0.0029,4.0623,701,513154092.63,95121736.49,19.9167,7127140.18,data\ibm_graphs\IBM_NEG_0745.graphml
IBM_NEG_0746,B22091_8089E2970,0,1,4,4,4,1.0,0.0,8.0,0,1746.22,856.75,0.0556,24.25,data\ibm_graphs\IBM_NEG_0746.graphml
IBM_NEG_0747,B213005_804B8BD10,1,985,2141,14,10,0.7143,0.0022,4.3472,954,125504366805.71,27164201782.49,29.7361,1743116205.63,data\ibm_graphs\IBM_NEG_0747.graphml
IBM_NEG_0748,B1588_803587380,0,1,4,4,4,1.0,0.0,8.0,0,14917.48,7436.48,0.0556,207.19,data\ibm_graphs\IBM_NEG_0748.graphml
IBM_NEG_0749,B16991_804F5EA20,0,14,47,8,4,0.5,0.2582,6.7143,6,3600512.92,1287304.53,0.6528,50007.12,data\ibm_graphs\IBM_NEG_0749.graphml
IBM_NEG_0750,B28733_80C9C0980,0,6,20,2,4,2.0,0.6667,6.6667,2,15501816.1,7144253.58,0.2778,215303.0,data\ibm_graphs\IBM_NEG_0750.graphml
IBM_NEG_0751,B310384_805B2F120,0,2,4,0,2,2.0,2.0,4.0,0,82463.42,33789.72,0.0556,1145.33,data\ibm_graphs\IBM_NEG_0751.graphml
IBM_NEG_0752,B3_80DB39D00,0,1,2,2,2,1.0,0.0,4.0,0,262.18,131.09,0.0278,3.64,data\ibm_graphs\IBM_NEG_0752.graphml
IBM_NEG_0753,B116781_80648EE00,0,2,4,4,2,0.5,2.0,4.0,0,1910.88,955.43,0.0556,26.54,data\ibm_graphs\IBM_NEG_0753.graphml
IBM_NEG_0754,B123997_809B0EE40,0,1,4,4,4,1.0,0.0,8.0,0,190.74,87.79,0.0556,2.65,data\ibm_graphs\IBM_NEG_0754.graphml
IBM_NEG_0755,B24840_8023BDDA0,0,1,2,2,2,1.0,0.0,4.0,0,35665.24,17832.62,0.0278,495.35,data\ibm_graphs\IBM_NEG_0755.graphml
IBM_NEG_0756,B228921_813503230,0,1,2,2,2,1.0,0.0,4.0,0,2176.54,1088.27,0.0278,30.23,data\ibm_graphs\IBM_NEG_0756.graphml
IBM_NEG_0757,B25637_80461D450,1,21537,91235,4,4,1.0,0.0002,8.4724,8509,85618819352.83,6864834129.45,1267.1528,1189150268.79,data\ibm_graphs\IBM_NEG_0757.graphml
IBM_NEG_0758,B211_80A1D86D0,0,1,4,4,4,1.0,0.0,8.0,0,15738.9,7855.03,0.0556,218.6,data\ibm_graphs\IBM_NEG_0758.graphml
IBM_NEG_0759,B14_80FECC540,0,7,24,8,2,0.25,0.5714,6.8571,2,839136.36,188025.17,0.3333,11654.67,data\ibm_graphs\IBM_NEG_0759.graphml
IBM_NEG_0760,B125164_80DE134F0,0,8,44,8,4,0.5,0.7857,11.0,2,4721402.68,1004310.41,0.6111,65575.04,data\ibm_graphs\IBM_NEG_0760.graphml
IBM_NEG_0761,B15385_805FC2DC0,0,2,6,6,4,0.6667,3.0,6.0,0,13334925.24,5261514.51,0.0833,185207.3,data\ibm_graphs\IBM_NEG_0761.graphml
IBM_NEG_0762,B12_804C6EED0,0,1,4,4,4,1.0,0.0,8.0,0,2644599.78,1321829.76,0.0556,36730.55,data\ibm_graphs\IBM_NEG_0762.graphml
IBM_NEG_0763,B16927_8065E13A0,0,14,46,8,8,1.0,0.2527,6.5714,2,1532344337.7,1158636460.57,0.6389,21282560.25,data\ibm_graphs\IBM_NEG_0763.graphml
IBM_NEG_0764,B12513_802F48AD0,0,17,72,4,10,2.5,0.2647,8.4706,4,3743980.63,1544079.18,1.0,51999.73,data\ibm_graphs\IBM_NEG_0764.graphml
IBM_NEG_0765,B33757_803C1D7D0,0,1,2,2,2,1.0,0.0,4.0,0,61284.58,30642.29,0.0278,851.17,data\ibm_graphs\IBM_NEG_0765.graphml
IBM_NEG_0766,B349604_812259030,0,2,2,0,2,2.0,1.0,2.0,1,0.14,0.07,0.0278,0.0,data\ibm_graphs\IBM_NEG_0766.graphml
IBM_NEG_0767,B220541_807DE03D0,0,34,134,8,16,2.0,0.1194,7.8824,13,31092498.31,5452783.14,1.8611,431840.25,data\ibm_graphs\IBM_NEG_0767.graphml
IBM_NEG_0768,B148350_8123A4F60,0,2,4,4,2,0.5,2.0,4.0,0,7691.82,3518.21,0.0556,106.83,data\ibm_graphs\IBM_NEG_0768.graphml
IBM_NEG_0769,B2915_802BC4980,1,5841,11999,10,2,0.2,0.0004,4.1085,5833,7517025381.39,825807854.75,166.6528,104403130.3,data\ibm_graphs\IBM_NEG_0769.graphml
IBM_NEG_0770,B122463_808614B80,0,6,13,2,2,1.0,0.4333,4.3333,1,15649170.48,7816874.8,0.1806,217349.59,data\ibm_graphs\IBM_NEG_0770.graphml
IBM_NEG_0771,B130425_813123610,0,1,2,2,2,1.0,0.0,4.0,0,20.08,10.04,0.0278,0.28,data\ibm_graphs\IBM_NEG_0771.graphml
IBM_NEG_0772,B339714_80E8A0490,0,1,2,2,2,1.0,0.0,4.0,0,18197.34,9098.67,0.0278,252.74,data\ibm_graphs\IBM_NEG_0772.graphml
IBM_NEG_0773,B143496_81066A010,1,2127,9021,12,8,0.6667,0.002,8.4824,775,14586080059.35,2799575044.34,125.2917,202584445.27,data\ibm_graphs\IBM_NEG_0773.graphml
IBM_NEG_0774,B339277_80F837480,0,2,2,0,2,2.0,1.0,2.0,1,5563.2,2781.6,0.0278,77.27,data\ibm_graphs\IBM_NEG_0774.graphml
IBM_NEG_0775,B13516_8131811D0,0,1,4,4,4,1.0,0.0,8.0,0,750709.86,375339.72,0.0556,10426.53,data\ibm_graphs\IBM_NEG_0775.graphml
IBM_NEG_0776,B40312_80F59BEE0,0,1,2,2,2,1.0,0.0,4.0,0,43.12,21.56,0.0278,0.6,data\ibm_graphs\IBM_NEG_0776.graphml
IBM_NEG_0777,B134920_80CFAFF40,0,1,4,4,4,1.0,0.0,8.0,0,4914.84,2412.55,0.0556,68.26,data\ibm_graphs\IBM_NEG_0777.graphml
IBM_NEG_0778,B139342_80E871430,0,1,4,4,4,1.0,0.0,8.0,0,5195.66,2589.88,0.0556,72.16,data\ibm_graphs\IBM_NEG_0778.graphml
IBM_NEG_0779,B14433_802E02F70,0,1,2,2,2,1.0,0.0,4.0,0,47.9,23.95,0.0278,0.67,data\ibm_graphs\IBM_NEG_0779.graphml
IBM_NEG_0780,B239453_80E7CFD10,0,1,2,2,2,1.0,0.0,4.0,0,41.18,20.59,0.0278,0.57,data\ibm_graphs\IBM_NEG_0780.graphml
IBM_NEG_0781,B13862_802214FA0,0,22,63,2,12,6.0,0.1364,5.7273,7,32135801.21,11319951.5,0.875,446330.57,data\ibm_graphs\IBM_NEG_0781.graphml
IBM_NEG_0782,B220_80059A280,0,5,17,2,4,2.0,0.85,6.8,0,219558.43,34034.68,0.2361,3049.42,data\ibm_graphs\IBM_NEG_0782.graphml
IBM_NEG_0783,B113_8100DBFA0,0,11,30,6,4,0.6667,0.2727,5.4545,6,19427149.33,9583031.59,0.4167,269821.52,data\ibm_graphs\IBM_NEG_0783.graphml
IBM_NEG_0784,B115159_80E1A4240,1,21530,91223,14,4,0.2857,0.0002,8.474,8509,85618910295.18,6864834129.45,1266.9861,1189151531.88,data\ibm_graphs\IBM_NEG_0784.graphml
IBM_NEG_0785,B244818_811206E60,0,1,2,2,2,1.0,0.0,4.0,0,12527.9,6263.95,0.0278,174.0,data\ibm_graphs\IBM_NEG_0785.graphml
IBM_NEG_0786,B1_800109820,1,21581,91470,4,22,5.5,0.0002,8.4769,8534,85671610919.08,6864834129.45,1270.4167,1189883484.99,data\ibm_graphs\IBM_NEG_0786.graphml
IBM_NEG_0787,B19925_803B1F670,0,2,4,4,2,0.5,2.0,4.0,0,2361.32,1180.55,0.0556,32.8,data\ibm_graphs\IBM_NEG_0787.graphml
IBM_NEG_0788,B1412_808589080,0,9,40,2,12,6.0,0.5556,8.8889,1,90862656.18,30855964.26,0.5556,1261981.34,data\ibm_graphs\IBM_NEG_0788.graphml
IBM_NEG_0789,B143598_810D682B0,0,2,10,4,8,2.0,5.0,10.0,0,5872285.78,2927350.83,0.1389,81559.52,data\ibm_graphs\IBM_NEG_0789.graphml
IBM_NEG_0790,B21550_8022A2B30,0,19,78,8,20,2.5,0.2281,8.2105,2,14493077.43,12196624.0,1.0833,201292.74,data\ibm_graphs\IBM_NEG_0790.graphml
IBM_NEG_0791,B25170_8095AF7C0,0,9,23,4,6,1.5,0.3194,5.1111,3,843793.52,584160.22,0.3194,11719.35,data\ibm_graphs\IBM_NEG_0791.graphml
IBM_NEG_0792,B6030_80853BEF0,0,1,2,2,2,1.0,0.0,4.0,0,88839.66,44419.83,0.0278,1233.88,data\ibm_graphs\IBM_NEG_0792.graphml
IBM_NEG_0793,B20_80006F9C0,0,56,226,2,36,18.0,0.0734,8.0714,27,1277198833.72,226824709.55,3.1389,17738872.69,data\ibm_graphs\IBM_NEG_0793.graphml
IBM_NEG_0794,B130435_80C394760,0,2,8,6,2,0.3333,4.0,8.0,0,852.4,221.8,0.1111,11.84,data\ibm_graphs\IBM_NEG_0794.graphml
IBM_NEG_0795,B335355_80D8C99D0,0,1,2,2,2,1.0,0.0,4.0,0,11130.84,5565.42,0.0278,154.59,data\ibm_graphs\IBM_NEG_0795.graphml
IBM_NEG_0796,B22806_813674920,0,5,20,8,2,0.25,1.0,8.0,1,1649917.9,1191188.75,0.2778,22915.53,data\ibm_graphs\IBM_NEG_0796.graphml
IBM_NEG_0797,B250209_81379A5C0,0,1,4,4,4,1.0,0.0,8.0,0,48.7,20.18,0.0556,0.68,data\ibm_graphs\IBM_NEG_0797.graphml
IBM_NEG_0798,B27_80BE85D30,0,1,4,4,4,1.0,0.0,8.0,0,48655.8,24214.31,0.0556,675.78,data\ibm_graphs\IBM_NEG_0798.graphml
IBM_NEG_0799,B10057_80409EEA0,0,5,17,4,10,2.5,0.85,6.8,1,2631805267.04,2596008004.34,0.2361,36552850.93,data\ibm_graphs\IBM_NEG_0799.graphml
IBM_NEG_0800,B320454_808381910,0,1,2,2,2,1.0,0.0,4.0,0,14531.6,7265.8,0.0278,201.83,data\ibm_graphs\IBM_NEG_0800.graphml
