complaint_id,incident_entity_id,risk_probability,rank,atm_id,city,latitude,longitude,terminal_score,reason
C000003,ENT_000325,1.0,1,ATM_014,Kochi,9.9312,76.2673,0.8093,"Intermediate 2-hop fund layering path; direct cash withdrawal observed (₹222,229.06 across 1 tx); single-source fund exit at Kochi; activity occurred within 26.3h of incident reference time."
C000003,ENT_000325,1.0,2,ATM_009,Jaipur,26.9124,75.7873,0.7405,"Intermediate 2-hop fund layering path; direct cash withdrawal observed (₹93,875.43 across 1 tx); single-source fund exit at Jaipur; activity occurred within 33.7h of incident reference time."
C000014,ENT_000292,1.0,1,ATM_018,Bengaluru,12.9716,77.5946,0.9045,"Immediate 1-hop terminal connection; direct cash withdrawal observed (₹183,797.37 across 2 tx); 2 upstream feeding entities converged at terminal in Bengaluru; activity occurred within 10.1h of incident reference time."
C000014,ENT_000292,1.0,2,ATM_023,Bhopal,23.2599,77.4126,0.7958,"Extended 3-hop fund dispersion chain; direct cash withdrawal observed (₹177,309.34 across 2 tx); 2 upstream feeding entities converged at terminal in Bhopal; activity occurred within 9.8h of incident reference time."
C000016,ENT_000598,0.9993,1,ATM_011,Kolkata,22.5726,88.3639,0.702,"Intermediate 2-hop fund layering path; direct cash withdrawal observed (₹45,630.25 across 2 tx); single-source fund exit at Kolkata; activity occurred within 63.1h of incident reference time."
C000024,ENT_000425,0.9947,1,ATM_015,Chandigarh,30.7333,76.7794,0.8345,"Intermediate 2-hop fund layering path; direct cash withdrawal observed (₹403,355.82 across 1 tx); single-source fund exit at Chandigarh; activity occurred within 22.8h of incident reference time."
C000030,ENT_000063,1.0,1,ATM_011,Kolkata,22.5726,88.3639,0.6586,"Intermediate 2-hop fund layering path; direct cash withdrawal observed (₹45,630.25 across 2 tx); single-source fund exit at Kolkata; activity occurred within 63.1h of incident reference time."
C000035,ENT_000387,1.0,1,ATM_008,Delhi (Connaught Place),28.6315,77.2167,0.85,"Extrapolated candidate cash-out hub: ATM_008 in Delhi (Connaught Place) located 0.9 km from terminal mule account ENT_000362 (hop 3). Proximity surveillance target based on downstream fund routing of ₹170,631.04."
C000035,ENT_000387,1.0,2,ATM_030,Delhi (Karol Bagh),28.6517,77.1906,0.85,"Extrapolated candidate cash-out hub: ATM_030 in Delhi (Karol Bagh) located 4.1 km from terminal mule account ENT_000362 (hop 3). Proximity surveillance target based on downstream fund routing of ₹170,631.04."
C000035,ENT_000387,1.0,3,ATM_017,Delhi (Nehru Place),28.5494,77.2536,0.85,"Extrapolated candidate cash-out hub: ATM_017 in Delhi (Nehru Place) located 9.0 km from terminal mule account ENT_000362 (hop 3). Proximity surveillance target based on downstream fund routing of ₹170,631.04."
C000044,ENT_000677,0.9999,1,ATM_002,Bhubaneswar,20.2961,85.8245,0.7986,"Extended 3-hop fund dispersion chain; direct cash withdrawal observed (₹208,247.92 across 1 tx); single-source fund exit at Bhubaneswar; activity occurred within 6.9h of incident reference time."
C000047,ENT_000185,1.0,1,ATM_029,Mumbai,19.076,72.8777,0.6172,"Extended 3-hop fund dispersion chain; direct cash withdrawal observed (₹49,904.90 across 1 tx); single-source fund exit at Mumbai; activity occurred within 57.6h of incident reference time."
C000048,ENT_000047,0.9999,1,ATM_009,Jaipur (MI Road),26.9198,75.8115,0.85,"Extrapolated candidate cash-out hub: ATM_009 in Jaipur (MI Road) located 3.8 km from terminal mule account ENT_000144 (hop 3). Proximity surveillance target based on downstream fund routing of ₹294,961.92."
C000048,ENT_000047,0.9999,2,ATM_017,Delhi (Nehru Place),28.5494,77.2536,0.7619,"Extrapolated candidate cash-out hub: ATM_017 in Delhi (Nehru Place) located 233.0 km from terminal mule account ENT_000144 (hop 3). Proximity surveillance target based on downstream fund routing of ₹294,961.92."
C000048,ENT_000047,0.9999,3,ATM_008,Delhi (Connaught Place),28.6315,77.2167,0.7583,"Extrapolated candidate cash-out hub: ATM_008 in Delhi (Connaught Place) located 238.1 km from terminal mule account ENT_000144 (hop 3). Proximity surveillance target based on downstream fund routing of ₹294,961.92."
C000050,ENT_000080,0.0071,1,ATM_029,Mumbai,19.076,72.8777,0.5024,"Immediate 1-hop terminal connection; direct cash withdrawal observed (₹49,904.90 across 1 tx); single-source fund exit at Mumbai; activity occurred within 33.6h of incident reference time."
C000053,ENT_000417,1.0,1,ATM_046,Hyderabad,17.385,78.4867,0.8793,"Intermediate 2-hop fund layering path; direct cash withdrawal observed (₹245,531.24 across 3 tx); 3 upstream feeding entities converged at terminal in Hyderabad; activity occurred within 11.6h of incident reference time."
C000053,ENT_000417,1.0,2,ATM_029,Mumbai,19.076,72.8777,0.736,"Intermediate 2-hop fund layering path; direct cash withdrawal observed (₹117,667.24 across 2 tx); 2 upstream feeding entities converged at terminal in Mumbai; activity occurred within 42.9h of incident reference time."
C000054,ENT_000165,0.0464,1,ATM_007,Patna,25.5941,85.1376,0.4767,"Intermediate 2-hop fund layering path; direct cash withdrawal observed (₹15,311.42 across 2 tx); 2 upstream feeding entities converged at terminal in Patna; activity occurred within 18.5h of incident reference time."
C000056,ENT_000513,1.0,1,ATM_023,Bhopal,23.2599,77.4126,0.7884,"Extended 3-hop fund dispersion chain; direct cash withdrawal observed (₹155,851.99 across 2 tx); 2 upstream feeding entities converged at terminal in Bhopal; activity occurred within 5.8h of incident reference time."
C000056,ENT_000513,1.0,2,ATM_018,Bengaluru,12.9716,77.5946,0.777,"Extended 3-hop fund dispersion chain; direct cash withdrawal observed (₹148,974.77 across 2 tx); 2 upstream feeding entities converged at terminal in Bengaluru; activity occurred within 6.6h of incident reference time."
C000057,ENT_000547,0.9997,1,ATM_043,Chennai,13.0827,80.2707,0.8451,"Intermediate 2-hop fund layering path; direct cash withdrawal observed (₹340,898.49 across 1 tx); single-source fund exit at Chennai; activity occurred within 36.0h of incident reference time."
C000065,ENT_000507,1.0,1,ATM_009,Jaipur (MI Road),26.9198,75.8115,0.85,"Extrapolated candidate cash-out hub: ATM_009 in Jaipur (MI Road) located 4.2 km from terminal mule account ENT_000632 (hop 3). Proximity surveillance target based on downstream fund routing of ₹250,968.43."
C000065,ENT_000507,1.0,2,ATM_017,Delhi (Nehru Place),28.5494,77.2536,0.7611,"Extrapolated candidate cash-out hub: ATM_017 in Delhi (Nehru Place) located 234.2 km from terminal mule account ENT_000632 (hop 3). Proximity surveillance target based on downstream fund routing of ₹250,968.43."
C000065,ENT_000507,1.0,3,ATM_008,Delhi (Connaught Place),28.6315,77.2167,0.7575,"Extrapolated candidate cash-out hub: ATM_008 in Delhi (Connaught Place) located 239.3 km from terminal mule account ENT_000632 (hop 3). Proximity surveillance target based on downstream fund routing of ₹250,968.43."
C000066,ENT_000080,0.9997,1,ATM_049,Mohali (Phase 7),30.7046,76.7179,0.85,"Extrapolated candidate cash-out hub: ATM_049 in Mohali (Phase 7) located 5.9 km from terminal mule account ENT_000119 (hop 1). Proximity surveillance target based on downstream fund routing of ₹304,493.40."
C000066,ENT_000080,0.9997,2,ATM_024,Patiala (Leela Bhawan),30.3398,76.3869,0.85,"Extrapolated candidate cash-out hub: ATM_024 in Patiala (Leela Bhawan) located 57.3 km from terminal mule account ENT_000119 (hop 1). Proximity surveillance target based on downstream fund routing of ₹304,493.40."
C000066,ENT_000080,0.9997,3,ATM_016,Ludhiana (Ferozepur Road),30.901,75.82,0.85,"Extrapolated candidate cash-out hub: ATM_016 in Ludhiana (Ferozepur Road) located 90.9 km from terminal mule account ENT_000119 (hop 1). Proximity surveillance target based on downstream fund routing of ₹304,493.40."
C000068,ENT_000019,0.9999,1,ATM_014,Kochi,9.9312,76.2673,0.7542,"Extended 3-hop fund dispersion chain; direct cash withdrawal observed (₹398,601.77 across 1 tx); single-source fund exit at Kochi; activity occurred within 42.0h of incident reference time."
C000069,ENT_000420,1.0,1,ATM_017,Delhi,28.6139,77.209,0.8659,"Immediate 1-hop terminal connection; direct cash withdrawal observed (₹189,816.84 across 1 tx); single-source fund exit at Delhi; activity occurred within 15.9h of incident reference time."
C000073,ENT_000156,0.0053,1,ATM_026,Lucknow,26.8467,80.9462,0.4959,"Immediate 1-hop terminal connection; direct cash withdrawal observed (₹38,579.46 across 1 tx); single-source fund exit at Lucknow; activity occurred within 52.6h of incident reference time."
C000076,ENT_000173,0.9575,1,ATM_029,Mumbai,19.076,72.8777,0.767,"Immediate 1-hop terminal connection; direct cash withdrawal observed (₹54,069.86 across 3 tx); 3 upstream feeding entities converged at terminal in Mumbai; activity occurred within 50.7h of incident reference time."
C000076,ENT_000173,0.9575,2,ATM_011,Kolkata,22.5726,88.3639,0.6161,"Extended 3-hop fund dispersion chain; direct cash withdrawal observed (₹52,381.88 across 2 tx); 2 upstream feeding entities converged at terminal in Kolkata; activity occurred within 66.4h of incident reference time."
C000077,ENT_000239,0.9952,1,ATM_004,Chennai (T Nagar),13.0418,80.2341,0.85,"Extrapolated candidate cash-out hub: ATM_004 in Chennai (T Nagar) located 5.7 km from terminal mule account ENT_000560 (hop 3). Proximity surveillance target based on downstream fund routing of ₹296,733.67."
C000077,ENT_000239,0.9952,2,ATM_035,Chennai (Anna Nagar),13.085,80.21,0.85,"Extrapolated candidate cash-out hub: ATM_035 in Chennai (Anna Nagar) located 8.3 km from terminal mule account ENT_000560 (hop 3). Proximity surveillance target based on downstream fund routing of ₹296,733.67."
C000077,ENT_000239,0.9952,3,ATM_018,Bengaluru (Indiranagar),12.9784,77.6408,0.7229,"Extrapolated candidate cash-out hub: ATM_018 in Bengaluru (Indiranagar) located 286.3 km from terminal mule account ENT_000560 (hop 3). Proximity surveillance target based on downstream fund routing of ₹296,733.67."
C000081,ENT_000154,0.9959,1,ATM_037,Mumbai,19.076,72.8777,0.7183,"Extended 3-hop fund dispersion chain; direct cash withdrawal observed (₹228,800.55 across 1 tx); single-source fund exit at Mumbai; activity occurred within 69.1h of incident reference time."
C000084,ENT_000685,0.9938,1,ATM_005,Kochi (MG Road),9.9723,76.2789,0.85,"Extrapolated candidate cash-out hub: ATM_005 in Kochi (MG Road) located 4.4 km from terminal mule account ENT_000685 (hop 0). Proximity surveillance target based on downstream fund routing of ₹356,146.14."
C000084,ENT_000685,0.9938,2,ATM_043,Coimbatore (RS Puram),11.008,76.952,0.85,"Extrapolated candidate cash-out hub: ATM_043 in Coimbatore (RS Puram) located 140.4 km from terminal mule account ENT_000685 (hop 0). Proximity surveillance target based on downstream fund routing of ₹356,146.14."
C000084,ENT_000685,0.9938,3,ATM_039,Kozhikode (Mavoor Road),11.2588,75.789,0.85,"Extrapolated candidate cash-out hub: ATM_039 in Kozhikode (Mavoor Road) located 153.2 km from terminal mule account ENT_000685 (hop 0). Proximity surveillance target based on downstream fund routing of ₹356,146.14."
C000087,ENT_000345,0.9938,1,ATM_046,Hyderabad,17.385,78.4867,0.7271,"Extended 3-hop fund dispersion chain; direct cash withdrawal observed (₹92,901.26 across 2 tx); single-source fund exit at Hyderabad; activity occurred within 16.4h of incident reference time."
C000094,ENT_000020,1.0,1,ATM_019,Mumbai,19.076,72.8777,0.7558,"Extended 3-hop fund dispersion chain; direct cash withdrawal observed (₹127,421.74 across 1 tx); single-source fund exit at Mumbai; activity occurred within 13.3h of incident reference time."
C000097,ENT_000136,0.9996,1,ATM_001,Hyderabad (Banjara Hills),17.4156,78.435,0.85,"Extrapolated candidate cash-out hub: ATM_001 in Hyderabad (Banjara Hills) located 3.0 km from terminal mule account ENT_000505 (hop 3). Proximity surveillance target based on downstream fund routing of ₹175,917.03."
C000097,ENT_000136,0.9996,2,ATM_027,Hyderabad (Begumpet),17.4447,78.4664,0.85,"Extrapolated candidate cash-out hub: ATM_027 in Hyderabad (Begumpet) located 5.4 km from terminal mule account ENT_000505 (hop 3). Proximity surveillance target based on downstream fund routing of ₹175,917.03."
C000097,ENT_000136,0.9996,3,ATM_013,Hyderabad (Hitec City),17.4435,78.3772,0.85,"Extrapolated candidate cash-out hub: ATM_013 in Hyderabad (Hitec City) located 9.7 km from terminal mule account ENT_000505 (hop 3). Proximity surveillance target based on downstream fund routing of ₹175,917.03."
C000099,ENT_000116,1.0,1,ATM_002,Bhubaneswar,20.2961,85.8245,0.7852,"Extended 3-hop fund dispersion chain; direct cash withdrawal observed (₹352,112.08 across 1 tx); single-source fund exit at Bhubaneswar; activity occurred within 19.6h of incident reference time."
C000100,ENT_000542,1.0,1,ATM_049,Mohali (Phase 7),30.7046,76.7179,0.85,"Extrapolated candidate cash-out hub: ATM_049 in Mohali (Phase 7) located 8.3 km from terminal mule account ENT_000581 (hop 3). Proximity surveillance target based on downstream fund routing of ₹211,053.47."
C000100,ENT_000542,1.0,2,ATM_024,Patiala (Leela Bhawan),30.3398,76.3869,0.85,"Extrapolated candidate cash-out hub: ATM_024 in Patiala (Leela Bhawan) located 59.8 km from terminal mule account ENT_000581 (hop 3). Proximity surveillance target based on downstream fund routing of ₹211,053.47."
C000100,ENT_000542,1.0,3,ATM_016,Ludhiana (Ferozepur Road),30.901,75.82,0.8374,"Extrapolated candidate cash-out hub: ATM_016 in Ludhiana (Ferozepur Road) located 91.8 km from terminal mule account ENT_000581 (hop 3). Proximity surveillance target based on downstream fund routing of ₹211,053.47."
C000103,ENT_000093,0.9968,1,ATM_023,Bhopal,23.2599,77.4126,0.7688,"Intermediate 2-hop fund layering path; direct cash withdrawal observed (₹118,809.74 across 2 tx); 2 upstream feeding entities converged at terminal in Bhopal; activity occurred within 55.1h of incident reference time."
C000103,ENT_000093,0.9968,2,ATM_018,Bengaluru,12.9716,77.5946,0.7303,"Intermediate 2-hop fund layering path; direct cash withdrawal observed (₹115,023.61 across 2 tx); 2 upstream feeding entities converged at terminal in Bengaluru; activity occurred within 53.9h of incident reference time."
C000103,ENT_000093,0.9968,3,ATM_031,Bhubaneswar,20.2961,85.8245,0.6578,"Intermediate 2-hop fund layering path; direct cash withdrawal observed (₹2,712.30 across 1 tx); single-source fund exit at Bhubaneswar; activity occurred within 53.6h of incident reference time."
C000105,ENT_000568,0.9626,1,ATM_032,Pune (Shivajinagar),18.5314,73.8446,0.7925,"Extrapolated candidate cash-out hub: ATM_032 in Pune (Shivajinagar) located 5.2 km from terminal mule account ENT_000270 (hop 3). Proximity surveillance target based on downstream fund routing of ₹56,994.37."
C000105,ENT_000568,0.9626,2,ATM_034,Pune (Hinjawadi),18.5913,73.7389,0.7843,"Extrapolated candidate cash-out hub: ATM_034 in Pune (Hinjawadi) located 16.8 km from terminal mule account ENT_000270 (hop 3). Proximity surveillance target based on downstream fund routing of ₹56,994.37."
C000105,ENT_000568,0.9626,3,ATM_019,Mumbai (Nariman Point),18.9255,72.8242,0.7129,"Extrapolated candidate cash-out hub: ATM_019 in Mumbai (Nariman Point) located 118.9 km from terminal mule account ENT_000270 (hop 3). Proximity surveillance target based on downstream fund routing of ₹56,994.37."
C000109,ENT_000433,0.9419,1,ATM_043,Chennai,13.0827,80.2707,0.8199,"Intermediate 2-hop fund layering path; direct cash withdrawal observed (₹175,382.16 across 3 tx); 3 upstream feeding entities converged at terminal in Chennai; activity occurred within 18.0h of incident reference time."
C000109,ENT_000433,0.9419,2,ATM_014,Kochi,9.9312,76.2673,0.8055,"Intermediate 2-hop fund layering path; direct cash withdrawal observed (₹424,498.25 across 2 tx); 2 upstream feeding entities converged at terminal in Kochi; activity occurred within 39.6h of incident reference time."
C000114,ENT_000042,0.9676,1,ATM_023,Indore (Vijay Nagar),22.7533,75.8937,0.5459,"Extrapolated candidate cash-out hub: ATM_023 in Indore (Vijay Nagar) located 343.3 km from terminal mule account ENT_000387 (hop 3). Proximity surveillance target based on downstream fund routing of ₹37,632.77."
C000114,ENT_000042,0.9676,2,ATM_045,Nashik (College Road),20.0063,73.7634,0.5376,"Extrapolated candidate cash-out hub: ATM_045 in Nashik (College Road) located 355.2 km from terminal mule account ENT_000387 (hop 3). Proximity surveillance target based on downstream fund routing of ₹37,632.77."
C000114,ENT_000042,0.9676,3,ATM_028,Jodhpur (Sojati Gate),26.291,73.023,0.5276,"Extrapolated candidate cash-out hub: ATM_028 in Jodhpur (Sojati Gate) located 369.5 km from terminal mule account ENT_000387 (hop 3). Proximity surveillance target based on downstream fund routing of ₹37,632.77."
C000115,ENT_000584,1.0,1,ATM_029,Mumbai,19.076,72.8777,0.7723,"Intermediate 2-hop fund layering path; direct cash withdrawal observed (₹117,667.24 across 2 tx); 2 upstream feeding entities converged at terminal in Mumbai; activity occurred within 52.7h of incident reference time."
C000116,ENT_000238,0.7883,1,ATM_017,Delhi,28.6139,77.209,0.621,"Extended 3-hop fund dispersion chain; direct cash withdrawal observed (₹4,114.07 across 1 tx); single-source fund exit at Delhi; activity occurred within 10.9h of incident reference time."
C000117,ENT_000651,0.9809,1,ATM_001,Hyderabad,17.385,78.4867,0.8203,"Extended 3-hop fund dispersion chain; direct cash withdrawal observed (₹255,213.70 across 1 tx); single-source fund exit at Hyderabad; activity occurred within 14.5h of incident reference time."
C000124,ENT_000626,0.9998,1,ATM_024,Chandigarh,30.7333,76.7794,0.751,"Extended 3-hop fund dispersion chain; direct cash withdrawal observed (₹132,579.15 across 2 tx); single-source fund exit at Chandigarh; activity occurred within 29.4h of incident reference time."
C000124,ENT_000626,0.9998,2,ATM_009,Jaipur,26.9124,75.7873,0.7385,"Intermediate 2-hop fund layering path; direct cash withdrawal observed (₹52,414.37 across 2 tx); 2 upstream feeding entities converged at terminal in Jaipur; activity occurred within 38.4h of incident reference time."
C000124,ENT_000626,0.9998,3,ATM_039,Kochi,9.9312,76.2673,0.7274,"Intermediate 2-hop fund layering path; direct cash withdrawal observed (₹75,167.10 across 3 tx); 3 upstream feeding entities converged at terminal in Kochi; activity occurred within 39.7h of incident reference time."
C000125,ENT_000397,0.9882,1,ATM_024,Chandigarh,30.7333,76.7794,0.8023,"Immediate 1-hop terminal connection; direct cash withdrawal observed (₹102,488.44 across 4 tx); 4 upstream feeding entities converged at terminal in Chandigarh; activity occurred within 41.4h of incident reference time."
C000126,ENT_000143,0.7807,1,ATM_040,Lucknow,26.8467,80.9462,0.6735,"Intermediate 2-hop fund layering path; direct cash withdrawal observed (₹2,066.57 across 2 tx); 2 upstream feeding entities converged at terminal in Lucknow; activity occurred within 13.4h of incident reference time."
C000126,ENT_000143,0.7807,2,ATM_042,Patna,25.5941,85.1376,0.6265,"Extended 3-hop fund dispersion chain; direct cash withdrawal observed (₹1,139.02 across 1 tx); single-source fund exit at Patna; activity occurred within 8.8h of incident reference time."
C000136,ENT_000281,0.8037,1,ATM_006,Bhubaneswar (Patia),20.3588,85.816,0.85,"Extrapolated candidate cash-out hub: ATM_006 in Bhubaneswar (Patia) located 4.1 km from terminal mule account ENT_000340 (hop 1). Proximity surveillance target based on downstream fund routing of ₹398,601.26."
C000136,ENT_000281,0.8037,2,ATM_002,Bhubaneswar (Saheed Nagar),20.289,85.844,0.85,"Extrapolated candidate cash-out hub: ATM_002 in Bhubaneswar (Saheed Nagar) located 4.4 km from terminal mule account ENT_000340 (hop 1). Proximity surveillance target based on downstream fund routing of ₹398,601.26."
C000136,ENT_000281,0.8037,3,ATM_020,Cuttack (Badambadi),20.452,85.875,0.85,"Extrapolated candidate cash-out hub: ATM_020 in Cuttack (Badambadi) located 15.5 km from terminal mule account ENT_000340 (hop 1). Proximity surveillance target based on downstream fund routing of ₹398,601.26."
C000147,ENT_000458,0.9976,1,ATM_049,Mohali (Phase 7),30.7046,76.7179,0.85,"Extrapolated candidate cash-out hub: ATM_049 in Mohali (Phase 7) located 6.6 km from terminal mule account ENT_000080 (hop 3). Proximity surveillance target based on downstream fund routing of ₹329,606.33."
C000147,ENT_000458,0.9976,2,ATM_024,Patiala (Leela Bhawan),30.3398,76.3869,0.85,"Extrapolated candidate cash-out hub: ATM_024 in Patiala (Leela Bhawan) located 58.1 km from terminal mule account ENT_000080 (hop 3). Proximity surveillance target based on downstream fund routing of ₹329,606.33."
C000147,ENT_000458,0.9976,3,ATM_016,Ludhiana (Ferozepur Road),30.901,75.82,0.85,"Extrapolated candidate cash-out hub: ATM_016 in Ludhiana (Ferozepur Road) located 91.4 km from terminal mule account ENT_000080 (hop 3). Proximity surveillance target based on downstream fund routing of ₹329,606.33."
C000148,ENT_000387,0.9184,1,ATM_018,Bengaluru (Indiranagar),12.9784,77.6408,0.772,"Extrapolated candidate cash-out hub: ATM_018 in Bengaluru (Indiranagar) located 8.9 km from terminal mule account ENT_000008 (hop 3). Proximity surveillance target based on downstream fund routing of ₹52,971.00."
C000148,ENT_000387,0.9184,2,ATM_025,Bengaluru (Koramangala),12.9352,77.6245,0.7716,"Extrapolated candidate cash-out hub: ATM_025 in Bengaluru (Koramangala) located 9.5 km from terminal mule account ENT_000008 (hop 3). Proximity surveillance target based on downstream fund routing of ₹52,971.00."
C000148,ENT_000387,0.9184,3,ATM_033,Mysuru (Devaraja Mohalla),12.308,76.649,0.6909,"Extrapolated candidate cash-out hub: ATM_033 in Mysuru (Devaraja Mohalla) located 124.8 km from terminal mule account ENT_000008 (hop 3). Proximity surveillance target based on downstream fund routing of ₹52,971.00."
C000155,ENT_000099,1.0,1,ATM_035,Chennai,13.0827,80.2707,0.8752,"Intermediate 2-hop fund layering path; direct cash withdrawal observed (₹317,721.45 across 3 tx); 3 upstream feeding entities converged at terminal in Chennai; activity occurred within 9.4h of incident reference time."
C000156,ENT_000146,0.9997,1,ATM_009,Jaipur,26.9124,75.7873,0.696,"Intermediate 2-hop fund layering path; direct cash withdrawal observed (₹98,082.16 across 1 tx); single-source fund exit at Jaipur; activity occurred within 57.6h of incident reference time."
C000157,ENT_000499,0.9594,1,ATM_039,Kochi,9.9312,76.2673,0.5871,"Extended 3-hop fund dispersion chain; direct cash withdrawal observed (₹27,872.28 across 1 tx); single-source fund exit at Kochi; activity occurred within 59.0h of incident reference time."
C000159,ENT_000286,1.0,1,ATM_001,Hyderabad,17.385,78.4867,0.8504,"Intermediate 2-hop fund layering path; direct cash withdrawal observed (₹310,998.56 across 1 tx); single-source fund exit at Hyderabad; activity occurred within 16.3h of incident reference time."
C000159,ENT_000286,1.0,2,ATM_028,Jaipur,26.9124,75.7873,0.8164,"Intermediate 2-hop fund layering path; direct cash withdrawal observed (₹212,603.13 across 1 tx); single-source fund exit at Jaipur; activity occurred within 20.4h of incident reference time."
C000162,ENT_000599,0.9331,1,ATM_032,Pune (Shivajinagar),18.5314,73.8446,0.8198,"Extrapolated candidate cash-out hub: ATM_032 in Pune (Shivajinagar) located 4.6 km from terminal mule account ENT_000103 (hop 3). Proximity surveillance target based on downstream fund routing of ₹118,993.95."
C000162,ENT_000599,0.9331,2,ATM_034,Pune (Hinjawadi),18.5913,73.7389,0.8119,"Extrapolated candidate cash-out hub: ATM_034 in Pune (Hinjawadi) located 15.9 km from terminal mule account ENT_000103 (hop 3). Proximity surveillance target based on downstream fund routing of ₹118,993.95."
C000162,ENT_000599,0.9331,3,ATM_019,Mumbai (Nariman Point),18.9255,72.8242,0.7397,"Extrapolated candidate cash-out hub: ATM_019 in Mumbai (Nariman Point) located 119.1 km from terminal mule account ENT_000103 (hop 3). Proximity surveillance target based on downstream fund routing of ₹118,993.95."
C000165,ENT_000058,0.9999,1,ATM_029,Mumbai (Bandra Kurla Complex),19.0657,72.8687,0.85,"Extrapolated candidate cash-out hub: ATM_029 in Mumbai (Bandra Kurla Complex) located 1.6 km from terminal mule account ENT_000507 (hop 3). Proximity surveillance target based on downstream fund routing of ₹279,958.62."
C000165,ENT_000058,0.9999,2,ATM_037,Thane (Naupada),19.1873,72.9712,0.85,"Extrapolated candidate cash-out hub: ATM_037 in Thane (Naupada) located 16.0 km from terminal mule account ENT_000507 (hop 3). Proximity surveillance target based on downstream fund routing of ₹279,958.62."
C000165,ENT_000058,0.9999,3,ATM_019,Mumbai (Nariman Point),18.9255,72.8242,0.85,"Extrapolated candidate cash-out hub: ATM_019 in Mumbai (Nariman Point) located 17.8 km from terminal mule account ENT_000507 (hop 3). Proximity surveillance target based on downstream fund routing of ₹279,958.62."
C000177,ENT_000648,0.9932,1,ATM_002,Bhubaneswar,20.2961,85.8245,0.7374,"Extended 3-hop fund dispersion chain; direct cash withdrawal observed (₹230,384.27 across 1 tx); single-source fund exit at Bhubaneswar; activity occurred within 60.2h of incident reference time."
C000178,ENT_000537,1.0,1,ATM_012,Patna,25.5941,85.1376,0.9128,"Immediate 1-hop terminal connection; direct cash withdrawal observed (₹878,525.99 across 3 tx); single-source fund exit at Patna; activity occurred within 4.5h of incident reference time."
C000187,ENT_000394,0.894,1,ATM_032,Pune (Shivajinagar),18.5314,73.8446,0.784,"Extrapolated candidate cash-out hub: ATM_032 in Pune (Shivajinagar) located 3.1 km from terminal mule account ENT_000330 (hop 3). Proximity surveillance target based on downstream fund routing of ₹80,514.30."
C000187,ENT_000394,0.894,2,ATM_034,Pune (Hinjawadi),18.5913,73.7389,0.775,"Extrapolated candidate cash-out hub: ATM_034 in Pune (Hinjawadi) located 16.0 km from terminal mule account ENT_000330 (hop 3). Proximity surveillance target based on downstream fund routing of ₹80,514.30."
C000187,ENT_000394,0.894,3,ATM_019,Mumbai (Nariman Point),18.9255,72.8242,0.7029,"Extrapolated candidate cash-out hub: ATM_019 in Mumbai (Nariman Point) located 119.0 km from terminal mule account ENT_000330 (hop 3). Proximity surveillance target based on downstream fund routing of ₹80,514.30."
C000189,ENT_000430,0.9993,1,ATM_004,Chennai (T Nagar),13.0418,80.2341,0.85,"Extrapolated candidate cash-out hub: ATM_004 in Chennai (T Nagar) located 9.2 km from terminal mule account ENT_000154 (hop 3). Proximity surveillance target based on downstream fund routing of ₹311,073.72."
C000189,ENT_000430,0.9993,2,ATM_035,Chennai (Anna Nagar),13.085,80.21,0.85,"Extrapolated candidate cash-out hub: ATM_035 in Chennai (Anna Nagar) located 9.7 km from terminal mule account ENT_000154 (hop 3). Proximity surveillance target based on downstream fund routing of ₹311,073.72."
C000189,ENT_000430,0.9993,3,ATM_018,Bengaluru (Indiranagar),12.9784,77.6408,0.723,"Extrapolated candidate cash-out hub: ATM_018 in Bengaluru (Indiranagar) located 288.2 km from terminal mule account ENT_000154 (hop 3). Proximity surveillance target based on downstream fund routing of ₹311,073.72."
C000191,ENT_000270,0.9998,1,ATM_023,Indore (Vijay Nagar),22.7533,75.8937,0.6846,"Extrapolated candidate cash-out hub: ATM_023 in Indore (Vijay Nagar) located 343.3 km from terminal mule account ENT_000387 (hop 3). Proximity surveillance target based on downstream fund routing of ₹314,322.05."
C000191,ENT_000270,0.9998,2,ATM_045,Nashik (College Road),20.0063,73.7634,0.6763,"Extrapolated candidate cash-out hub: ATM_045 in Nashik (College Road) located 355.2 km from terminal mule account ENT_000387 (hop 3). Proximity surveillance target based on downstream fund routing of ₹314,322.05."
C000191,ENT_000270,0.9998,3,ATM_028,Jodhpur (Sojati Gate),26.291,73.023,0.6663,"Extrapolated candidate cash-out hub: ATM_028 in Jodhpur (Sojati Gate) located 369.5 km from terminal mule account ENT_000387 (hop 3). Proximity surveillance target based on downstream fund routing of ₹314,322.05."
C000196,ENT_000103,0.9963,1,ATM_037,Mumbai,19.076,72.8777,0.9277,"Immediate 1-hop terminal connection; direct cash withdrawal observed (₹270,793.88 across 2 tx); 2 upstream feeding entities converged at terminal in Mumbai; activity occurred within 30.5h of incident reference time."
C000196,ENT_000103,0.9963,2,ATM_002,Bhubaneswar,20.2961,85.8245,0.8032,"Immediate 1-hop terminal connection; direct cash withdrawal observed (₹60,856.13 across 4 tx); 4 upstream feeding entities converged at terminal in Bhubaneswar; activity occurred within 28.9h of incident reference time."
C000196,ENT_000103,0.9963,3,ATM_014,Kochi,9.9312,76.2673,0.7279,"Extended 3-hop fund dispersion chain; direct cash withdrawal observed (₹103,264.09 across 1 tx); single-source fund exit at Kochi; activity occurred within 9.1h of incident reference time."
C000198,ENT_000158,0.6231,1,ATM_001,Hyderabad (Banjara Hills),17.4156,78.435,0.7431,"Extrapolated candidate cash-out hub: ATM_001 in Hyderabad (Banjara Hills) located 6.3 km from terminal mule account ENT_000158 (hop 0). Proximity surveillance target based on downstream fund routing of ₹49,042.16."
C000198,ENT_000158,0.6231,2,ATM_027,Hyderabad (Begumpet),17.4447,78.4664,0.7425,"Extrapolated candidate cash-out hub: ATM_027 in Hyderabad (Begumpet) located 7.1 km from terminal mule account ENT_000158 (hop 0). Proximity surveillance target based on downstream fund routing of ₹49,042.16."
C000198,ENT_000158,0.6231,3,ATM_013,Hyderabad (Hitec City),17.4435,78.3772,0.7383,"Extrapolated candidate cash-out hub: ATM_013 in Hyderabad (Hitec City) located 13.1 km from terminal mule account ENT_000158 (hop 0). Proximity surveillance target based on downstream fund routing of ₹49,042.16."
C000202,ENT_000310,1.0,1,ATM_046,Hyderabad,17.385,78.4867,0.824,"Extended 3-hop fund dispersion chain; direct cash withdrawal observed (₹264,050.24 across 2 tx); single-source fund exit at Hyderabad; activity occurred within 15.4h of incident reference time."
C000209,ENT_000432,0.0087,1,ATM_046,Hyderabad,17.385,78.4867,0.3949,"Extended 3-hop fund dispersion chain; direct cash withdrawal observed (₹3,333.69 across 1 tx); single-source fund exit at Hyderabad; activity occurred within 35.9h of incident reference time."
C000210,ENT_000021,0.2134,1,ATM_010,Lucknow,26.8467,80.9462,0.6849,"Intermediate 2-hop fund layering path; direct cash withdrawal observed (₹306,630.18 across 3 tx); 3 upstream feeding entities converged at terminal in Lucknow; activity occurred within 14.3h of incident reference time."
C000212,ENT_000009,1.0,1,ATM_027,Hyderabad (Begumpet),17.4447,78.4664,0.85,"Extrapolated candidate cash-out hub: ATM_027 in Hyderabad (Begumpet) located 4.8 km from terminal mule account ENT_000635 (hop 3). Proximity surveillance target based on downstream fund routing of ₹317,053.24."
C000212,ENT_000009,1.0,2,ATM_001,Hyderabad (Banjara Hills),17.4156,78.435,0.85,"Extrapolated candidate cash-out hub: ATM_001 in Hyderabad (Banjara Hills) located 6.0 km from terminal mule account ENT_000635 (hop 3). Proximity surveillance target based on downstream fund routing of ₹317,053.24."
C000212,ENT_000009,1.0,3,ATM_013,Hyderabad (Hitec City),17.4435,78.3772,0.85,"Extrapolated candidate cash-out hub: ATM_013 in Hyderabad (Hitec City) located 12.7 km from terminal mule account ENT_000635 (hop 3). Proximity surveillance target based on downstream fund routing of ₹317,053.24."
C000218,ENT_000536,0.9549,1,ATM_002,Bhubaneswar (Saheed Nagar),20.289,85.844,0.7751,"Extrapolated candidate cash-out hub: ATM_002 in Bhubaneswar (Saheed Nagar) located 1.9 km from terminal mule account ENT_000613 (hop 3). Proximity surveillance target based on downstream fund routing of ₹28,540.11."
C000218,ENT_000536,0.9549,2,ATM_006,Bhubaneswar (Patia),20.3588,85.816,0.7717,"Extrapolated candidate cash-out hub: ATM_006 in Bhubaneswar (Patia) located 6.6 km from terminal mule account ENT_000613 (hop 3). Proximity surveillance target based on downstream fund routing of ₹28,540.11."
C000218,ENT_000536,0.9549,3,ATM_020,Cuttack (Badambadi),20.452,85.875,0.7648,"Extrapolated candidate cash-out hub: ATM_020 in Cuttack (Badambadi) located 16.6 km from terminal mule account ENT_000613 (hop 3). Proximity surveillance target based on downstream fund routing of ₹28,540.11."
C000220,ENT_000319,1.0,1,ATM_026,Lucknow,26.8467,80.9462,0.6869,"Extended 3-hop fund dispersion chain; direct cash withdrawal observed (₹175,040.13 across 1 tx); single-source fund exit at Lucknow; activity occurred within 68.1h of incident reference time."
C000222,ENT_000570,1.0,1,ATM_008,Delhi (Connaught Place),28.6315,77.2167,0.85,"Extrapolated candidate cash-out hub: ATM_008 in Delhi (Connaught Place) located 4.2 km from terminal mule account ENT_000002 (hop 3). Proximity surveillance target based on downstream fund routing of ₹280,638.41."
C000222,ENT_000570,1.0,2,ATM_017,Delhi (Nehru Place),28.5494,77.2536,0.85,"Extrapolated candidate cash-out hub: ATM_017 in Delhi (Nehru Place) located 5.7 km from terminal mule account ENT_000002 (hop 3). Proximity surveillance target based on downstream fund routing of ₹280,638.41."
C000222,ENT_000570,1.0,3,ATM_030,Delhi (Karol Bagh),28.6517,77.1906,0.85,"Extrapolated candidate cash-out hub: ATM_030 in Delhi (Karol Bagh) located 7.2 km from terminal mule account ENT_000002 (hop 3). Proximity surveillance target based on downstream fund routing of ₹280,638.41."
C000227,ENT_000192,0.6302,1,ATM_027,Hyderabad (Begumpet),17.4447,78.4664,0.6457,"Extrapolated candidate cash-out hub: ATM_027 in Hyderabad (Begumpet) located 3.8 km from terminal mule account ENT_000519 (hop 3). Proximity surveillance target based on downstream fund routing of ₹4,628.22."
C000227,ENT_000192,0.6302,2,ATM_001,Hyderabad (Banjara Hills),17.4156,78.435,0.6446,"Extrapolated candidate cash-out hub: ATM_001 in Hyderabad (Banjara Hills) located 5.4 km from terminal mule account ENT_000519 (hop 3). Proximity surveillance target based on downstream fund routing of ₹4,628.22."
C000227,ENT_000192,0.6302,3,ATM_013,Hyderabad (Hitec City),17.4435,78.3772,0.64,"Extrapolated candidate cash-out hub: ATM_013 in Hyderabad (Hitec City) located 11.9 km from terminal mule account ENT_000519 (hop 3). Proximity surveillance target based on downstream fund routing of ₹4,628.22."
C000231,ENT_000664,0.9993,1,ATM_011,Kolkata,22.5726,88.3639,0.6523,Extended 3-hop fund dispersion chain; direct cash withdrawal observed (₹843.58 across 1 tx); single-source fund exit at Kolkata; activity occurred within 7.6h of incident reference time.
C000234,ENT_000581,1.0,1,ATM_023,Bhopal,23.2599,77.4126,0.6971,"Extended 3-hop fund dispersion chain; direct cash withdrawal observed (₹93,576.66 across 1 tx); single-source fund exit at Bhopal; activity occurred within 31.4h of incident reference time."
C000234,ENT_000581,1.0,2,ATM_018,Bengaluru,12.9716,77.5946,0.6187,"Extended 3-hop fund dispersion chain; direct cash withdrawal observed (₹47,125.85 across 1 tx); single-source fund exit at Bengaluru; activity occurred within 51.9h of incident reference time."
C000241,ENT_000613,1.0,1,ATM_019,Mumbai,19.076,72.8777,0.765,"Intermediate 2-hop fund layering path; direct cash withdrawal observed (₹243,043.10 across 1 tx); single-source fund exit at Mumbai; activity occurred within 70.4h of incident reference time."
C000244,ENT_000253,0.9966,1,ATM_009,Jaipur (MI Road),26.9198,75.8115,0.8057,"Extrapolated candidate cash-out hub: ATM_009 in Jaipur (MI Road) located 2.0 km from terminal mule account ENT_000695 (hop 3). Proximity surveillance target based on downstream fund routing of ₹55,564.68."
C000244,ENT_000253,0.9966,2,ATM_017,Delhi (Nehru Place),28.5494,77.2536,0.6447,"Extrapolated candidate cash-out hub: ATM_017 in Delhi (Nehru Place) located 232.0 km from terminal mule account ENT_000695 (hop 3). Proximity surveillance target based on downstream fund routing of ₹55,564.68."
C000244,ENT_000253,0.9966,3,ATM_008,Delhi (Connaught Place),28.6315,77.2167,0.6412,"Extrapolated candidate cash-out hub: ATM_008 in Delhi (Connaught Place) located 237.1 km from terminal mule account ENT_000695 (hop 3). Proximity surveillance target based on downstream fund routing of ₹55,564.68."
C000246,ENT_000045,0.9905,1,ATM_025,Bengaluru,12.9716,77.5946,0.8134,"Intermediate 2-hop fund layering path; direct cash withdrawal observed (₹276,003.35 across 2 tx); 2 upstream feeding entities converged at terminal in Bengaluru; activity occurred within 42.6h of incident reference time."
C000256,ENT_000695,0.5829,1,ATM_017,Delhi,28.6139,77.209,0.7047,"Immediate 1-hop terminal connection; direct cash withdrawal observed (₹5,790.15 across 2 tx); 2 upstream feeding entities converged at terminal in Delhi; activity occurred within 8.4h of incident reference time."
C000256,ENT_000695,0.5829,2,ATM_033,Bengaluru,12.9716,77.5946,0.5041,"Extended 3-hop fund dispersion chain; direct cash withdrawal observed (₹4,576.38 across 1 tx); single-source fund exit at Bengaluru; activity occurred within 41.0h of incident reference time."
C000259,ENT_000303,0.1516,1,ATM_020,Bhubaneswar,20.2961,85.8245,0.4412,Extended 3-hop fund dispersion chain; direct cash withdrawal observed (₹202.19 across 1 tx); single-source fund exit at Bhubaneswar; activity occurred within 42.6h of incident reference time.
C000260,ENT_000458,0.0034,1,ATM_006,Bhubaneswar,20.2961,85.8245,0.3993,"Intermediate 2-hop fund layering path; direct cash withdrawal observed (₹1,297.37 across 1 tx); single-source fund exit at Bhubaneswar; activity occurred within 52.1h of incident reference time."
C000268,ENT_000064,0.4523,1,ATM_040,Lucknow,26.8467,80.9462,0.6376,"Immediate 1-hop terminal connection; direct cash withdrawal observed (₹1,404.75 across 2 tx); 2 upstream feeding entities converged at terminal in Lucknow; activity occurred within 15.8h of incident reference time."
C000270,ENT_000104,0.0491,1,ATM_018,Bengaluru,12.9716,77.5946,0.4705,"Intermediate 2-hop fund layering path; direct cash withdrawal observed (₹1,016.87 across 1 tx); single-source fund exit at Bengaluru; activity occurred within 3.6h of incident reference time."
C000273,ENT_000020,0.9999,1,ATM_025,Bengaluru (Koramangala),12.9352,77.6245,0.85,"Extrapolated candidate cash-out hub: ATM_025 in Bengaluru (Koramangala) located 6.5 km from terminal mule account ENT_000245 (hop 3). Proximity surveillance target based on downstream fund routing of ₹182,061.09."
C000273,ENT_000020,0.9999,2,ATM_018,Bengaluru (Indiranagar),12.9784,77.6408,0.85,"Extrapolated candidate cash-out hub: ATM_018 in Bengaluru (Indiranagar) located 8.3 km from terminal mule account ENT_000245 (hop 3). Proximity surveillance target based on downstream fund routing of ₹182,061.09."
C000273,ENT_000020,0.9999,3,ATM_033,Mysuru (Devaraja Mohalla),12.308,76.649,0.7982,"Extrapolated candidate cash-out hub: ATM_033 in Mysuru (Devaraja Mohalla) located 122.9 km from terminal mule account ENT_000245 (hop 3). Proximity surveillance target based on downstream fund routing of ₹182,061.09."
C000294,ENT_000064,0.9889,1,ATM_033,Bengaluru,12.9716,77.5946,0.733,"Immediate 1-hop terminal connection; direct cash withdrawal observed (₹77,346.02 across 1 tx); single-source fund exit at Bengaluru; activity occurred within 60.0h of incident reference time."
C000295,ENT_000592,0.9951,1,ATM_045,Mumbai,19.076,72.8777,0.8041,"Extended 3-hop fund dispersion chain; direct cash withdrawal observed (₹342,935.36 across 1 tx); single-source fund exit at Mumbai; activity occurred within 5.1h of incident reference time."
C000299,ENT_000156,1.0,1,ATM_009,Jaipur (MI Road),26.9198,75.8115,0.85,"Extrapolated candidate cash-out hub: ATM_009 in Jaipur (MI Road) located 1.6 km from terminal mule account ENT_000390 (hop 2). Proximity surveillance target based on downstream fund routing of ₹416,778.76."
C000299,ENT_000156,1.0,2,ATM_017,Delhi (Nehru Place),28.5494,77.2536,0.8003,"Extrapolated candidate cash-out hub: ATM_017 in Delhi (Nehru Place) located 231.8 km from terminal mule account ENT_000390 (hop 2). Proximity surveillance target based on downstream fund routing of ₹416,778.76."
C000299,ENT_000156,1.0,3,ATM_008,Delhi (Connaught Place),28.6315,77.2167,0.7967,"Extrapolated candidate cash-out hub: ATM_008 in Delhi (Connaught Place) located 236.8 km from terminal mule account ENT_000390 (hop 2). Proximity surveillance target based on downstream fund routing of ₹416,778.76."
C000317,ENT_000366,0.8889,1,ATM_004,Chennai,13.0827,80.2707,0.6359,"Extended 3-hop fund dispersion chain; direct cash withdrawal observed (₹41,069.19 across 1 tx); single-source fund exit at Chennai; activity occurred within 39.5h of incident reference time."
C000321,ENT_000218,0.9947,1,ATM_014,Kochi,9.9312,76.2673,0.7146,"Intermediate 2-hop fund layering path; direct cash withdrawal observed (₹56,136.37 across 1 tx); single-source fund exit at Kochi; activity occurred within 21.8h of incident reference time."
C000325,ENT_000008,0.7838,1,ATM_022,Bhopal (MP Nagar),23.2324,77.4332,0.7376,"Extrapolated candidate cash-out hub: ATM_022 in Bhopal (MP Nagar) located 1.4 km from terminal mule account ENT_000494 (hop 3). Proximity surveillance target based on downstream fund routing of ₹65,451.11."
C000325,ENT_000008,0.7838,2,ATM_023,Indore (Vijay Nagar),22.7533,75.8937,0.6231,"Extrapolated candidate cash-out hub: ATM_023 in Indore (Vijay Nagar) located 164.9 km from terminal mule account ENT_000494 (hop 3). Proximity surveillance target based on downstream fund routing of ₹65,451.11."
C000325,ENT_000008,0.7838,3,ATM_036,Nagpur (Civil Lines),21.1524,79.0725,0.5377,"Extrapolated candidate cash-out hub: ATM_036 in Nagpur (Civil Lines) located 287.1 km from terminal mule account ENT_000494 (hop 3). Proximity surveillance target based on downstream fund routing of ₹65,451.11."
C000327,ENT_000418,0.9958,1,ATM_025,Bengaluru,12.9716,77.5946,0.8704,"Intermediate 2-hop fund layering path; direct cash withdrawal observed (₹207,893.87 across 1 tx); single-source fund exit at Bengaluru; activity occurred within 4.5h of incident reference time."
C000329,ENT_000172,1.0,1,ATM_005,Kochi,9.9312,76.2673,0.8663,"Intermediate 2-hop fund layering path; direct cash withdrawal observed (₹525,909.77 across 3 tx); 2 upstream feeding entities converged at terminal in Kochi; activity occurred within 6.3h of incident reference time."
C000330,ENT_000583,0.3376,1,ATM_033,Bengaluru,12.9716,77.5946,0.4758,"Intermediate 2-hop fund layering path; direct cash withdrawal observed (₹2,705.03 across 1 tx); single-source fund exit at Bengaluru; activity occurred within 52.4h of incident reference time."
C000331,ENT_000335,1.0,1,ATM_009,Jaipur (MI Road),26.9198,75.8115,0.85,"Extrapolated candidate cash-out hub: ATM_009 in Jaipur (MI Road) located 4.2 km from terminal mule account ENT_000632 (hop 3). Proximity surveillance target based on downstream fund routing of ₹299,832.68."
C000331,ENT_000335,1.0,2,ATM_017,Delhi (Nehru Place),28.5494,77.2536,0.7611,"Extrapolated candidate cash-out hub: ATM_017 in Delhi (Nehru Place) located 234.2 km from terminal mule account ENT_000632 (hop 3). Proximity surveillance target based on downstream fund routing of ₹299,832.68."
C000331,ENT_000335,1.0,3,ATM_008,Delhi (Connaught Place),28.6315,77.2167,0.7575,"Extrapolated candidate cash-out hub: ATM_008 in Delhi (Connaught Place) located 239.3 km from terminal mule account ENT_000632 (hop 3). Proximity surveillance target based on downstream fund routing of ₹299,832.68."
C000336,ENT_000085,0.1708,1,ATM_006,Bhubaneswar,20.2961,85.8245,0.5736,"Intermediate 2-hop fund layering path; direct cash withdrawal observed (₹46,454.79 across 1 tx); single-source fund exit at Bhubaneswar; activity occurred within 6.7h of incident reference time."
C000340,ENT_000133,0.5928,1,ATM_011,Kolkata (Park Street),22.5535,88.3512,0.7214,"Extrapolated candidate cash-out hub: ATM_011 in Kolkata (Park Street) located 5.0 km from terminal mule account ENT_000133 (hop 0). Proximity surveillance target based on downstream fund routing of ₹29,036.31."
C000340,ENT_000133,0.5928,2,ATM_038,Kolkata (Salt Lake Sector V),22.58,88.435,0.7182,"Extrapolated candidate cash-out hub: ATM_038 in Kolkata (Salt Lake Sector V) located 9.5 km from terminal mule account ENT_000133 (hop 0). Proximity surveillance target based on downstream fund routing of ₹29,036.31."
C000340,ENT_000133,0.5928,3,ATM_042,Bhagalpur (Station Chowk),25.2425,86.9842,0.4974,"Extrapolated candidate cash-out hub: ATM_042 in Bhagalpur (Station Chowk) located 325.0 km from terminal mule account ENT_000133 (hop 0). Proximity surveillance target based on downstream fund routing of ₹29,036.31."
C000343,ENT_000139,0.7544,1,ATM_011,Kolkata (Park Street),22.5535,88.3512,0.8251,"Extrapolated candidate cash-out hub: ATM_011 in Kolkata (Park Street) located 3.9 km from terminal mule account ENT_000499 (hop 3). Proximity surveillance target based on downstream fund routing of ₹231,293.63."
C000343,ENT_000139,0.7544,2,ATM_038,Kolkata (Salt Lake Sector V),22.58,88.435,0.8242,"Extrapolated candidate cash-out hub: ATM_038 in Kolkata (Salt Lake Sector V) located 5.2 km from terminal mule account ENT_000499 (hop 3). Proximity surveillance target based on downstream fund routing of ₹231,293.63."
C000343,ENT_000139,0.7544,3,ATM_042,Bhagalpur (Station Chowk),25.2425,86.9842,0.5971,"Extrapolated candidate cash-out hub: ATM_042 in Bhagalpur (Station Chowk) located 329.6 km from terminal mule account ENT_000499 (hop 3). Proximity surveillance target based on downstream fund routing of ₹231,293.63."
C000344,ENT_000546,0.0486,1,ATM_007,Patna,25.5941,85.1376,0.3902,"Extended 3-hop fund dispersion chain; direct cash withdrawal observed (₹12,830.89 across 1 tx); single-source fund exit at Patna; activity occurred within 42.5h of incident reference time."
C000346,ENT_000123,0.9999,1,ATM_022,Bhopal (MP Nagar),23.2324,77.4332,0.85,"Extrapolated candidate cash-out hub: ATM_022 in Bhopal (MP Nagar) located 7.8 km from terminal mule account ENT_000636 (hop 3). Proximity surveillance target based on downstream fund routing of ₹288,389.29."
C000346,ENT_000123,0.9999,2,ATM_023,Indore (Vijay Nagar),22.7533,75.8937,0.8105,"Extrapolated candidate cash-out hub: ATM_023 in Indore (Vijay Nagar) located 163.5 km from terminal mule account ENT_000636 (hop 3). Proximity surveillance target based on downstream fund routing of ₹288,389.29."
C000346,ENT_000123,0.9999,3,ATM_036,Nagpur (Civil Lines),21.1524,79.0725,0.7191,"Extrapolated candidate cash-out hub: ATM_036 in Nagpur (Civil Lines) located 294.1 km from terminal mule account ENT_000636 (hop 3). Proximity surveillance target based on downstream fund routing of ₹288,389.29."
C000352,ENT_000502,1.0,1,ATM_045,Mumbai,19.076,72.8777,0.7159,"Extended 3-hop fund dispersion chain; direct cash withdrawal observed (₹188,936.32 across 1 tx); single-source fund exit at Mumbai; activity occurred within 46.5h of incident reference time."
C000363,ENT_000328,0.1853,1,ATM_002,Bhubaneswar,20.2961,85.8245,0.4113,"Extended 3-hop fund dispersion chain; direct cash withdrawal observed (₹3,474.95 across 1 tx); single-source fund exit at Bhubaneswar; activity occurred within 39.0h of incident reference time."
C000366,ENT_000505,1.0,1,ATM_017,Delhi,28.6139,77.209,0.7953,"Extended 3-hop fund dispersion chain; direct cash withdrawal observed (₹277,718.37 across 1 tx); single-source fund exit at Delhi; activity occurred within 18.3h of incident reference time."
C000381,ENT_000061,0.9958,1,ATM_022,Bhopal (MP Nagar),23.2324,77.4332,0.85,"Extrapolated candidate cash-out hub: ATM_022 in Bhopal (MP Nagar) located 2.8 km from terminal mule account ENT_000541 (hop 3). Proximity surveillance target based on downstream fund routing of ₹190,406.54."
C000381,ENT_000061,0.9958,2,ATM_023,Indore (Vijay Nagar),22.7533,75.8937,0.77,"Extrapolated candidate cash-out hub: ATM_023 in Indore (Vijay Nagar) located 168.2 km from terminal mule account ENT_000541 (hop 3). Proximity surveillance target based on downstream fund routing of ₹190,406.54."
C000381,ENT_000061,0.9958,3,ATM_036,Nagpur (Civil Lines),21.1524,79.0725,0.6864,"Extrapolated candidate cash-out hub: ATM_036 in Nagpur (Civil Lines) located 287.7 km from terminal mule account ENT_000541 (hop 3). Proximity surveillance target based on downstream fund routing of ₹190,406.54."
C000386,ENT_000359,0.5663,1,ATM_009,Jaipur (MI Road),26.9198,75.8115,0.771,"Extrapolated candidate cash-out hub: ATM_009 in Jaipur (MI Road) located 3.1 km from terminal mule account ENT_000614 (hop 3). Proximity surveillance target based on downstream fund routing of ₹497,990.60."
C000386,ENT_000359,0.5663,2,ATM_017,Delhi (Nehru Place),28.5494,77.2536,0.6108,"Extrapolated candidate cash-out hub: ATM_017 in Delhi (Nehru Place) located 231.9 km from terminal mule account ENT_000614 (hop 3). Proximity surveillance target based on downstream fund routing of ₹497,990.60."
C000386,ENT_000359,0.5663,3,ATM_008,Delhi (Connaught Place),28.6315,77.2167,0.6072,"Extrapolated candidate cash-out hub: ATM_008 in Delhi (Connaught Place) located 237.1 km from terminal mule account ENT_000614 (hop 3). Proximity surveillance target based on downstream fund routing of ₹497,990.60."
C000390,ENT_000627,1.0,1,ATM_005,Kochi,9.9312,76.2673,0.7796,"Intermediate 2-hop fund layering path; direct cash withdrawal observed (₹197,341.80 across 2 tx); single-source fund exit at Kochi; activity occurred within 36.9h of incident reference time."
C000391,ENT_000662,0.9938,1,ATM_029,Mumbai (Bandra Kurla Complex),19.0657,72.8687,0.8203,"Extrapolated candidate cash-out hub: ATM_029 in Mumbai (Bandra Kurla Complex) located 0.3 km from terminal mule account ENT_000513 (hop 3). Proximity surveillance target based on downstream fund routing of ₹79,602.59."
C000391,ENT_000662,0.9938,2,ATM_019,Mumbai (Nariman Point),18.9255,72.8242,0.8094,"Extrapolated candidate cash-out hub: ATM_019 in Mumbai (Nariman Point) located 16.0 km from terminal mule account ENT_000513 (hop 3). Proximity surveillance target based on downstream fund routing of ₹79,602.59."
C000391,ENT_000662,0.9938,3,ATM_037,Thane (Naupada),19.1873,72.9712,0.8083,"Extrapolated candidate cash-out hub: ATM_037 in Thane (Naupada) located 17.5 km from terminal mule account ENT_000513 (hop 3). Proximity surveillance target based on downstream fund routing of ₹79,602.59."
C000393,ENT_000619,1.0,1,ATM_004,Chennai,13.0827,80.2707,0.9821,"Immediate 1-hop terminal connection; direct cash withdrawal observed (₹634,495.69 across 5 tx); 5 upstream feeding entities converged at terminal in Chennai; activity occurred within 12.8h of incident reference time."
C000393,ENT_000619,1.0,2,ATM_046,Hyderabad,17.385,78.4867,0.6673,"Extended 3-hop fund dispersion chain; direct cash withdrawal observed (₹98,784.21 across 1 tx); single-source fund exit at Hyderabad; activity occurred within 62.9h of incident reference time."
C000399,ENT_000147,0.8705,1,ATM_045,Mumbai,19.076,72.8777,0.5592,"Extended 3-hop fund dispersion chain; direct cash withdrawal observed (₹2,601.10 across 1 tx); single-source fund exit at Mumbai; activity occurred within 53.2h of incident reference time."
C000406,ENT_000551,0.9994,1,ATM_005,Kochi,9.9312,76.2673,0.8598,"Intermediate 2-hop fund layering path; direct cash withdrawal observed (₹396,465.35 across 1 tx); single-source fund exit at Kochi; activity occurred within 1.8h of incident reference time."
C000406,ENT_000551,0.9994,2,ATM_030,Delhi,28.6139,77.209,0.6665,"Extended 3-hop fund dispersion chain; direct cash withdrawal observed (₹12,760.61 across 1 tx); single-source fund exit at Delhi; activity occurred within 7.2h of incident reference time."
C000407,ENT_000230,1.0,1,ATM_039,Kochi,9.9312,76.2673,0.8632,"Intermediate 2-hop fund layering path; direct cash withdrawal observed (₹207,315.20 across 4 tx); 4 upstream feeding entities converged at terminal in Kochi; activity occurred within 8.1h of incident reference time."
C000407,ENT_000230,1.0,2,ATM_017,Delhi,28.6139,77.209,0.7787,"Extended 3-hop fund dispersion chain; direct cash withdrawal observed (₹157,805.81 across 1 tx); single-source fund exit at Delhi; activity occurred within 20.4h of incident reference time."
C000408,ENT_000699,1.0,1,ATM_010,Lucknow,26.8467,80.9462,0.7608,"Extended 3-hop fund dispersion chain; direct cash withdrawal observed (₹204,182.42 across 1 tx); single-source fund exit at Lucknow; activity occurred within 17.4h of incident reference time."
C000413,ENT_000333,0.7563,1,ATM_026,Lucknow,26.8467,80.9462,0.6218,"Extended 3-hop fund dispersion chain; direct cash withdrawal observed (₹1,696.53 across 1 tx); single-source fund exit at Lucknow; activity occurred within 11.6h of incident reference time."
C000415,ENT_000660,0.9996,1,ATM_009,Jaipur (MI Road),26.9198,75.8115,0.85,"Extrapolated candidate cash-out hub: ATM_009 in Jaipur (MI Road) located 2.0 km from terminal mule account ENT_000695 (hop 3). Proximity surveillance target based on downstream fund routing of ₹258,200.37."
C000415,ENT_000660,0.9996,2,ATM_017,Delhi (Nehru Place),28.5494,77.2536,0.7624,"Extrapolated candidate cash-out hub: ATM_017 in Delhi (Nehru Place) located 232.0 km from terminal mule account ENT_000695 (hop 3). Proximity surveillance target based on downstream fund routing of ₹258,200.37."
C000415,ENT_000660,0.9996,3,ATM_008,Delhi (Connaught Place),28.6315,77.2167,0.7589,"Extrapolated candidate cash-out hub: ATM_008 in Delhi (Connaught Place) located 237.1 km from terminal mule account ENT_000695 (hop 3). Proximity surveillance target based on downstream fund routing of ₹258,200.37."
C000420,ENT_000412,1.0,1,ATM_002,Bhubaneswar,20.2961,85.8245,0.8119,"Immediate 1-hop terminal connection; direct cash withdrawal observed (₹53,525.70 across 3 tx); 3 upstream feeding entities converged at terminal in Bhubaneswar; activity occurred within 41.4h of incident reference time."
C000420,ENT_000412,1.0,2,ATM_037,Mumbai,19.076,72.8777,0.7751,"Extended 3-hop fund dispersion chain; direct cash withdrawal observed (₹228,800.55 across 1 tx); single-source fund exit at Mumbai; activity occurred within 21.1h of incident reference time."
C000420,ENT_000412,1.0,3,ATM_039,Kochi,9.9312,76.2673,0.6565,"Extended 3-hop fund dispersion chain; direct cash withdrawal observed (₹75,167.10 across 3 tx); 3 upstream feeding entities converged at terminal in Kochi; activity occurred within 54.8h of incident reference time."
C000424,ENT_000189,0.0003,1,ATM_042,Patna,25.5941,85.1376,0.4949,"Immediate 1-hop terminal connection; direct cash withdrawal observed (₹3,965.26 across 1 tx); single-source fund exit at Patna; activity occurred within 36.1h of incident reference time."
C000426,ENT_000261,0.0033,1,ATM_032,Mumbai,19.076,72.8777,0.4261,"Intermediate 2-hop fund layering path; direct cash withdrawal observed (₹1,939.63 across 1 tx); single-source fund exit at Mumbai; activity occurred within 43.3h of incident reference time."
C000429,ENT_000563,0.9996,1,ATM_023,Bhopal,23.2599,77.4126,0.8663,"Immediate 1-hop terminal connection; direct cash withdrawal observed (₹98,580.34 across 2 tx); 2 upstream feeding entities converged at terminal in Bhopal; activity occurred within 2.2h of incident reference time."
C000429,ENT_000563,0.9996,2,ATM_018,Bengaluru,12.9716,77.5946,0.7286,"Extended 3-hop fund dispersion chain; direct cash withdrawal observed (₹96,710.86 across 2 tx); 2 upstream feeding entities converged at terminal in Bengaluru; activity occurred within 3.1h of incident reference time."
C000431,ENT_000562,0.0611,1,ATM_042,Patna,25.5941,85.1376,0.376,"Extended 3-hop fund dispersion chain; direct cash withdrawal observed (₹2,784.49 across 1 tx); single-source fund exit at Patna; activity occurred within 51.9h of incident reference time."
C000433,ENT_000096,0.9154,1,ATM_025,Bengaluru,12.9716,77.5946,0.8185,"Intermediate 2-hop fund layering path; direct cash withdrawal observed (₹492,005.68 across 3 tx); 3 upstream feeding entities converged at terminal in Bengaluru; activity occurred within 34.5h of incident reference time."
C000439,ENT_000181,0.6196,1,ATM_023,Indore (Vijay Nagar),22.7533,75.8937,0.4302,"Extrapolated candidate cash-out hub: ATM_023 in Indore (Vijay Nagar) located 342.9 km from terminal mule account ENT_000182 (hop 3). Proximity surveillance target based on downstream fund routing of ₹47,286.33."
C000439,ENT_000181,0.6196,2,ATM_045,Nashik (College Road),20.0063,73.7634,0.4219,"Extrapolated candidate cash-out hub: ATM_045 in Nashik (College Road) located 354.8 km from terminal mule account ENT_000182 (hop 3). Proximity surveillance target based on downstream fund routing of ₹47,286.33."
C000439,ENT_000181,0.6196,3,ATM_028,Jodhpur (Sojati Gate),26.291,73.023,0.4114,"Extrapolated candidate cash-out hub: ATM_028 in Jodhpur (Sojati Gate) located 369.7 km from terminal mule account ENT_000182 (hop 3). Proximity surveillance target based on downstream fund routing of ₹47,286.33."
C000444,ENT_000142,0.999,1,ATM_001,Hyderabad,17.385,78.4867,0.8097,"Extended 3-hop fund dispersion chain; direct cash withdrawal observed (₹255,213.70 across 1 tx); single-source fund exit at Hyderabad; activity occurred within 9.5h of incident reference time."
C000447,ENT_000054,1.0,1,ATM_010,Lucknow (Hazratganj),26.85,80.9499,0.85,"Extrapolated candidate cash-out hub: ATM_010 in Lucknow (Hazratganj) located 2.3 km from terminal mule account ENT_000175 (hop 3). Proximity surveillance target based on downstream fund routing of ₹338,729.87."
C000447,ENT_000054,1.0,2,ATM_040,Kanpur (Mall Road),26.4725,80.354,0.85,"Extrapolated candidate cash-out hub: ATM_040 in Kanpur (Mall Road) located 72.7 km from terminal mule account ENT_000175 (hop 3). Proximity surveillance target based on downstream fund routing of ₹338,729.87."
C000447,ENT_000054,1.0,3,ATM_048,Varanasi (Cantt Road),25.328,82.986,0.7414,"Extrapolated candidate cash-out hub: ATM_048 in Varanasi (Cantt Road) located 262.3 km from terminal mule account ENT_000175 (hop 3). Proximity surveillance target based on downstream fund routing of ₹338,729.87."
C000454,ENT_000401,1.0,1,ATM_009,Jaipur,26.9124,75.7873,0.6867,"Extended 3-hop fund dispersion chain; direct cash withdrawal observed (₹44,172.08 across 1 tx); single-source fund exit at Jaipur; activity occurred within 11.3h of incident reference time."
C000454,ENT_000401,1.0,2,ATM_039,Kochi,9.9312,76.2673,0.6755,"Extended 3-hop fund dispersion chain; direct cash withdrawal observed (₹61,680.88 across 1 tx); single-source fund exit at Kochi; activity occurred within 32.6h of incident reference time."
C000458,ENT_000257,1.0,1,ATM_009,Jaipur (MI Road),26.9198,75.8115,0.85,"Extrapolated candidate cash-out hub: ATM_009 in Jaipur (MI Road) located 5.4 km from terminal mule account ENT_000282 (hop 3). Proximity surveillance target based on downstream fund routing of ₹271,081.91."
C000458,ENT_000257,1.0,2,ATM_017,Delhi (Nehru Place),28.5494,77.2536,0.7611,"Extrapolated candidate cash-out hub: ATM_017 in Delhi (Nehru Place) located 234.1 km from terminal mule account ENT_000282 (hop 3). Proximity surveillance target based on downstream fund routing of ₹271,081.91."
C000458,ENT_000257,1.0,3,ATM_008,Delhi (Connaught Place),28.6315,77.2167,0.7577,"Extrapolated candidate cash-out hub: ATM_008 in Delhi (Connaught Place) located 239.1 km from terminal mule account ENT_000282 (hop 3). Proximity surveillance target based on downstream fund routing of ₹271,081.91."
C000469,ENT_000491,1.0,1,ATM_009,Jaipur,26.9124,75.7873,0.7416,"Intermediate 2-hop fund layering path; direct cash withdrawal observed (₹85,679.85 across 2 tx); 2 upstream feeding entities converged at terminal in Jaipur; activity occurred within 28.5h of incident reference time."
C000484,ENT_000087,0.993,1,ATM_015,Chandigarh,30.7333,76.7794,0.8377,"Intermediate 2-hop fund layering path; direct cash withdrawal observed (₹403,355.82 across 1 tx); single-source fund exit at Chandigarh; activity occurred within 46.8h of incident reference time."
C000485,ENT_000329,1.0,1,ATM_019,Mumbai,19.076,72.8777,0.774,"Extended 3-hop fund dispersion chain; direct cash withdrawal observed (₹297,374.75 across 1 tx); single-source fund exit at Mumbai; activity occurred within 41.6h of incident reference time."
C000488,ENT_000582,0.5045,1,ATM_038,Kolkata,22.5726,88.3639,0.4923,"Extended 3-hop fund dispersion chain; direct cash withdrawal observed (₹4,340.24 across 1 tx); single-source fund exit at Kolkata; activity occurred within 35.2h of incident reference time."
C000491,ENT_000013,1.0,1,ATM_004,Chennai (T Nagar),13.0418,80.2341,0.85,"Extrapolated candidate cash-out hub: ATM_004 in Chennai (T Nagar) located 10.4 km from terminal mule account ENT_000310 (hop 3). Proximity surveillance target based on downstream fund routing of ₹208,649.52."
C000491,ENT_000013,1.0,2,ATM_035,Chennai (Anna Nagar),13.085,80.21,0.85,"Extrapolated candidate cash-out hub: ATM_035 in Chennai (Anna Nagar) located 10.5 km from terminal mule account ENT_000310 (hop 3). Proximity surveillance target based on downstream fund routing of ₹208,649.52."
C000491,ENT_000013,1.0,3,ATM_018,Bengaluru (Indiranagar),12.9784,77.6408,0.698,"Extrapolated candidate cash-out hub: ATM_018 in Bengaluru (Indiranagar) located 288.9 km from terminal mule account ENT_000310 (hop 3). Proximity surveillance target based on downstream fund routing of ₹208,649.52."
C000499,ENT_000560,1.0,1,ATM_026,Lucknow,26.8467,80.9462,0.7754,"Immediate 1-hop terminal connection; direct cash withdrawal observed (₹112,082.29 across 1 tx); single-source fund exit at Lucknow; activity occurred within 39.1h of incident reference time."
C000499,ENT_000560,1.0,2,ATM_008,Delhi,28.6139,77.209,0.6772,"Immediate 1-hop terminal connection; direct cash withdrawal observed (₹2,255.24 across 1 tx); single-source fund exit at Delhi; activity occurred within 62.4h of incident reference time."
C000502,ENT_000612,1.0,1,ATM_001,Hyderabad,17.385,78.4867,0.8353,"Intermediate 2-hop fund layering path; direct cash withdrawal observed (₹242,573.25 across 1 tx); single-source fund exit at Hyderabad; activity occurred within 36.5h of incident reference time."
C000502,ENT_000612,1.0,2,ATM_025,Bengaluru,12.9716,77.5946,0.782,"Intermediate 2-hop fund layering path; direct cash withdrawal observed (₹217,425.38 across 1 tx); single-source fund exit at Bengaluru; activity occurred within 52.5h of incident reference time."
C000504,ENT_000373,1.0,1,ATM_045,Mumbai,19.076,72.8777,0.857,"Intermediate 2-hop fund layering path; direct cash withdrawal observed (₹351,994.26 across 1 tx); single-source fund exit at Mumbai; activity occurred within 24.2h of incident reference time."
C000509,ENT_000313,0.9999,1,ATM_022,Bhopal (MP Nagar),23.2324,77.4332,0.8338,"Extrapolated candidate cash-out hub: ATM_022 in Bhopal (MP Nagar) located 5.2 km from terminal mule account ENT_000373 (hop 3). Proximity surveillance target based on downstream fund routing of ₹104,083.36."
C000509,ENT_000313,0.9999,2,ATM_023,Indore (Vijay Nagar),22.7533,75.8937,0.7238,"Extrapolated candidate cash-out hub: ATM_023 in Indore (Vijay Nagar) located 162.3 km from terminal mule account ENT_000373 (hop 3). Proximity surveillance target based on downstream fund routing of ₹104,083.36."
C000509,ENT_000313,0.9999,3,ATM_036,Nagpur (Civil Lines),21.1524,79.0725,0.634,"Extrapolated candidate cash-out hub: ATM_036 in Nagpur (Civil Lines) located 290.7 km from terminal mule account ENT_000373 (hop 3). Proximity surveillance target based on downstream fund routing of ₹104,083.36."
C000510,ENT_000615,0.5652,1,ATM_033,Bengaluru,12.9716,77.5946,0.5709,"Extended 3-hop fund dispersion chain; direct cash withdrawal observed (₹1,600.66 across 1 tx); single-source fund exit at Bengaluru; activity occurred within 15.5h of incident reference time."
C000510,ENT_000615,0.5652,2,ATM_007,Patna,25.5941,85.1376,0.4797,"Extended 3-hop fund dispersion chain; direct cash withdrawal observed (₹3,683.09 across 1 tx); single-source fund exit at Patna; activity occurred within 54.9h of incident reference time."
C000511,ENT_000410,0.0012,1,ATM_040,Lucknow,26.8467,80.9462,0.5061,"Immediate 1-hop terminal connection; direct cash withdrawal observed (₹44,774.34 across 1 tx); single-source fund exit at Lucknow; activity occurred within 34.1h of incident reference time."
C000516,ENT_000338,0.9996,1,ATM_002,Bhubaneswar (Saheed Nagar),20.289,85.844,0.85,"Extrapolated candidate cash-out hub: ATM_002 in Bhubaneswar (Saheed Nagar) located 4.1 km from terminal mule account ENT_000700 (hop 3). Proximity surveillance target based on downstream fund routing of ₹202,054.28."
C000516,ENT_000338,0.9996,2,ATM_006,Bhubaneswar (Patia),20.3588,85.816,0.85,"Extrapolated candidate cash-out hub: ATM_006 in Bhubaneswar (Patia) located 5.4 km from terminal mule account ENT_000700 (hop 3). Proximity surveillance target based on downstream fund routing of ₹202,054.28."
C000516,ENT_000338,0.9996,3,ATM_020,Cuttack (Badambadi),20.452,85.875,0.85,"Extrapolated candidate cash-out hub: ATM_020 in Cuttack (Badambadi) located 17.1 km from terminal mule account ENT_000700 (hop 3). Proximity surveillance target based on downstream fund routing of ₹202,054.28."
C000517,ENT_000608,0.9167,1,ATM_014,Kochi,9.9312,76.2673,0.6244,"Extended 3-hop fund dispersion chain; direct cash withdrawal observed (₹103,264.09 across 1 tx); single-source fund exit at Kochi; activity occurred within 57.1h of incident reference time."
C000518,ENT_000268,0.9999,1,ATM_010,Lucknow (Hazratganj),26.85,80.9499,0.85,"Extrapolated candidate cash-out hub: ATM_010 in Lucknow (Hazratganj) located 2.3 km from terminal mule account ENT_000175 (hop 3). Proximity surveillance target based on downstream fund routing of ₹351,425.58."
C000518,ENT_000268,0.9999,2,ATM_040,Kanpur (Mall Road),26.4725,80.354,0.85,"Extrapolated candidate cash-out hub: ATM_040 in Kanpur (Mall Road) located 72.7 km from terminal mule account ENT_000175 (hop 3). Proximity surveillance target based on downstream fund routing of ₹351,425.58."
C000518,ENT_000268,0.9999,3,ATM_048,Varanasi (Cantt Road),25.328,82.986,0.7413,"Extrapolated candidate cash-out hub: ATM_048 in Varanasi (Cantt Road) located 262.3 km from terminal mule account ENT_000175 (hop 3). Proximity surveillance target based on downstream fund routing of ₹351,425.58."
C000519,ENT_000472,0.8396,1,ATM_005,Kochi,9.9312,76.2673,0.631,"Intermediate 2-hop fund layering path; direct cash withdrawal observed (₹19,283.48 across 1 tx); single-source fund exit at Kochi; activity occurred within 60.8h of incident reference time."
C000520,ENT_000606,1.0,1,ATM_003,Patna (Frazer Road),25.609,85.1376,0.85,"Extrapolated candidate cash-out hub: ATM_003 in Patna (Frazer Road) located 2.3 km from terminal mule account ENT_000389 (hop 2). Proximity surveillance target based on downstream fund routing of ₹303,554.17."
C000520,ENT_000606,1.0,2,ATM_007,Patna (Boring Road),25.6185,85.1189,0.85,"Extrapolated candidate cash-out hub: ATM_007 in Patna (Boring Road) located 3.3 km from terminal mule account ENT_000389 (hop 2). Proximity surveillance target based on downstream fund routing of ₹303,554.17."
C000520,ENT_000606,1.0,3,ATM_041,Muzaffarpur (Motijheel),26.1209,85.375,0.85,"Extrapolated candidate cash-out hub: ATM_041 in Muzaffarpur (Motijheel) located 59.5 km from terminal mule account ENT_000389 (hop 2). Proximity surveillance target based on downstream fund routing of ₹303,554.17."
C000521,ENT_000152,1.0,1,ATM_046,Hyderabad,17.385,78.4867,0.841,"Intermediate 2-hop fund layering path; direct cash withdrawal observed (₹90,122.67 across 3 tx); 3 upstream feeding entities converged at terminal in Hyderabad; activity occurred within 0.4h of incident reference time."
C000525,ENT_000154,0.8594,1,ATM_004,Chennai (T Nagar),13.0418,80.2341,0.821,"Extrapolated candidate cash-out hub: ATM_004 in Chennai (T Nagar) located 9.2 km from terminal mule account ENT_000154 (hop 0). Proximity surveillance target based on downstream fund routing of ₹44,485.28."
C000525,ENT_000154,0.8594,2,ATM_035,Chennai (Anna Nagar),13.085,80.21,0.8207,"Extrapolated candidate cash-out hub: ATM_035 in Chennai (Anna Nagar) located 9.7 km from terminal mule account ENT_000154 (hop 0). Proximity surveillance target based on downstream fund routing of ₹44,485.28."
C000525,ENT_000154,0.8594,3,ATM_018,Bengaluru (Indiranagar),12.9784,77.6408,0.6257,"Extrapolated candidate cash-out hub: ATM_018 in Bengaluru (Indiranagar) located 288.2 km from terminal mule account ENT_000154 (hop 0). Proximity surveillance target based on downstream fund routing of ₹44,485.28."
C000529,ENT_000046,1.0,1,ATM_009,Jaipur (MI Road),26.9198,75.8115,0.85,"Extrapolated candidate cash-out hub: ATM_009 in Jaipur (MI Road) located 3.8 km from terminal mule account ENT_000144 (hop 3). Proximity surveillance target based on downstream fund routing of ₹245,429.55."
C000529,ENT_000046,1.0,2,ATM_017,Delhi (Nehru Place),28.5494,77.2536,0.7592,"Extrapolated candidate cash-out hub: ATM_017 in Delhi (Nehru Place) located 233.0 km from terminal mule account ENT_000144 (hop 3). Proximity surveillance target based on downstream fund routing of ₹245,429.55."
C000529,ENT_000046,1.0,3,ATM_008,Delhi (Connaught Place),28.6315,77.2167,0.7556,"Extrapolated candidate cash-out hub: ATM_008 in Delhi (Connaught Place) located 238.1 km from terminal mule account ENT_000144 (hop 3). Proximity surveillance target based on downstream fund routing of ₹245,429.55."
C000534,ENT_000265,0.9999,1,ATM_045,Mumbai,19.076,72.8777,0.855,"Intermediate 2-hop fund layering path; direct cash withdrawal observed (₹525,379.61 across 2 tx); single-source fund exit at Mumbai; activity occurred within 25.5h of incident reference time."
C000538,ENT_000301,0.5011,1,ATM_003,Patna (Frazer Road),25.609,85.1376,0.5995,"Extrapolated candidate cash-out hub: ATM_003 in Patna (Frazer Road) located 4.6 km from terminal mule account ENT_000124 (hop 3). Proximity surveillance target based on downstream fund routing of ₹3,895.64."
C000538,ENT_000301,0.5011,2,ATM_007,Patna (Boring Road),25.6185,85.1189,0.5994,"Extrapolated candidate cash-out hub: ATM_007 in Patna (Boring Road) located 4.8 km from terminal mule account ENT_000124 (hop 3). Proximity surveillance target based on downstream fund routing of ₹3,895.64."
C000538,ENT_000301,0.5011,3,ATM_041,Muzaffarpur (Motijheel),26.1209,85.375,0.5565,"Extrapolated candidate cash-out hub: ATM_041 in Muzaffarpur (Motijheel) located 66.1 km from terminal mule account ENT_000124 (hop 3). Proximity surveillance target based on downstream fund routing of ₹3,895.64."
C000541,ENT_000502,0.9985,1,ATM_045,Mumbai,19.076,72.8777,0.7979,"Extended 3-hop fund dispersion chain; direct cash withdrawal observed (₹346,490.34 across 1 tx); single-source fund exit at Mumbai; activity occurred within 13.6h of incident reference time."
C000543,ENT_000601,0.0044,1,ATM_037,Mumbai,19.076,72.8777,0.5218,"Immediate 1-hop terminal connection; direct cash withdrawal observed (₹7,341.77 across 2 tx); 2 upstream feeding entities converged at terminal in Mumbai; activity occurred within 27.4h of incident reference time."
C000544,ENT_000179,0.9517,1,ATM_014,Kochi,9.9312,76.2673,0.625,"Extended 3-hop fund dispersion chain; direct cash withdrawal observed (₹73,099.36 across 1 tx); single-source fund exit at Kochi; activity occurred within 49.9h of incident reference time."
C000549,ENT_000190,0.9978,1,ATM_022,Bhopal (MP Nagar),23.2324,77.4332,0.85,"Extrapolated candidate cash-out hub: ATM_022 in Bhopal (MP Nagar) located 5.2 km from terminal mule account ENT_000373 (hop 3). Proximity surveillance target based on downstream fund routing of ₹249,734.04."
C000549,ENT_000190,0.9978,2,ATM_023,Indore (Vijay Nagar),22.7533,75.8937,0.8104,"Extrapolated candidate cash-out hub: ATM_023 in Indore (Vijay Nagar) located 162.3 km from terminal mule account ENT_000373 (hop 3). Proximity surveillance target based on downstream fund routing of ₹249,734.04."
C000549,ENT_000190,0.9978,3,ATM_036,Nagpur (Civil Lines),21.1524,79.0725,0.7206,"Extrapolated candidate cash-out hub: ATM_036 in Nagpur (Civil Lines) located 290.7 km from terminal mule account ENT_000373 (hop 3). Proximity surveillance target based on downstream fund routing of ₹249,734.04."
C000550,ENT_000110,0.0518,1,ATM_012,Patna,25.5941,85.1376,0.444,Immediate 1-hop terminal connection; direct cash withdrawal observed (₹481.45 across 1 tx); single-source fund exit at Patna; activity occurred within 59.9h of incident reference time.
C000558,ENT_000687,0.8168,1,ATM_023,Indore (Vijay Nagar),22.7533,75.8937,0.6091,"Extrapolated candidate cash-out hub: ATM_023 in Indore (Vijay Nagar) located 344.8 km from terminal mule account ENT_000492 (hop 3). Proximity surveillance target based on downstream fund routing of ₹232,702.13."
C000558,ENT_000687,0.8168,2,ATM_045,Nashik (College Road),20.0063,73.7634,0.5998,"Extrapolated candidate cash-out hub: ATM_045 in Nashik (College Road) located 358.1 km from terminal mule account ENT_000492 (hop 3). Proximity surveillance target based on downstream fund routing of ₹232,702.13."
C000558,ENT_000687,0.8168,3,ATM_028,Jodhpur (Sojati Gate),26.291,73.023,0.5935,"Extrapolated candidate cash-out hub: ATM_028 in Jodhpur (Sojati Gate) located 367.1 km from terminal mule account ENT_000492 (hop 3). Proximity surveillance target based on downstream fund routing of ₹232,702.13."
C000562,ENT_000490,0.1538,1,ATM_015,Chandigarh,30.7333,76.7794,0.4658,"Extended 3-hop fund dispersion chain; direct cash withdrawal observed (₹1,083.91 across 1 tx); single-source fund exit at Chandigarh; activity occurred within 1.8h of incident reference time."
C000565,ENT_000371,1.0,1,ATM_022,Bhopal (MP Nagar),23.2324,77.4332,0.85,"Extrapolated candidate cash-out hub: ATM_022 in Bhopal (MP Nagar) located 5.8 km from terminal mule account ENT_000115 (hop 3). Proximity surveillance target based on downstream fund routing of ₹345,504.69."
C000565,ENT_000371,1.0,2,ATM_023,Indore (Vijay Nagar),22.7533,75.8937,0.812,"Extrapolated candidate cash-out hub: ATM_023 in Indore (Vijay Nagar) located 161.4 km from terminal mule account ENT_000115 (hop 3). Proximity surveillance target based on downstream fund routing of ₹345,504.69."
C000565,ENT_000371,1.0,3,ATM_036,Nagpur (Civil Lines),21.1524,79.0725,0.7215,"Extrapolated candidate cash-out hub: ATM_036 in Nagpur (Civil Lines) located 290.8 km from terminal mule account ENT_000115 (hop 3). Proximity surveillance target based on downstream fund routing of ₹345,504.69."
C000568,ENT_000548,0.5697,1,ATM_038,Kolkata (Salt Lake Sector V),22.58,88.435,0.7551,"Extrapolated candidate cash-out hub: ATM_038 in Kolkata (Salt Lake Sector V) located 5.2 km from terminal mule account ENT_000169 (hop 3). Proximity surveillance target based on downstream fund routing of ₹224,014.12."
C000568,ENT_000548,0.5697,2,ATM_011,Kolkata (Park Street),22.5535,88.3512,0.7543,"Extrapolated candidate cash-out hub: ATM_011 in Kolkata (Park Street) located 6.5 km from terminal mule account ENT_000169 (hop 3). Proximity surveillance target based on downstream fund routing of ₹224,014.12."
C000568,ENT_000548,0.5697,3,ATM_042,Bhagalpur (Station Chowk),25.2425,86.9842,0.5301,"Extrapolated candidate cash-out hub: ATM_042 in Bhagalpur (Station Chowk) located 326.7 km from terminal mule account ENT_000169 (hop 3). Proximity surveillance target based on downstream fund routing of ₹224,014.12."
C000572,ENT_000076,0.0007,1,ATM_001,Hyderabad,17.385,78.4867,0.5197,Immediate 1-hop terminal connection; direct cash withdrawal observed (₹900.29 across 1 tx); single-source fund exit at Hyderabad; activity occurred within 19.2h of incident reference time.
C000575,ENT_000144,0.5689,1,ATM_009,Jaipur (MI Road),26.9198,75.8115,0.8096,"Extrapolated candidate cash-out hub: ATM_009 in Jaipur (MI Road) located 2.9 km from terminal mule account ENT_000015 (hop 2). Proximity surveillance target based on downstream fund routing of ₹282,570.82."
C000575,ENT_000144,0.5689,2,ATM_017,Delhi (Nehru Place),28.5494,77.2536,0.6485,"Extrapolated candidate cash-out hub: ATM_017 in Delhi (Nehru Place) located 233.0 km from terminal mule account ENT_000015 (hop 2). Proximity surveillance target based on downstream fund routing of ₹282,570.82."
C000575,ENT_000144,0.5689,3,ATM_008,Delhi (Connaught Place),28.6315,77.2167,0.6449,"Extrapolated candidate cash-out hub: ATM_008 in Delhi (Connaught Place) located 238.1 km from terminal mule account ENT_000015 (hop 2). Proximity surveillance target based on downstream fund routing of ₹282,570.82."
C000576,ENT_000501,0.697,1,ATM_035,Chennai,13.0827,80.2707,0.5317,"Extended 3-hop fund dispersion chain; direct cash withdrawal observed (₹36,430.42 across 1 tx); single-source fund exit at Chennai; activity occurred within 55.4h of incident reference time."
C000589,ENT_000374,0.8341,1,ATM_019,Mumbai,19.076,72.8777,0.8334,"Immediate 1-hop terminal connection; direct cash withdrawal observed (₹84,411.32 across 3 tx); 3 upstream feeding entities converged at terminal in Mumbai; activity occurred within 9.5h of incident reference time."
C000589,ENT_000374,0.8341,2,ATM_043,Chennai,13.0827,80.2707,0.6428,"Intermediate 2-hop fund layering path; direct cash withdrawal observed (₹1,476.48 across 1 tx); single-source fund exit at Chennai; activity occurred within 32.3h of incident reference time."
C000599,ENT_000698,0.9999,1,ATM_030,Delhi,28.6139,77.209,0.9353,"Immediate 1-hop terminal connection; direct cash withdrawal observed (₹323,585.78 across 1 tx); single-source fund exit at Delhi; activity occurred within 19.5h of incident reference time."
C000607,ENT_000688,0.6295,1,ATM_001,Hyderabad (Banjara Hills),17.4156,78.435,0.6428,"Extrapolated candidate cash-out hub: ATM_001 in Hyderabad (Banjara Hills) located 6.1 km from terminal mule account ENT_000498 (hop 3). Proximity surveillance target based on downstream fund routing of ₹2,806.62."
C000607,ENT_000688,0.6295,2,ATM_027,Hyderabad (Begumpet),17.4447,78.4664,0.6427,"Extrapolated candidate cash-out hub: ATM_027 in Hyderabad (Begumpet) located 6.2 km from terminal mule account ENT_000498 (hop 3). Proximity surveillance target based on downstream fund routing of ₹2,806.62."
C000607,ENT_000688,0.6295,3,ATM_013,Hyderabad (Hitec City),17.4435,78.3772,0.638,"Extrapolated candidate cash-out hub: ATM_013 in Hyderabad (Hitec City) located 12.9 km from terminal mule account ENT_000498 (hop 3). Proximity surveillance target based on downstream fund routing of ₹2,806.62."
C000609,ENT_000635,0.9999,1,ATM_045,Mumbai,19.076,72.8777,0.7562,"Extended 3-hop fund dispersion chain; direct cash withdrawal observed (₹346,490.34 across 1 tx); single-source fund exit at Mumbai; activity occurred within 61.6h of incident reference time."
C000609,ENT_000635,0.9999,2,ATM_019,Mumbai,19.076,72.8777,0.6893,Extended 3-hop fund dispersion chain; direct cash withdrawal observed (₹936.43 across 1 tx); single-source fund exit at Mumbai; activity occurred within 2.2h of incident reference time.
C000611,ENT_000208,1.0,1,ATM_008,Delhi (Connaught Place),28.6315,77.2167,0.85,"Extrapolated candidate cash-out hub: ATM_008 in Delhi (Connaught Place) located 4.2 km from terminal mule account ENT_000698 (hop 3). Proximity surveillance target based on downstream fund routing of ₹390,399.16."
C000611,ENT_000208,1.0,2,ATM_030,Delhi (Karol Bagh),28.6517,77.1906,0.85,"Extrapolated candidate cash-out hub: ATM_030 in Delhi (Karol Bagh) located 5.9 km from terminal mule account ENT_000698 (hop 3). Proximity surveillance target based on downstream fund routing of ₹390,399.16."
C000611,ENT_000208,1.0,3,ATM_017,Delhi (Nehru Place),28.5494,77.2536,0.85,"Extrapolated candidate cash-out hub: ATM_017 in Delhi (Nehru Place) located 7.9 km from terminal mule account ENT_000698 (hop 3). Proximity surveillance target based on downstream fund routing of ₹390,399.16."
C000612,ENT_000283,0.8889,1,ATM_018,Bengaluru (Indiranagar),12.9784,77.6408,0.753,"Extrapolated candidate cash-out hub: ATM_018 in Bengaluru (Indiranagar) located 8.9 km from terminal mule account ENT_000008 (hop 3). Proximity surveillance target based on downstream fund routing of ₹38,631.04."
C000612,ENT_000283,0.8889,2,ATM_025,Bengaluru (Koramangala),12.9352,77.6245,0.7526,"Extrapolated candidate cash-out hub: ATM_025 in Bengaluru (Koramangala) located 9.5 km from terminal mule account ENT_000008 (hop 3). Proximity surveillance target based on downstream fund routing of ₹38,631.04."
C000612,ENT_000283,0.8889,3,ATM_033,Mysuru (Devaraja Mohalla),12.308,76.649,0.6719,"Extrapolated candidate cash-out hub: ATM_033 in Mysuru (Devaraja Mohalla) located 124.8 km from terminal mule account ENT_000008 (hop 3). Proximity surveillance target based on downstream fund routing of ₹38,631.04."
C000615,ENT_000539,1.0,1,ATM_022,Bhopal (MP Nagar),23.2324,77.4332,0.85,"Extrapolated candidate cash-out hub: ATM_022 in Bhopal (MP Nagar) located 1.0 km from terminal mule account ENT_000371 (hop 3). Proximity surveillance target based on downstream fund routing of ₹318,408.49."
C000615,ENT_000539,1.0,2,ATM_023,Indore (Vijay Nagar),22.7533,75.8937,0.8079,"Extrapolated candidate cash-out hub: ATM_023 in Indore (Vijay Nagar) located 167.3 km from terminal mule account ENT_000371 (hop 3). Proximity surveillance target based on downstream fund routing of ₹318,408.49."
C000615,ENT_000539,1.0,3,ATM_036,Nagpur (Civil Lines),21.1524,79.0725,0.7247,"Extrapolated candidate cash-out hub: ATM_036 in Nagpur (Civil Lines) located 286.2 km from terminal mule account ENT_000371 (hop 3). Proximity surveillance target based on downstream fund routing of ₹318,408.49."
C000618,ENT_000392,0.9952,1,ATM_032,Pune (Shivajinagar),18.5314,73.8446,0.85,"Extrapolated candidate cash-out hub: ATM_032 in Pune (Shivajinagar) located 5.2 km from terminal mule account ENT_000270 (hop 3). Proximity surveillance target based on downstream fund routing of ₹279,243.34."
C000618,ENT_000392,0.9952,2,ATM_034,Pune (Hinjawadi),18.5913,73.7389,0.85,"Extrapolated candidate cash-out hub: ATM_034 in Pune (Hinjawadi) located 16.8 km from terminal mule account ENT_000270 (hop 3). Proximity surveillance target based on downstream fund routing of ₹279,243.34."
C000618,ENT_000392,0.9952,3,ATM_019,Mumbai (Nariman Point),18.9255,72.8242,0.8401,"Extrapolated candidate cash-out hub: ATM_019 in Mumbai (Nariman Point) located 118.9 km from terminal mule account ENT_000270 (hop 3). Proximity surveillance target based on downstream fund routing of ₹279,243.34."
C000622,ENT_000526,0.574,1,ATM_032,Pune (Shivajinagar),18.5314,73.8446,0.7728,"Extrapolated candidate cash-out hub: ATM_032 in Pune (Shivajinagar) located 4.4 km from terminal mule account ENT_000153 (hop 3). Proximity surveillance target based on downstream fund routing of ₹378,797.77."
C000622,ENT_000526,0.574,2,ATM_034,Pune (Hinjawadi),18.5913,73.7389,0.764,"Extrapolated candidate cash-out hub: ATM_034 in Pune (Hinjawadi) located 17.1 km from terminal mule account ENT_000153 (hop 3). Proximity surveillance target based on downstream fund routing of ₹378,797.77."
C000622,ENT_000526,0.574,3,ATM_019,Mumbai (Nariman Point),18.9255,72.8242,0.6921,"Extrapolated candidate cash-out hub: ATM_019 in Mumbai (Nariman Point) located 119.8 km from terminal mule account ENT_000153 (hop 3). Proximity surveillance target based on downstream fund routing of ₹378,797.77."
C000641,ENT_000427,0.0358,1,ATM_045,Mumbai,19.076,72.8777,0.396,"Intermediate 2-hop fund layering path; direct cash withdrawal observed (₹1,991.55 across 1 tx); single-source fund exit at Mumbai; activity occurred within 66.4h of incident reference time."
C000642,ENT_000044,0.9921,1,ATM_002,Bhubaneswar (Saheed Nagar),20.289,85.844,0.85,"Extrapolated candidate cash-out hub: ATM_002 in Bhubaneswar (Saheed Nagar) located 4.1 km from terminal mule account ENT_000700 (hop 3). Proximity surveillance target based on downstream fund routing of ₹293,142.27."
C000642,ENT_000044,0.9921,2,ATM_006,Bhubaneswar (Patia),20.3588,85.816,0.85,"Extrapolated candidate cash-out hub: ATM_006 in Bhubaneswar (Patia) located 5.4 km from terminal mule account ENT_000700 (hop 3). Proximity surveillance target based on downstream fund routing of ₹293,142.27."
C000642,ENT_000044,0.9921,3,ATM_020,Cuttack (Badambadi),20.452,85.875,0.85,"Extrapolated candidate cash-out hub: ATM_020 in Cuttack (Badambadi) located 17.1 km from terminal mule account ENT_000700 (hop 3). Proximity surveillance target based on downstream fund routing of ₹293,142.27."
C000643,ENT_000365,0.9999,1,ATM_017,Delhi,28.6139,77.209,0.7775,"Intermediate 2-hop fund layering path; direct cash withdrawal observed (₹157,805.81 across 1 tx); single-source fund exit at Delhi; activity occurred within 51.6h of incident reference time."
C000643,ENT_000365,0.9999,2,ATM_023,Bhopal,23.2599,77.4126,0.6288,"Extended 3-hop fund dispersion chain; direct cash withdrawal observed (₹20,067.19 across 1 tx); single-source fund exit at Bhopal; activity occurred within 48.9h of incident reference time."
C000647,ENT_000233,0.999,1,ATM_014,Kochi,9.9312,76.2673,0.8106,"Immediate 1-hop terminal connection; direct cash withdrawal observed (₹82,577.54 across 2 tx); 2 upstream feeding entities converged at terminal in Kochi; activity occurred within 9.8h of incident reference time."
C000648,ENT_000465,0.9946,1,ATM_029,Mumbai (Bandra Kurla Complex),19.0657,72.8687,0.85,"Extrapolated candidate cash-out hub: ATM_029 in Mumbai (Bandra Kurla Complex) located 4.8 km from terminal mule account ENT_000014 (hop 3). Proximity surveillance target based on downstream fund routing of ₹331,757.28."
C000648,ENT_000465,0.9946,2,ATM_037,Thane (Naupada),19.1873,72.9712,0.85,"Extrapolated candidate cash-out hub: ATM_037 in Thane (Naupada) located 13.8 km from terminal mule account ENT_000014 (hop 3). Proximity surveillance target based on downstream fund routing of ₹331,757.28."
C000648,ENT_000465,0.9946,3,ATM_019,Mumbai (Nariman Point),18.9255,72.8242,0.85,"Extrapolated candidate cash-out hub: ATM_019 in Mumbai (Nariman Point) located 21.0 km from terminal mule account ENT_000014 (hop 3). Proximity surveillance target based on downstream fund routing of ₹331,757.28."
C000652,ENT_000024,0.0736,1,ATM_041,Patna,25.5941,85.1376,0.378,Extended 3-hop fund dispersion chain; direct cash withdrawal observed (₹306.58 across 1 tx); single-source fund exit at Patna; activity occurred within 53.7h of incident reference time.
C000657,ENT_000119,0.7088,1,ATM_003,Patna (Frazer Road),25.609,85.1376,0.7429,"Extrapolated candidate cash-out hub: ATM_003 in Patna (Frazer Road) located 5.1 km from terminal mule account ENT_000333 (hop 2). Proximity surveillance target based on downstream fund routing of ₹59,814.96."
C000657,ENT_000119,0.7088,2,ATM_007,Patna (Boring Road),25.6185,85.1189,0.7422,"Extrapolated candidate cash-out hub: ATM_007 in Patna (Boring Road) located 6.0 km from terminal mule account ENT_000333 (hop 2). Proximity surveillance target based on downstream fund routing of ₹59,814.96."
C000657,ENT_000119,0.7088,3,ATM_041,Muzaffarpur (Motijheel),26.1209,85.375,0.6998,"Extrapolated candidate cash-out hub: ATM_041 in Muzaffarpur (Motijheel) located 66.7 km from terminal mule account ENT_000333 (hop 2). Proximity surveillance target based on downstream fund routing of ₹59,814.96."
C000659,ENT_000125,1.0,1,ATM_009,Jaipur (MI Road),26.9198,75.8115,0.85,"Extrapolated candidate cash-out hub: ATM_009 in Jaipur (MI Road) located 5.4 km from terminal mule account ENT_000282 (hop 3). Proximity surveillance target based on downstream fund routing of ₹558,792.04."
C000659,ENT_000125,1.0,2,ATM_017,Delhi (Nehru Place),28.5494,77.2536,0.7611,"Extrapolated candidate cash-out hub: ATM_017 in Delhi (Nehru Place) located 234.1 km from terminal mule account ENT_000282 (hop 3). Proximity surveillance target based on downstream fund routing of ₹558,792.04."
C000659,ENT_000125,1.0,3,ATM_008,Delhi (Connaught Place),28.6315,77.2167,0.7577,"Extrapolated candidate cash-out hub: ATM_008 in Delhi (Connaught Place) located 239.1 km from terminal mule account ENT_000282 (hop 3). Proximity surveillance target based on downstream fund routing of ₹558,792.04."
C000662,ENT_000397,0.9995,1,ATM_009,Jaipur (MI Road),26.9198,75.8115,0.85,"Extrapolated candidate cash-out hub: ATM_009 in Jaipur (MI Road) located 5.4 km from terminal mule account ENT_000282 (hop 3). Proximity surveillance target based on downstream fund routing of ₹242,232.04."
C000662,ENT_000397,0.9995,2,ATM_017,Delhi (Nehru Place),28.5494,77.2536,0.7563,"Extrapolated candidate cash-out hub: ATM_017 in Delhi (Nehru Place) located 234.1 km from terminal mule account ENT_000282 (hop 3). Proximity surveillance target based on downstream fund routing of ₹242,232.04."
C000662,ENT_000397,0.9995,3,ATM_008,Delhi (Connaught Place),28.6315,77.2167,0.7528,"Extrapolated candidate cash-out hub: ATM_008 in Delhi (Connaught Place) located 239.1 km from terminal mule account ENT_000282 (hop 3). Proximity surveillance target based on downstream fund routing of ₹242,232.04."
C000663,ENT_000027,0.9951,1,ATM_001,Hyderabad,17.385,78.4867,0.7854,"Intermediate 2-hop fund layering path; direct cash withdrawal observed (₹167,332.05 across 1 tx); single-source fund exit at Hyderabad; activity occurred within 26.7h of incident reference time."
C000664,ENT_000382,1.0,1,ATM_025,Bengaluru (Koramangala),12.9352,77.6245,0.85,"Extrapolated candidate cash-out hub: ATM_025 in Bengaluru (Koramangala) located 1.7 km from terminal mule account ENT_000630 (hop 3). Proximity surveillance target based on downstream fund routing of ₹422,412.24."
C000664,ENT_000382,1.0,2,ATM_018,Bengaluru (Indiranagar),12.9784,77.6408,0.85,"Extrapolated candidate cash-out hub: ATM_018 in Bengaluru (Indiranagar) located 3.5 km from terminal mule account ENT_000630 (hop 3). Proximity surveillance target based on downstream fund routing of ₹422,412.24."
C000664,ENT_000382,1.0,3,ATM_033,Mysuru (Devaraja Mohalla),12.308,76.649,0.8355,"Extrapolated candidate cash-out hub: ATM_033 in Mysuru (Devaraja Mohalla) located 127.9 km from terminal mule account ENT_000630 (hop 3). Proximity surveillance target based on downstream fund routing of ₹422,412.24."
C000668,ENT_000676,0.9026,1,ATM_016,Chandigarh,30.7333,76.7794,0.6203,"Extended 3-hop fund dispersion chain; direct cash withdrawal observed (₹53,828.94 across 1 tx); single-source fund exit at Chandigarh; activity occurred within 52.1h of incident reference time."
C000671,ENT_000623,0.174,1,ATM_038,Kolkata,22.5726,88.3639,0.4752,"Intermediate 2-hop fund layering path; direct cash withdrawal observed (₹1,766.04 across 2 tx); 2 upstream feeding entities converged at terminal in Kolkata; activity occurred within 35.4h of incident reference time."
C000674,ENT_000243,1.0,1,ATM_005,Kochi (MG Road),9.9723,76.2789,0.85,"Extrapolated candidate cash-out hub: ATM_005 in Kochi (MG Road) located 4.4 km from terminal mule account ENT_000125 (hop 3). Proximity surveillance target based on downstream fund routing of ₹464,452.42."
C000674,ENT_000243,1.0,2,ATM_043,Coimbatore (RS Puram),11.008,76.952,0.8275,"Extrapolated candidate cash-out hub: ATM_043 in Coimbatore (RS Puram) located 139.3 km from terminal mule account ENT_000125 (hop 3). Proximity surveillance target based on downstream fund routing of ₹464,452.42."
C000674,ENT_000243,1.0,3,ATM_039,Kozhikode (Mavoor Road),11.2588,75.789,0.815,"Extrapolated candidate cash-out hub: ATM_039 in Kozhikode (Mavoor Road) located 157.1 km from terminal mule account ENT_000125 (hop 3). Proximity surveillance target based on downstream fund routing of ₹464,452.42."
C000678,ENT_000356,1.0,1,ATM_043,Chennai,13.0827,80.2707,0.6561,"Extended 3-hop fund dispersion chain; direct cash withdrawal observed (₹30,261.08 across 1 tx); single-source fund exit at Chennai; activity occurred within 29.8h of incident reference time."
C000679,ENT_000578,0.9932,1,ATM_033,Bengaluru,12.9716,77.5946,0.669,"Extended 3-hop fund dispersion chain; direct cash withdrawal observed (₹77,346.02 across 1 tx); single-source fund exit at Bengaluru; activity occurred within 36.0h of incident reference time."
C000697,ENT_000614,1.0,1,ATM_022,Bhopal,23.2599,77.4126,0.846,"Extended 3-hop fund dispersion chain; direct cash withdrawal observed (₹302,539.56 across 1 tx); single-source fund exit at Bhopal; activity occurred within 1.4h of incident reference time."
C000698,ENT_000089,0.9997,1,ATM_011,Kolkata,22.5726,88.3639,0.6995,Intermediate 2-hop fund layering path; direct cash withdrawal observed (₹485.15 across 1 tx); single-source fund exit at Kolkata; activity occurred within 17.1h of incident reference time.
C000699,ENT_000020,0.9932,1,ATM_019,Mumbai,19.076,72.8777,0.6606,"Extended 3-hop fund dispersion chain; direct cash withdrawal observed (₹56,199.53 across 1 tx); single-source fund exit at Mumbai; activity occurred within 49.8h of incident reference time."
C000702,ENT_000346,0.9995,1,ATM_032,Pune (Shivajinagar),18.5314,73.8446,0.85,"Extrapolated candidate cash-out hub: ATM_032 in Pune (Shivajinagar) located 3.6 km from terminal mule account ENT_000305 (hop 1). Proximity surveillance target based on downstream fund routing of ₹441,074.91."
C000702,ENT_000346,0.9995,2,ATM_034,Pune (Hinjawadi),18.5913,73.7389,0.85,"Extrapolated candidate cash-out hub: ATM_034 in Pune (Hinjawadi) located 12.9 km from terminal mule account ENT_000305 (hop 1). Proximity surveillance target based on downstream fund routing of ₹441,074.91."
C000702,ENT_000346,0.9995,3,ATM_019,Mumbai (Nariman Point),18.9255,72.8242,0.85,"Extrapolated candidate cash-out hub: ATM_019 in Mumbai (Nariman Point) located 115.0 km from terminal mule account ENT_000305 (hop 1). Proximity surveillance target based on downstream fund routing of ₹441,074.91."
C000721,ENT_000628,0.9996,1,ATM_024,Chandigarh,30.7333,76.7794,0.6717,"Extended 3-hop fund dispersion chain; direct cash withdrawal observed (₹59,843.65 across 1 tx); single-source fund exit at Chandigarh; activity occurred within 19.3h of incident reference time."
C000723,ENT_000690,0.5072,1,ATM_001,Hyderabad (Banjara Hills),17.4156,78.435,0.7031,"Extrapolated candidate cash-out hub: ATM_001 in Hyderabad (Banjara Hills) located 6.0 km from terminal mule account ENT_000401 (hop 1). Proximity surveillance target based on downstream fund routing of ₹49,612.45."
C000723,ENT_000690,0.5072,2,ATM_027,Hyderabad (Begumpet),17.4447,78.4664,0.7012,"Extrapolated candidate cash-out hub: ATM_027 in Hyderabad (Begumpet) located 8.7 km from terminal mule account ENT_000401 (hop 1). Proximity surveillance target based on downstream fund routing of ₹49,612.45."
C000723,ENT_000690,0.5072,3,ATM_013,Hyderabad (Hitec City),17.4435,78.3772,0.6987,"Extrapolated candidate cash-out hub: ATM_013 in Hyderabad (Hitec City) located 12.3 km from terminal mule account ENT_000401 (hop 1). Proximity surveillance target based on downstream fund routing of ₹49,612.45."
C000732,ENT_000477,0.0639,1,ATM_018,Bengaluru,12.9716,77.5946,0.5006,"Intermediate 2-hop fund layering path; direct cash withdrawal observed (₹1,016.87 across 1 tx); single-source fund exit at Bengaluru; activity occurred within 20.4h of incident reference time."
C000740,ENT_000119,0.9999,1,ATM_049,Mohali (Phase 7),30.7046,76.7179,0.85,"Extrapolated candidate cash-out hub: ATM_049 in Mohali (Phase 7) located 5.9 km from terminal mule account ENT_000119 (hop 0). Proximity surveillance target based on downstream fund routing of ₹304,493.40."
C000740,ENT_000119,0.9999,2,ATM_024,Patiala (Leela Bhawan),30.3398,76.3869,0.85,"Extrapolated candidate cash-out hub: ATM_024 in Patiala (Leela Bhawan) located 57.3 km from terminal mule account ENT_000119 (hop 0). Proximity surveillance target based on downstream fund routing of ₹304,493.40."
C000740,ENT_000119,0.9999,3,ATM_016,Ludhiana (Ferozepur Road),30.901,75.82,0.85,"Extrapolated candidate cash-out hub: ATM_016 in Ludhiana (Ferozepur Road) located 90.9 km from terminal mule account ENT_000119 (hop 0). Proximity surveillance target based on downstream fund routing of ₹304,493.40."
C000745,ENT_000148,0.9962,1,ATM_035,Chennai,13.0827,80.2707,0.6723,"Intermediate 2-hop fund layering path; direct cash withdrawal observed (₹2,458.10 across 1 tx); single-source fund exit at Chennai; activity occurred within 29.9h of incident reference time."
C000757,ENT_000582,0.9923,1,ATM_001,Hyderabad,17.385,78.4867,0.8856,"Immediate 1-hop terminal connection; direct cash withdrawal observed (₹209,767.02 across 2 tx); 2 upstream feeding entities converged at terminal in Hyderabad; activity occurred within 33.4h of incident reference time."
C000761,ENT_000095,0.0011,1,ATM_050,Patna,25.5941,85.1376,0.4991,"Immediate 1-hop terminal connection; direct cash withdrawal observed (₹37,559.79 across 1 tx); single-source fund exit at Patna; activity occurred within 50.8h of incident reference time."
C000773,ENT_000174,0.9973,1,ATM_017,Delhi,28.6139,77.209,0.9407,"Immediate 1-hop terminal connection; direct cash withdrawal observed (₹278,984.06 across 2 tx); 2 upstream feeding entities converged at terminal in Delhi; activity occurred within 5.7h of incident reference time."
C000776,ENT_000171,1.0,1,ATM_046,Hyderabad,17.385,78.4867,0.8075,"Extended 3-hop fund dispersion chain; direct cash withdrawal observed (₹234,257.00 across 1 tx); single-source fund exit at Hyderabad; activity occurred within 20.7h of incident reference time."
C000782,ENT_000642,1.0,1,ATM_043,Chennai,13.0827,80.2707,0.8218,"Extended 3-hop fund dispersion chain; direct cash withdrawal observed (₹546,219.00 across 2 tx); single-source fund exit at Chennai; activity occurred within 29.2h of incident reference time."
C000783,ENT_000122,0.9994,1,ATM_011,Kolkata (Park Street),22.5535,88.3512,0.85,"Extrapolated candidate cash-out hub: ATM_011 in Kolkata (Park Street) located 4.2 km from terminal mule account ENT_000146 (hop 3). Proximity surveillance target based on downstream fund routing of ₹168,042.63."
C000783,ENT_000122,0.9994,2,ATM_038,Kolkata (Salt Lake Sector V),22.58,88.435,0.85,"Extrapolated candidate cash-out hub: ATM_038 in Kolkata (Salt Lake Sector V) located 5.1 km from terminal mule account ENT_000146 (hop 3). Proximity surveillance target based on downstream fund routing of ₹168,042.63."
C000783,ENT_000122,0.9994,3,ATM_042,Bhagalpur (Station Chowk),25.2425,86.9842,0.6452,"Extrapolated candidate cash-out hub: ATM_042 in Bhagalpur (Station Chowk) located 329.1 km from terminal mule account ENT_000146 (hop 3). Proximity surveillance target based on downstream fund routing of ₹168,042.63."
C000785,ENT_000057,1.0,1,ATM_014,Kochi,9.9312,76.2673,0.7368,"Extended 3-hop fund dispersion chain; direct cash withdrawal observed (₹222,229.06 across 1 tx); single-source fund exit at Kochi; activity occurred within 69.7h of incident reference time."
C000786,ENT_000106,0.899,1,ATM_001,Hyderabad,17.385,78.4867,0.817,"Intermediate 2-hop fund layering path; direct cash withdrawal observed (₹349,969.34 across 2 tx); 2 upstream feeding entities converged at terminal in Hyderabad; activity occurred within 33.5h of incident reference time."
C000798,ENT_000238,0.001,1,ATM_003,Patna,25.5941,85.1376,0.4962,"Immediate 1-hop terminal connection; direct cash withdrawal observed (₹45,644.23 across 1 tx); single-source fund exit at Patna; activity occurred within 36.3h of incident reference time."
C000800,ENT_000014,0.9972,1,ATM_023,Indore (Vijay Nagar),22.7533,75.8937,0.722,"Extrapolated candidate cash-out hub: ATM_023 in Indore (Vijay Nagar) located 342.2 km from terminal mule account ENT_000654 (hop 2). Proximity surveillance target based on downstream fund routing of ₹426,319.02."
C000800,ENT_000014,0.9972,2,ATM_045,Nashik (College Road),20.0063,73.7634,0.7088,"Extrapolated candidate cash-out hub: ATM_045 in Nashik (College Road) located 361.0 km from terminal mule account ENT_000654 (hop 2). Proximity surveillance target based on downstream fund routing of ₹426,319.02."
C000800,ENT_000014,0.9972,3,ATM_028,Jodhpur (Sojati Gate),26.291,73.023,0.7078,"Extrapolated candidate cash-out hub: ATM_028 in Jodhpur (Sojati Gate) located 362.5 km from terminal mule account ENT_000654 (hop 2). Proximity surveillance target based on downstream fund routing of ₹426,319.02."
C000801,ENT_000292,1.0,1,ATM_032,Pune (Shivajinagar),18.5314,73.8446,0.85,"Extrapolated candidate cash-out hub: ATM_032 in Pune (Shivajinagar) located 4.6 km from terminal mule account ENT_000103 (hop 3). Proximity surveillance target based on downstream fund routing of ₹290,941.59."
C000801,ENT_000292,1.0,2,ATM_034,Pune (Hinjawadi),18.5913,73.7389,0.85,"Extrapolated candidate cash-out hub: ATM_034 in Pune (Hinjawadi) located 15.9 km from terminal mule account ENT_000103 (hop 3). Proximity surveillance target based on downstream fund routing of ₹290,941.59."
C000801,ENT_000292,1.0,3,ATM_019,Mumbai (Nariman Point),18.9255,72.8242,0.8416,"Extrapolated candidate cash-out hub: ATM_019 in Mumbai (Nariman Point) located 119.1 km from terminal mule account ENT_000103 (hop 3). Proximity surveillance target based on downstream fund routing of ₹290,941.59."
C000803,ENT_000077,0.9999,1,ATM_006,Bhubaneswar,20.2961,85.8245,0.8173,"Intermediate 2-hop fund layering path; direct cash withdrawal observed (₹182,646.19 across 2 tx); 2 upstream feeding entities converged at terminal in Bhubaneswar; activity occurred within 13.2h of incident reference time."
C000807,ENT_000584,0.0023,1,ATM_022,Bhopal,23.2599,77.4126,0.4989,"Immediate 1-hop terminal connection; direct cash withdrawal observed (₹3,846.27 across 1 tx); single-source fund exit at Bhopal; activity occurred within 31.9h of incident reference time."
C000809,ENT_000538,0.98,1,ATM_008,Delhi (Connaught Place),28.6315,77.2167,0.85,"Extrapolated candidate cash-out hub: ATM_008 in Delhi (Connaught Place) located 1.3 km from terminal mule account ENT_000638 (hop 2). Proximity surveillance target based on downstream fund routing of ₹83,179.95."
C000809,ENT_000538,0.98,2,ATM_030,Delhi (Karol Bagh),28.6517,77.1906,0.85,"Extrapolated candidate cash-out hub: ATM_030 in Delhi (Karol Bagh) located 2.5 km from terminal mule account ENT_000638 (hop 2). Proximity surveillance target based on downstream fund routing of ₹83,179.95."
C000809,ENT_000538,0.98,3,ATM_017,Delhi (Nehru Place),28.5494,77.2536,0.8481,"Extrapolated candidate cash-out hub: ATM_017 in Delhi (Nehru Place) located 10.5 km from terminal mule account ENT_000638 (hop 2). Proximity surveillance target based on downstream fund routing of ₹83,179.95."
C000819,ENT_000597,1.0,1,ATM_018,Bengaluru,12.9716,77.5946,0.9006,"Immediate 1-hop terminal connection; direct cash withdrawal observed (₹183,797.37 across 2 tx); 2 upstream feeding entities converged at terminal in Bengaluru; activity occurred within 13.0h of incident reference time."
C000819,ENT_000597,1.0,2,ATM_023,Bhopal,23.2599,77.4126,0.7903,"Extended 3-hop fund dispersion chain; direct cash withdrawal observed (₹177,309.34 across 2 tx); 2 upstream feeding entities converged at terminal in Bhopal; activity occurred within 13.7h of incident reference time."
C000822,ENT_000691,0.0032,1,ATM_050,Patna,25.5941,85.1376,0.5253,Immediate 1-hop terminal connection; direct cash withdrawal observed (₹354.72 across 1 tx); single-source fund exit at Patna; activity occurred within 13.2h of incident reference time.
C000833,ENT_000482,1.0,1,ATM_045,Mumbai,19.076,72.8777,0.8455,"Intermediate 2-hop fund layering path; direct cash withdrawal observed (₹351,994.26 across 1 tx); single-source fund exit at Mumbai; activity occurred within 48.2h of incident reference time."
C000836,ENT_000235,0.8479,1,ATM_002,Bhubaneswar (Saheed Nagar),20.289,85.844,0.85,"Extrapolated candidate cash-out hub: ATM_002 in Bhubaneswar (Saheed Nagar) located 3.6 km from terminal mule account ENT_000412 (hop 3). Proximity surveillance target based on downstream fund routing of ₹322,804.63."
C000836,ENT_000235,0.8479,2,ATM_006,Bhubaneswar (Patia),20.3588,85.816,0.85,"Extrapolated candidate cash-out hub: ATM_006 in Bhubaneswar (Patia) located 10.4 km from terminal mule account ENT_000412 (hop 3). Proximity surveillance target based on downstream fund routing of ₹322,804.63."
C000836,ENT_000235,0.8479,3,ATM_020,Cuttack (Badambadi),20.452,85.875,0.85,"Extrapolated candidate cash-out hub: ATM_020 in Cuttack (Badambadi) located 21.5 km from terminal mule account ENT_000412 (hop 3). Proximity surveillance target based on downstream fund routing of ₹322,804.63."
C000838,ENT_000136,0.9844,1,ATM_023,Bhopal,23.2599,77.4126,0.6727,"Extended 3-hop fund dispersion chain; direct cash withdrawal observed (₹89,703.74 across 1 tx); single-source fund exit at Bhopal; activity occurred within 37.7h of incident reference time."
C000842,ENT_000418,0.9999,1,ATM_025,Bengaluru,12.9716,77.5946,0.8761,"Intermediate 2-hop fund layering path; direct cash withdrawal observed (₹189,924.00 across 2 tx); 2 upstream feeding entities converged at terminal in Bengaluru; activity occurred within 2.4h of incident reference time."
C000842,ENT_000418,0.9999,2,ATM_006,Bhubaneswar,20.2961,85.8245,0.6379,"Extended 3-hop fund dispersion chain; direct cash withdrawal observed (₹1,995.41 across 1 tx); single-source fund exit at Bhubaneswar; activity occurred within 30.6h of incident reference time."
C000857,ENT_000272,0.9997,1,ATM_023,Indore (Vijay Nagar),22.7533,75.8937,0.6111,"Extrapolated candidate cash-out hub: ATM_023 in Indore (Vijay Nagar) located 343.3 km from terminal mule account ENT_000387 (hop 3). Proximity surveillance target based on downstream fund routing of ₹127,604.32."
C000857,ENT_000272,0.9997,2,ATM_045,Nashik (College Road),20.0063,73.7634,0.6028,"Extrapolated candidate cash-out hub: ATM_045 in Nashik (College Road) located 355.2 km from terminal mule account ENT_000387 (hop 3). Proximity surveillance target based on downstream fund routing of ₹127,604.32."
C000857,ENT_000272,0.9997,3,ATM_028,Jodhpur (Sojati Gate),26.291,73.023,0.5928,"Extrapolated candidate cash-out hub: ATM_028 in Jodhpur (Sojati Gate) located 369.5 km from terminal mule account ENT_000387 (hop 3). Proximity surveillance target based on downstream fund routing of ₹127,604.32."
C000858,ENT_000152,1.0,1,ATM_027,Hyderabad (Begumpet),17.4447,78.4664,0.85,"Extrapolated candidate cash-out hub: ATM_027 in Hyderabad (Begumpet) located 9.5 km from terminal mule account ENT_000597 (hop 3). Proximity surveillance target based on downstream fund routing of ₹189,422.42."
C000858,ENT_000152,1.0,2,ATM_001,Hyderabad (Banjara Hills),17.4156,78.435,0.85,"Extrapolated candidate cash-out hub: ATM_001 in Hyderabad (Banjara Hills) located 9.9 km from terminal mule account ENT_000597 (hop 3). Proximity surveillance target based on downstream fund routing of ₹189,422.42."
C000858,ENT_000152,1.0,3,ATM_013,Hyderabad (Hitec City),17.4435,78.3772,0.85,"Extrapolated candidate cash-out hub: ATM_013 in Hyderabad (Hitec City) located 16.8 km from terminal mule account ENT_000597 (hop 3). Proximity surveillance target based on downstream fund routing of ₹189,422.42."
C000859,ENT_000528,1.0,1,ATM_046,Hyderabad,17.385,78.4867,0.881,"Immediate 1-hop terminal connection; direct cash withdrawal observed (₹169,473.95 across 3 tx); 3 upstream feeding entities converged at terminal in Hyderabad; activity occurred within 14.4h of incident reference time."
C000859,ENT_000528,1.0,2,ATM_007,Patna,25.5941,85.1376,0.8742,"Immediate 1-hop terminal connection; direct cash withdrawal observed (₹127,699.90 across 3 tx); 2 upstream feeding entities converged at terminal in Patna; activity occurred within 19.6h of incident reference time."
C000859,ENT_000528,1.0,3,ATM_004,Chennai,13.0827,80.2707,0.8107,"Extended 3-hop fund dispersion chain; direct cash withdrawal observed (₹513,628.83 across 7 tx); 3 upstream feeding entities converged at terminal in Chennai; activity occurred within 19.7h of incident reference time."
C000860,ENT_000231,1.0,1,ATM_012,Patna,25.5941,85.1376,0.8025,"Extended 3-hop fund dispersion chain; direct cash withdrawal observed (₹342,822.30 across 1 tx); single-source fund exit at Patna; activity occurred within 19.2h of incident reference time."
C000861,ENT_000143,0.9482,1,ATM_023,Bhopal,23.2599,77.4126,0.7559,"Intermediate 2-hop fund layering path; direct cash withdrawal observed (₹87,211.74 across 2 tx); 2 upstream feeding entities converged at terminal in Bhopal; activity occurred within 19.8h of incident reference time."
C000865,ENT_000089,0.1834,1,ATM_040,Lucknow,26.8467,80.9462,0.4627,Extended 3-hop fund dispersion chain; direct cash withdrawal observed (₹443.82 across 1 tx); single-source fund exit at Lucknow; activity occurred within 7.0h of incident reference time.
C000866,ENT_000111,0.6062,1,ATM_018,Bengaluru (Indiranagar),12.9784,77.6408,0.6453,"Extrapolated candidate cash-out hub: ATM_018 in Bengaluru (Indiranagar) located 8.9 km from terminal mule account ENT_000008 (hop 3). Proximity surveillance target based on downstream fund routing of ₹23,942.34."
C000866,ENT_000111,0.6062,2,ATM_025,Bengaluru (Koramangala),12.9352,77.6245,0.6449,"Extrapolated candidate cash-out hub: ATM_025 in Bengaluru (Koramangala) located 9.5 km from terminal mule account ENT_000008 (hop 3). Proximity surveillance target based on downstream fund routing of ₹23,942.34."
C000866,ENT_000111,0.6062,3,ATM_033,Mysuru (Devaraja Mohalla),12.308,76.649,0.5642,"Extrapolated candidate cash-out hub: ATM_033 in Mysuru (Devaraja Mohalla) located 124.8 km from terminal mule account ENT_000008 (hop 3). Proximity surveillance target based on downstream fund routing of ₹23,942.34."
C000885,ENT_000329,1.0,1,ATM_035,Chennai,13.0827,80.2707,0.8214,"Intermediate 2-hop fund layering path; direct cash withdrawal observed (₹241,230.83 across 1 tx); single-source fund exit at Chennai; activity occurred within 25.8h of incident reference time."
C000885,ENT_000329,1.0,2,ATM_019,Mumbai,19.076,72.8777,0.7397,"Extended 3-hop fund dispersion chain; direct cash withdrawal observed (₹127,421.74 across 1 tx); single-source fund exit at Mumbai; activity occurred within 13.3h of incident reference time."
C000887,ENT_000223,0.9986,1,ATM_005,Kochi,9.9312,76.2673,0.7574,Immediate 1-hop terminal connection; direct cash withdrawal observed (₹452.52 across 1 tx); single-source fund exit at Kochi; activity occurred within 3.9h of incident reference time.
C000887,ENT_000223,0.9986,2,ATM_027,Hyderabad,17.385,78.4867,0.6666,Extended 3-hop fund dispersion chain; direct cash withdrawal observed (₹506.25 across 1 tx); single-source fund exit at Hyderabad; activity occurred within 17.1h of incident reference time.
C000889,ENT_000034,0.1738,1,ATM_033,Bengaluru,12.9716,77.5946,0.5181,"Immediate 1-hop terminal connection; direct cash withdrawal observed (₹2,705.03 across 1 tx); single-source fund exit at Bengaluru; activity occurred within 28.4h of incident reference time."
C000892,ENT_000267,0.996,1,ATM_009,Jaipur (MI Road),26.9198,75.8115,0.85,"Extrapolated candidate cash-out hub: ATM_009 in Jaipur (MI Road) located 2.0 km from terminal mule account ENT_000695 (hop 3). Proximity surveillance target based on downstream fund routing of ₹380,082.11."
C000892,ENT_000267,0.996,2,ATM_017,Delhi (Nehru Place),28.5494,77.2536,0.7612,"Extrapolated candidate cash-out hub: ATM_017 in Delhi (Nehru Place) located 232.0 km from terminal mule account ENT_000695 (hop 3). Proximity surveillance target based on downstream fund routing of ₹380,082.11."
C000892,ENT_000267,0.996,3,ATM_008,Delhi (Connaught Place),28.6315,77.2167,0.7576,"Extrapolated candidate cash-out hub: ATM_008 in Delhi (Connaught Place) located 237.1 km from terminal mule account ENT_000695 (hop 3). Proximity surveillance target based on downstream fund routing of ₹380,082.11."
C000894,ENT_000636,1.0,1,ATM_045,Mumbai,19.076,72.8777,0.7211,"Extended 3-hop fund dispersion chain; direct cash withdrawal observed (₹197,225.94 across 1 tx); single-source fund exit at Mumbai; activity occurred within 63.2h of incident reference time."
C000894,ENT_000636,1.0,2,ATM_046,Hyderabad,17.385,78.4867,0.7208,"Extended 3-hop fund dispersion chain; direct cash withdrawal observed (₹105,471.99 across 1 tx); single-source fund exit at Hyderabad; activity occurred within 23.6h of incident reference time."
C000899,ENT_000630,0.9738,1,ATM_008,Delhi (Connaught Place),28.6315,77.2167,0.8053,"Extrapolated candidate cash-out hub: ATM_008 in Delhi (Connaught Place) located 4.2 km from terminal mule account ENT_000002 (hop 3). Proximity surveillance target based on downstream fund routing of ₹70,735.37."
C000899,ENT_000630,0.9738,2,ATM_017,Delhi (Nehru Place),28.5494,77.2536,0.8043,"Extrapolated candidate cash-out hub: ATM_017 in Delhi (Nehru Place) located 5.7 km from terminal mule account ENT_000002 (hop 3). Proximity surveillance target based on downstream fund routing of ₹70,735.37."
C000899,ENT_000630,0.9738,3,ATM_030,Delhi (Karol Bagh),28.6517,77.1906,0.8032,"Extrapolated candidate cash-out hub: ATM_030 in Delhi (Karol Bagh) located 7.2 km from terminal mule account ENT_000002 (hop 3). Proximity surveillance target based on downstream fund routing of ₹70,735.37."
C000903,ENT_000200,0.993,1,ATM_009,Jaipur (MI Road),26.9198,75.8115,0.85,"Extrapolated candidate cash-out hub: ATM_009 in Jaipur (MI Road) located 3.4 km from terminal mule account ENT_000620 (hop 3). Proximity surveillance target based on downstream fund routing of ₹236,569.77."
C000903,ENT_000200,0.993,2,ATM_017,Delhi (Nehru Place),28.5494,77.2536,0.7513,"Extrapolated candidate cash-out hub: ATM_017 in Delhi (Nehru Place) located 233.2 km from terminal mule account ENT_000620 (hop 3). Proximity surveillance target based on downstream fund routing of ₹236,569.77."
C000903,ENT_000200,0.993,3,ATM_008,Delhi (Connaught Place),28.6315,77.2167,0.7477,"Extrapolated candidate cash-out hub: ATM_008 in Delhi (Connaught Place) located 238.2 km from terminal mule account ENT_000620 (hop 3). Proximity surveillance target based on downstream fund routing of ₹236,569.77."
C000907,ENT_000152,1.0,1,ATM_027,Hyderabad (Begumpet),17.4447,78.4664,0.85,"Extrapolated candidate cash-out hub: ATM_027 in Hyderabad (Begumpet) located 9.5 km from terminal mule account ENT_000597 (hop 3). Proximity surveillance target based on downstream fund routing of ₹287,142.59."
C000907,ENT_000152,1.0,2,ATM_001,Hyderabad (Banjara Hills),17.4156,78.435,0.85,"Extrapolated candidate cash-out hub: ATM_001 in Hyderabad (Banjara Hills) located 9.9 km from terminal mule account ENT_000597 (hop 3). Proximity surveillance target based on downstream fund routing of ₹287,142.59."
C000907,ENT_000152,1.0,3,ATM_013,Hyderabad (Hitec City),17.4435,78.3772,0.85,"Extrapolated candidate cash-out hub: ATM_013 in Hyderabad (Hitec City) located 16.8 km from terminal mule account ENT_000597 (hop 3). Proximity surveillance target based on downstream fund routing of ₹287,142.59."
C000913,ENT_000091,0.9858,1,ATM_010,Lucknow (Hazratganj),26.85,80.9499,0.7978,"Extrapolated candidate cash-out hub: ATM_010 in Lucknow (Hazratganj) located 3.3 km from terminal mule account ENT_000402 (hop 3). Proximity surveillance target based on downstream fund routing of ₹50,105.55."
C000913,ENT_000091,0.9858,2,ATM_040,Kanpur (Mall Road),26.4725,80.354,0.7492,"Extrapolated candidate cash-out hub: ATM_040 in Kanpur (Mall Road) located 72.7 km from terminal mule account ENT_000402 (hop 3). Proximity surveillance target based on downstream fund routing of ₹50,105.55."
C000913,ENT_000091,0.9858,3,ATM_048,Varanasi (Cantt Road),25.328,82.986,0.6172,"Extrapolated candidate cash-out hub: ATM_048 in Varanasi (Cantt Road) located 261.4 km from terminal mule account ENT_000402 (hop 3). Proximity surveillance target based on downstream fund routing of ₹50,105.55."
C000916,ENT_000221,0.213,1,ATM_040,Lucknow,26.8467,80.9462,0.4369,Extended 3-hop fund dispersion chain; direct cash withdrawal observed (₹443.82 across 1 tx); single-source fund exit at Lucknow; activity occurred within 31.0h of incident reference time.
C000917,ENT_000688,0.9754,1,ATM_049,Mohali (Phase 7),30.7046,76.7179,0.85,"Extrapolated candidate cash-out hub: ATM_049 in Mohali (Phase 7) located 4.8 km from terminal mule account ENT_000065 (hop 3). Proximity surveillance target based on downstream fund routing of ₹279,073.94."
C000917,ENT_000688,0.9754,2,ATM_024,Patiala (Leela Bhawan),30.3398,76.3869,0.85,"Extrapolated candidate cash-out hub: ATM_024 in Patiala (Leela Bhawan) located 54.2 km from terminal mule account ENT_000065 (hop 3). Proximity surveillance target based on downstream fund routing of ₹279,073.94."
C000917,ENT_000688,0.9754,3,ATM_016,Ludhiana (Ferozepur Road),30.901,75.82,0.85,"Extrapolated candidate cash-out hub: ATM_016 in Ludhiana (Ferozepur Road) located 93.2 km from terminal mule account ENT_000065 (hop 3). Proximity surveillance target based on downstream fund routing of ₹279,073.94."
C000918,ENT_000363,0.8915,1,ATM_001,Hyderabad,17.385,78.4867,0.7799,"Intermediate 2-hop fund layering path; direct cash withdrawal observed (₹349,969.34 across 2 tx); 2 upstream feeding entities converged at terminal in Hyderabad; activity occurred within 57.5h of incident reference time."
C000919,ENT_000236,1.0,1,ATM_029,Mumbai,19.076,72.8777,0.6364,"Extended 3-hop fund dispersion chain; direct cash withdrawal observed (₹94,281.49 across 1 tx); single-source fund exit at Mumbai; activity occurred within 63.1h of incident reference time."
C000925,ENT_000362,1.0,1,ATM_021,Chandigarh,30.7333,76.7794,0.9519,"Immediate 1-hop terminal connection; direct cash withdrawal observed (₹267,334.18 across 1 tx); single-source fund exit at Chandigarh; activity occurred within 1.9h of incident reference time."
C000929,ENT_000280,0.9999,1,ATM_014,Kochi,9.9312,76.2673,0.637,"Extended 3-hop fund dispersion chain; direct cash withdrawal observed (₹73,099.36 across 1 tx); single-source fund exit at Kochi; activity occurred within 49.9h of incident reference time."
C000933,ENT_000036,0.9983,1,ATM_039,Kochi,9.9312,76.2673,0.7478,"Extended 3-hop fund dispersion chain; direct cash withdrawal observed (₹87,750.56 across 4 tx); 4 upstream feeding entities converged at terminal in Kochi; activity occurred within 3.2h of incident reference time."
C000933,ENT_000036,0.9983,2,ATM_002,Bhubaneswar,20.2961,85.8245,0.7085,"Extended 3-hop fund dispersion chain; direct cash withdrawal observed (₹21,667.26 across 1 tx); single-source fund exit at Bhubaneswar; activity occurred within 3.2h of incident reference time."
C000933,ENT_000036,0.9983,3,ATM_009,Jaipur,26.9124,75.7873,0.698,"Extended 3-hop fund dispersion chain; direct cash withdrawal observed (₹41,559.05 across 2 tx); 2 upstream feeding entities converged at terminal in Jaipur; activity occurred within 4.6h of incident reference time."
C000934,ENT_000257,1.0,1,ATM_009,Jaipur (MI Road),26.9198,75.8115,0.85,"Extrapolated candidate cash-out hub: ATM_009 in Jaipur (MI Road) located 5.4 km from terminal mule account ENT_000282 (hop 3). Proximity surveillance target based on downstream fund routing of ₹193,461.73."
C000934,ENT_000257,1.0,2,ATM_017,Delhi (Nehru Place),28.5494,77.2536,0.7272,"Extrapolated candidate cash-out hub: ATM_017 in Delhi (Nehru Place) located 234.1 km from terminal mule account ENT_000282 (hop 3). Proximity surveillance target based on downstream fund routing of ₹193,461.73."
C000934,ENT_000257,1.0,3,ATM_008,Delhi (Connaught Place),28.6315,77.2167,0.7237,"Extrapolated candidate cash-out hub: ATM_008 in Delhi (Connaught Place) located 239.1 km from terminal mule account ENT_000282 (hop 3). Proximity surveillance target based on downstream fund routing of ₹193,461.73."
C000939,ENT_000416,0.9551,1,ATM_046,Hyderabad,17.385,78.4867,0.6586,"Intermediate 2-hop fund layering path; direct cash withdrawal observed (₹63,469.76 across 1 tx); single-source fund exit at Hyderabad; activity occurred within 67.9h of incident reference time."
C000947,ENT_000177,0.0011,1,ATM_029,Mumbai,19.076,72.8777,0.4788,"Intermediate 2-hop fund layering path; direct cash withdrawal observed (₹29,244.23 across 1 tx); single-source fund exit at Mumbai; activity occurred within 15.0h of incident reference time."
C000955,ENT_000020,0.9999,1,ATM_022,Bhopal (MP Nagar),23.2324,77.4332,0.85,"Extrapolated candidate cash-out hub: ATM_022 in Bhopal (MP Nagar) located 7.8 km from terminal mule account ENT_000636 (hop 3). Proximity surveillance target based on downstream fund routing of ₹403,725.81."
C000955,ENT_000020,0.9999,2,ATM_023,Indore (Vijay Nagar),22.7533,75.8937,0.8105,"Extrapolated candidate cash-out hub: ATM_023 in Indore (Vijay Nagar) located 163.5 km from terminal mule account ENT_000636 (hop 3). Proximity surveillance target based on downstream fund routing of ₹403,725.81."
C000955,ENT_000020,0.9999,3,ATM_036,Nagpur (Civil Lines),21.1524,79.0725,0.7191,"Extrapolated candidate cash-out hub: ATM_036 in Nagpur (Civil Lines) located 294.1 km from terminal mule account ENT_000636 (hop 3). Proximity surveillance target based on downstream fund routing of ₹403,725.81."
C000956,ENT_000370,0.9997,1,ATM_035,Chennai,13.0827,80.2707,0.8284,"Intermediate 2-hop fund layering path; direct cash withdrawal observed (₹150,989.57 across 2 tx); 2 upstream feeding entities converged at terminal in Chennai; activity occurred within 14.4h of incident reference time."
C000956,ENT_000370,0.9997,2,ATM_024,Chandigarh,30.7333,76.7794,0.8007,"Intermediate 2-hop fund layering path; direct cash withdrawal observed (₹160,100.11 across 2 tx); 2 upstream feeding entities converged at terminal in Chandigarh; activity occurred within 14.7h of incident reference time."
C000961,ENT_000094,0.996,1,ATM_043,Chennai,13.0827,80.2707,0.7712,"Extended 3-hop fund dispersion chain; direct cash withdrawal observed (₹246,519.48 across 1 tx); single-source fund exit at Chennai; activity occurred within 27.5h of incident reference time."
C000969,ENT_000130,1.0,1,ATM_022,Bhopal (MP Nagar),23.2324,77.4332,0.85,"Extrapolated candidate cash-out hub: ATM_022 in Bhopal (MP Nagar) located 7.8 km from terminal mule account ENT_000636 (hop 3). Proximity surveillance target based on downstream fund routing of ₹176,713.40."
C000969,ENT_000130,1.0,2,ATM_023,Indore (Vijay Nagar),22.7533,75.8937,0.7666,"Extrapolated candidate cash-out hub: ATM_023 in Indore (Vijay Nagar) located 163.5 km from terminal mule account ENT_000636 (hop 3). Proximity surveillance target based on downstream fund routing of ₹176,713.40."
C000969,ENT_000130,1.0,3,ATM_036,Nagpur (Civil Lines),21.1524,79.0725,0.6752,"Extrapolated candidate cash-out hub: ATM_036 in Nagpur (Civil Lines) located 294.1 km from terminal mule account ENT_000636 (hop 3). Proximity surveillance target based on downstream fund routing of ₹176,713.40."
C000976,ENT_000488,0.9994,1,ATM_028,Jaipur,26.9124,75.7873,0.6992,"Immediate 1-hop terminal connection; direct cash withdrawal observed (₹1,530.01 across 1 tx); single-source fund exit at Jaipur; activity occurred within 55.9h of incident reference time."
C000977,ENT_000326,1.0,1,ATM_010,Lucknow,26.8467,80.9462,0.8163,"Extended 3-hop fund dispersion chain; direct cash withdrawal observed (₹303,873.34 across 1 tx); single-source fund exit at Lucknow; activity occurred within 5.0h of incident reference time."
C000989,ENT_000389,1.0,1,ATM_010,Lucknow (Hazratganj),26.85,80.9499,0.85,"Extrapolated candidate cash-out hub: ATM_010 in Lucknow (Hazratganj) located 3.0 km from terminal mule account ENT_000126 (hop 2). Proximity surveillance target based on downstream fund routing of ₹400,372.48."
C000989,ENT_000389,1.0,2,ATM_040,Kanpur (Mall Road),26.4725,80.354,0.85,"Extrapolated candidate cash-out hub: ATM_040 in Kanpur (Mall Road) located 75.6 km from terminal mule account ENT_000126 (hop 2). Proximity surveillance target based on downstream fund routing of ₹400,372.48."
C000989,ENT_000389,1.0,3,ATM_048,Varanasi (Cantt Road),25.328,82.986,0.778,"Extrapolated candidate cash-out hub: ATM_048 in Varanasi (Cantt Road) located 263.6 km from terminal mule account ENT_000126 (hop 2). Proximity surveillance target based on downstream fund routing of ₹400,372.48."
C000997,ENT_000016,1.0,1,ATM_010,Lucknow (Hazratganj),26.85,80.9499,0.85,"Extrapolated candidate cash-out hub: ATM_010 in Lucknow (Hazratganj) located 3.4 km from terminal mule account ENT_000600 (hop 3). Proximity surveillance target based on downstream fund routing of ₹877,328.46."
C000997,ENT_000016,1.0,2,ATM_040,Kanpur (Mall Road),26.4725,80.354,0.85,"Extrapolated candidate cash-out hub: ATM_040 in Kanpur (Mall Road) located 69.7 km from terminal mule account ENT_000600 (hop 3). Proximity surveillance target based on downstream fund routing of ₹877,328.46."
C000997,ENT_000016,1.0,3,ATM_048,Varanasi (Cantt Road),25.328,82.986,0.7405,"Extrapolated candidate cash-out hub: ATM_048 in Varanasi (Cantt Road) located 263.5 km from terminal mule account ENT_000600 (hop 3). Proximity surveillance target based on downstream fund routing of ₹877,328.46."
